Location_ID,Sensing_Date,HourDay,Day_Type,Total_of_Directions,Local,Network,MAX,MEAN,absolute_local_network_gap,MAX_differs_from_Local_level,MAX_differs_from_Network_level
124,2026-03-08,22,Weekend,1,100.0,0.64479226249285,100.0,50.32239613124643,99.35520773750714,False,True
124,2025-01-31,23,Weekday,1,100.0,1.2312419758802853,100.0,50.61562098794014,98.76875802411972,False,True
124,2025-05-10,1,Weekend,1,100.0,1.9161774298760599,100.0,50.95808871493803,98.08382257012394,False,True
124,2025-03-22,2,Weekend,1,100.0,2.8146349726158886,100.0,51.407317486307946,97.18536502738411,False,True
124,2025-01-12,0,Weekend,2,100.0,3.0954153813424106,100.0,51.5477076906712,96.9045846186576,False,True
138,2026-03-18,17,Weekday,41,99.9034749034749,3.020234376554386,99.9034749034749,51.46185464001464,96.88324052692052,False,True
138,2025-01-20,17,Weekday,41,99.9034749034749,3.020234376554386,99.9034749034749,51.46185464001464,96.88324052692052,False,True
138,2025-04-01,17,Weekday,38,99.61389961389962,2.849127554167247,99.61389961389962,51.231513584033436,96.76477205973237,False,True
138,2025-04-02,17,Weekday,36,99.42084942084942,2.735719543980422,99.42084942084942,51.07828448241492,96.685129876869,False,True
124,2025-04-25,8,Weekday,24,99.41002949852508,2.847052754796341,99.41002949852508,51.12854112666071,96.56297674372874,False,True
124,2025-01-01,8,Weekday,21,99.11504424778761,2.5772275459794063,99.11504424778761,50.84613589688351,96.5378167018082,False,True
138,2025-03-26,17,Weekday,34,99.13127413127413,2.6491713256799505,99.13127413127413,50.890222728477035,96.48210280559418,False,True
138,2026-02-19,17,Weekday,34,99.13127413127413,2.6491713256799505,99.13127413127413,50.890222728477035,96.48210280559418,False,True
138,2025-01-15,8,Weekday,27,99.51923076923077,3.116877963613277,99.51923076923077,51.318054366422025,96.4023528056175,False,True
138,2025-10-29,8,Weekday,27,99.51923076923077,3.116877963613277,99.51923076923077,51.318054366422025,96.4023528056175,False,True
124,2025-05-22,8,Weekday,19,98.82005899705014,2.4194988393548003,98.82005899705014,50.61977891820247,96.40056015769534,False,True
124,2025-01-08,12,Weekday,36,99.36386768447836,3.0324316837168808,99.36386768447836,51.19814968409762,96.33143600076149,False,True
124,2025-01-20,12,Weekday,36,99.36386768447836,3.0324316837168808,99.36386768447836,51.19814968409762,96.33143600076149,False,True
138,2025-01-14,8,Weekday,24,99.13461538461539,2.847052754796341,99.13461538461539,50.99083406970586,96.28756262981905,False,True
138,2025-08-08,8,Weekday,24,99.13461538461539,2.847052754796341,99.13461538461539,50.99083406970586,96.28756262981905,False,True
124,2025-09-26,8,Weekday,17,98.52507374631269,2.2677221593952743,98.52507374631269,50.39639795285398,96.25735158691741,False,True
138,2026-04-16,17,Weekday,33,98.84169884169884,2.596446549014146,98.84169884169884,50.719072695356495,96.2452522926847,False,True
124,2025-01-01,1,Weekday,1,100.0,3.842190317820924,100.0,51.92109515891046,96.15780968217908,False,True
138,2026-03-20,8,Weekday,23,98.84615384615385,2.7547963414876095,98.84615384615385,50.80047509382073,96.09135750466625,False,True
124,2025-11-12,17,Weekday,42,99.15492957746478,3.090865681144426,99.15492957746478,51.1228976293046,96.06406389632036,False,True
124,2025-08-13,8,Weekday,16,98.23008849557522,2.178441759419082,98.23008849557522,50.20426512749715,96.05164673615613,False,True
124,2025-02-04,9,Weekday,30,99.15014164305948,3.203030483330358,99.15014164305948,51.17658606319492,95.94711115972913,False,True
138,2025-12-26,8,Weekday,33,99.8076923076923,3.863857310080749,99.8076923076923,51.835774808886526,95.94383499761156,False,True
138,2025-12-10,17,Weekday,32,98.45559845559846,2.53775292970693,98.45559845559846,50.496675692652694,95.91784552589154,False,True
138,2025-02-04,17,Weekday,32,98.45559845559846,2.53775292970693,98.45559845559846,50.496675692652694,95.91784552589154,False,True
138,2026-07-14,17,Weekday,32,98.45559845559846,2.53775292970693,98.45559845559846,50.496675692652694,95.91784552589154,False,True
124,2025-01-14,17,Weekday,40,98.87323943661971,2.957561528819562,98.87323943661971,50.91540048271964,95.91567790780014,False,True
124,2025-02-13,12,Weekday,35,98.85496183206108,2.955260502206304,98.85496183206108,50.90511116713369,95.89970132985478,False,True
124,2025-02-25,12,Weekday,35,98.85496183206108,2.955260502206304,98.85496183206108,50.90511116713369,95.89970132985478,False,True
138,2025-07-16,8,Weekday,22,98.5576923076923,2.6655159415114182,98.5576923076923,50.61160412460186,95.89217636618089,False,True
138,2025-08-13,8,Weekday,22,98.5576923076923,2.6655159415114182,98.5576923076923,50.61160412460186,95.89217636618089,False,True
124,2025-01-14,12,Weekday,50,100.0,4.150424441498308,100.0,52.07521222074915,95.8495755585017,False,True
124,2025-08-07,17,Weekday,37,98.59154929577466,2.7914287419669326,98.59154929577466,50.6914890188708,95.80012055380772,False,True
138,2026-03-05,7,Weekday,17,99.70530451866405,3.9338337503475116,99.70530451866405,51.819569134505784,95.77147076831653,False,True
138,2025-03-19,7,Weekday,17,99.70530451866405,3.9338337503475116,99.70530451866405,51.819569134505784,95.77147076831653,False,True
124,2025-08-22,9,Weekday,23,98.30028328611898,2.531683227226751,98.30028328611898,50.41598325667287,95.76860005889223,False,True
124,2025-10-31,9,Weekday,28,98.72521246458923,2.987842367267607,98.72521246458923,50.85652741592842,95.73737009732163,False,True
124,2025-04-16,9,Weekday,28,98.72521246458923,2.987842367267607,98.72521246458923,50.85652741592842,95.73737009732163,False,True
124,2025-01-23,14,Weekday,27,99.21671018276761,3.501311501470471,99.21671018276761,51.35901084211904,95.71539868129715,False,True
138,2024-11-04,15,Weekday,31,99.52015355086372,3.8185612082670906,99.52015355086372,51.669357379565405,95.70159234259664,False,True
138,2025-08-08,15,Weekday,31,99.52015355086372,3.8185612082670906,99.52015355086372,51.669357379565405,95.70159234259664,False,True
124,2025-01-07,12,Weekday,49,99.74554707379136,4.084136375328967,99.74554707379136,51.91484172456016,95.66141069846239,False,True
138,2025-09-18,9,Weekday,26,98.45857418111753,2.806370361555701,98.45857418111753,50.63247227133662,95.65220381956182,False,True
138,2025-05-05,9,Weekday,30,98.84393063583815,3.203030483330358,98.84393063583815,51.02348055958425,95.6409001525078,False,True
138,2025-09-15,9,Weekday,23,98.16955684007708,2.531683227226751,98.16955684007708,50.350620033651914,95.63787361285033,False,True
138,2024-10-11,9,Weekday,23,98.16955684007708,2.531683227226751,98.16955684007708,50.350620033651914,95.63787361285033,False,True
138,2025-07-02,9,Weekday,35,99.42196531791907,3.789095813252415,99.42196531791907,51.605530565585745,95.63286950466666,False,True
124,2024-12-27,9,Weekday,21,98.01699716713881,2.41962674282541,98.01699716713881,50.21831195498211,95.5973704243134,False,True
138,2025-01-16,8,Weekday,21,98.17307692307692,2.5772275459794063,98.17307692307692,50.375152234528166,95.59584937709751,False,True
138,2026-03-06,8,Weekday,21,98.17307692307692,2.5772275459794063,98.17307692307692,50.375152234528166,95.59584937709751,False,True
124,2025-04-25,12,Weekday,34,98.47328244274809,2.88303619130538,98.47328244274809,50.67815931702673,95.59024625144271,False,True
124,2025-01-07,17,Weekday,36,98.30985915492958,2.735719543980422,98.30985915492958,50.522789349455,95.57413961094916,False,True
138,2025-11-18,9,Weekday,34,99.22928709055877,3.6641478748933975,99.22928709055877,51.446717482726086,95.56513921566537,False,True
138,2026-06-24,9,Weekday,29,98.65125240847784,3.089982348624581,98.65125240847784,50.870617378551216,95.56127005985326,False,True
124,2026-01-14,14,Weekday,26,98.9556135770235,3.3969875208647964,98.9556135770235,51.17630054894415,95.5586260561587,False,True
140,2024-10-24,22,Weekday,2,97.5,1.958134990749787,97.5,49.72906749537489,95.54186500925022,False,True
140,2026-03-18,22,Weekday,2,97.5,1.958134990749787,97.5,49.72906749537489,95.54186500925022,False,True
124,2025-02-20,15,Weekday,36,99.86737400530504,4.330286168521463,99.86737400530504,52.09883008691325,95.53708783678357,False,True
124,2026-03-09,15,Weekday,36,99.86737400530504,4.330286168521463,99.86737400530504,52.09883008691325,95.53708783678357,False,True
138,2025-02-26,7,Weekday,19,100.0,4.485881091385679,100.0,52.24294054569284,95.51411890861432,False,True
138,2025-05-16,9,Weekday,33,99.03660886319847,3.5451498383610005,99.03660886319847,51.29087935077973,95.49145902483747,False,True
124,2025-01-24,17,Weekday,32,98.02816901408451,2.53775292970693,98.02816901408451,50.28296097189572,95.49041608437759,False,True
124,2025-01-07,16,Weekday,36,98.93617021276596,3.457631835258105,98.93617021276596,51.19690102401203,95.47853837750786,False,True
138,2026-01-22,7,Weekday,16,99.11591355599214,3.6637674252353154,99.11591355599214,51.38984049061373,95.45214613075682,False,True
138,2024-09-11,7,Weekday,16,99.11591355599214,3.6637674252353154,99.11591355599214,51.38984049061373,95.45214613075682,False,True
138,2024-12-04,7,Weekday,16,99.11591355599214,3.6637674252353154,99.11591355599214,51.38984049061373,95.45214613075682,False,True
138,2025-08-29,7,Weekday,16,99.11591355599214,3.6637674252353154,99.11591355599214,51.38984049061373,95.45214613075682,False,True
124,2025-01-06,15,Weekday,28,98.93899204244032,3.509538950715421,98.93899204244032,51.22426549657787,95.4294530917249,False,True
124,2025-01-08,15,Weekday,28,98.93899204244032,3.509538950715421,98.93899204244032,51.22426549657787,95.4294530917249,False,True
124,2025-08-08,15,Weekday,28,98.93899204244032,3.509538950715421,98.93899204244032,51.22426549657787,95.4294530917249,False,True
124,2025-01-09,8,Weekday,15,97.49262536873157,2.071305279447652,97.49262536873157,49.78196532408961,95.42132008928391,False,True
124,2026-03-18,8,Weekday,15,97.49262536873157,2.071305279447652,97.49262536873157,49.78196532408961,95.42132008928391,False,True
124,2025-02-18,8,Weekday,15,97.49262536873157,2.071305279447652,97.49262536873157,49.78196532408961,95.42132008928391,False,True
124,2025-01-20,8,Weekday,15,97.49262536873157,2.071305279447652,97.49262536873157,49.78196532408961,95.42132008928391,False,True
124,2025-03-05,12,Weekday,33,98.21882951653944,2.807843758038665,98.21882951653944,50.51333663728906,95.41098575850077,False,True
124,2025-08-20,14,Weekday,25,98.69451697127938,3.295644225419283,98.69451697127938,50.99508059834933,95.3988727458601,False,True
138,2026-02-16,17,Weekday,31,97.87644787644788,2.4850281530411253,97.87644787644788,50.180738014744506,95.39141972340676,False,True
138,2025-01-14,17,Weekday,31,97.87644787644788,2.4850281530411253,97.87644787644788,50.180738014744506,95.39141972340676,False,True
138,2026-03-23,17,Weekday,31,97.87644787644788,2.4850281530411253,97.87644787644788,50.180738014744506,95.39141972340676,False,True
124,2025-06-23,15,Weekday,34,99.46949602122017,4.134538950715421,99.46949602122017,51.802017485967795,95.33495707050474,False,True
138,2026-01-01,15,Weekday,30,99.04030710172745,3.71422893481717,99.04030710172745,51.37726801827231,95.32607816691028,False,True
138,2025-03-07,15,Weekday,30,99.04030710172745,3.71422893481717,99.04030710172745,51.37726801827231,95.32607816691028,False,True
138,2026-04-08,15,Weekday,30,99.04030710172745,3.71422893481717,99.04030710172745,51.37726801827231,95.32607816691028,False,True
124,2025-01-09,15,Weekday,24,98.40848806366049,3.0892289348171698,98.40848806366049,50.74885849923883,95.31925912884331,False,True
124,2025-01-01,11,Weekday,37,99.32432432432432,4.010891089108911,99.32432432432432,51.667607706716616,95.31343323521541,False,True
124,2025-02-20,11,Weekday,37,99.32432432432432,4.010891089108911,99.32432432432432,51.667607706716616,95.31343323521541,False,True
124,2026-01-06,9,Weekday,19,97.59206798866855,2.285753951726463,97.59206798866855,49.938910970197504,95.30631403694208,False,True
124,2025-01-17,9,Weekday,19,97.59206798866855,2.285753951726463,97.59206798866855,49.938910970197504,95.30631403694208,False,True
138,2025-01-29,7,Weekday,13,98.23182711198429,2.944914412804321,98.23182711198429,50.588370762394305,95.28691269917996,False,True
138,2025-11-28,7,Weekday,13,98.23182711198429,2.944914412804321,98.23182711198429,50.588370762394305,95.28691269917996,False,True
138,2026-02-17,7,Weekday,13,98.23182711198429,2.944914412804321,98.23182711198429,50.588370762394305,95.28691269917996,False,True
138,2024-09-12,9,Weekday,21,97.6878612716763,2.41962674282541,97.6878612716763,50.053744007250856,95.26823452885088,False,True
138,2025-12-26,9,Weekday,21,97.6878612716763,2.41962674282541,97.6878612716763,50.053744007250856,95.26823452885088,False,True
138,2025-07-24,9,Weekday,21,97.6878612716763,2.41962674282541,97.6878612716763,50.053744007250856,95.26823452885088,False,True
124,2026-01-13,17,Weekday,31,97.74647887323944,2.4850281530411253,97.74647887323944,50.115753513140284,95.26145072019831,False,True
124,2025-01-13,17,Weekday,57,99.43661971830986,4.190127534271105,99.43661971830986,51.81337362629048,95.24649218403876,False,True
124,2025-01-24,14,Weekday,24,98.43342036553526,3.1962880534138782,98.43342036553526,50.81485420947457,95.23713231212137,False,True
138,2025-01-16,7,Weekday,15,98.62475442043221,3.3887366456173798,98.62475442043221,51.0067455330248,95.23601777481483,False,True
138,2025-07-16,16,Weekday,38,98.84615384615385,3.661372716611342,98.84615384615385,51.2537632813826,95.18478112954251,False,True
124,2026-01-13,16,Weekday,35,98.5372340425532,3.3661969031386034,98.5372340425532,50.9517154728459,95.1710371394146,False,True
124,2026-01-22,16,Weekday,35,98.5372340425532,3.3661969031386034,98.5372340425532,50.9517154728459,95.1710371394146,False,True
124,2025-01-24,15,Weekday,23,98.14323607427056,2.9968203497615264,98.14323607427056,50.57002821201604,95.14641572450904,False,True
124,2025-01-02,7,Weekday,18,99.34426229508196,4.2068787481631515,99.34426229508196,51.775570521622555,95.13738354691881,False,True
138,2025-04-19,16,Weekend,42,100.0,4.877987923549079,100.0,52.43899396177454,95.12201207645091,False,True
124,2025-10-02,12,Weekday,32,97.83715012722645,2.7207788353087836,97.83715012722645,50.278964481267614,95.11637129191767,False,True
124,2025-08-20,12,Weekday,32,97.83715012722645,2.7207788353087836,97.83715012722645,50.278964481267614,95.11637129191767,False,True
138,2026-03-05,16,Weekday,42,99.13461538461539,4.032081734878451,99.13461538461539,51.583348559746916,95.10253364973694,False,True
138,2024-09-24,16,Weekday,42,99.13461538461539,4.032081734878451,99.13461538461539,51.583348559746916,95.10253364973694,False,True
138,2025-07-09,16,Weekday,37,98.65384615384616,3.5639746367449163,98.65384615384616,51.10891039529554,95.08987151710124,False,True
124,2025-01-13,14,Weekday,23,98.17232375979113,3.0840155790477706,98.17232375979113,50.62816966941945,95.08830818074335,False,True
138,2025-02-24,9,Weekday,41,99.61464354527938,4.529858590666588,99.61464354527938,52.072251067972985,95.08478495461279,False,True
138,2026-02-19,15,Weekday,40,99.80806142034548,4.728736089030207,99.80806142034548,52.268398754687844,95.07932533131527,False,True
124,2025-01-21,11,Weekday,33,98.64864864864865,3.572277227722772,98.64864864864865,51.110462938185705,95.07637142092588,False,True
124,2025-05-22,13,Weekday,42,99.26289926289927,4.199100758611127,99.26289926289927,51.731000010755196,95.06379850428814,False,True
124,2025-01-27,2,Weekday,1,100.0,4.9418033591985076,100.0,52.47090167959925,95.0581966408015,False,True
140,2024-09-08,22,Weekend,5,100.0,4.9451406583121,100.0,52.47257032915605,95.0548593416879,False,True
138,2024-10-24,17,Weekday,30,97.49034749034749,2.4402618332305366,97.49034749034749,49.96530466178901,95.05008565711695,False,True
124,2025-01-15,11,Weekday,36,98.91891891891892,3.887128712871287,98.91891891891892,51.403023815895104,95.03179020604763,False,True
124,2025-05-23,17,Weekday,30,97.46478873239437,2.4402618332305366,97.46478873239437,49.95252528281245,95.02452689916383,False,True
124,2026-03-07,16,Weekend,36,99.32432432432432,4.326563201756574,99.32432432432432,51.82544376304045,94.99776112256775,False,True
124,2025-01-02,17,Weekday,63,99.71830985915493,4.72234933646366,99.71830985915493,52.2203295978093,94.99596052269126,False,True
124,2025-01-20,13,Weekday,40,99.01719901719902,4.021827401113158,99.01719901719902,51.51951320915609,94.99537161608586,False,True
138,2025-12-31,15,Weekday,29,98.56046065259117,3.6079093799682034,98.56046065259117,51.08418501627969,94.95255127262297,False,True
138,2025-09-04,15,Weekday,29,98.56046065259117,3.6079093799682034,98.56046065259117,51.08418501627969,94.95255127262297,False,True
124,2025-01-03,8,Weekday,40,99.70501474926253,4.758645318731028,99.70501474926253,52.23183003399678,94.9463694305315,False,True
124,2025-06-09,14,Weekday,20,97.65013054830287,2.7084492488673395,97.65013054830287,50.179289898585104,94.94168129943553,False,True
124,2025-09-29,14,Weekday,20,97.65013054830287,2.7084492488673395,97.65013054830287,50.179289898585104,94.94168129943553,False,True
124,2025-01-09,14,Weekday,20,97.65013054830287,2.7084492488673395,97.65013054830287,50.179289898585104,94.94168129943553,False,True
124,2025-06-30,9,Weekday,18,97.16713881019831,2.2322048352868844,97.16713881019831,49.699671822742594,94.93493397491143,False,True
124,2025-09-20,16,Weekend,29,98.64864864864865,3.7177503867458452,98.64864864864865,51.18319951769725,94.9308982619028,False,True
124,2025-01-08,13,Weekday,38,98.77149877149877,3.8415829817576803,98.77149877149877,51.306540876628226,94.92991578974109,False,True
138,2025-03-18,8,Weekday,20,97.40384615384615,2.4929071682241135,97.40384615384615,49.94837666103513,94.91093898562204,False,True
138,2025-02-25,8,Weekday,20,97.40384615384615,2.4929071682241135,97.40384615384615,49.94837666103513,94.91093898562204,False,True
138,2024-09-12,8,Weekday,20,97.40384615384615,2.4929071682241135,97.40384615384615,49.94837666103513,94.91093898562204,False,True
138,2025-08-18,8,Weekday,20,97.40384615384615,2.4929071682241135,97.40384615384615,49.94837666103513,94.91093898562204,False,True
138,2025-05-30,8,Weekday,20,97.40384615384615,2.4929071682241135,97.40384615384615,49.94837666103513,94.91093898562204,False,True
138,2025-05-01,8,Weekday,20,97.40384615384615,2.4929071682241135,97.40384615384615,49.94837666103513,94.91093898562204,False,True
138,2025-08-13,15,Weekday,44,100.0,5.103338632750398,100.0,52.5516693163752,94.8966613672496,False,True
124,2025-06-25,16,Weekday,34,98.13829787234043,3.2717803971456396,98.13829787234043,50.70503913474303,94.8665174751948,False,True
124,2025-06-24,15,Weekday,22,97.74535809018568,2.90043720190779,97.74535809018568,50.322897646046734,94.84492088827788,False,True
124,2025-01-23,15,Weekday,22,97.74535809018568,2.90043720190779,97.74535809018568,50.322897646046734,94.84492088827788,False,True
138,2026-02-11,12,Weekday,51,99.03846153846155,4.21770188178958,99.03846153846155,51.628081710125564,94.82075965667197,False,True
138,2024-11-07,16,Weekday,51,99.61538461538461,4.799340078316007,99.61538461538461,52.20736234685031,94.8160445370686,False,True
138,2024-10-30,16,Weekday,36,98.26923076923076,3.457631835258105,98.26923076923076,50.86343130224443,94.81159893397266,False,True
138,2025-10-03,16,Weekday,36,98.26923076923076,3.457631835258105,98.26923076923076,50.86343130224443,94.81159893397266,False,True
138,2025-05-12,16,Weekday,36,98.26923076923076,3.457631835258105,98.26923076923076,50.86343130224443,94.81159893397266,False,True
124,2025-08-22,17,Weekday,29,97.1830985915493,2.389526670778536,97.1830985915493,49.786312631163916,94.79357192077076,False,True
138,2026-01-02,16,Weekday,49,99.42307692307692,4.6313780834443135,99.42307692307692,52.02722750326062,94.7916988396326,False,True
124,2025-01-23,11,Weekday,32,98.24324324324324,3.4742574257425747,98.24324324324324,50.85875033449291,94.76898581750066,False,True
124,2025-01-24,11,Weekday,32,98.24324324324324,3.4742574257425747,98.24324324324324,50.85875033449291,94.76898581750066,False,True
138,2025-05-20,12,Weekday,49,98.84615384615385,4.084136375328967,98.84615384615385,51.46514511074141,94.76201747082489,False,True
138,2026-07-11,16,Weekend,38,99.27884615384616,4.521183691800988,99.27884615384616,51.90001492282357,94.75766246204518,False,True
138,2025-12-14,16,Weekend,38,99.27884615384616,4.521183691800988,99.27884615384616,51.90001492282357,94.75766246204518,False,True
124,2025-01-19,9,Weekend,22,99.2248062015504,4.469246031746032,99.2248062015504,51.84702611664821,94.75556016980437,False,True
124,2025-02-07,7,Weekday,17,98.68852459016394,3.9338337503475116,98.68852459016394,51.31117917025573,94.75469083981642,False,True
124,2025-09-24,7,Weekday,17,98.68852459016394,3.9338337503475116,98.68852459016394,51.31117917025573,94.75469083981642,False,True
124,2025-01-17,7,Weekday,17,98.68852459016394,3.9338337503475116,98.68852459016394,51.31117917025573,94.75469083981642,False,True
124,2025-11-28,8,Weekday,44,100.0,5.2834156697022,100.0,52.6417078348511,94.7165843302978,False,True
124,2025-08-19,12,Weekday,31,97.32824427480917,2.6139264301402934,97.32824427480917,49.97108535247473,94.71431784466887,False,True
124,2025-02-11,12,Weekday,31,97.32824427480917,2.6139264301402934,97.32824427480917,49.97108535247473,94.71431784466887,False,True
138,2025-10-15,12,Weekday,57,99.42307692307692,4.710410194510952,99.42307692307692,52.06674355879394,94.71266672856596,False,True
124,2025-01-16,16,Weekday,33,97.87234042553192,3.1723946013635733,97.87234042553192,50.52236751344775,94.69994582416834,False,True
138,2025-12-28,12,Weekend,36,99.51923076923077,4.8211277375879495,99.51923076923077,52.17017925340936,94.69810303164283,False,True
138,2026-01-20,12,Weekday,55,99.23076923076923,4.540237845538912,99.23076923076923,51.88550353815407,94.69053138523032,False,True
124,2025-04-28,13,Weekday,37,98.4029484029484,3.7158080297898466,98.4029484029484,51.05937821636912,94.68714037315856,False,True
124,2025-01-07,13,Weekday,37,98.4029484029484,3.7158080297898466,98.4029484029484,51.05937821636912,94.68714037315856,False,True
138,2026-03-08,10,Weekend,24,98.78048780487805,4.096451229183188,98.78048780487805,51.43846951703062,94.68403657569486,False,True
138,2026-03-14,10,Weekend,24,98.78048780487805,4.096451229183188,98.78048780487805,51.43846951703062,94.68403657569486,False,True
138,2024-10-11,15,Weekday,28,98.17658349328215,3.509538950715421,98.17658349328215,50.84306122199879,94.66704454256673,False,True
138,2026-07-03,15,Weekday,28,98.17658349328215,3.509538950715421,98.17658349328215,50.84306122199879,94.66704454256673,False,True
138,2026-01-06,12,Weekday,47,98.5576923076923,3.9327621346736055,98.5576923076923,51.24522722118296,94.6249301730187,False,True
138,2025-10-10,12,Weekday,47,98.5576923076923,3.9327621346736055,98.5576923076923,51.24522722118296,94.6249301730187,False,True
138,2025-01-30,16,Weekday,32,97.6923076923077,3.0958675386113814,97.6923076923077,50.39408761545954,94.5964401536963,False,True
138,2025-03-26,16,Weekday,32,97.6923076923077,3.0958675386113814,97.6923076923077,50.39408761545954,94.5964401536963,False,True
138,2025-03-12,16,Weekday,32,97.6923076923077,3.0958675386113814,97.6923076923077,50.39408761545954,94.5964401536963,False,True
138,2025-01-22,12,Weekday,63,99.8076923076923,5.2229059896709344,99.8076923076923,52.51529914868162,94.58478631802137,False,True
138,2025-02-01,17,Weekend,37,99.51690821256038,4.933093668863591,99.51690821256038,52.225000940711986,94.58381454369679,False,True
124,2026-03-08,16,Weekend,47,100.0,5.43939318329258,100.0,52.71969659164629,94.56060681670742,False,True
124,2025-08-21,17,Weekday,28,96.90140845070422,2.341775929647241,96.90140845070422,49.62159219017573,94.55963252105698,False,True
124,2026-01-06,14,Weekday,19,97.12793733681463,2.576305540100151,97.12793733681463,49.85212143845739,94.55163179671447,False,True
124,2025-02-05,7,Weekday,14,97.70491803278688,3.154414392946503,97.70491803278688,50.42966621286669,94.55050363984037,False,True
138,2026-02-12,17,Weekday,29,96.91119691119691,2.389526670778536,96.91119691119691,49.65036179098772,94.52167024041837,False,True
138,2026-01-12,17,Weekday,29,96.91119691119691,2.389526670778536,96.91119691119691,49.65036179098772,94.52167024041837,False,True
138,2025-01-24,17,Weekday,29,96.91119691119691,2.389526670778536,96.91119691119691,49.65036179098772,94.52167024041837,False,True
138,2025-03-19,17,Weekday,29,96.91119691119691,2.389526670778536,96.91119691119691,49.65036179098772,94.52167024041837,False,True
138,2026-03-05,17,Weekday,29,96.91119691119691,2.389526670778536,96.91119691119691,49.65036179098772,94.52167024041837,False,True
138,2026-05-01,12,Weekday,62,99.61538461538461,5.1219898292340265,99.61538461538461,52.36868722230932,94.49339478615059,False,True
124,2025-10-02,11,Weekday,31,97.83783783783784,3.3861386138613865,97.83783783783784,50.611988225849615,94.45169922397645,False,True
138,2026-07-25,13,Weekend,39,99.51690821256038,5.075309439777302,99.51690821256038,52.29610882616884,94.44159877278308,False,True
138,2025-03-21,8,Weekday,46,100.0,5.574072971846914,100.0,52.78703648592346,94.42592702815308,False,True
138,2026-05-18,12,Weekday,46,98.26923076923076,3.8625165720165424,98.26923076923076,51.06587367062365,94.40671419721421,False,True
124,2025-01-13,16,Weekday,30,97.3404255319149,2.938837981275716,97.3404255319149,50.13963175659531,94.40158755063919,False,True
124,2025-01-22,16,Weekday,30,97.3404255319149,2.938837981275716,97.3404255319149,50.13963175659531,94.40158755063919,False,True
124,2026-01-14,16,Weekday,30,97.3404255319149,2.938837981275716,97.3404255319149,50.13963175659531,94.40158755063919,False,True
138,2025-02-05,9,Weekday,20,96.72447013487476,2.3482279209059715,96.72447013487476,49.53634902789037,94.3762422139688,False,True
138,2026-01-22,9,Weekday,20,96.72447013487476,2.3482279209059715,96.72447013487476,49.53634902789037,94.3762422139688,False,True
138,2025-05-20,9,Weekday,20,96.72447013487476,2.3482279209059715,96.72447013487476,49.53634902789037,94.3762422139688,False,True
138,2026-01-02,9,Weekday,20,96.72447013487476,2.3482279209059715,96.72447013487476,49.53634902789037,94.3762422139688,False,True
138,2024-11-01,9,Weekday,20,96.72447013487476,2.3482279209059715,96.72447013487476,49.53634902789037,94.3762422139688,False,True
138,2024-11-26,9,Weekday,20,96.72447013487476,2.3482279209059715,96.72447013487476,49.53634902789037,94.3762422139688,False,True
138,2025-04-28,9,Weekday,20,96.72447013487476,2.3482279209059715,96.72447013487476,49.53634902789037,94.3762422139688,False,True
124,2025-01-08,7,Weekday,16,98.0327868852459,3.6637674252353154,98.0327868852459,50.84827715524061,94.36901946001058,False,True
124,2025-06-14,16,Weekend,28,97.97297297297297,3.6079644692848944,97.97297297297297,50.79046872112893,94.36500850368807,False,True
138,2026-07-11,13,Weekend,44,100.0,5.644479793209723,100.0,52.82223989660486,94.35552020679027,False,True
124,2025-03-03,13,Weekday,33,97.54299754299754,3.192901142868461,97.54299754299754,50.367949342933,94.35009640012908,False,True
124,2025-04-30,8,Weekday,14,96.3126843657817,1.970120826141301,96.3126843657817,49.1414025959615,94.34256353964041,False,True
124,2025-01-02,8,Weekday,14,96.3126843657817,1.970120826141301,96.3126843657817,49.1414025959615,94.34256353964041,False,True
124,2025-09-04,8,Weekday,14,96.3126843657817,1.970120826141301,96.3126843657817,49.1414025959615,94.34256353964041,False,True
124,2025-01-10,8,Weekday,14,96.3126843657817,1.970120826141301,96.3126843657817,49.1414025959615,94.34256353964041,False,True
124,2025-01-16,13,Weekday,36,97.91154791154791,3.5771584764394793,97.91154791154791,50.744353193993696,94.33438943510843,False,True
124,2024-12-30,13,Weekday,36,97.91154791154791,3.5771584764394793,97.91154791154791,50.744353193993696,94.33438943510843,False,True
138,2026-02-15,12,Weekend,35,99.03846153846155,4.722029531265484,99.03846153846155,51.88024553486352,94.31643200719606,False,True
138,2025-08-03,15,Weekend,44,99.51923076923077,5.207761759864319,99.51923076923077,52.36349626454755,94.31146900936645,False,True
124,2026-01-13,12,Weekday,30,96.81933842239185,2.5080633990937335,96.81933842239185,49.66370091074279,94.31127502329812,False,True
124,2025-03-04,12,Weekday,30,96.81933842239185,2.5080633990937335,96.81933842239185,49.66370091074279,94.31127502329812,False,True
124,2025-06-12,15,Weekday,20,96.9496021220159,2.670906200317965,96.9496021220159,49.81025416116693,94.27869592169795,False,True
124,2025-01-13,15,Weekday,20,96.9496021220159,2.670906200317965,96.9496021220159,49.81025416116693,94.27869592169795,False,True
124,2025-07-07,15,Weekday,20,96.9496021220159,2.670906200317965,96.9496021220159,49.81025416116693,94.27869592169795,False,True
124,2026-01-15,15,Weekday,20,96.9496021220159,2.670906200317965,96.9496021220159,49.81025416116693,94.27869592169795,False,True
124,2025-01-10,7,Weekday,13,97.21311475409836,2.944914412804321,97.21311475409836,50.07901458345134,94.26820034129403,False,True
124,2025-01-16,7,Weekday,13,97.21311475409836,2.944914412804321,97.21311475409836,50.07901458345134,94.26820034129403,False,True
138,2025-03-18,7,Weekday,12,96.95481335952849,2.7026490329242625,96.95481335952849,49.82873119622637,94.25216432660423,False,True
138,2026-03-03,7,Weekday,12,96.95481335952849,2.7026490329242625,96.95481335952849,49.82873119622637,94.25216432660423,False,True
138,2026-03-30,7,Weekday,12,96.95481335952849,2.7026490329242625,96.95481335952849,49.82873119622637,94.25216432660423,False,True
138,2024-12-11,7,Weekday,12,96.95481335952849,2.7026490329242625,96.95481335952849,49.82873119622637,94.25216432660423,False,True
138,2026-04-30,7,Weekday,12,96.95481335952849,2.7026490329242625,96.95481335952849,49.82873119622637,94.25216432660423,False,True
138,2025-10-29,7,Weekday,12,96.95481335952849,2.7026490329242625,96.95481335952849,49.82873119622637,94.25216432660423,False,True
138,2026-03-06,7,Weekday,12,96.95481335952849,2.7026490329242625,96.95481335952849,49.82873119622637,94.25216432660423,False,True
138,2025-02-04,7,Weekday,12,96.95481335952849,2.7026490329242625,96.95481335952849,49.82873119622637,94.25216432660423,False,True
138,2024-09-24,7,Weekday,12,96.95481335952849,2.7026490329242625,96.95481335952849,49.82873119622637,94.25216432660423,False,True
138,2026-04-21,7,Weekday,12,96.95481335952849,2.7026490329242625,96.95481335952849,49.82873119622637,94.25216432660423,False,True
138,2026-04-18,16,Weekend,36,98.5576923076923,4.326563201756574,98.5576923076923,51.44212775472444,94.23112910593574,False,True
138,2025-12-27,17,Weekend,36,99.03381642512076,4.805771919312962,99.03381642512076,51.91979417221686,94.2280445058078,False,True
138,2025-01-02,14,Weekday,38,98.84393063583815,4.644901041252682,98.84393063583815,51.744415838545414,94.19902959458547,False,True
124,2025-02-25,17,Weekday,26,96.47887323943662,2.280097889019319,96.47887323943662,49.37948556422797,94.1987753504173,False,True
124,2025-04-02,17,Weekday,26,96.47887323943662,2.280097889019319,96.47887323943662,49.37948556422797,94.1987753504173,False,True
124,2025-02-05,13,Weekday,57,99.75429975429975,5.556876027492226,99.75429975429975,52.65558789089599,94.19742372680753,False,True
138,2026-03-06,14,Weekday,41,99.13294797687861,4.942969557268897,99.13294797687861,52.037958767073754,94.18997841960972,False,True
138,2025-04-18,14,Weekday,41,99.13294797687861,4.942969557268897,99.13294797687861,52.037958767073754,94.18997841960972,False,True
138,2026-02-14,15,Weekend,41,99.03846153846155,4.886017858033621,99.03846153846155,51.962239698247586,94.15244368042792,False,True
124,2025-01-17,11,Weekday,30,97.43243243243244,3.2851485148514854,97.43243243243244,50.35879047364196,94.14728391758095,False,True
124,2025-01-22,11,Weekday,30,97.43243243243244,3.2851485148514854,97.43243243243244,50.35879047364196,94.14728391758095,False,True
124,2025-04-25,13,Weekday,55,99.5085995085995,5.363757006754214,99.5085995085995,52.43617825767686,94.14484250184529,False,True
124,2025-09-04,9,Weekday,17,96.3172804532578,2.179647369151742,96.3172804532578,49.248463911204766,94.13763308410606,False,True
124,2025-01-03,9,Weekday,17,96.3172804532578,2.179647369151742,96.3172804532578,49.248463911204766,94.13763308410606,False,True
124,2024-12-26,9,Weekday,17,96.3172804532578,2.179647369151742,96.3172804532578,49.248463911204766,94.13763308410606,False,True
124,2025-04-21,9,Weekday,17,96.3172804532578,2.179647369151742,96.3172804532578,49.248463911204766,94.13763308410606,False,True
124,2025-01-16,9,Weekday,17,96.3172804532578,2.179647369151742,96.3172804532578,49.248463911204766,94.13763308410606,False,True
124,2025-05-24,9,Weekend,21,98.44961240310077,4.315476190476191,98.44961240310077,51.38254429678848,94.13413621262458,False,True
138,2025-02-21,8,Weekday,19,96.53846153846153,2.4194988393548003,96.53846153846153,49.47898018890817,94.11896269910673,False,True
138,2026-07-14,8,Weekday,19,96.53846153846153,2.4194988393548003,96.53846153846153,49.47898018890817,94.11896269910673,False,True
138,2025-01-13,8,Weekday,19,96.53846153846153,2.4194988393548003,96.53846153846153,49.47898018890817,94.11896269910673,False,True
138,2026-02-20,18,Weekday,30,98.94459102902374,4.858849077090119,98.94459102902374,51.90172005305693,94.08574195193363,False,True
138,2025-08-23,12,Weekend,33,98.5576923076923,4.481716380933505,98.5576923076923,51.519704344312906,94.0759759267588,False,True
138,2026-04-25,11,Weekend,43,100.0,5.931321540062435,100.0,52.96566077003122,94.06867845993756,False,True
124,2025-01-06,16,Weekday,24,96.54255319148936,2.478681746804747,96.54255319148936,49.51061746914706,94.06387144468461,False,True
138,2025-12-11,18,Weekday,32,99.2084432717678,5.146378734869506,99.2084432717678,52.17741100331865,94.0620645368983,False,True
124,2025-03-12,11,Weekday,27,97.02702702702702,2.984158415841584,97.02702702702702,50.0055927214343,94.04286861118544,False,True
71,2025-08-16,14,Weekend,35,98.5576923076923,4.518012174433689,98.5576923076923,51.537852241063,94.03968013325861,False,True
124,2025-01-07,9,Weekday,47,99.43342776203966,5.399535907657524,99.43342776203966,52.41648183484859,94.03389185438213,False,True
138,2025-04-16,12,Weekday,45,97.78846153846153,3.7893028869936876,97.78846153846153,50.78888221272761,93.99915865146785,False,True
138,2024-11-21,12,Weekday,45,97.78846153846153,3.7893028869936876,97.78846153846153,50.78888221272761,93.99915865146785,False,True
138,2026-02-03,12,Weekday,45,97.78846153846153,3.7893028869936876,97.78846153846153,50.78888221272761,93.99915865146785,False,True
138,2026-04-01,12,Weekday,45,97.78846153846153,3.7893028869936876,97.78846153846153,50.78888221272761,93.99915865146785,False,True
71,2026-05-02,14,Weekend,44,99.51923076923077,5.520906097195889,99.51923076923077,52.52006843321333,93.99832467203488,False,True
124,2025-01-24,16,Weekday,22,96.27659574468085,2.310719751933054,96.27659574468085,49.29365774830695,93.9658759927478,False,True
124,2026-03-09,16,Weekday,29,96.80851063829788,2.852372338945318,96.80851063829788,49.830441488621595,93.95613829935256,False,True
124,2026-03-09,14,Weekday,48,99.47780678851174,5.540100151021381,99.47780678851174,52.50895346976656,93.93770663749036,False,True
138,2025-06-11,16,Weekday,64,99.8076923076923,5.876682104593611,99.8076923076923,52.84218720614296,93.9310102030987,False,True
138,2025-10-13,14,Weekday,37,98.45857418111753,4.5296478817264125,98.45857418111753,51.49411103142197,93.92892629939111,False,True
138,2025-06-27,14,Weekday,37,98.45857418111753,4.5296478817264125,98.45857418111753,51.49411103142197,93.92892629939111,False,True
138,2025-07-09,14,Weekday,37,98.45857418111753,4.5296478817264125,98.45857418111753,51.49411103142197,93.92892629939111,False,True
124,2025-09-12,14,Weekday,18,96.34464751958225,2.4431682696129084,96.34464751958225,49.39390789459758,93.90147924996934,False,True
124,2025-08-19,14,Weekday,18,96.34464751958225,2.4431682696129084,96.34464751958225,49.39390789459758,93.90147924996934,False,True
124,2025-07-07,14,Weekday,18,96.34464751958225,2.4431682696129084,96.34464751958225,49.39390789459758,93.90147924996934,False,True
124,2026-01-05,14,Weekday,18,96.34464751958225,2.4431682696129084,96.34464751958225,49.39390789459758,93.90147924996934,False,True
124,2026-01-13,14,Weekday,18,96.34464751958225,2.4431682696129084,96.34464751958225,49.39390789459758,93.90147924996934,False,True
124,2025-06-03,10,Weekday,35,98.05555555555556,4.15585187533435,98.05555555555556,51.10570371544495,93.89970368022121,False,True
138,2025-03-14,16,Weekday,31,96.92307692307692,3.026297481563935,96.92307692307692,49.974687202320425,93.89677944151299,False,True
138,2026-02-17,16,Weekday,31,96.92307692307692,3.026297481563935,96.92307692307692,49.974687202320425,93.89677944151299,False,True
138,2026-03-03,16,Weekday,31,96.92307692307692,3.026297481563935,96.92307692307692,49.974687202320425,93.89677944151299,False,True
138,2025-08-21,16,Weekday,31,96.92307692307692,3.026297481563935,96.92307692307692,49.974687202320425,93.89677944151299,False,True
138,2024-09-12,16,Weekday,31,96.92307692307692,3.026297481563935,96.92307692307692,49.974687202320425,93.89677944151299,False,True
124,2025-01-17,16,Weekday,57,99.20212765957447,5.330060227792243,99.20212765957447,52.26609394368336,93.87206743178223,False,True
138,2026-03-14,17,Weekend,35,98.55072463768117,4.690932694228081,98.55072463768117,51.620828665954626,93.85979194345309,False,True
138,2025-06-08,12,Weekend,31,98.07692307692307,4.219106134178972,98.07692307692307,51.14801460555102,93.8578169427441,False,True
124,2025-04-15,13,Weekday,32,96.92874692874693,3.0899043318081882,96.92874692874693,50.00932563027756,93.83884259693875,False,True
124,2025-05-29,13,Weekday,32,96.92874692874693,3.0899043318081882,96.92874692874693,50.00932563027756,93.83884259693875,False,True
124,2025-07-24,13,Weekday,32,96.92874692874693,3.0899043318081882,96.92874692874693,50.00932563027756,93.83884259693875,False,True
124,2025-01-10,13,Weekday,32,96.92874692874693,3.0899043318081882,96.92874692874693,50.00932563027756,93.83884259693875,False,True
138,2026-07-11,10,Weekend,37,99.51219512195122,5.692406819984139,99.51219512195122,52.60230097096768,93.81978830196708,False,True
124,2025-01-18,11,Weekend,45,100.0,6.181556909964819,100.0,53.09077845498241,93.81844309003517,False,True
124,2025-05-01,10,Weekday,43,99.02777777777779,5.2208198767609115,99.02777777777779,52.12429882726935,93.80695790101687,False,True
124,2025-01-09,10,Weekday,43,99.02777777777779,5.2208198767609115,99.02777777777779,52.12429882726935,93.80695790101687,False,True
138,2024-11-16,17,Weekend,28,97.82608695652173,4.049330936688636,97.82608695652173,50.937708946605184,93.7767560198331,False,True
138,2026-03-21,17,Weekend,28,97.82608695652173,4.049330936688636,97.82608695652173,50.937708946605184,93.7767560198331,False,True
71,2026-02-28,14,Weekend,42,99.03846153846155,5.266440475002495,99.03846153846155,52.15245100673202,93.77202106345905,False,True
138,2025-09-13,9,Weekend,27,99.02912621359224,5.262896825396825,99.02912621359224,52.14601151949453,93.76622938819541,False,True
138,2025-05-25,15,Weekend,40,98.5576923076923,4.803711278495536,98.5576923076923,51.680701793093924,93.75398102919677,False,True
138,2025-04-19,11,Weekend,42,99.51923076923077,5.777711709033249,99.51923076923077,52.648471239132014,93.74151906019752,False,True
71,2024-11-17,16,Weekend,53,100.0,6.260292429761964,100.0,53.13014621488098,93.73970757023804,False,True
124,2025-04-25,15,Weekday,18,96.15384615384616,2.4145468998410173,96.15384615384616,49.28419652684359,93.73929925400515,False,True
124,2025-10-15,15,Weekday,18,96.15384615384616,2.4145468998410173,96.15384615384616,49.28419652684359,93.73929925400515,False,True
124,2025-01-09,11,Weekday,26,96.62162162162163,2.8841584158415845,96.62162162162163,49.752890018731605,93.73746320578005,False,True
124,2025-01-10,11,Weekday,26,96.62162162162163,2.8841584158415845,96.62162162162163,49.752890018731605,93.73746320578005,False,True
71,2026-05-17,16,Weekend,46,99.03846153846155,5.304655920954139,99.03846153846155,52.17155872970784,93.73380561750741,False,True
138,2025-03-09,11,Weekend,36,98.79807692307693,5.066646846043308,98.79807692307693,51.93236188456012,93.73143007703362,False,True
138,2026-08-02,11,Weekend,36,98.79807692307693,5.066646846043308,98.79807692307693,51.93236188456012,93.73143007703362,False,True
138,2026-07-11,15,Weekend,35,98.07692307692307,4.35975457674465,98.07692307692307,51.21833882683386,93.71716850017842,False,True
124,2025-03-04,16,Weekday,20,95.87765957446808,2.163628774175595,95.87765957446808,49.02064417432184,93.71403080029249,False,True
124,2025-04-07,16,Weekday,20,95.87765957446808,2.163628774175595,95.87765957446808,49.02064417432184,93.71403080029249,False,True
124,2024-12-29,9,Weekend,19,97.67441860465115,3.960813492063492,97.67441860465115,50.81761604835732,93.71360511258766,False,True
71,2024-11-09,10,Weekend,41,100.0,6.2871728786677235,100.0,53.14358643933386,93.71282712133228,False,True
138,2024-11-12,18,Weekday,29,98.41688654353563,4.706036112116459,98.41688654353563,51.561461327826045,93.71085043141916,False,True
138,2025-03-24,18,Weekday,29,98.41688654353563,4.706036112116459,98.41688654353563,51.561461327826045,93.71085043141916,False,True
138,2025-12-17,18,Weekday,29,98.41688654353563,4.706036112116459,98.41688654353563,51.561461327826045,93.71085043141916,False,True
138,2025-03-19,15,Weekday,27,97.12092130518234,3.4141494435612083,97.12092130518234,50.267535374371775,93.70677186162112,False,True
138,2025-05-06,15,Weekday,27,97.12092130518234,3.4141494435612083,97.12092130518234,50.267535374371775,93.70677186162112,False,True
138,2025-10-09,15,Weekday,27,97.12092130518234,3.4141494435612083,97.12092130518234,50.267535374371775,93.70677186162112,False,True
138,2026-02-18,15,Weekday,27,97.12092130518234,3.4141494435612083,97.12092130518234,50.267535374371775,93.70677186162112,False,True
138,2026-07-21,15,Weekday,27,97.12092130518234,3.4141494435612083,97.12092130518234,50.267535374371775,93.70677186162112,False,True
138,2026-04-15,15,Weekday,27,97.12092130518234,3.4141494435612083,97.12092130518234,50.267535374371775,93.70677186162112,False,True
138,2026-05-19,15,Weekday,27,97.12092130518234,3.4141494435612083,97.12092130518234,50.267535374371775,93.70677186162112,False,True
138,2025-04-17,15,Weekday,27,97.12092130518234,3.4141494435612083,97.12092130518234,50.267535374371775,93.70677186162112,False,True
138,2025-01-10,15,Weekday,27,97.12092130518234,3.4141494435612083,97.12092130518234,50.267535374371775,93.70677186162112,False,True
138,2025-07-26,16,Weekend,34,97.83653846153845,4.146913518638655,97.83653846153845,50.991725990088554,93.6896249428998,False,True
138,2025-10-11,16,Weekend,34,97.83653846153845,4.146913518638655,97.83653846153845,50.991725990088554,93.6896249428998,False,True
124,2025-01-21,17,Weekday,25,95.91549295774648,2.2343367621018286,95.91549295774648,49.07491485992416,93.68115619564465,False,True
124,2025-01-20,17,Weekday,25,95.91549295774648,2.2343367621018286,95.91549295774648,49.07491485992416,93.68115619564465,False,True
138,2024-12-31,18,Weekday,42,100.0,6.329673864961596,100.0,53.164836932480796,93.67032613503841,False,True
138,2026-02-19,18,Weekday,40,99.73614775725594,6.07431535770298,99.73614775725594,52.90523155747946,93.66183239955295,False,True
124,2024-12-27,10,Weekday,39,98.33333333333333,4.675952527193834,98.33333333333333,51.50464293026358,93.6573808061395,False,True
124,2025-06-02,12,Weekday,29,96.0559796437659,2.403189742169104,96.0559796437659,49.2295846929675,93.65278990159679,False,True
124,2025-01-13,12,Weekday,29,96.0559796437659,2.403189742169104,96.0559796437659,49.2295846929675,93.65278990159679,False,True
124,2025-01-17,12,Weekday,29,96.0559796437659,2.403189742169104,96.0559796437659,49.2295846929675,93.65278990159679,False,True
124,2025-06-12,12,Weekday,29,96.0559796437659,2.403189742169104,96.0559796437659,49.2295846929675,93.65278990159679,False,True
138,2025-01-16,14,Weekday,34,97.88053949903662,4.230585803990143,97.88053949903662,51.05556265151338,93.64995369504648,False,True
138,2025-12-11,14,Weekday,34,97.88053949903662,4.230585803990143,97.88053949903662,51.05556265151338,93.64995369504648,False,True
138,2026-01-15,14,Weekday,34,97.88053949903662,4.230585803990143,97.88053949903662,51.05556265151338,93.64995369504648,False,True
138,2025-04-13,10,Weekend,23,97.5609756097561,3.9229777954004756,97.5609756097561,50.741976702578285,93.63799781435563,False,True
138,2025-07-12,10,Weekend,23,97.5609756097561,3.9229777954004756,97.5609756097561,50.741976702578285,93.63799781435563,False,True
138,2025-05-04,10,Weekend,23,97.5609756097561,3.9229777954004756,97.5609756097561,50.741976702578285,93.63799781435563,False,True
71,2026-05-08,15,Weekday,53,99.42196531791907,5.80087440381558,99.42196531791907,52.61141986086733,93.62109091410349,False,True
124,2025-01-17,10,Weekday,34,97.63888888888889,4.023102375621644,97.63888888888889,50.83099563225527,93.61578651326724,False,True
124,2025-01-22,10,Weekday,34,97.63888888888889,4.023102375621644,97.63888888888889,50.83099563225527,93.61578651326724,False,True
138,2025-10-14,17,Weekday,28,95.94594594594594,2.341775929647241,95.94594594594594,49.14386093779659,93.6041700162987,False,True
138,2024-11-20,17,Weekday,28,95.94594594594594,2.341775929647241,95.94594594594594,49.14386093779659,93.6041700162987,False,True
138,2025-01-31,17,Weekday,28,95.94594594594594,2.341775929647241,95.94594594594594,49.14386093779659,93.6041700162987,False,True
138,2025-11-21,17,Weekday,28,95.94594594594594,2.341775929647241,95.94594594594594,49.14386093779659,93.6041700162987,False,True
138,2025-12-11,17,Weekday,28,95.94594594594594,2.341775929647241,95.94594594594594,49.14386093779659,93.6041700162987,False,True
71,2025-08-14,15,Weekday,51,99.22928709055877,5.636923688394277,99.22928709055877,52.43310538947652,93.5923634021645,False,True
138,2026-02-07,13,Weekend,38,98.55072463768117,4.963463737137745,98.55072463768117,51.75709418740946,93.58726090054343,False,True
138,2025-07-13,13,Weekend,38,98.55072463768117,4.963463737137745,98.55072463768117,51.75709418740946,93.58726090054343,False,True
138,2026-05-23,13,Weekend,38,98.55072463768117,4.963463737137745,98.55072463768117,51.75709418740946,93.58726090054343,False,True
71,2025-05-04,16,Weekend,51,99.51923076923077,5.948400618793353,99.51923076923077,52.733815694012065,93.57083015043742,False,True
124,2025-01-17,17,Weekday,82,100.0,6.447344859831679,100.0,53.22367242991584,93.55265514016833,False,True
124,2026-01-23,10,Weekday,26,96.66666666666667,3.1285292544233325,96.66666666666667,49.897597960545,93.53813741224334,False,True
138,2025-03-09,8,Weekend,12,97.79411764705883,4.257219410538851,97.79411764705883,51.02566852879884,93.53689823651997,False,True
138,2025-08-17,8,Weekend,12,97.79411764705883,4.257219410538851,97.79411764705883,51.02566852879884,93.53689823651997,False,True
124,2025-01-25,16,Weekend,26,96.95945945945947,3.4258196516792254,96.95945945945947,50.19263955556934,93.53363980778025,False,True
124,2025-01-18,16,Weekend,26,96.95945945945947,3.4258196516792254,96.95945945945947,50.19263955556934,93.53363980778025,False,True
71,2026-03-28,13,Weekend,36,98.30917874396135,4.782025152855794,98.30917874396135,51.545601948408574,93.52715359110556,False,True
71,2024-09-15,13,Weekend,36,98.30917874396135,4.782025152855794,98.30917874396135,51.545601948408574,93.52715359110556,False,True
124,2026-01-12,10,Weekday,42,98.61111111111111,5.084107705414991,98.61111111111111,51.847609408263054,93.52700340569612,False,True
124,2025-02-05,11,Weekday,24,96.21621621621622,2.6900990099009903,96.21621621621622,49.45315761305861,93.52611720631523,False,True
138,2026-08-01,8,Weekend,15,98.52941176470588,5.013893023717377,98.52941176470588,51.77165239421163,93.51551874098851,False,True
138,2025-04-01,18,Weekday,39,99.47229551451187,5.957694937065186,99.47229551451187,52.71499522578853,93.51460057744669,False,True
124,2025-11-28,9,Weekday,52,99.71671388101983,6.2087225560778245,99.71671388101983,52.96271821854883,93.507991324942,False,True
138,2025-03-30,12,Weekend,30,97.59615384615384,4.092755921117828,97.59615384615384,50.844454883635834,93.50339792503601,False,True
124,2025-07-24,10,Weekday,29,96.94444444444444,3.460403003705098,96.94444444444444,50.20242372407477,93.48404144073935,False,True
71,2025-08-16,13,Weekend,51,100.0,6.519361733856936,100.0,53.25968086692847,93.48063826614306,False,True
138,2026-04-30,9,Weekday,19,95.76107899807322,2.285753951726463,95.76107899807322,49.02341647489984,93.47532504634675,False,True
138,2025-05-30,9,Weekday,19,95.76107899807322,2.285753951726463,95.76107899807322,49.02341647489984,93.47532504634675,False,True
138,2025-07-30,9,Weekday,19,95.76107899807322,2.285753951726463,95.76107899807322,49.02341647489984,93.47532504634675,False,True
138,2024-12-19,21,Weekday,7,98.7012987012987,5.232546084143737,98.7012987012987,51.966922392721216,93.46875261715496,False,True
124,2025-01-09,16,Weekday,69,99.7340425531915,6.267268282017134,99.7340425531915,53.000655417604314,93.46677427117437,False,True
71,2024-08-25,16,Weekend,44,98.5576923076923,5.0975597584709815,98.5576923076923,51.82762603308164,93.46013254922133,False,True
138,2025-11-22,11,Weekend,32,98.07692307692307,4.620682820474704,98.07692307692307,51.34880294869888,93.45624025644837,False,True
4,2024-08-20,11,Weekday,1452,0.7707129094412332,94.22079207920791,94.22079207920791,47.49575249432457,93.45007916976668,True,False
138,2026-06-14,9,Weekend,20,97.57281553398059,4.136904761904762,97.57281553398059,50.854860147942674,93.43591077207583,False,True
124,2025-10-12,8,Weekend,15,98.4375,5.013893023717377,98.4375,51.725696511858686,93.42360697628263,False,True
124,2025-01-07,10,Weekday,32,97.22222222222221,3.8071367716114204,97.22222222222221,50.51467949691682,93.41508545061079,False,True
71,2026-01-05,15,Weekday,58,99.61464354527938,6.205286168521463,99.61464354527938,52.90996485690042,93.40935737675791,False,True
71,2025-11-15,14,Weekend,34,97.83653846153845,4.428200778365433,97.83653846153845,51.132369619951945,93.40833768317302,False,True
71,2025-07-12,14,Weekend,34,97.83653846153845,4.428200778365433,97.83653846153845,51.132369619951945,93.40833768317302,False,True
138,2026-03-22,15,Weekend,33,97.59615384615384,4.202623833990123,97.59615384615384,50.89938884007198,93.39353001216372,False,True
71,2024-12-07,10,Weekend,40,99.51923076923077,6.1260904044409195,99.51923076923077,52.822660586835845,93.39314036478986,False,True
71,2026-04-18,17,Weekend,35,98.07692307692307,4.690932694228081,98.07692307692307,51.383927885575574,93.38599038269498,False,True
71,2025-08-27,15,Weekday,50,98.94026974951831,5.5624006359300475,98.94026974951831,52.25133519272418,93.37786911358826,False,True
71,2025-03-06,15,Weekday,50,98.94026974951831,5.5624006359300475,98.94026974951831,52.25133519272418,93.37786911358826,False,True
124,2025-04-25,14,Weekday,56,99.73890339425587,6.362769255226135,99.73890339425587,53.050836324741006,93.37613413902973,False,True
138,2025-04-06,9,Weekend,25,98.30097087378641,4.925595238095238,98.30097087378641,51.613283055940826,93.37537563569117,False,True
138,2025-10-04,9,Weekend,25,98.30097087378641,4.925595238095238,98.30097087378641,51.613283055940826,93.37537563569117,False,True
138,2025-08-04,13,Weekday,63,99.42418426103646,6.052053003743538,99.42418426103646,52.73811863239,93.37213125729292,False,True
4,2024-09-03,11,Weekday,1535,1.9267822736030826,95.28514851485149,95.28514851485149,48.60596539422728,93.3583662412484,True,False
4,2025-10-22,11,Weekday,1502,1.5414258188824663,94.89108910891089,94.89108910891089,48.21625746389668,93.34966329002842,True,False
124,2025-01-01,9,Weekday,16,95.46742209631728,2.1201483508855437,95.46742209631728,48.79378522360141,93.34727374543174,False,True
71,2024-11-23,10,Weekend,37,99.03846153846155,5.692406819984139,99.03846153846155,52.365434179222845,93.3460547184774,False,True
4,2024-08-27,11,Weekday,1517,1.7341040462427744,95.07128712871287,95.07128712871287,48.40269558747782,93.33718308247009,True,False
4,2024-09-05,13,Weekday,2441,2.5048169556840074,95.84150375344149,95.84150375344149,49.17316035456275,93.33668679775748,True,False
124,2025-01-12,8,Weekend,21,100.0,6.671132281432966,100.0,53.33556614071648,93.32886771856704,False,True
138,2025-04-08,16,Weekday,30,96.25,2.938837981275716,96.25,49.594418990637855,93.31116201872429,False,True
138,2026-07-09,16,Weekday,30,96.25,2.938837981275716,96.25,49.594418990637855,93.31116201872429,False,True
138,2025-06-11,12,Weekday,44,97.01923076923077,3.7121317054831113,97.01923076923077,50.365681237356945,93.30709906374766,False,True
138,2024-12-11,12,Weekday,44,97.01923076923077,3.7121317054831113,97.01923076923077,50.365681237356945,93.30709906374766,False,True
138,2025-07-11,12,Weekday,44,97.01923076923077,3.7121317054831113,97.01923076923077,50.365681237356945,93.30709906374766,False,True
138,2024-12-12,12,Weekday,44,97.01923076923077,3.7121317054831113,97.01923076923077,50.365681237356945,93.30709906374766,False,True
4,2024-12-25,11,Weekday,1456,0.9633911368015413,94.26930693069306,94.26930693069306,47.616349033747305,93.30591579389151,True,False
4,2024-09-25,11,Weekday,1566,2.312138728323699,95.609900990099,95.609900990099,48.961019859211355,93.2977622617753,True,False
124,2025-01-04,8,Weekend,11,97.265625,3.9743971420065494,97.265625,50.620011071003276,93.29122785799345,False,True
124,2025-05-24,8,Weekend,11,97.265625,3.9743971420065494,97.265625,50.620011071003276,93.29122785799345,False,True
138,2026-01-18,9,Weekend,18,97.0873786407767,3.8045634920634916,97.0873786407767,50.4459710664201,93.28281514871321,False,True
4,2024-08-20,13,Weekday,2378,2.119460500963391,95.39980589062532,95.39980589062532,48.75963319579435,93.28034538966193,True,False
124,2024-12-28,10,Weekend,31,98.28767123287672,5.008425852498018,98.28767123287672,51.64804854268737,93.2792453803787,False,True
124,2025-08-09,10,Weekend,31,98.28767123287672,5.008425852498018,98.28767123287672,51.64804854268737,93.2792453803787,False,True
124,2025-01-08,16,Weekday,68,99.46808510638297,6.196704367011867,99.46808510638297,52.83239473669742,93.27138073937111,False,True
124,2025-01-23,8,Weekday,13,95.13274336283186,1.8629843461698707,95.13274336283186,48.497863854500864,93.269759016662,False,True
124,2025-03-04,8,Weekday,13,95.13274336283186,1.8629843461698707,95.13274336283186,48.497863854500864,93.269759016662,False,True
124,2025-02-05,8,Weekday,13,95.13274336283186,1.8629843461698707,95.13274336283186,48.497863854500864,93.269759016662,False,True
124,2025-01-30,8,Weekday,13,95.13274336283186,1.8629843461698707,95.13274336283186,48.497863854500864,93.269759016662,False,True
124,2025-09-27,11,Weekend,44,99.32432432432432,6.055200436053714,99.32432432432432,52.689762380189016,93.26912388827061,False,True
124,2025-08-21,16,Weekday,19,95.34574468085107,2.088095569381224,95.34574468085107,48.71692012511615,93.25764911146985,False,True
124,2025-03-13,16,Weekday,19,95.34574468085107,2.088095569381224,95.34574468085107,48.71692012511615,93.25764911146985,False,True
138,2026-04-23,13,Weekday,62,99.23224568138195,5.975795749400835,99.23224568138195,52.60402071539139,93.25644993198112,False,True
138,2024-09-28,8,Weekend,18,99.01960784313727,5.775528431080678,99.01960784313727,52.39756813710897,93.24407941205659,False,True
4,2024-09-11,11,Weekday,1542,2.119460500963391,95.36039603960396,95.36039603960396,48.73992827028367,93.24093553864057,True,False
138,2025-02-05,8,Weekday,18,95.57692307692308,2.345098506041307,95.57692307692308,48.961010791482195,93.23182457088177,False,True
138,2025-02-27,8,Weekday,18,95.57692307692308,2.345098506041307,95.57692307692308,48.961010791482195,93.23182457088177,False,True
138,2025-06-12,8,Weekday,18,95.57692307692308,2.345098506041307,95.57692307692308,48.961010791482195,93.23182457088177,False,True
138,2024-10-01,8,Weekday,18,95.57692307692308,2.345098506041307,95.57692307692308,48.961010791482195,93.23182457088177,False,True
138,2025-07-09,8,Weekday,18,95.57692307692308,2.345098506041307,95.57692307692308,48.961010791482195,93.23182457088177,False,True
138,2026-03-04,8,Weekday,18,95.57692307692308,2.345098506041307,95.57692307692308,48.961010791482195,93.23182457088177,False,True
138,2025-03-04,8,Weekday,18,95.57692307692308,2.345098506041307,95.57692307692308,48.961010791482195,93.23182457088177,False,True
124,2025-01-03,11,Weekday,23,95.8108108108108,2.5792079207920793,95.8108108108108,49.19500936580144,93.23160289001873,False,True
124,2024-12-27,11,Weekday,23,95.8108108108108,2.5792079207920793,95.8108108108108,49.19500936580144,93.23160289001873,False,True
124,2026-01-18,10,Weekend,19,96.57534246575342,3.350515463917526,96.57534246575342,49.96292896483548,93.22482700183589,False,True
4,2026-05-03,12,Weekend,2324,1.9417475728155338,95.16400753146368,95.16400753146368,48.552877552139606,93.22225995864815,True,False
118,2025-01-16,12,Weekday,73,99.42307692307692,6.21030136335754,99.42307692307692,52.81668914321723,93.21277555971938,False,True
124,2025-10-02,7,Weekday,12,95.90163934426229,2.7026490329242625,95.90163934426229,49.302144188593275,93.19899031133804,False,True
124,2025-01-23,7,Weekday,12,95.90163934426229,2.7026490329242625,95.90163934426229,49.302144188593275,93.19899031133804,False,True
124,2025-01-22,7,Weekday,12,95.90163934426229,2.7026490329242625,95.90163934426229,49.302144188593275,93.19899031133804,False,True
124,2025-01-21,7,Weekday,12,95.90163934426229,2.7026490329242625,95.90163934426229,49.302144188593275,93.19899031133804,False,True
124,2025-04-25,7,Weekday,12,95.90163934426229,2.7026490329242625,95.90163934426229,49.302144188593275,93.19899031133804,False,True
124,2025-01-15,7,Weekday,12,95.90163934426229,2.7026490329242625,95.90163934426229,49.302144188593275,93.19899031133804,False,True
124,2026-03-29,14,Weekend,47,99.02597402597402,5.8277617004290985,99.02597402597402,52.42686786320156,93.19821232554493,False,True
124,2025-07-20,14,Weekend,47,99.02597402597402,5.8277617004290985,99.02597402597402,52.42686786320156,93.19821232554493,False,True
138,2024-12-17,21,Weekday,6,97.72727272727273,4.533767391710038,97.72727272727273,51.13052005949139,93.19350533556269,False,True
138,2025-12-23,21,Weekday,6,97.72727272727273,4.533767391710038,97.72727272727273,51.13052005949139,93.19350533556269,False,True
138,2025-11-14,18,Weekday,28,97.75725593667546,4.564281980134314,97.75725593667546,51.16076895840489,93.19297395654115,False,True
138,2025-12-31,18,Weekday,28,97.75725593667546,4.564281980134314,97.75725593667546,51.16076895840489,93.19297395654115,False,True
124,2025-01-19,10,Weekend,40,99.31506849315068,6.1260904044409195,99.31506849315068,52.720579448795796,93.18897808870976,False,True
124,2025-07-13,8,Weekend,19,99.21875,6.038503522873871,99.21875,52.628626761436934,93.18024647712613,False,True
124,2025-05-05,13,Weekday,30,96.06879606879608,2.889852833402658,96.06879606879608,49.479324451099366,93.17894323539342,False,True
124,2025-01-24,13,Weekday,30,96.06879606879608,2.889852833402658,96.06879606879608,49.479324451099366,93.17894323539342,False,True
124,2025-04-10,13,Weekday,30,96.06879606879608,2.889852833402658,96.06879606879608,49.479324451099366,93.17894323539342,False,True
138,2024-11-03,17,Weekend,27,97.10144927536231,3.927002196924306,97.10144927536231,50.51422573614331,93.174447078438,False,True
138,2026-04-25,8,Weekend,20,99.50980392156863,6.3386920710528925,99.50980392156863,52.92424799631076,93.17111185051574,False,True
4,2024-09-11,13,Weekday,2444,2.697495183044316,95.86824331015904,95.86824331015904,49.28286924660168,93.17074812711473,True,False
124,2025-06-09,13,Weekday,72,100.0,6.8304712104106,100.0,53.4152356052053,93.1695287895894,False,True
71,2024-12-10,15,Weekday,49,98.65125240847784,5.491852146263911,98.65125240847784,52.07155227737088,93.15940026221394,False,True
71,2024-11-10,12,Weekend,44,98.79807692307693,5.643642850064414,98.79807692307693,52.22085988657067,93.15443407301252,False,True
71,2025-08-09,12,Weekend,44,98.79807692307693,5.643642850064414,98.79807692307693,52.22085988657067,93.15443407301252,False,True
138,2024-10-03,13,Weekday,61,99.04030710172745,5.89458672529562,99.04030710172745,52.46744691351154,93.14572037643183,False,True
4,2026-06-04,11,Weekday,1458,1.1560693641618496,94.28910891089109,94.28910891089109,47.72258913752647,93.13303954672924,True,False
4,2026-06-01,13,Weekday,2384,2.312138728323699,95.44239111058292,95.44239111058292,48.87726491945331,93.13025238225921,True,False
118,2025-05-08,12,Weekday,71,99.13461538461539,6.0163840354591684,99.13461538461539,52.57549971003728,93.11823134915622,False,True
118,2024-12-06,12,Weekday,71,99.13461538461539,6.0163840354591684,99.13461538461539,52.57549971003728,93.11823134915622,False,True
4,2025-06-03,11,Weekday,1567,2.5048169556840074,95.62079207920792,95.62079207920792,49.06280451744596,93.11597512352391,True,False
4,2025-01-27,11,Weekday,1471,1.348747591522158,94.46435643564357,94.46435643564357,47.90655201358286,93.11560884412141,True,False
71,2025-07-20,13,Weekend,50,99.51690821256038,6.410001491276035,99.51690821256038,52.96345485191821,93.10690672128435,False,True
4,2025-01-04,12,Weekend,2387,2.4271844660194173,95.53314835001487,95.53314835001487,48.98016640801714,93.10596388399546,True,False
71,2025-09-07,16,Weekend,43,98.07692307692307,4.977793303059035,98.07692307692307,51.52735818999105,93.09912977386404,False,True
124,2025-07-05,9,Weekend,18,96.89922480620154,3.8045634920634916,96.89922480620154,50.35189414913252,93.09466131413805,False,True
124,2025-04-25,10,Weekday,25,96.11111111111111,3.0165837807850053,96.11111111111111,49.563847445948056,93.09452733032612,False,True
124,2026-01-28,10,Weekday,25,96.11111111111111,3.0165837807850053,96.11111111111111,49.563847445948056,93.09452733032612,False,True
124,2025-04-04,10,Weekday,25,96.11111111111111,3.0165837807850053,96.11111111111111,49.563847445948056,93.09452733032612,False,True
71,2026-01-18,15,Weekend,42,98.06763285024155,4.978300992667232,98.06763285024155,51.52296692145439,93.08933185757432,False,True
71,2026-05-16,15,Weekend,42,98.06763285024155,4.978300992667232,98.06763285024155,51.52296692145439,93.08933185757432,False,True
71,2025-07-05,15,Weekend,42,98.06763285024155,4.978300992667232,98.06763285024155,51.52296692145439,93.08933185757432,False,True
138,2025-04-14,17,Weekday,27,95.36679536679536,2.3089472951194763,95.36679536679536,48.83787133095742,93.05784807167588,False,True
124,2025-01-08,17,Weekday,24,95.2112676056338,2.163705457511788,95.2112676056338,48.68748653157279,93.04756214812201,False,True
124,2025-01-16,17,Weekday,24,95.2112676056338,2.163705457511788,95.2112676056338,48.68748653157279,93.04756214812201,False,True
124,2025-01-22,17,Weekday,24,95.2112676056338,2.163705457511788,95.2112676056338,48.68748653157279,93.04756214812201,False,True
4,2025-02-04,13,Weekday,2456,2.8901734104046244,95.93360667102422,95.93360667102422,49.411890040714425,93.0434332606196,True,False
4,2024-10-18,13,Weekday,2319,1.9267822736030826,94.96999227523916,94.96999227523916,48.44838727442112,93.04321000163608,True,False
138,2025-04-10,13,Weekday,60,98.84836852207293,5.805454869570385,98.84836852207293,52.32691169582166,93.04291365250255,False,True
138,2026-01-25,18,Weekend,28,98.98648648648648,5.94799293107801,98.98648648648648,52.467239708782245,93.03849355540848,False,True
138,2025-12-27,18,Weekend,28,98.98648648648648,5.94799293107801,98.98648648648648,52.467239708782245,93.03849355540848,False,True
71,2025-08-16,10,Weekend,36,98.5576923076923,5.53875892149088,98.5576923076923,52.048225614591594,93.01893338620143,False,True
138,2025-11-28,16,Weekday,29,95.86538461538461,2.852372338945318,95.86538461538461,49.358878477164964,93.0130122764393,False,True
138,2024-12-11,16,Weekday,29,95.86538461538461,2.852372338945318,95.86538461538461,49.358878477164964,93.0130122764393,False,True
138,2025-12-13,8,Weekend,22,100.0,6.996129800535873,100.0,53.498064900267934,93.00387019946413,False,True
71,2024-08-18,12,Weekend,39,98.07692307692307,5.07878307402636,98.07692307692307,51.577853075474714,92.9981400028967,False,True
4,2025-11-08,12,Weekend,2229,1.4563106796116505,94.44554553562581,94.44554553562581,47.95092810761873,92.98923485601416,True,False
138,2024-12-27,14,Weekday,32,97.01348747591521,4.0378348302996585,97.01348747591521,50.525661153107436,92.97565264561555,False,True
138,2026-04-01,14,Weekday,32,97.01348747591521,4.0378348302996585,97.01348747591521,50.525661153107436,92.97565264561555,False,True
138,2025-12-24,14,Weekday,32,97.01348747591521,4.0378348302996585,97.01348747591521,50.525661153107436,92.97565264561555,False,True
138,2026-01-08,14,Weekday,32,97.01348747591521,4.0378348302996585,97.01348747591521,50.525661153107436,92.97565264561555,False,True
138,2026-03-20,14,Weekday,32,97.01348747591521,4.0378348302996585,97.01348747591521,50.525661153107436,92.97565264561555,False,True
138,2026-02-19,14,Weekday,32,97.01348747591521,4.0378348302996585,97.01348747591521,50.525661153107436,92.97565264561555,False,True
118,2024-12-03,12,Weekday,77,99.61538461538461,6.6436472287630846,99.61538461538461,53.12951592207385,92.97173738662153,False,True
138,2025-09-13,10,Weekend,46,100.0,7.040543219666931,100.0,53.520271609833465,92.95945678033307,False,True
124,2025-09-27,10,Weekend,46,100.0,7.040543219666931,100.0,53.520271609833465,92.95945678033307,False,True
124,2025-05-23,16,Weekday,78,100.0,7.041483631159434,100.0,53.52074181557972,92.95851636884056,False,True
138,2026-02-21,18,Weekend,35,100.0,7.043675839434487,100.0,53.52183791971724,92.95632416056552,False,True
138,2024-11-07,10,Weekday,35,97.10982658959537,4.15585187533435,97.10982658959537,50.63283923246486,92.95397471426102,False,True
138,2025-03-06,10,Weekday,35,97.10982658959537,4.15585187533435,97.10982658959537,50.63283923246486,92.95397471426102,False,True
138,2025-03-19,10,Weekday,35,97.10982658959537,4.15585187533435,97.10982658959537,50.63283923246486,92.95397471426102,False,True
71,2024-12-20,15,Weekday,48,98.36223506743738,5.41335453100159,98.36223506743738,51.887794799219485,92.9488805364358,False,True
71,2026-03-30,15,Weekday,48,98.36223506743738,5.41335453100159,98.36223506743738,51.887794799219485,92.9488805364358,False,True
4,2025-05-27,13,Weekday,2467,3.0828516377649327,96.02669994255947,96.02669994255947,49.5547757901622,92.94384830479454,True,False
138,2025-03-08,17,Weekend,25,96.61835748792271,3.674855202716197,96.61835748792271,50.146606345319455,92.9435022852065,False,True
4,2024-09-01,12,Weekend,2440,2.912621359223301,95.85274006540482,95.85274006540482,49.382680712314055,92.94011870618152,True,False
4,2025-11-03,11,Weekday,1569,2.697495183044316,95.63663366336634,95.63663366336634,49.167064423205325,92.93913848032203,True,False
138,2025-03-12,13,Weekday,59,98.65642994241843,5.717313367797651,98.65642994241843,52.186871655108035,92.93911657462078,False,True
124,2025-01-01,5,Weekday,2,100.0,7.06290840863508,100.0,53.53145420431754,92.93709159136492,False,True
124,2025-04-25,11,Weekday,22,95.4054054054054,2.4712871287128713,95.4054054054054,48.93834626705914,92.93411827669253,False,True
138,2025-11-19,11,Weekday,44,97.77992277992279,4.848514851485149,97.77992277992279,51.31421881570397,92.93140792843764,False,True
138,2025-11-17,11,Weekday,44,97.77992277992279,4.848514851485149,97.77992277992279,51.31421881570397,92.93140792843764,False,True
4,2025-02-03,13,Weekday,2495,3.275529865125241,96.20298294610494,96.20298294610494,49.73925640561509,92.9274530809797,True,False
118,2025-01-23,12,Weekday,70,98.84615384615385,5.919425371509983,98.84615384615385,52.38278960883192,92.92672847464387,False,True
140,2025-12-29,21,Weekday,5,96.7741935483871,3.8505401538557242,96.7741935483871,50.31236685112141,92.92365339453139,False,True
71,2026-05-16,13,Weekend,48,99.03381642512076,6.131629964706467,99.03381642512076,52.58272319491361,92.9021864604143,False,True
71,2025-07-19,13,Weekend,35,97.58454106280193,4.682606750509519,97.58454106280193,51.13357390665573,92.90193431229241,False,True
138,2026-04-09,17,Weekday,26,95.17374517374517,2.280097889019319,95.17374517374517,48.726921531382246,92.89364728472586,False,True
138,2026-06-24,10,Weekday,42,97.97687861271676,5.084107705414991,97.97687861271676,51.53049315906588,92.89277090730177,False,True
138,2025-05-14,10,Weekday,42,97.97687861271676,5.084107705414991,97.97687861271676,51.53049315906588,92.89277090730177,False,True
124,2025-05-12,14,Weekday,17,95.16971279373368,2.298108258485017,95.16971279373368,48.73391052610935,92.87160453524866,False,True
124,2025-01-07,14,Weekday,17,95.16971279373368,2.298108258485017,95.16971279373368,48.73391052610935,92.87160453524866,False,True
124,2025-01-15,14,Weekday,17,95.16971279373368,2.298108258485017,95.16971279373368,48.73391052610935,92.87160453524866,False,True
124,2025-03-03,14,Weekday,17,95.16971279373368,2.298108258485017,95.16971279373368,48.73391052610935,92.87160453524866,False,True
124,2025-05-17,11,Weekend,42,98.64864864864865,5.777711709033249,98.64864864864865,52.21318017884095,92.87093693961539,False,True
138,2026-07-11,12,Weekend,57,100.0,7.1623228619561985,100.0,53.5811614309781,92.8376771380438,False,True
118,2024-12-12,12,Weekday,69,98.65384615384616,5.819498585195006,98.65384615384616,52.23667236952058,92.83434756865115,False,True
138,2025-05-25,11,Weekend,31,97.35576923076923,4.521579703681681,97.35576923076923,50.938674467225454,92.83418952708755,False,True
138,2025-08-02,11,Weekend,31,97.35576923076923,4.521579703681681,97.35576923076923,50.938674467225454,92.83418952708755,False,True
4,2025-01-06,13,Weekday,2509,3.4682080924855487,96.29706657159268,96.29706657159268,49.88263733203912,92.82885847910713,True,False
138,2025-11-19,13,Weekday,58,98.46449136276392,5.642046467407451,98.46449136276392,52.05326891508569,92.82244489535647,False,True
124,2026-01-13,15,Weekday,17,95.09283819628646,2.272456279809221,95.09283819628646,48.68264723804784,92.82038191647725,False,True
124,2025-07-15,15,Weekday,17,95.09283819628646,2.272456279809221,95.09283819628646,48.68264723804784,92.82038191647725,False,True
124,2025-01-16,15,Weekday,17,95.09283819628646,2.272456279809221,95.09283819628646,48.68264723804784,92.82038191647725,False,True
124,2026-01-12,15,Weekday,17,95.09283819628646,2.272456279809221,95.09283819628646,48.68264723804784,92.82038191647725,False,True
124,2025-03-13,15,Weekday,17,95.09283819628646,2.272456279809221,95.09283819628646,48.68264723804784,92.82038191647725,False,True
124,2024-12-27,15,Weekday,17,95.09283819628646,2.272456279809221,95.09283819628646,48.68264723804784,92.82038191647725,False,True
4,2024-08-29,11,Weekday,1575,2.8901734104046244,95.709900990099,95.709900990099,49.300037200251815,92.81972757969437,True,False
138,2026-05-20,13,Weekday,56,98.2725527831094,5.454869570384456,98.2725527831094,51.86371117674693,92.81768321272494,False,True
71,2025-03-30,16,Weekend,41,97.59615384615384,4.780677678526873,97.59615384615384,51.188415762340355,92.81547616762697,False,True
138,2026-04-25,16,Weekend,33,96.875,4.059583811567443,96.875,50.467291905783725,92.81541618843255,False,True
138,2024-10-19,16,Weekend,33,96.875,4.059583811567443,96.875,50.467291905783725,92.81541618843255,False,True
138,2026-04-02,12,Weekday,43,96.4423076923077,3.6280349051190215,96.4423076923077,50.03517129871336,92.81427278718867,False,True
138,2025-04-18,12,Weekday,43,96.4423076923077,3.6280349051190215,96.4423076923077,50.03517129871336,92.81427278718867,False,True
4,2024-09-12,11,Weekday,1597,3.0828516377649327,95.88514851485148,95.88514851485148,49.484000076308206,92.80229687708655,True,False
138,2025-12-03,10,Weekday,40,97.59152215799615,4.804739355273326,97.59152215799615,51.19813075663474,92.78678280272283,False,True
138,2025-11-19,10,Weekday,40,97.59152215799615,4.804739355273326,97.59152215799615,51.19813075663474,92.78678280272283,False,True
124,2025-04-27,14,Weekend,57,100.0,7.214848817483285,100.0,53.60742440874164,92.78515118251671,False,True
71,2024-11-23,14,Weekend,33,97.11538461538461,4.333399860293384,97.11538461538461,50.724392237839,92.78198475509123,False,True
140,2025-12-28,21,Weekend,10,100.0,7.230953372189841,100.0,53.61547668609492,92.76904662781016,False,True
124,2025-01-20,11,Weekday,58,99.72972972972973,6.961386138613862,99.72972972972973,53.345557934171794,92.76834359111587,False,True
138,2025-08-11,11,Weekday,48,98.16602316602317,5.401980198019802,98.16602316602317,51.78400168202148,92.76404296800337,False,True
138,2025-02-17,11,Weekday,48,98.16602316602317,5.401980198019802,98.16602316602317,51.78400168202148,92.76404296800337,False,True
124,2026-01-14,11,Weekday,21,95.13513513513514,2.372277227722772,95.13513513513514,48.75370618142896,92.76285790741237,False,True
138,2025-03-23,15,Weekend,32,96.875,4.115328976904275,96.875,50.49516448845214,92.75967102309572,False,True
138,2025-11-22,15,Weekend,32,96.875,4.115328976904275,96.875,50.49516448845214,92.75967102309572,False,True
138,2025-03-27,9,Weekday,18,94.99036608863199,2.2322048352868844,94.99036608863199,48.61128546195943,92.75816125334511,False,True
138,2026-03-31,9,Weekday,18,94.99036608863199,2.2322048352868844,94.99036608863199,48.61128546195943,92.75816125334511,False,True
138,2025-04-25,9,Weekday,18,94.99036608863199,2.2322048352868844,94.99036608863199,48.61128546195943,92.75816125334511,False,True
138,2026-04-23,9,Weekday,18,94.99036608863199,2.2322048352868844,94.99036608863199,48.61128546195943,92.75816125334511,False,True
138,2026-03-06,9,Weekday,18,94.99036608863199,2.2322048352868844,94.99036608863199,48.61128546195943,92.75816125334511,False,True
138,2025-09-29,14,Weekday,59,99.42196531791907,6.699586678324458,99.42196531791907,53.06077599812177,92.72237863959461,False,True
138,2025-04-12,13,Weekend,37,97.58454106280193,4.86404533479147,97.58454106280193,51.2242931987967,92.72049572801046,False,True
138,2026-06-10,13,Weekday,55,98.0806142034549,5.363757006754214,98.0806142034549,51.722185605104556,92.71685719670069,False,True
138,2026-03-06,16,Weekday,28,95.48076923076924,2.7728637023196647,95.48076923076924,49.126816466544454,92.70790552844957,False,True
138,2026-01-15,16,Weekday,28,95.48076923076924,2.7728637023196647,95.48076923076924,49.126816466544454,92.70790552844957,False,True
71,2025-06-28,15,Weekend,54,99.03381642512076,6.345089040754227,99.03381642512076,52.6894527329375,92.68872738436653,False,True
4,2024-09-09,13,Weekday,2516,3.6608863198458574,96.34460356131281,96.34460356131281,50.00274494057933,92.68371724146695,True,False
124,2025-01-04,10,Weekend,18,95.8904109589041,3.2067803330689926,95.8904109589041,49.548595645986545,92.68363062583511,False,True
124,2025-08-09,11,Weekend,38,97.97297297297297,5.28962885882761,97.97297297297297,51.63130091590029,92.68334411414536,False,True
138,2026-06-16,11,Weekday,43,97.39382239382239,4.712871287128713,97.39382239382239,51.05334684047555,92.68095110669368,False,True
138,2024-11-26,11,Weekday,43,97.39382239382239,4.712871287128713,97.39382239382239,51.05334684047555,92.68095110669368,False,True
138,2024-10-09,18,Weekday,27,97.0976253298153,4.425543893513492,97.0976253298153,50.7615846116644,92.67208143630181,False,True
138,2026-02-27,18,Weekday,27,97.0976253298153,4.425543893513492,97.0976253298153,50.7615846116644,92.67208143630181,False,True
138,2024-11-22,18,Weekday,27,97.0976253298153,4.425543893513492,97.0976253298153,50.7615846116644,92.67208143630181,False,True
138,2026-04-25,12,Weekend,29,96.63461538461539,3.9639282528986226,96.63461538461539,50.299271818757006,92.67068713171676,False,True
138,2026-05-24,12,Weekend,29,96.63461538461539,3.9639282528986226,96.63461538461539,50.299271818757006,92.67068713171676,False,True
138,2024-12-14,12,Weekend,29,96.63461538461539,3.9639282528986226,96.63461538461539,50.299271818757006,92.67068713171676,False,True
138,2025-05-10,14,Weekend,39,97.59615384615384,4.927152978744636,97.59615384615384,51.261653412449235,92.66900086740921,False,True
71,2024-12-03,14,Weekday,57,99.13294797687861,6.468086797551864,99.13294797687861,52.80051738721524,92.66486117932675,False,True
71,2026-02-16,14,Weekday,57,99.13294797687861,6.468086797551864,99.13294797687861,52.80051738721524,92.66486117932675,False,True
124,2025-01-12,9,Weekend,37,100.0,7.348710317460318,100.0,53.67435515873016,92.65128968253968,False,True
138,2026-04-01,13,Weekday,50,97.60076775431862,4.949789054608117,97.60076775431862,51.27527840446337,92.6509786997105,False,True
138,2025-03-27,13,Weekday,50,97.60076775431862,4.949789054608117,97.60076775431862,51.27527840446337,92.6509786997105,False,True
138,2026-07-01,13,Weekday,50,97.60076775431862,4.949789054608117,97.60076775431862,51.27527840446337,92.6509786997105,False,True
138,2024-11-19,13,Weekday,50,97.60076775431862,4.949789054608117,97.60076775431862,51.27527840446337,92.6509786997105,False,True
133,2025-11-23,6,Weekend,137,1.4423076923076923,94.09151947112902,94.09151947112902,47.766913581718356,92.64921177882132,True,False
4,2025-07-02,11,Weekday,1600,3.275529865125241,95.91683168316831,95.91683168316831,49.596180774146774,92.64130181804308,True,False
71,2024-11-30,10,Weekend,35,98.07692307692307,5.437153053132435,98.07692307692307,51.75703806502775,92.63977002379063,False,True
138,2025-11-18,11,Weekday,41,97.1042471042471,4.465346534653465,97.1042471042471,50.78479681945028,92.63890056959363,False,True
124,2025-05-18,16,Weekend,25,95.94594594594594,3.3085483307550274,95.94594594594594,49.627247138350484,92.6373976151909,False,True
124,2025-04-30,12,Weekday,28,94.91094147582697,2.2983160852444744,94.91094147582697,48.60462878053573,92.6126253905825,False,True
124,2025-02-05,12,Weekday,28,94.91094147582697,2.2983160852444744,94.91094147582697,48.60462878053573,92.6126253905825,False,True
124,2025-04-29,12,Weekday,28,94.91094147582697,2.2983160852444744,94.91094147582697,48.60462878053573,92.6126253905825,False,True
124,2025-09-26,12,Weekday,28,94.91094147582697,2.2983160852444744,94.91094147582697,48.60462878053573,92.6126253905825,False,True
124,2025-10-15,12,Weekday,28,94.91094147582697,2.2983160852444744,94.91094147582697,48.60462878053573,92.6126253905825,False,True
124,2025-01-26,10,Weekend,28,97.26027397260275,4.651566217287867,97.26027397260275,50.955920094945306,92.60870775531488,False,True
35,2025-06-08,8,Weekend,581,4.326923076923077,96.93361119380768,96.93361119380768,50.63026713536538,92.6066881168846,True,False
138,2025-11-14,10,Weekday,34,96.6281310211946,4.023102375621644,96.6281310211946,50.325616698408126,92.60502864557296,False,True
138,2025-10-13,10,Weekday,34,96.6281310211946,4.023102375621644,96.6281310211946,50.325616698408126,92.60502864557296,False,True
138,2025-01-26,8,Weekend,11,96.56862745098039,3.9743971420065494,96.56862745098039,50.27151229649347,92.59423030897383,False,True
138,2025-08-03,8,Weekend,11,96.56862745098039,3.9743971420065494,96.56862745098039,50.27151229649347,92.59423030897383,False,True
138,2026-01-24,8,Weekend,11,96.56862745098039,3.9743971420065494,96.56862745098039,50.27151229649347,92.59423030897383,False,True
71,2026-06-28,16,Weekend,38,97.11538461538461,4.521183691800988,97.11538461538461,50.8182841535928,92.59420092358363,False,True
71,2025-06-21,17,Weekend,51,99.51923076923077,6.9278010784901145,99.51923076923077,53.22351592386045,92.59142969074065,False,True
71,2025-08-05,14,Weekday,55,98.84393063583815,6.2544710277402435,98.84393063583815,52.54920083178919,92.58945960809791,False,True
4,2024-09-02,11,Weekday,1377,0.5780346820809248,93.16633663366338,93.16633663366338,46.87218565787215,92.58830195158245,True,False
138,2025-04-13,17,Weekend,24,96.1352657004831,3.5525264629518674,96.1352657004831,49.84389608171749,92.58273923753123,False,True
133,2025-06-15,6,Weekend,131,0.9615384615384616,93.53889061047413,93.53889061047413,47.2502145360063,92.57735214893566,True,False
124,2025-02-17,9,Weekday,15,94.61756373937678,2.0546994307927253,94.61756373937678,48.33613158508475,92.56286430858405,False,True
124,2025-01-20,9,Weekday,15,94.61756373937678,2.0546994307927253,94.61756373937678,48.33613158508475,92.56286430858405,False,True
124,2025-04-09,9,Weekday,15,94.61756373937678,2.0546994307927253,94.61756373937678,48.33613158508475,92.56286430858405,False,True
124,2025-04-24,9,Weekday,15,94.61756373937678,2.0546994307927253,94.61756373937678,48.33613158508475,92.56286430858405,False,True
124,2025-06-24,9,Weekday,15,94.61756373937678,2.0546994307927253,94.61756373937678,48.33613158508475,92.56286430858405,False,True
138,2026-05-15,11,Weekday,40,96.91119691119691,4.349504950495049,96.91119691119691,50.63035093084598,92.56169196070186,False,True
4,2026-06-04,13,Weekday,2525,3.8535645472061653,96.40798621427298,96.40798621427298,50.13077538073957,92.55442166706682,True,False
71,2026-01-25,15,Weekend,37,97.10144927536231,4.549309123559635,97.10144927536231,50.825379199460976,92.55214015180267,False,True
4,2024-09-25,12,Weekday,2318,2.8901734104046244,95.43997467202247,95.43997467202247,49.16507404121355,92.54980126161784,True,False
71,2024-12-12,15,Weekday,46,97.78420038535646,5.23748012718601,97.78420038535646,51.51084025627123,92.54672025817045,False,True
71,2025-08-01,15,Weekday,46,97.78420038535646,5.23748012718601,97.78420038535646,51.51084025627123,92.54672025817045,False,True
71,2026-07-31,15,Weekday,46,97.78420038535646,5.23748012718601,97.78420038535646,51.51084025627123,92.54672025817045,False,True
71,2025-02-28,15,Weekday,46,97.78420038535646,5.23748012718601,97.78420038535646,51.51084025627123,92.54672025817045,False,True
118,2026-01-20,12,Weekday,68,98.26923076923076,5.725508043611612,98.26923076923076,51.997369406421186,92.54372272561915,False,True
118,2025-12-12,12,Weekday,68,98.26923076923076,5.725508043611612,98.26923076923076,51.997369406421186,92.54372272561915,False,True
118,2025-04-08,12,Weekday,68,98.26923076923076,5.725508043611612,98.26923076923076,51.997369406421186,92.54372272561915,False,True
4,2024-08-26,11,Weekday,1611,3.4682080924855487,96.0089108910891,96.0089108910891,49.73855949178733,92.54070279860355,True,False
138,2026-03-23,10,Weekday,32,96.33911368015414,3.8071367716114204,96.33911368015414,50.073125225882784,92.53197690854272,False,True
4,2026-07-12,12,Weekend,2449,3.3980582524271843,95.92954117530472,95.92954117530472,49.663799713865956,92.53148292287753,True,False
71,2024-08-17,17,Weekend,34,97.11538461538461,4.586079488715797,97.11538461538461,50.850732052050205,92.52930512666882,False,True
71,2024-11-23,17,Weekend,34,97.11538461538461,4.586079488715797,97.11538461538461,50.850732052050205,92.52930512666882,False,True
71,2024-10-12,17,Weekend,34,97.11538461538461,4.586079488715797,97.11538461538461,50.850732052050205,92.52930512666882,False,True
124,2025-01-19,17,Weekend,50,99.3006993006993,6.775514280007988,99.3006993006993,53.038106790353645,92.52518502069132,False,True
138,2025-06-25,10,Weekday,46,98.26589595375722,5.742901864437004,98.26589595375722,52.00439890909711,92.52299408932022,False,True
124,2025-01-02,10,Weekday,24,95.41666666666667,2.8986942996968557,95.41666666666667,49.157680483181764,92.51797236696981,False,True
124,2024-12-26,10,Weekday,24,95.41666666666667,2.8986942996968557,95.41666666666667,49.157680483181764,92.51797236696981,False,True
71,2024-11-15,14,Weekday,54,98.65125240847784,6.135243621333757,98.65125240847784,52.3932480149058,92.51600878714409,False,True
71,2025-11-02,15,Weekend,59,99.51690821256038,7.028483064797725,99.51690821256038,53.27269563867905,92.48842514776265,False,True
4,2025-11-03,12,Weekday,2261,2.5048169556840074,94.9927775689099,94.9927775689099,48.748797262296954,92.4879606132259,True,False
138,2025-02-01,9,Weekend,17,96.11650485436894,3.6359126984126986,96.11650485436894,49.87620877639082,92.48059215595624,False,True
138,2026-02-28,9,Weekend,17,96.11650485436894,3.6359126984126986,96.11650485436894,49.87620877639082,92.48059215595624,False,True
138,2025-05-31,9,Weekend,17,96.11650485436894,3.6359126984126986,96.11650485436894,49.87620877639082,92.48059215595624,False,True
4,2024-10-20,11,Weekend,1819,2.4271844660194173,94.89618948515931,94.89618948515931,48.66168697558936,92.4690050191399,True,False
138,2025-09-09,13,Weekday,75,99.61612284069098,7.150355537068949,99.61612284069098,53.38323918887996,92.46576730362203,False,True
4,2024-10-17,11,Weekday,1623,3.6608863198458574,96.11980198019802,96.11980198019802,49.89034415002194,92.45891566035216,True,False
138,2026-02-25,15,Weekday,26,95.77735124760078,3.3197535771065185,95.77735124760078,49.54855241235365,92.45759767049425,False,True
138,2025-07-29,15,Weekday,26,95.77735124760078,3.3197535771065185,95.77735124760078,49.54855241235365,92.45759767049425,False,True
138,2025-07-16,15,Weekday,26,95.77735124760078,3.3197535771065185,95.77735124760078,49.54855241235365,92.45759767049425,False,True
138,2025-08-14,15,Weekday,26,95.77735124760078,3.3197535771065185,95.77735124760078,49.54855241235365,92.45759767049425,False,True
138,2025-04-02,15,Weekday,26,95.77735124760078,3.3197535771065185,95.77735124760078,49.54855241235365,92.45759767049425,False,True
124,2025-06-19,11,Weekday,20,94.72972972972973,2.282178217821782,94.72972972972973,48.50595397377575,92.44755151190795,False,True
124,2024-12-30,11,Weekday,20,94.72972972972973,2.282178217821782,94.72972972972973,48.50595397377575,92.44755151190795,False,True
71,2024-11-20,14,Weekday,53,98.45857418111753,6.01303552976711,98.45857418111753,52.23580485544232,92.44553865135042,False,True
71,2025-04-28,14,Weekday,49,98.07321772639692,5.632501390986408,98.07321772639692,51.85285955869166,92.44071633541051,False,True
4,2025-06-03,13,Weekday,2540,4.046242774566474,96.48622417652068,96.48622417652068,50.26623347554358,92.4399814019542,True,False
124,2025-11-12,16,Weekday,18,94.41489361702128,1.9817527678944125,94.41489361702128,48.19832319245784,92.43314084912687,False,True
124,2025-10-28,16,Weekday,18,94.41489361702128,1.9817527678944125,94.41489361702128,48.19832319245784,92.43314084912687,False,True
124,2025-01-10,16,Weekday,18,94.41489361702128,1.9817527678944125,94.41489361702128,48.19832319245784,92.43314084912687,False,True
124,2025-10-14,16,Weekday,18,94.41489361702128,1.9817527678944125,94.41489361702128,48.19832319245784,92.43314084912687,False,True
124,2025-01-31,16,Weekday,18,94.41489361702128,1.9817527678944125,94.41489361702128,48.19832319245784,92.43314084912687,False,True
124,2025-04-12,8,Weekend,10,96.09375,3.661804108365585,96.09375,49.87777705418279,92.43194589163441,False,True
124,2025-09-29,13,Weekday,28,95.0859950859951,2.656129300612039,95.0859950859951,48.871062193303565,92.42986578538306,False,True
124,2025-02-26,13,Weekday,28,95.0859950859951,2.656129300612039,95.0859950859951,48.871062193303565,92.42986578538306,False,True
124,2025-04-23,13,Weekday,28,95.0859950859951,2.656129300612039,95.0859950859951,48.871062193303565,92.42986578538306,False,True
124,2026-03-09,13,Weekday,28,95.0859950859951,2.656129300612039,95.0859950859951,48.871062193303565,92.42986578538306,False,True
124,2025-04-01,13,Weekday,28,95.0859950859951,2.656129300612039,95.0859950859951,48.871062193303565,92.42986578538306,False,True
138,2025-02-02,0,Weekend,4,98.95833333333334,6.531220082969896,98.95833333333334,52.74477670815162,92.42711325036345,False,True
138,2025-09-28,0,Weekend,4,98.95833333333334,6.531220082969896,98.95833333333334,52.74477670815162,92.42711325036345,False,True
71,2025-08-02,17,Weekend,49,99.03846153846155,6.6132414619532645,99.03846153846155,52.825851500207406,92.42522007650828,False,True
71,2024-11-09,11,Weekend,49,99.03846153846155,6.615133045934295,99.03846153846155,52.826797292197924,92.42332849252725,False,True
71,2025-04-27,11,Weekend,37,97.59615384615384,5.175660274515634,97.59615384615384,51.38590706033474,92.4204935716382,False,True
118,2024-08-27,12,Weekday,84,99.8076923076923,7.3886459425767255,99.8076923076923,53.59816912513452,92.41904636511558,False,True
138,2026-02-14,13,Weekend,35,97.10144927536231,4.682606750509519,97.10144927536231,50.89202801293592,92.41884252485279,False,True
4,2025-07-22,12,Weekday,2323,3.0828516377649327,95.4736133921681,95.4736133921681,49.27823251496652,92.39076175440317,True,False
124,2025-08-02,17,Weekend,46,98.6013986013986,6.213800679049331,98.6013986013986,52.407599640223964,92.38759792234927,False,True
4,2024-09-11,12,Weekday,2272,2.697495183044316,95.08478936224944,95.08478936224944,48.891142272646874,92.38729417920513,True,False
138,2026-05-29,10,Weekday,31,96.05009633911368,3.6773592756236253,96.05009633911368,49.863727807368655,92.37273706349005,False,True
138,2025-02-14,10,Weekday,31,96.05009633911368,3.6773592756236253,96.05009633911368,49.863727807368655,92.37273706349005,False,True
71,2025-03-29,11,Weekend,53,99.51923076923077,7.155245032456271,99.51923076923077,53.33723790084352,92.36398573677451,False,True
124,2025-06-14,14,Weekend,46,98.05194805194806,5.693044606326714,98.05194805194806,51.872496329137384,92.35890344562135,False,True
71,2025-08-16,12,Weekend,57,99.51923076923077,7.1623228619561985,99.51923076923077,53.340776815593486,92.35690790727458,False,True
71,2025-07-15,14,Weekday,52,98.26589595375722,5.911692234321595,98.26589595375722,52.08879409403941,92.35420371943563,False,True
124,2025-10-28,8,Weekday,12,94.10029498525073,1.751879848421721,94.10029498525073,47.926087416836225,92.348415136829,False,True
124,2025-01-07,8,Weekday,12,94.10029498525073,1.751879848421721,94.10029498525073,47.926087416836225,92.348415136829,False,True
124,2025-03-31,8,Weekday,12,94.10029498525073,1.751879848421721,94.10029498525073,47.926087416836225,92.348415136829,False,True
71,2025-12-19,15,Weekday,71,99.8073217726397,7.466216216216217,99.8073217726397,53.63676899442795,92.34110555642349,False,True
4,2024-09-06,12,Weekday,2342,3.275529865125241,95.60717889862873,95.60717889862873,49.441354381876984,92.3316490335035,True,False
138,2026-01-11,11,Weekend,29,96.63461538461539,4.308508002576681,96.63461538461539,50.47156169359604,92.3261073820387,False,True
138,2025-08-24,14,Weekend,38,97.11538461538461,4.792435884642251,97.11538461538461,50.95391025001343,92.32294873074237,False,True
71,2026-03-04,15,Weekday,73,100.0,7.6798489666136724,100.0,53.83992448330684,92.32015103338632,False,True
124,2025-01-01,0,Weekday,2,100.0,7.681382803038643,100.0,53.84069140151932,92.31861719696136,False,True
138,2025-03-08,14,Weekend,50,98.5576923076923,6.239397265741942,98.5576923076923,52.398544786717125,92.31829504195036,False,True
124,2025-06-21,11,Weekend,29,96.62162162162163,4.308508002576681,96.62162162162163,50.46506481209916,92.31311361904494,False,True
4,2025-10-22,13,Weekday,2547,4.238921001926782,96.53970328995582,96.53970328995582,50.389312145941304,92.30078228802904,True,False
71,2026-04-18,13,Weekend,34,96.85990338164251,4.5657901277526465,96.85990338164251,50.71284675469758,92.29411325388986,False,True
71,2024-12-08,13,Weekend,34,96.85990338164251,4.5657901277526465,96.85990338164251,50.71284675469758,92.29411325388986,False,True
4,2026-06-01,11,Weekday,1625,3.8535645472061653,96.14257425742574,96.14257425742574,49.99806940231595,92.28900971021957,True,False
138,2024-11-19,11,Weekday,39,96.52509652509652,4.241584158415842,96.52509652509652,50.38334034175618,92.28351236668067,False,True
138,2025-04-25,11,Weekday,39,96.52509652509652,4.241584158415842,96.52509652509652,50.38334034175618,92.28351236668067,False,True
138,2026-01-23,11,Weekday,39,96.52509652509652,4.241584158415842,96.52509652509652,50.38334034175618,92.28351236668067,False,True
124,2025-09-03,7,Weekday,11,94.75409836065573,2.476269907462568,94.75409836065573,48.61518413405915,92.27782845319317,False,True
124,2026-01-28,17,Weekday,23,94.36619718309859,2.0910845387079444,94.36619718309859,48.22864086090327,92.27511264439065,False,True
124,2025-09-19,17,Weekday,23,94.36619718309859,2.0910845387079444,94.36619718309859,48.22864086090327,92.27511264439065,False,True
124,2025-03-14,17,Weekday,23,94.36619718309859,2.0910845387079444,94.36619718309859,48.22864086090327,92.27511264439065,False,True
138,2025-08-20,11,Weekday,53,98.45559845559846,6.191089108910891,98.45559845559846,52.323343782254675,92.26450934668757,False,True
124,2025-01-25,15,Weekend,50,98.10126582278481,5.84376714720407,98.10126582278481,51.97251648499444,92.25749867558073,False,True
138,2026-05-23,14,Weekend,47,98.07692307692307,5.8277617004290985,98.07692307692307,51.95234238867608,92.24916137649397,False,True
71,2025-04-05,10,Weekend,34,97.59615384615384,5.347938144329897,97.59615384615384,51.47204599524187,92.24821570182394,False,True
138,2025-04-21,10,Weekday,26,95.37572254335261,3.1285292544233325,95.37572254335261,49.25212589888797,92.24719328892928,False,True
71,2024-08-16,14,Weekday,48,97.78420038535646,5.540100151021381,97.78420038535646,51.66215026818892,92.24410023433508,False,True
71,2025-06-23,14,Weekday,48,97.78420038535646,5.540100151021381,97.78420038535646,51.66215026818892,92.24410023433508,False,True
138,2025-04-12,16,Weekend,31,96.15384615384616,3.9098757423025097,96.15384615384616,50.03186094807433,92.24397041154366,False,True
124,2025-06-14,15,Weekend,55,98.73417721518987,6.494737367187111,98.73417721518987,52.614457291188494,92.23943984800276,False,True
138,2025-12-09,13,Weekday,48,97.02495201535508,4.7863806524451835,97.02495201535508,50.905666333900136,92.2385713629099,False,True
138,2025-05-15,13,Weekday,48,97.02495201535508,4.7863806524451835,97.02495201535508,50.905666333900136,92.2385713629099,False,True
138,2024-12-17,12,Weekday,42,95.76923076923077,3.5340443635356276,95.76923076923077,49.6516375663832,92.23518640569515,False,True
138,2026-02-02,12,Weekday,42,95.76923076923077,3.5340443635356276,95.76923076923077,49.6516375663832,92.23518640569515,False,True
138,2026-04-24,12,Weekday,42,95.76923076923077,3.5340443635356276,95.76923076923077,49.6516375663832,92.23518640569515,False,True
138,2026-04-30,12,Weekday,42,95.76923076923077,3.5340443635356276,95.76923076923077,49.6516375663832,92.23518640569515,False,True
138,2026-03-24,12,Weekday,42,95.76923076923077,3.5340443635356276,95.76923076923077,49.6516375663832,92.23518640569515,False,True
4,2025-12-21,13,Weekend,2730,3.3980582524271843,95.63056121688125,95.63056121688125,49.51430973465422,92.23250296445406,True,False
140,2024-08-25,21,Weekend,5,96.0,3.770295587010825,96.0,49.88514779350541,92.22970441298918,False,True
4,2024-09-28,13,Weekend,2520,1.9417475728155338,94.16911070239101,94.16911070239101,48.05542913760327,92.22736312957548,True,False
71,2024-08-31,11,Weekend,34,97.11538461538461,4.888261235815866,97.11538461538461,51.00182292560024,92.22712337956875,False,True
35,2025-11-29,8,Weekend,585,4.807692307692308,97.03284707750322,97.03284707750322,50.92026969259776,92.22515476981091,True,False
124,2025-05-22,11,Weekday,18,94.32432432432432,2.1,94.32432432432432,48.21216216216216,92.22432432432433,False,True
4,2026-05-03,11,Weekend,1690,1.4563106796116505,93.67722114860513,93.67722114860513,47.56676591410839,92.22091046899348,True,False
138,2026-02-25,7,Weekday,11,94.69548133595285,2.476269907462568,94.69548133595285,48.58587562170771,92.21921142849028,False,True
138,2024-11-28,7,Weekday,11,94.69548133595285,2.476269907462568,94.69548133595285,48.58587562170771,92.21921142849028,False,True
138,2025-11-07,7,Weekday,11,94.69548133595285,2.476269907462568,94.69548133595285,48.58587562170771,92.21921142849028,False,True
138,2025-10-28,7,Weekday,11,94.69548133595285,2.476269907462568,94.69548133595285,48.58587562170771,92.21921142849028,False,True
138,2026-05-14,7,Weekday,11,94.69548133595285,2.476269907462568,94.69548133595285,48.58587562170771,92.21921142849028,False,True
138,2025-10-24,7,Weekday,11,94.69548133595285,2.476269907462568,94.69548133595285,48.58587562170771,92.21921142849028,False,True
138,2024-10-22,7,Weekday,11,94.69548133595285,2.476269907462568,94.69548133595285,48.58587562170771,92.21921142849028,False,True
138,2024-09-12,7,Weekday,11,94.69548133595285,2.476269907462568,94.69548133595285,48.58587562170771,92.21921142849028,False,True
138,2024-09-18,7,Weekday,11,94.69548133595285,2.476269907462568,94.69548133595285,48.58587562170771,92.21921142849028,False,True
138,2025-01-09,7,Weekday,11,94.69548133595285,2.476269907462568,94.69548133595285,48.58587562170771,92.21921142849028,False,True
138,2024-09-20,7,Weekday,11,94.69548133595285,2.476269907462568,94.69548133595285,48.58587562170771,92.21921142849028,False,True
138,2025-08-27,7,Weekday,11,94.69548133595285,2.476269907462568,94.69548133595285,48.58587562170771,92.21921142849028,False,True
138,2026-05-05,7,Weekday,11,94.69548133595285,2.476269907462568,94.69548133595285,48.58587562170771,92.21921142849028,False,True
138,2026-02-07,18,Weekend,27,97.97297297297297,5.756122191365817,97.97297297297297,51.86454758216939,92.21685078160715,False,True
71,2024-11-09,12,Weekend,37,97.11538461538461,4.900406302645923,97.11538461538461,51.007895459015266,92.2149783127387,False,True
71,2026-07-25,12,Weekend,37,97.11538461538461,4.900406302645923,97.11538461538461,51.007895459015266,92.2149783127387,False,True
71,2024-11-23,12,Weekend,37,97.11538461538461,4.900406302645923,97.11538461538461,51.007895459015266,92.2149783127387,False,True
71,2026-06-20,16,Weekend,37,96.63461538461539,4.433853984729777,96.63461538461539,50.53423468467258,92.20076139988561,False,True
138,2025-07-02,10,Weekday,30,95.76107899807322,3.5624417982603873,95.76107899807322,49.661760398166805,92.19863719981282,False,True
71,2025-08-16,17,Weekend,47,98.5576923076923,6.361094467745157,98.5576923076923,52.459393387718734,92.19659783994715,False,True
138,2026-07-28,14,Weekday,65,99.61464354527938,7.420912487083697,99.61464354527938,53.51777801618154,92.19373105819568,False,True
4,2025-03-16,11,Weekend,1843,2.912621359223301,95.09191814082553,95.09191814082553,49.00226975002441,92.17929678160223,True,False
71,2025-08-16,11,Weekend,47,98.5576923076923,6.384718299390515,98.5576923076923,52.47120530354141,92.1729740083018,False,True
71,2024-08-11,14,Weekend,32,96.39423076923077,4.226125137211855,96.39423076923077,50.31017795322131,92.16810563201892,False,True
71,2025-06-29,14,Weekend,32,96.39423076923077,4.226125137211855,96.39423076923077,50.31017795322131,92.16810563201892,False,True
138,2025-08-22,10,Weekday,25,95.18304431599229,3.0165837807850053,95.18304431599229,49.09981404838865,92.16646053520728,False,True
4,2026-06-04,12,Weekday,2399,3.8535645472061653,96.00787541801057,96.00787541801057,49.930719982608366,92.15431087080441,True,False
118,2026-01-30,12,Weekday,67,97.78846153846153,5.63844312088173,97.78846153846153,51.71345232967163,92.1500184175798,False,True
118,2024-12-05,12,Weekday,67,97.78846153846153,5.63844312088173,97.78846153846153,51.71345232967163,92.1500184175798,False,True
138,2025-02-25,18,Weekday,26,96.43799472295514,4.29183254916154,96.43799472295514,50.36491363605834,92.1461621737936,False,True
138,2026-03-05,18,Weekday,26,96.43799472295514,4.29183254916154,96.43799472295514,50.36491363605834,92.1461621737936,False,True
4,2024-08-30,12,Weekday,2343,3.4682080924855487,95.61410451748225,95.61410451748225,49.5411563049839,92.14589642499669,True,False
124,2025-07-13,10,Weekend,17,95.2054794520548,3.060567010309278,95.2054794520548,49.133023231182044,92.14491244174552,False,True
35,2025-03-16,8,Weekend,533,3.8461538461538463,95.99087029870002,95.99087029870002,49.91851207242693,92.14471645254618,True,False
4,2024-11-05,13,Weekday,2551,4.431599229287091,96.57139461643591,96.57139461643591,50.5014969228615,92.13979538714882,True,False
124,2025-08-10,14,Weekend,42,97.40259740259741,5.266440475002495,97.40259740259741,51.33451893879995,92.13615692759491,False,True
35,2024-11-30,8,Weekend,511,3.3653846153846154,95.48972908603751,95.48972908603751,49.42755685071106,92.1243444706529,True,False
124,2025-01-19,11,Weekend,37,97.2972972972973,5.175660274515634,97.2972972972973,51.23647878590647,92.12163702278167,False,True
4,2024-09-14,12,Weekend,2458,3.8834951456310676,96.00138737488851,96.00138737488851,49.94244126025979,92.11789222925744,True,False
4,2025-07-22,11,Weekday,1627,4.046242774566474,96.16138613861386,96.16138613861386,50.10381445659017,92.11514336404738,True,False
4,2026-07-12,13,Weekend,2805,3.8834951456310676,95.99840930556246,95.99840930556246,49.94095222559677,92.11491415993139,True,False
138,2026-06-17,10,Weekday,29,95.56840077071291,3.460403003705098,95.56840077071291,49.514401887209004,92.10799776700782,False,True
71,2024-09-29,15,Weekend,34,96.37681159420289,4.277447997206565,96.37681159420289,50.32712979570473,92.09936359699633,False,True
71,2026-06-06,15,Weekend,34,96.37681159420289,4.277447997206565,96.37681159420289,50.32712979570473,92.09936359699633,False,True
124,2025-04-05,16,Weekend,24,95.27027027027027,3.1738110684165877,95.27027027027027,49.22204066934343,92.09645920185369,False,True
138,2026-06-02,9,Weekday,60,99.8073217726397,7.716031018821523,99.8073217726397,53.76167639573061,92.09129075381817,False,True
124,2025-01-02,6,Weekday,6,97.28260869565217,5.199497965545861,97.28260869565217,51.241053330599016,92.08311073010631,False,True
124,2026-01-06,6,Weekday,6,97.28260869565217,5.199497965545861,97.28260869565217,51.241053330599016,92.08311073010631,False,True
124,2024-12-30,10,Weekday,23,94.86111111111111,2.779814150700402,94.86111111111111,48.82046263090576,92.08129696041071,False,True
124,2026-01-20,10,Weekday,23,94.86111111111111,2.779814150700402,94.86111111111111,48.82046263090576,92.08129696041071,False,True
4,2025-01-05,11,Weekend,1724,1.9417475728155338,94.01912690154106,94.01912690154106,47.98043723717829,92.07737932872553,True,False
138,2024-11-29,17,Weekday,25,94.3050193050193,2.2343367621018286,94.3050193050193,48.26967803356057,92.07068254291747,False,True
138,2026-04-02,17,Weekday,25,94.3050193050193,2.2343367621018286,94.3050193050193,48.26967803356057,92.07068254291747,False,True
138,2024-12-25,17,Weekday,25,94.3050193050193,2.2343367621018286,94.3050193050193,48.26967803356057,92.07068254291747,False,True
138,2025-10-30,17,Weekday,25,94.3050193050193,2.2343367621018286,94.3050193050193,48.26967803356057,92.07068254291747,False,True
138,2025-12-03,17,Weekday,25,94.3050193050193,2.2343367621018286,94.3050193050193,48.26967803356057,92.07068254291747,False,True
138,2026-01-16,17,Weekday,25,94.3050193050193,2.2343367621018286,94.3050193050193,48.26967803356057,92.07068254291747,False,True
138,2025-11-19,17,Weekday,25,94.3050193050193,2.2343367621018286,94.3050193050193,48.26967803356057,92.07068254291747,False,True
138,2024-09-11,17,Weekday,25,94.3050193050193,2.2343367621018286,94.3050193050193,48.26967803356057,92.07068254291747,False,True
138,2026-01-18,10,Weekend,22,95.85365853658536,3.796590007930214,95.85365853658536,49.82512427225779,92.05706852865514,False,True
138,2026-02-15,10,Weekend,22,95.85365853658536,3.796590007930214,95.85365853658536,49.82512427225779,92.05706852865514,False,True
138,2025-02-08,10,Weekend,22,95.85365853658536,3.796590007930214,95.85365853658536,49.82512427225779,92.05706852865514,False,True
138,2025-01-04,10,Weekend,22,95.85365853658536,3.796590007930214,95.85365853658536,49.82512427225779,92.05706852865514,False,True
138,2025-04-19,13,Weekend,34,96.61835748792271,4.5657901277526465,96.61835748792271,50.59207380783768,92.05256736017006,False,True
71,2026-07-22,15,Weekday,45,97.20616570327553,5.167925278219395,97.20616570327553,51.187045490747465,92.03824042505613,False,True
71,2025-03-07,15,Weekday,45,97.20616570327553,5.167925278219395,97.20616570327553,51.187045490747465,92.03824042505613,False,True
4,2024-08-29,13,Weekday,2562,4.624277456647398,96.65161328658863,96.65161328658863,50.63794537161802,92.02733582994122,True,False
4,2024-10-11,12,Weekday,2407,4.046242774566474,96.06822723944832,96.06822723944832,50.0572350070074,92.02198446488184,True,False
4,2026-05-03,13,Weekend,2624,2.912621359223301,94.93214694039867,94.93214694039867,48.92238414981098,92.01952558117537,True,False
138,2024-09-13,16,Weekday,27,94.71153846153845,2.6983243554831144,94.71153846153845,48.70493140851078,92.01321410605534,False,True
138,2025-05-02,16,Weekday,27,94.71153846153845,2.6983243554831144,94.71153846153845,48.70493140851078,92.01321410605534,False,True
138,2025-04-15,16,Weekday,27,94.71153846153845,2.6983243554831144,94.71153846153845,48.70493140851078,92.01321410605534,False,True
138,2026-03-24,16,Weekday,27,94.71153846153845,2.6983243554831144,94.71153846153845,48.70493140851078,92.01321410605534,False,True
138,2026-01-08,16,Weekday,27,94.71153846153845,2.6983243554831144,94.71153846153845,48.70493140851078,92.01321410605534,False,True
138,2025-12-12,16,Weekday,27,94.71153846153845,2.6983243554831144,94.71153846153845,48.70493140851078,92.01321410605534,False,True
138,2025-08-19,13,Weekday,81,99.80806142034548,7.800027729910671,99.80806142034548,53.804044575128074,92.00803369043481,False,True
138,2026-01-20,14,Weekday,31,95.95375722543352,3.9474207137747395,95.95375722543352,49.95058896960413,92.00633651165879,False,True
138,2025-07-24,14,Weekday,31,95.95375722543352,3.9474207137747395,95.95375722543352,49.95058896960413,92.00633651165879,False,True
138,2026-01-23,14,Weekday,31,95.95375722543352,3.9474207137747395,95.95375722543352,49.95058896960413,92.00633651165879,False,True
138,2026-02-05,14,Weekday,31,95.95375722543352,3.9474207137747395,95.95375722543352,49.95058896960413,92.00633651165879,False,True
138,2025-05-30,14,Weekday,31,95.95375722543352,3.9474207137747395,95.95375722543352,49.95058896960413,92.00633651165879,False,True
4,2025-06-03,12,Weekday,2351,3.6608863198458574,95.66357322357877,95.66357322357877,49.66222977171231,92.00268690373291,True,False
71,2025-07-20,10,Weekend,32,97.11538461538461,5.114988104678826,97.11538461538461,51.11518636003172,92.00039651070578,False,True
124,2025-01-18,17,Weekend,44,97.9020979020979,5.906730577191931,97.9020979020979,51.90441423964492,91.99536732490597,False,True
138,2026-01-31,11,Weekend,28,96.15384615384616,4.167286061146623,96.15384615384616,50.16056610749639,91.98656009269953,False,True
138,2026-07-22,14,Weekday,68,99.8073217726397,7.828272792305858,99.8073217726397,53.817797282472775,91.97904898033384,False,True
4,2024-09-05,11,Weekday,1633,4.238921001926782,96.21089108910891,96.21089108910891,50.22490604551785,91.97197008718213,True,False
138,2024-10-02,8,Weekday,17,94.23076923076923,2.2677221593952743,94.23076923076923,48.24924569508225,91.96304707137395,False,True
138,2025-11-18,8,Weekday,17,94.23076923076923,2.2677221593952743,94.23076923076923,48.24924569508225,91.96304707137395,False,True
138,2024-11-13,8,Weekday,17,94.23076923076923,2.2677221593952743,94.23076923076923,48.24924569508225,91.96304707137395,False,True
138,2025-01-17,8,Weekday,17,94.23076923076923,2.2677221593952743,94.23076923076923,48.24924569508225,91.96304707137395,False,True
138,2026-05-25,8,Weekday,17,94.23076923076923,2.2677221593952743,94.23076923076923,48.24924569508225,91.96304707137395,False,True
138,2025-05-13,8,Weekday,17,94.23076923076923,2.2677221593952743,94.23076923076923,48.24924569508225,91.96304707137395,False,True
138,2025-07-31,8,Weekday,17,94.23076923076923,2.2677221593952743,94.23076923076923,48.24924569508225,91.96304707137395,False,True
138,2026-07-11,14,Weekend,37,96.63461538461539,4.675182117553138,96.63461538461539,50.65489875108426,91.95943326706225,False,True
4,2024-10-18,12,Weekday,2037,1.1560693641618496,93.08922175831569,93.08922175831569,47.12264556123877,91.93315239415384,True,False
138,2024-10-30,13,Weekday,47,96.64107485604606,4.711113752054985,96.64107485604606,50.67609430405052,91.92996110399108,False,True
138,2025-04-01,13,Weekday,47,96.64107485604606,4.711113752054985,96.64107485604606,50.67609430405052,91.92996110399108,False,True
138,2025-04-21,11,Weekday,38,96.04247104247105,4.132673267326733,96.04247104247105,50.08757215489889,91.90979777514431,False,True
138,2024-11-07,11,Weekday,38,96.04247104247105,4.132673267326733,96.04247104247105,50.08757215489889,91.90979777514431,False,True
138,2024-10-03,6,Weekday,8,99.12280701754386,7.218769610720866,99.12280701754386,53.170788314132366,91.904037406823,False,True
138,2026-01-26,6,Weekday,8,99.12280701754386,7.218769610720866,99.12280701754386,53.170788314132366,91.904037406823,False,True
138,2024-10-05,15,Weekend,31,95.91346153846155,4.010575148401257,95.91346153846155,49.9620183434314,91.90288639006029,False,True
138,2025-08-02,15,Weekend,31,95.91346153846155,4.010575148401257,95.91346153846155,49.9620183434314,91.90288639006029,False,True
71,2025-07-20,11,Weekend,45,98.07692307692307,6.181556909964819,98.07692307692307,52.129239993443946,91.89536616695824,False,True
4,2024-08-20,12,Weekday,2418,4.238921001926782,96.12660031264222,96.12660031264222,50.182760657284504,91.88767931071544,True,False
124,2025-01-04,9,Weekend,16,95.34883720930233,3.467261904761905,95.34883720930233,49.408049557032115,91.88157530454043,False,True
124,2025-01-11,9,Weekend,16,95.34883720930233,3.467261904761905,95.34883720930233,49.408049557032115,91.88157530454043,False,True
124,2024-12-28,9,Weekend,16,95.34883720930233,3.467261904761905,95.34883720930233,49.408049557032115,91.88157530454043,False,True
71,2025-07-19,11,Weekend,33,96.63461538461539,4.754472028145285,96.63461538461539,50.69454370638034,91.8801433564701,False,True
124,2025-08-31,12,Weekend,54,98.66666666666667,6.808046774353384,98.66666666666667,52.73735672051003,91.85861989231329,False,True
124,2025-07-27,13,Weekend,58,99.33333333333333,7.476263856439827,99.33333333333333,53.40479859488658,91.8570694768935,False,True
138,2024-11-30,16,Weekend,30,95.67307692307693,3.8225460352312988,95.67307692307693,49.747811479154116,91.85053088784564,False,True
71,2026-07-16,14,Weekday,47,97.30250481695568,5.459621651697003,97.30250481695568,51.38106323432634,91.84288316525867,False,True
71,2025-12-15,14,Weekday,47,97.30250481695568,5.459621651697003,97.30250481695568,51.38106323432634,91.84288316525867,False,True
71,2026-04-24,14,Weekday,47,97.30250481695568,5.459621651697003,97.30250481695568,51.38106323432634,91.84288316525867,False,True
4,2025-01-04,13,Weekend,2532,2.4271844660194173,94.256101804444,94.256101804444,48.341643135231706,91.82891733842459,True,False
138,2025-06-07,12,Weekend,28,95.67307692307693,3.845010405311664,95.67307692307693,49.7590436641943,91.82806651776527,False,True
71,2024-10-27,16,Weekend,36,96.15384615384616,4.326563201756574,96.15384615384616,50.240204677801366,91.82728295208959,False,True
124,2025-01-25,14,Weekend,39,96.75324675324676,4.927152978744636,96.75324675324676,50.84019986599569,91.82609377450213,False,True
124,2026-03-08,13,Weekend,43,97.33333333333334,5.510264950042252,97.33333333333334,51.4217991416878,91.82306838329109,False,True
71,2026-06-25,15,Weekday,44,96.91714836223507,5.103338632750398,96.91714836223507,51.01024349749273,91.81380972948467,False,True
4,2026-08-04,11,Weekday,1638,4.431599229287091,96.24158415841583,96.24158415841583,50.33659169385146,91.80998492912875,True,False
118,2025-09-09,7,Weekday,29,99.61538461538461,7.806108264823861,99.61538461538461,53.71074644010424,91.80927635056075,False,True
71,2026-02-19,16,Weekday,79,98.94026974951831,7.13888171102586,98.94026974951831,53.039575730272084,91.80138803849245,False,True
71,2026-06-25,16,Weekday,79,98.94026974951831,7.13888171102586,98.94026974951831,53.039575730272084,91.80138803849245,False,True
4,2024-11-05,12,Weekday,2147,2.312138728323699,94.1122346003918,94.1122346003918,48.21218666435775,91.8000958720681,True,False
118,2025-06-09,13,Weekday,74,98.84615384615385,7.046368372056174,98.84615384615385,52.946261109105016,91.79978547409767,False,True
4,2025-05-17,13,Weekend,2827,4.368932038834951,96.15499328925785,96.15499328925785,50.2619626640464,91.78606125042289,True,False
124,2025-05-18,11,Weekend,28,95.94594594594594,4.167286061146623,95.94594594594594,50.05661600354628,91.77865988479931,False,True
133,2025-06-22,6,Weekend,138,2.403846153846154,94.17932031814895,94.17932031814895,48.29158323599756,91.77547416430279,True,False
133,2025-06-29,6,Weekend,138,2.403846153846154,94.17932031814895,94.17932031814895,48.29158323599756,91.77547416430279,True,False
133,2025-02-16,6,Weekend,138,2.403846153846154,94.17932031814895,94.17932031814895,48.29158323599756,91.77547416430279,True,False
35,2025-02-16,8,Weekend,588,5.288461538461538,97.06261784261189,97.06261784261189,51.17553969053671,91.77415630415035,True,False
118,2025-01-07,12,Weekday,66,97.3076923076923,5.539505708688684,97.3076923076923,51.42359900819049,91.76818659900363,False,True
118,2026-01-26,12,Weekday,66,97.3076923076923,5.539505708688684,97.3076923076923,51.42359900819049,91.76818659900363,False,True
118,2024-12-13,12,Weekday,66,97.3076923076923,5.539505708688684,97.3076923076923,51.42359900819049,91.76818659900363,False,True
124,2025-04-24,10,Weekday,22,94.44444444444444,2.6767846882368094,94.44444444444444,48.560614566340625,91.76765975620764,False,True
118,2025-01-10,15,Weekday,71,99.23076923076923,7.466216216216217,99.23076923076923,53.34849272349272,91.76455301455302,False,True
4,2025-02-04,14,Weekday,1988,2.119460500963391,93.87767268102695,93.87767268102695,47.99856659099517,91.75821218006357,True,False
4,2024-08-26,13,Weekday,2565,4.913294797687861,96.66547824192367,96.66547824192367,50.78938651980576,91.75218344423581,True,False
4,2024-08-28,13,Weekday,2565,4.913294797687861,96.66547824192367,96.66547824192367,50.78938651980576,91.75218344423581,True,False
138,2025-04-24,9,Weekday,17,93.9306358381503,2.179647369151742,93.9306358381503,48.055141603651016,91.75098846899856,False,True
138,2026-04-16,9,Weekday,17,93.9306358381503,2.179647369151742,93.9306358381503,48.055141603651016,91.75098846899856,False,True
138,2026-03-10,9,Weekday,17,93.9306358381503,2.179647369151742,93.9306358381503,48.055141603651016,91.75098846899856,False,True
138,2026-03-13,9,Weekday,17,93.9306358381503,2.179647369151742,93.9306358381503,48.055141603651016,91.75098846899856,False,True
138,2026-03-25,9,Weekday,17,93.9306358381503,2.179647369151742,93.9306358381503,48.055141603651016,91.75098846899856,False,True
138,2025-01-31,9,Weekday,17,93.9306358381503,2.179647369151742,93.9306358381503,48.055141603651016,91.75098846899856,False,True
124,2025-08-23,15,Weekend,49,97.46835443037975,5.7240484860577645,97.46835443037975,51.59620145821876,91.74430594432198,False,True
4,2024-10-18,14,Weekday,1944,1.7341040462427744,93.47726730784517,93.47726730784517,47.60568567704397,91.74316326160239,True,False
4,2024-08-25,11,Weekend,1849,3.3980582524271843,95.13899212130221,95.13899212130221,49.2685251868647,91.74093386887502,True,False
124,2025-04-27,13,Weekend,49,98.0,6.273301188049908,98.0,52.13665059402496,91.72669881195009,False,True
4,2026-01-09,12,Weekday,2043,1.4450867052023122,93.17035043631398,93.17035043631398,47.30771857075815,91.72526373111167,True,False
4,2025-07-02,12,Weekday,2043,1.4450867052023122,93.17035043631398,93.17035043631398,47.30771857075815,91.72526373111167,True,False
124,2025-07-14,8,Weekday,11,93.36283185840708,1.640775350673571,93.36283185840708,47.50180360454032,91.72205650773351,False,True
124,2025-03-11,8,Weekday,11,93.36283185840708,1.640775350673571,93.36283185840708,47.50180360454032,91.72205650773351,False,True
4,2026-02-08,12,Weekend,2476,4.368932038834951,96.09057576057873,96.09057576057873,50.22975389970684,91.72164372174377,True,False
4,2024-09-04,14,Weekday,2120,3.275529865125241,94.99542961608776,94.99542961608776,49.1354797406065,91.71989975096253,True,False
118,2024-11-12,7,Weekday,28,99.13461538461539,7.415902140672783,99.13461538461539,53.275258762644086,91.7187132439426,False,True
118,2026-01-21,7,Weekday,28,99.13461538461539,7.415902140672783,99.13461538461539,53.275258762644086,91.7187132439426,False,True
118,2025-05-13,7,Weekday,28,99.13461538461539,7.415902140672783,99.13461538461539,53.275258762644086,91.7187132439426,False,True
118,2026-04-07,7,Weekday,28,99.13461538461539,7.415902140672783,99.13461538461539,53.275258762644086,91.7187132439426,False,True
138,2026-01-10,17,Weekend,23,95.16908212560386,3.457659277012183,95.16908212560386,49.313370701308024,91.71142284859168,False,True
138,2025-10-11,17,Weekend,23,95.16908212560386,3.457659277012183,95.16908212560386,49.313370701308024,91.71142284859168,False,True
138,2025-03-01,17,Weekend,23,95.16908212560386,3.457659277012183,95.16908212560386,49.313370701308024,91.71142284859168,False,True
4,2024-10-07,12,Weekday,2420,4.431599229287091,96.14144092447118,96.14144092447118,50.286520076879135,91.7098416951841,True,False
138,2026-01-05,10,Weekday,24,94.60500963391137,2.8986942996968557,94.60500963391137,48.75185196680411,91.70631533421451,False,True
138,2025-11-17,10,Weekday,24,94.60500963391137,2.8986942996968557,94.60500963391137,48.75185196680411,91.70631533421451,False,True
138,2025-12-10,10,Weekday,24,94.60500963391137,2.8986942996968557,94.60500963391137,48.75185196680411,91.70631533421451,False,True
138,2025-04-23,10,Weekday,24,94.60500963391137,2.8986942996968557,94.60500963391137,48.75185196680411,91.70631533421451,False,True
138,2026-07-27,10,Weekday,24,94.60500963391137,2.8986942996968557,94.60500963391137,48.75185196680411,91.70631533421451,False,True
138,2024-10-26,18,Weekend,26,97.2972972972973,5.597071446604393,97.2972972972973,51.44718437195085,91.70022585069292,False,True
124,2025-01-15,6,Weekday,8,98.91304347826086,7.218769610720866,98.91304347826086,53.065906544490865,91.69427386753999,False,True
4,2025-12-25,12,Weekday,1989,0.9633911368015413,92.65587589291015,92.65587589291015,46.80963351485585,91.6924847561086,True,False
71,2025-08-16,15,Weekend,67,100.0,8.310470394572754,100.0,54.15523519728637,91.68952960542725,False,True
4,2025-07-01,14,Weekday,2142,3.4682080924855487,95.15141880613623,95.15141880613623,49.309813449310894,91.68321071365068,True,False
124,2026-01-04,17,Weekend,41,97.2027972027972,5.524765328540044,97.2027972027972,51.36378126566862,91.67803187425716,False,True
138,2025-10-10,11,Weekday,36,95.55984555984556,3.887128712871287,95.55984555984556,49.72348713635842,91.67271684697427,False,True
138,2025-10-07,11,Weekday,36,95.55984555984556,3.887128712871287,95.55984555984556,49.72348713635842,91.67271684697427,False,True
138,2025-12-23,11,Weekday,36,95.55984555984556,3.887128712871287,95.55984555984556,49.72348713635842,91.67271684697427,False,True
4,2025-05-28,14,Weekday,1996,2.312138728323699,93.97007392099196,93.97007392099196,48.141106324657834,91.65793519266826,True,False
124,2025-03-21,18,Weekday,47,98.64253393665159,6.986166405276069,98.64253393665159,52.81435017096383,91.65636753137552,False,True
138,2026-01-02,19,Weekday,28,99.03536977491962,7.381861769127626,99.03536977491962,53.20861577202362,91.65350800579199,False,True
124,2025-12-05,7,Weekday,10,93.93442622950819,2.284641963541046,93.93442622950819,48.10953409652462,91.64978426596714,False,True
124,2025-08-22,7,Weekday,10,93.93442622950819,2.284641963541046,93.93442622950819,48.10953409652462,91.64978426596714,False,True
124,2025-02-10,7,Weekday,10,93.93442622950819,2.284641963541046,93.93442622950819,48.10953409652462,91.64978426596714,False,True
124,2024-12-26,7,Weekday,10,93.93442622950819,2.284641963541046,93.93442622950819,48.10953409652462,91.64978426596714,False,True
138,2026-02-17,23,Weekday,4,98.96907216494846,7.324311241134006,98.96907216494846,53.146691703041235,91.64476092381445,False,True
124,2024-12-30,9,Weekday,14,93.62606232294618,1.9852839094821602,93.62606232294618,47.80567311621417,91.64077841346402,False,True
124,2025-04-25,9,Weekday,14,93.62606232294618,1.9852839094821602,93.62606232294618,47.80567311621417,91.64077841346402,False,True
124,2025-05-18,13,Weekend,55,98.66666666666667,7.033851965998907,98.66666666666667,52.85025931633279,91.63281470066777,False,True
138,2026-04-11,11,Weekend,27,95.67307692307693,4.040929587235518,95.67307692307693,49.85700325515623,91.63214733584141,False,True
4,2025-02-03,15,Weekday,2027,2.312138728323699,93.94077901430843,93.94077901430843,48.12645887131607,91.62864028598473,True,False
124,2026-03-08,15,Weekend,44,96.83544303797468,5.207761759864319,96.83544303797468,51.0216023989195,91.62768127811037,False,True
4,2024-10-08,11,Weekday,1639,4.624277456647398,96.25049504950495,96.25049504950495,50.43738625307617,91.62621759285756,True,False
71,2025-12-20,10,Weekend,31,96.63461538461539,5.008425852498018,96.63461538461539,50.821520618556704,91.62618953211737,False,True
118,2025-03-06,7,Weekday,30,99.8076923076923,8.187378370864609,99.8076923076923,53.99753533927846,91.6203139368277,False,True
118,2025-07-17,13,Weekday,73,98.5576923076923,6.937429437280884,98.5576923076923,52.747560872486595,91.62026287041142,False,True
118,2024-09-27,13,Weekday,73,98.5576923076923,6.937429437280884,98.5576923076923,52.747560872486595,91.62026287041142,False,True
4,2026-02-24,14,Weekday,1950,1.9267822736030826,93.54582306652888,93.54582306652888,47.73630267006598,91.6190407929258,True,False
124,2026-01-25,10,Weekend,16,94.52054794520548,2.9044409199048373,94.52054794520548,48.71249443255516,91.61610702530064,False,True
124,2026-01-20,16,Weekday,17,93.4840425531915,1.869446818660677,93.4840425531915,47.67674468592609,91.61459573453082,False,True
124,2025-01-15,16,Weekday,17,93.4840425531915,1.869446818660677,93.4840425531915,47.67674468592609,91.61459573453082,False,True
4,2024-09-04,12,Weekday,2434,4.624277456647398,96.23839958842036,96.23839958842036,50.43133852253388,91.61412213177297,True,False
124,2025-08-16,15,Weekend,64,99.36708860759494,7.756771586771088,99.36708860759494,53.561930097183016,91.61031702082384,False,True
71,2026-06-16,16,Weekday,78,98.65125240847784,7.041483631159434,98.65125240847784,52.84636801981864,91.60976877731841,False,True
124,2025-03-05,18,Weekday,44,98.19004524886877,6.596091205211726,98.19004524886877,52.393068227040246,91.59395404365705,False,True
118,2024-12-26,15,Weekday,70,98.9423076923077,7.353934817170112,98.9423076923077,53.1481212547389,91.58837287513758,False,True
118,2026-01-21,15,Weekday,70,98.9423076923077,7.353934817170112,98.9423076923077,53.1481212547389,91.58837287513758,False,True
124,2025-01-14,10,Weekday,21,94.16666666666667,2.5816805690396465,94.16666666666667,48.37417361785316,91.58498609762702,False,True
71,2025-01-18,17,Weekend,31,95.91346153846155,4.33143598961454,95.91346153846155,50.12244876403804,91.58202554884701,False,True
71,2025-08-17,17,Weekend,31,95.91346153846155,4.33143598961454,95.91346153846155,50.12244876403804,91.58202554884701,False,True
124,2025-10-25,8,Weekend,9,94.921875,3.3442492805398434,94.921875,49.13306214026992,91.57762571946016,False,True
124,2025-09-27,8,Weekend,9,94.921875,3.3442492805398434,94.921875,49.13306214026992,91.57762571946016,False,True
4,2025-06-25,14,Weekday,2028,2.697495183044316,94.26516175184803,94.26516175184803,48.48132846744617,91.56766656880372,True,False
138,2026-04-04,14,Weekend,36,96.15384615384616,4.5878654824867775,96.15384615384616,50.37085581816647,91.56598067135938,False,True
118,2025-04-21,13,Weekday,78,99.03846153846155,7.477172341394815,99.03846153846155,53.25781693992818,91.56128919706673,False,True
133,2025-06-22,7,Weekend,243,1.4423076923076923,93.00069818471974,93.00069818471974,47.221502938513716,91.55839049241204,True,False
124,2025-08-02,16,Weekend,23,94.5945945945946,3.036578671590399,94.5945945945946,48.8155866330925,91.55801592300419,False,True
138,2024-12-14,22,Weekend,9,100.0,8.442098694815662,100.0,54.22104934740783,91.55790130518434,False,True
118,2025-06-10,7,Weekday,27,98.5576923076923,7.008816871202192,98.5576923076923,52.783254589447246,91.54887543649012,False,True
118,2026-02-19,7,Weekday,27,98.5576923076923,7.008816871202192,98.5576923076923,52.783254589447246,91.54887543649012,False,True
4,2025-01-27,14,Weekday,2003,2.5048169556840074,94.05253954375645,94.05253954375645,48.27867824972023,91.54772258807245,True,False
188,2025-12-14,0,Weekend,4,98.07692307692307,6.531220082969896,98.07692307692307,52.30407157994648,91.54570299395317,False,True
188,2025-12-28,0,Weekend,4,98.07692307692307,6.531220082969896,98.07692307692307,52.30407157994648,91.54570299395317,False,True
118,2026-07-06,13,Weekday,71,98.26923076923076,6.72450333749282,98.26923076923076,52.49686705336179,91.54472743173794,False,True
71,2024-09-07,11,Weekend,32,96.15384615384616,4.620682820474704,96.15384615384616,50.38726448716043,91.53316333337146,False,True
71,2026-03-03,15,Weekday,43,96.53179190751445,5.016891891891892,96.53179190751445,50.77434189970317,91.51490001562256,False,True
71,2026-05-20,15,Weekday,43,96.53179190751445,5.016891891891892,96.53179190751445,50.77434189970317,91.51490001562256,False,True
71,2025-07-31,15,Weekday,43,96.53179190751445,5.016891891891892,96.53179190751445,50.77434189970317,91.51490001562256,False,True
71,2025-03-24,16,Weekday,77,98.45857418111753,6.94507940925083,98.45857418111753,52.701826795184175,91.5134947718667,False,True
4,2026-01-07,12,Weekday,2050,1.7341040462427744,93.2455428695807,93.2455428695807,47.48982345791174,91.51143882333793,True,False
4,2024-09-09,14,Weekday,2145,3.6608863198458574,95.17029647881726,95.17029647881726,49.41559139933156,91.5094101589714,True,False
4,2025-01-27,12,Weekday,1946,0.7707129094412332,92.27595623008884,92.27595623008884,46.523334569765034,91.50524332064761,True,False
138,2026-03-12,11,Weekday,33,95.07722007722008,3.572277227722772,95.07722007722008,49.32474865247143,91.5049428494973,False,True
138,2025-08-21,11,Weekday,33,95.07722007722008,3.572277227722772,95.07722007722008,49.32474865247143,91.5049428494973,False,True
124,2025-03-22,11,Weekend,25,95.27027027027027,3.765918438134879,95.27027027027027,49.518094354202574,91.5043518321354,False,True
71,2024-10-04,16,Weekday,75,98.26589595375722,6.768172692758751,98.26589595375722,52.51703432325799,91.49772326099847,False,True
118,2024-11-19,15,Weekday,75,99.42307692307692,7.9292527821939585,99.42307692307692,53.67616485263544,91.49382414088296,False,True
124,2025-10-03,17,Weekday,22,93.52112676056338,2.0383597620421403,93.52112676056338,47.779743261302755,91.48276699852124,False,True
124,2025-04-03,17,Weekday,22,93.52112676056338,2.0383597620421403,93.52112676056338,47.779743261302755,91.48276699852124,False,True
124,2025-03-04,17,Weekday,22,93.52112676056338,2.0383597620421403,93.52112676056338,47.779743261302755,91.48276699852124,False,True
4,2025-05-26,12,Weekday,2443,4.8169556840077075,96.29776203573618,96.29776203573618,50.55735885987195,91.48080635172848,True,False
4,2025-02-04,15,Weekday,2032,2.5048169556840074,93.98350556438791,93.98350556438791,48.24416126003596,91.4786886087039,True,False
71,2025-02-13,14,Weekday,69,99.42196531791907,7.955448692472776,99.42196531791907,53.68870700519592,91.4665166254463,False,True
118,2025-01-24,13,Weekday,70,98.07692307692307,6.622496880385049,98.07692307692307,52.349709978654055,91.45442619653802,False,True
4,2024-08-22,11,Weekday,1642,4.8169556840077075,96.26237623762376,96.26237623762376,50.53966596081573,91.44542055361605,True,False
138,2025-01-26,21,Weekend,7,96.61016949152543,5.167568692756037,96.61016949152543,50.88886909214073,91.44260079876939,False,True
71,2025-06-15,16,Weekend,35,95.67307692307693,4.2317480912221175,95.67307692307693,49.952412507149525,91.44132883185482,False,True
118,2025-10-09,7,Weekday,31,100.0,8.559712458795028,100.0,54.27985622939752,91.44028754120497,False,True
71,2025-08-02,14,Weekend,29,95.4326923076923,3.9941123640355256,95.4326923076923,49.71340233586392,91.43857994365678,False,True
71,2026-03-22,14,Weekend,29,95.4326923076923,3.9941123640355256,95.4326923076923,49.71340233586392,91.43857994365678,False,True
124,2026-03-08,17,Weekend,38,96.5034965034965,5.065408428200519,96.5034965034965,50.78445246584851,91.438088075296,False,True
138,2025-12-28,13,Weekend,33,95.89371980676329,4.456429885171746,95.89371980676329,50.175074845967515,91.43728992159154,False,True
138,2025-06-21,13,Weekend,33,95.89371980676329,4.456429885171746,95.89371980676329,50.175074845967515,91.43728992159154,False,True
118,2026-03-24,13,Weekday,68,97.88461538461539,6.4491849386970905,97.88461538461539,52.16690016165624,91.4354304459183,False,True
138,2025-08-22,15,Weekday,25,94.6257197696737,3.208465818759936,94.6257197696737,48.91709279421681,91.41725395091376,False,True
138,2024-10-04,15,Weekday,25,94.6257197696737,3.208465818759936,94.6257197696737,48.91709279421681,91.41725395091376,False,True
138,2025-12-04,15,Weekday,25,94.6257197696737,3.208465818759936,94.6257197696737,48.91709279421681,91.41725395091376,False,True
138,2024-11-05,15,Weekday,25,94.6257197696737,3.208465818759936,94.6257197696737,48.91709279421681,91.41725395091376,False,True
138,2025-07-11,15,Weekday,25,94.6257197696737,3.208465818759936,94.6257197696737,48.91709279421681,91.41725395091376,False,True
138,2025-07-09,15,Weekday,25,94.6257197696737,3.208465818759936,94.6257197696737,48.91709279421681,91.41725395091376,False,True
138,2026-05-06,15,Weekday,25,94.6257197696737,3.208465818759936,94.6257197696737,48.91709279421681,91.41725395091376,False,True
118,2026-01-23,15,Weekday,77,99.61538461538461,8.20945945945946,99.61538461538461,53.91242203742203,91.40592515592516,False,True
4,2024-08-20,14,Weekday,2032,2.8901734104046244,94.29496860344965,94.29496860344965,48.59257100692714,91.40479519304502,True,False
4,2025-11-03,13,Weekday,2573,5.298651252408478,96.70311169211875,96.70311169211875,51.000881472263615,91.40446043971028,True,False
4,2024-09-12,13,Weekday,2573,5.298651252408478,96.70311169211875,96.70311169211875,51.000881472263615,91.40446043971028,True,False
124,2025-01-08,10,Weekday,20,93.88888888888889,2.48558578193418,93.88888888888889,48.18723733541153,91.40330310695471,False,True
138,2025-04-16,11,Weekday,31,94.78764478764478,3.3861386138613865,94.78764478764478,49.086891700753085,91.40150617378339,False,True
138,2024-12-30,22,Weekday,6,97.2972972972973,5.909742864863741,97.2972972972973,51.603520081080525,91.38755443243356,False,True
138,2025-05-11,14,Weekend,60,99.03846153846155,7.653926753816985,99.03846153846155,53.34619414613927,91.38453478464456,False,True
71,2026-05-23,10,Weekend,29,96.15384615384616,4.7804321966693095,96.15384615384616,50.467139175257735,91.37341395717685,False,True
4,2024-09-02,12,Weekday,2077,2.119460500963391,93.49189702594138,93.49189702594138,47.805678763452384,91.372436524978,True,False
124,2025-09-23,11,Weekday,17,93.37837837837839,2.008910891089109,93.37837837837839,47.69364463473375,91.36946748728927,False,True
124,2026-01-05,11,Weekday,17,93.37837837837839,2.008910891089109,93.37837837837839,47.69364463473375,91.36946748728927,False,True
124,2025-03-05,11,Weekday,17,93.37837837837839,2.008910891089109,93.37837837837839,47.69364463473375,91.36946748728927,False,True
124,2025-07-07,11,Weekday,17,93.37837837837839,2.008910891089109,93.37837837837839,47.69364463473375,91.36946748728927,False,True
124,2024-12-26,11,Weekday,17,93.37837837837839,2.008910891089109,93.37837837837839,47.69364463473375,91.36946748728927,False,True
124,2025-01-08,11,Weekday,17,93.37837837837839,2.008910891089109,93.37837837837839,47.69364463473375,91.36946748728927,False,True
138,2026-03-06,18,Weekday,25,95.51451187335093,4.151083765633168,95.51451187335093,49.83279781949205,91.36342810771775,False,True
138,2026-01-23,18,Weekday,25,95.51451187335093,4.151083765633168,95.51451187335093,49.83279781949205,91.36342810771775,False,True
138,2025-10-06,18,Weekday,25,95.51451187335093,4.151083765633168,95.51451187335093,49.83279781949205,91.36342810771775,False,True
138,2025-03-11,18,Weekday,25,95.51451187335093,4.151083765633168,95.51451187335093,49.83279781949205,91.36342810771775,False,True
138,2025-03-28,18,Weekday,25,95.51451187335093,4.151083765633168,95.51451187335093,49.83279781949205,91.36342810771775,False,True
138,2024-11-12,12,Weekday,41,94.8076923076923,3.4459900666838155,94.8076923076923,49.12684118718806,91.36170224100849,False,True
138,2024-11-07,12,Weekday,41,94.8076923076923,3.4459900666838155,94.8076923076923,49.12684118718806,91.36170224100849,False,True
138,2025-11-18,12,Weekday,41,94.8076923076923,3.4459900666838155,94.8076923076923,49.12684118718806,91.36170224100849,False,True
138,2026-01-22,12,Weekday,41,94.8076923076923,3.4459900666838155,94.8076923076923,49.12684118718806,91.36170224100849,False,True
138,2025-03-20,12,Weekday,41,94.8076923076923,3.4459900666838155,94.8076923076923,49.12684118718806,91.36170224100849,False,True
138,2025-03-07,19,Weekday,27,98.55305466237942,7.191906058266628,98.55305466237942,52.872480360323024,91.3611486041128,False,True
138,2026-02-26,19,Weekday,27,98.55305466237942,7.191906058266628,98.55305466237942,52.872480360323024,91.3611486041128,False,True
124,2025-06-21,13,Weekend,41,96.66666666666667,5.30645722523239,96.66666666666667,50.98656194594953,91.36020944143428,False,True
124,2025-08-09,12,Weekend,44,97.0,5.643642850064414,97.0,51.321821425032205,91.35635714993559,False,True
124,2025-05-18,12,Weekend,44,97.0,5.643642850064414,97.0,51.321821425032205,91.35635714993559,False,True
138,2026-04-30,13,Weekday,46,95.96928982725528,4.625943312139759,95.96928982725528,50.29761656969752,91.34334651511553,False,True
138,2026-01-20,13,Weekday,46,95.96928982725528,4.625943312139759,95.96928982725528,50.29761656969752,91.34334651511553,False,True
138,2026-02-03,13,Weekday,46,95.96928982725528,4.625943312139759,95.96928982725528,50.29761656969752,91.34334651511553,False,True
138,2025-10-14,13,Weekday,46,95.96928982725528,4.625943312139759,95.96928982725528,50.29761656969752,91.34334651511553,False,True
138,2026-05-19,13,Weekday,46,95.96928982725528,4.625943312139759,95.96928982725528,50.29761656969752,91.34334651511553,False,True
124,2025-07-31,13,Weekday,27,93.85749385749385,2.5214411630716818,93.85749385749385,48.18946751028277,91.33605269442216,False,True
124,2025-02-07,13,Weekday,27,93.85749385749385,2.5214411630716818,93.85749385749385,48.18946751028277,91.33605269442216,False,True
124,2025-04-21,13,Weekday,27,93.85749385749385,2.5214411630716818,93.85749385749385,48.18946751028277,91.33605269442216,False,True
124,2025-10-16,13,Weekday,27,93.85749385749385,2.5214411630716818,93.85749385749385,48.18946751028277,91.33605269442216,False,True
124,2025-02-25,13,Weekday,27,93.85749385749385,2.5214411630716818,93.85749385749385,48.18946751028277,91.33605269442216,False,True
138,2026-07-09,14,Weekday,30,95.18304431599229,3.847070980049281,95.18304431599229,49.515057648020786,91.33597333594301,False,True
138,2024-10-04,14,Weekday,30,95.18304431599229,3.847070980049281,95.18304431599229,49.515057648020786,91.33597333594301,False,True
138,2026-01-22,14,Weekday,30,95.18304431599229,3.847070980049281,95.18304431599229,49.515057648020786,91.33597333594301,False,True
4,2025-05-05,14,Weekday,2148,3.8535645472061653,95.18917415149829,95.18917415149829,49.52136934935223,91.33560960429213,True,False
71,2025-07-05,12,Weekend,36,96.15384615384616,4.8211277375879495,96.15384615384616,50.48748694571705,91.33271841625822,False,True
4,2026-01-27,12,Weekday,2052,1.9267822736030826,93.25939410728773,93.25939410728773,47.59308819044541,91.33261183368465,True,False
4,2026-03-26,15,Weekday,2036,2.697495183044316,94.02821939586646,94.02821939586646,48.362857289455384,91.33072421282215,True,False
4,2024-09-14,13,Weekend,2832,4.854368932038835,96.18481880996173,96.18481880996173,50.51959387100028,91.33044987792289,True,False
118,2026-03-09,13,Weekday,82,99.23076923076923,7.903024540970943,99.23076923076923,53.56689688587009,91.32774468979828,False,True
124,2025-03-22,12,Weekend,53,98.0,6.676741650976117,98.0,52.338370825488056,91.32325834902389,False,True
35,2026-03-28,8,Weekend,591,5.769230769230769,97.09238860772055,97.09238860772055,51.43080968847566,91.32315783848978,True,False
188,2025-11-14,21,Weekday,9,97.86096256684492,6.545088850643831,97.86096256684492,52.20302570874438,91.31587371620108,False,True
71,2026-04-17,16,Weekday,74,97.97687861271676,6.661829891271939,97.97687861271676,52.31935425199435,91.31504872144482,False,True
71,2025-03-18,16,Weekday,74,97.97687861271676,6.661829891271939,97.97687861271676,52.31935425199435,91.31504872144482,False,True
124,2025-02-26,12,Weekday,27,93.51145038167938,2.1964105506856364,93.51145038167938,47.85393046618251,91.31503983099374,False,True
124,2025-06-19,12,Weekday,27,93.51145038167938,2.1964105506856364,93.51145038167938,47.85393046618251,91.31503983099374,False,True
124,2025-10-14,12,Weekday,27,93.51145038167938,2.1964105506856364,93.51145038167938,47.85393046618251,91.31503983099374,False,True
124,2025-03-18,12,Weekday,27,93.51145038167938,2.1964105506856364,93.51145038167938,47.85393046618251,91.31503983099374,False,True
124,2025-01-23,12,Weekday,27,93.51145038167938,2.1964105506856364,93.51145038167938,47.85393046618251,91.31503983099374,False,True
124,2025-09-09,12,Weekday,27,93.51145038167938,2.1964105506856364,93.51145038167938,47.85393046618251,91.31503983099374,False,True
4,2024-09-05,12,Weekday,2446,5.009633911368015,96.3175495181748,96.3175495181748,50.66359171477141,91.30791560680679,True,False
118,2024-12-11,12,Weekday,65,96.73076923076923,5.42572768466668,96.73076923076923,51.078248457717955,91.30504154610254,False,True
118,2025-01-24,12,Weekday,65,96.73076923076923,5.42572768466668,96.73076923076923,51.078248457717955,91.30504154610254,False,True
118,2025-12-05,12,Weekday,65,96.73076923076923,5.42572768466668,96.73076923076923,51.078248457717955,91.30504154610254,False,True
71,2025-04-10,16,Weekday,86,99.22928709055877,7.925023355662009,99.22928709055877,53.57715522311039,91.30426373489676,False,True
4,2026-05-27,10,Weekday,1050,1.348747591522158,92.64726278456936,92.64726278456936,46.99800518804576,91.29851519304721,True,False
4,2024-09-28,12,Weekend,2487,4.854368932038835,96.15003468437222,96.15003468437222,50.50220180820553,91.29566575233338,True,False
71,2025-12-13,15,Weekend,32,95.41062801932367,4.115328976904275,95.41062801932367,49.762978498113974,91.29529904241939,False,True
71,2026-06-20,15,Weekend,32,95.41062801932367,4.115328976904275,95.41062801932367,49.762978498113974,91.29529904241939,False,True
4,2025-12-25,10,Weekday,1059,1.5414258188824663,92.82855501178895,92.82855501178895,47.18499041533571,91.28712919290648,True,False
188,2026-02-27,21,Weekday,10,98.3957219251337,7.112198560972069,98.3957219251337,52.75396024305289,91.28352336416162,False,True
118,2025-07-18,13,Weekday,84,99.42307692307692,8.141699843524075,99.42307692307692,53.7823883833005,91.28137707955284,False,True
124,2025-01-16,18,Weekday,43,97.73755656108597,6.462379860859774,97.73755656108597,52.09996821097287,91.2751767002262,False,True
140,2026-01-06,21,Weekday,10,98.38709677419355,7.112198560972069,98.38709677419355,52.74964766758281,91.27489821322148,False,True
4,2025-01-27,15,Weekday,1965,2.119460500963391,93.39030206677266,93.39030206677266,47.75488128386802,91.27084156580928,True,False
4,2024-11-24,11,Weekend,1850,3.8834951456310676,95.14394727714188,95.14394727714188,49.513721211386475,91.2604521315108,True,False
71,2024-10-31,14,Weekday,46,96.6281310211946,5.376162467212463,96.6281310211946,51.002146744203536,91.25196855398214,False,True
71,2026-05-08,14,Weekday,46,96.6281310211946,5.376162467212463,96.6281310211946,51.002146744203536,91.25196855398214,False,True
71,2025-09-19,14,Weekday,46,96.6281310211946,5.376162467212463,96.6281310211946,51.002146744203536,91.25196855398214,False,True
71,2026-03-17,14,Weekday,46,96.6281310211946,5.376162467212463,96.6281310211946,51.002146744203536,91.25196855398214,False,True
124,2025-11-16,17,Weekend,62,100.0,8.752746155382464,100.0,54.376373077691234,91.24725384461753,False,True
138,2025-12-27,14,Weekend,34,95.67307692307693,4.428200778365433,95.67307692307693,50.050638850721185,91.2448761447115,False,True
133,2024-09-01,6,Weekend,147,3.6057692307692304,94.84815618221259,94.84815618221259,49.22696270649091,91.24238695144336,True,False
133,2024-08-11,6,Weekend,147,3.6057692307692304,94.84815618221259,94.84815618221259,49.22696270649091,91.24238695144336,True,False
4,2025-05-27,14,Weekday,2037,3.0828516377649327,94.32378189333122,94.32378189333122,48.703316765548074,91.24093025556628,True,False
118,2025-01-20,15,Weekday,69,98.46153846153847,7.227742448330683,98.46153846153847,52.84464045493458,91.23379601320778,False,True
118,2026-01-22,15,Weekday,69,98.46153846153847,7.227742448330683,98.46153846153847,52.84464045493458,91.23379601320778,False,True
118,2025-03-10,15,Weekday,69,98.46153846153847,7.227742448330683,98.46153846153847,52.84464045493458,91.23379601320778,False,True
4,2025-07-02,15,Weekday,1944,1.9267822736030826,93.15679650238474,93.15679650238474,47.54178938799391,91.23001422878166,True,False
138,2025-04-15,11,Weekday,30,94.4980694980695,3.2851485148514854,94.4980694980695,48.89160900646049,91.21292098321801,False,True
138,2025-07-23,11,Weekday,30,94.4980694980695,3.2851485148514854,94.4980694980695,48.89160900646049,91.21292098321801,False,True
4,2024-09-02,13,Weekday,2038,1.348747591522158,92.56145146275279,92.56145146275279,46.95509952713747,91.21270387123063,True,False
188,2026-01-23,21,Weekday,11,98.93048128342245,7.721815580483961,98.93048128342245,53.32614843195321,91.20866570293849,False,True
140,2025-01-07,21,Weekday,4,94.35483870967742,3.150724697783399,94.35483870967742,48.75278170373041,91.20411401189402,False,True
140,2026-01-01,21,Weekday,4,94.35483870967742,3.150724697783399,94.35483870967742,48.75278170373041,91.20411401189402,False,True
118,2025-06-24,13,Weekday,65,97.40384615384615,6.2025868045239365,97.40384615384615,51.80321647918504,91.20125934932221,False,True
118,2025-01-16,13,Weekday,65,97.40384615384615,6.2025868045239365,97.40384615384615,51.80321647918504,91.20125934932221,False,True
118,2024-12-18,13,Weekday,65,97.40384615384615,6.2025868045239365,97.40384615384615,51.80321647918504,91.20125934932221,False,True
118,2025-01-14,13,Weekday,65,97.40384615384615,6.2025868045239365,97.40384615384615,51.80321647918504,91.20125934932221,False,True
71,2025-11-22,13,Weekend,33,95.65217391304348,4.456429885171746,95.65217391304348,50.054301899107614,91.19574402787174,False,True
71,2026-07-04,13,Weekend,33,95.65217391304348,4.456429885171746,95.65217391304348,50.054301899107614,91.19574402787174,False,True
71,2024-11-16,13,Weekend,33,95.65217391304348,4.456429885171746,95.65217391304348,50.054301899107614,91.19574402787174,False,True
4,2026-01-27,13,Weekday,2018,1.1560693641618496,92.35149642482223,92.35149642482223,46.75378289449204,91.19542706066038,True,False
124,2025-01-21,16,Weekday,16,92.95212765957447,1.7571408694269417,92.95212765957447,47.35463426450071,91.19498679014752,False,True
124,2025-01-20,16,Weekday,16,92.95212765957447,1.7571408694269417,92.95212765957447,47.35463426450071,91.19498679014752,False,True
4,2025-05-27,11,Weekday,1648,5.105973025048169,96.2990099009901,96.2990099009901,50.702491463019136,91.19303687594193,True,False
4,2024-08-19,11,Weekday,1648,5.105973025048169,96.2990099009901,96.2990099009901,50.702491463019136,91.19303687594193,True,False
124,2025-06-23,14,Weekday,16,93.34203655352479,2.1490740004769098,93.34203655352479,47.745555277000854,91.19296255304788,False,True
124,2025-09-19,14,Weekday,16,93.34203655352479,2.1490740004769098,93.34203655352479,47.745555277000854,91.19296255304788,False,True
124,2025-07-10,14,Weekday,16,93.34203655352479,2.1490740004769098,93.34203655352479,47.745555277000854,91.19296255304788,False,True
124,2025-10-16,14,Weekday,16,93.34203655352479,2.1490740004769098,93.34203655352479,47.745555277000854,91.19296255304788,False,True
124,2025-07-24,14,Weekday,16,93.34203655352479,2.1490740004769098,93.34203655352479,47.745555277000854,91.19296255304788,False,True
124,2025-01-10,14,Weekday,16,93.34203655352479,2.1490740004769098,93.34203655352479,47.745555277000854,91.19296255304788,False,True
124,2025-01-08,14,Weekday,16,93.34203655352479,2.1490740004769098,93.34203655352479,47.745555277000854,91.19296255304788,False,True
124,2025-10-30,14,Weekday,16,93.34203655352479,2.1490740004769098,93.34203655352479,47.745555277000854,91.19296255304788,False,True
124,2025-01-01,14,Weekday,16,93.34203655352479,2.1490740004769098,93.34203655352479,47.745555277000854,91.19296255304788,False,True
124,2025-04-24,14,Weekday,16,93.34203655352479,2.1490740004769098,93.34203655352479,47.745555277000854,91.19296255304788,False,True
138,2024-11-09,18,Weekend,25,96.62162162162163,5.440545316839182,96.62162162162163,51.0310834692304,91.18107630478245,False,True
4,2025-12-25,13,Weekday,2075,1.7341040462427744,92.91401746984373,92.91401746984373,47.32406075804325,91.17991342360095,True,False
4,2024-09-05,15,Weekday,2039,2.8901734104046244,94.06697138314786,94.06697138314786,48.478572396776244,91.17679797274323,True,False
4,2025-06-03,14,Weekday,2153,4.046242774566474,95.22196168826007,95.22196168826007,49.63410223141327,91.17571891369359,True,False
4,2024-10-06,11,Weekend,1909,4.368932038834951,95.5428373222338,95.5428373222338,49.955884680534375,91.17390528339884,True,False
124,2025-07-27,11,Weekend,22,94.5945945945946,3.421535107279124,94.5945945945946,49.00806485093686,91.17305948731547,False,True
4,2025-10-27,13,Weekday,2581,5.5876685934489405,96.75956186741142,96.75956186741142,51.17361523043018,91.17189327396248,True,False
4,2025-01-01,12,Weekday,2451,5.202312138728324,96.36108197953975,96.36108197953975,50.78169705913403,91.15876984081143,True,False
71,2025-08-17,10,Weekend,27,95.67307692307693,4.515265662172879,95.67307692307693,50.09417129262491,91.15781126090405,False,True
4,2025-07-22,13,Weekday,2052,1.5414258188824663,92.69613960029315,92.69613960029315,47.11878270958781,91.15471378141068,True,False
71,2025-08-03,11,Weekend,31,95.67307692307693,4.521579703681681,95.67307692307693,50.09732831337931,91.15149721939525,False,True
4,2024-09-11,14,Weekday,1852,1.5414258188824663,92.6744694380415,92.6744694380415,47.107947628461986,91.13304361915903,True,False
4,2024-09-25,10,Weekday,1060,1.7341040462427744,92.85728438112976,92.85728438112976,47.29569421368627,91.12318033488698,True,False
4,2025-10-22,10,Weekday,1036,1.1560693641618496,92.27873432268035,92.27873432268035,46.7174018434211,91.1226649585185,True,False
4,2024-09-02,10,Weekday,1069,1.9267822736030826,93.04154861207427,93.04154861207427,47.48416544283867,91.11476633847118,True,False
124,2025-09-29,15,Weekday,16,93.23607427055704,2.123410174880763,93.23607427055704,47.6797422227189,91.11266409567628,False,True
124,2025-11-07,15,Weekday,16,93.23607427055704,2.123410174880763,93.23607427055704,47.6797422227189,91.11266409567628,False,True
124,2025-08-11,15,Weekday,16,93.23607427055704,2.123410174880763,93.23607427055704,47.6797422227189,91.11266409567628,False,True
124,2025-10-07,15,Weekday,16,93.23607427055704,2.123410174880763,93.23607427055704,47.6797422227189,91.11266409567628,False,True
124,2025-06-25,15,Weekday,16,93.23607427055704,2.123410174880763,93.23607427055704,47.6797422227189,91.11266409567628,False,True
124,2025-02-10,15,Weekday,16,93.23607427055704,2.123410174880763,93.23607427055704,47.6797422227189,91.11266409567628,False,True
124,2025-08-22,15,Weekday,16,93.23607427055704,2.123410174880763,93.23607427055704,47.6797422227189,91.11266409567628,False,True
124,2025-01-03,15,Weekday,16,93.23607427055704,2.123410174880763,93.23607427055704,47.6797422227189,91.11266409567628,False,True
124,2025-05-31,15,Weekend,43,96.20253164556962,5.093031376265776,96.20253164556962,50.647781510917696,91.10950026930385,False,True
4,2024-09-01,11,Weekend,1565,0.9708737864077669,92.0667955007185,92.0667955007185,46.51883464356313,91.09592171431073,True,False
124,2025-01-18,10,Weekend,15,93.83561643835617,2.7483148295003965,93.83561643835617,48.291965633928285,91.08730160885577,False,True
71,2024-09-01,12,Weekend,69,100.0,8.9188385690219,100.0,54.45941928451095,91.0811614309781,False,True
124,2026-05-21,10,Weekday,19,93.47222222222223,2.391472330645321,93.47222222222223,47.93184727643377,91.08074989157691,False,True
124,2025-01-20,10,Weekday,19,93.47222222222223,2.391472330645321,93.47222222222223,47.93184727643377,91.08074989157691,False,True
4,2025-11-08,13,Weekend,2316,1.4563106796116505,92.53616344385345,92.53616344385345,46.99623706173255,91.0798527642418,True,False
4,2024-09-03,10,Weekday,1025,0.9633911368015413,92.04097402468744,92.04097402468744,46.502182580744496,91.0775828878859,True,False
4,2025-01-27,13,Weekday,1976,0.8670520231213872,91.93059599500862,91.93059599500862,46.398824009065,91.06354397188723,True,False
4,2026-01-07,13,Weekday,1976,0.8670520231213872,91.93059599500862,91.93059599500862,46.398824009065,91.06354397188723,True,False
4,2026-01-09,13,Weekday,1949,0.5780346820809248,91.64141264087785,91.64141264087785,46.109723661479386,91.06337795879692,True,False
138,2025-01-18,14,Weekend,31,95.1923076923077,4.131324219139806,95.1923076923077,49.66181595572375,91.06098347316788,False,True
138,2025-02-07,19,Weekday,26,98.07073954983923,7.017187436512129,98.07073954983923,52.54396349317568,91.0535521133271,False,True
118,2025-11-25,7,Weekday,26,97.6923076923077,6.641447237777514,97.6923076923077,52.1668774650426,91.05086045453018,False,True
118,2025-10-29,7,Weekday,26,97.6923076923077,6.641447237777514,97.6923076923077,52.1668774650426,91.05086045453018,False,True
118,2024-09-05,7,Weekday,26,97.6923076923077,6.641447237777514,97.6923076923077,52.1668774650426,91.05086045453018,False,True
118,2026-05-20,7,Weekday,26,97.6923076923077,6.641447237777514,97.6923076923077,52.1668774650426,91.05086045453018,False,True
118,2026-03-12,7,Weekday,26,97.6923076923077,6.641447237777514,97.6923076923077,52.1668774650426,91.05086045453018,False,True
118,2024-08-21,7,Weekday,26,97.6923076923077,6.641447237777514,97.6923076923077,52.1668774650426,91.05086045453018,False,True
118,2025-02-26,7,Weekday,26,97.6923076923077,6.641447237777514,97.6923076923077,52.1668774650426,91.05086045453018,False,True
124,2025-06-07,13,Weekend,38,96.0,4.963463737137745,96.0,50.48173186856887,91.03653626286226,False,True
4,2024-08-20,10,Weekday,1116,2.8901734104046244,93.92621505418953,93.92621505418953,48.40819423229708,91.0360416437849,True,False
4,2024-10-08,15,Weekday,2045,3.0828516377649327,94.11864069952304,94.11864069952304,48.60074616864399,91.03578906175811,True,False
4,2024-08-08,13,Weekday,2590,5.780346820809249,96.81304098084655,96.81304098084655,51.2966939008279,91.03269416003731,True,False
71,2026-05-15,16,Weekday,73,97.59152215799615,6.564431811405513,97.59152215799615,52.07797698470083,91.02709034659064,False,True
71,2024-09-12,16,Weekday,73,97.59152215799615,6.564431811405513,97.59152215799615,52.07797698470083,91.02709034659064,False,True
71,2024-12-13,15,Weekday,42,95.95375722543352,4.92845786963434,95.95375722543352,50.44110754753393,91.02529935579918,False,True
71,2026-03-24,15,Weekday,42,95.95375722543352,4.92845786963434,95.95375722543352,50.44110754753393,91.02529935579918,False,True
71,2026-02-02,15,Weekday,42,95.95375722543352,4.92845786963434,95.95375722543352,50.44110754753393,91.02529935579918,False,True
4,2026-08-04,12,Weekday,2458,5.394990366088632,96.41945505273364,96.41945505273364,50.90722270941114,91.024464686645,True,False
188,2025-12-31,23,Weekday,5,100.0,8.977542988234799,100.0,54.4887714941174,91.0224570117652,False,True
4,2024-09-04,10,Weekday,1073,2.119460500963391,93.12278338055518,93.12278338055518,47.62112194075928,91.00332287959179,True,False
138,2024-12-16,9,Weekday,66,100.0,8.998234862458103,100.0,54.49911743122905,91.0017651375419,False,True
118,2025-01-16,15,Weekday,81,99.8076923076923,8.810612082670906,99.8076923076923,54.3091521951816,90.9970802250214,False,True
4,2024-08-21,14,Weekday,2155,4.238921001926782,95.23587155234084,95.23587155234084,49.73739627713381,90.99695055041406,True,False
118,2024-12-20,11,Weekday,61,98.46153846153847,7.474257425742574,98.46153846153847,52.96789794364052,90.98728103579589,False,True
124,2026-03-08,14,Weekend,38,95.77922077922078,4.792435884642251,95.77922077922078,50.28582833193151,90.98678489457853,False,True
124,2025-08-16,14,Weekend,38,95.77922077922078,4.792435884642251,95.77922077922078,50.28582833193151,90.98678489457853,False,True
138,2024-11-18,6,Weekday,7,97.19298245614036,6.212676369967003,97.19298245614036,51.70282941305368,90.98030608617336,False,True
138,2024-09-13,6,Weekday,7,97.19298245614036,6.212676369967003,97.19298245614036,51.70282941305368,90.98030608617336,False,True
138,2025-10-29,6,Weekday,7,97.19298245614036,6.212676369967003,97.19298245614036,51.70282941305368,90.98030608617336,False,True
138,2025-12-12,6,Weekday,7,97.19298245614036,6.212676369967003,97.19298245614036,51.70282941305368,90.98030608617336,False,True
138,2025-01-01,6,Weekday,7,97.19298245614036,6.212676369967003,97.19298245614036,51.70282941305368,90.98030608617336,False,True
138,2025-12-05,6,Weekday,7,97.19298245614036,6.212676369967003,97.19298245614036,51.70282941305368,90.98030608617336,False,True
138,2024-09-24,6,Weekday,7,97.19298245614036,6.212676369967003,97.19298245614036,51.70282941305368,90.98030608617336,False,True
138,2025-11-18,6,Weekday,7,97.19298245614036,6.212676369967003,97.19298245614036,51.70282941305368,90.98030608617336,False,True
138,2024-10-22,6,Weekday,7,97.19298245614036,6.212676369967003,97.19298245614036,51.70282941305368,90.98030608617336,False,True
124,2025-03-13,18,Weekday,56,99.09502262443439,8.118188764225682,99.09502262443439,53.606605694330035,90.97683386020871,False,True
35,2025-11-09,8,Weekend,599,6.25,97.22635705070954,97.22635705070954,51.73817852535477,90.97635705070954,True,False
118,2025-01-16,11,Weekday,60,98.26923076923076,7.293069306930692,98.26923076923076,52.781150038080725,90.97616146230007,False,True
138,2025-01-24,19,Weekday,35,99.67845659163987,8.702409491690707,99.67845659163987,54.19043304166529,90.97604709994917,False,True
4,2024-09-19,15,Weekday,2061,3.275529865125241,94.24980127186011,94.24980127186011,48.76266556849267,90.97427140673487,True,False
138,2025-04-19,10,Weekend,21,94.6341463414634,3.6602894528152263,94.6341463414634,49.14721789713931,90.97385688864819,False,True
138,2025-04-21,14,Weekday,29,94.70134874759152,3.7367856291232813,94.70134874759152,49.2190671883574,90.96456311846825,False,True
138,2026-04-17,14,Weekday,29,94.70134874759152,3.7367856291232813,94.70134874759152,49.2190671883574,90.96456311846825,False,True
140,2024-08-31,23,Weekend,6,100.0,9.035543655168793,100.0,54.5177718275844,90.9644563448312,False,True
4,2025-01-01,10,Weekday,1134,3.275529865125241,94.23827544530522,94.23827544530522,48.75690265521523,90.96274558017998,True,False
124,2025-01-20,18,Weekday,42,97.28506787330316,6.329673864961596,97.28506787330316,51.80737086913238,90.95539400834157,False,True
138,2025-01-17,21,Weekday,5,94.8051948051948,3.8505401538557242,94.8051948051948,49.32786747952526,90.95465465133908,False,True
138,2025-07-30,21,Weekday,5,94.8051948051948,3.8505401538557242,94.8051948051948,49.32786747952526,90.95465465133908,False,True
138,2024-12-13,21,Weekday,5,94.8051948051948,3.8505401538557242,94.8051948051948,49.32786747952526,90.95465465133908,False,True
138,2025-05-29,21,Weekday,5,94.8051948051948,3.8505401538557242,94.8051948051948,49.32786747952526,90.95465465133908,False,True
138,2025-03-07,21,Weekday,5,94.8051948051948,3.8505401538557242,94.8051948051948,49.32786747952526,90.95465465133908,False,True
138,2024-12-24,21,Weekday,5,94.8051948051948,3.8505401538557242,94.8051948051948,49.32786747952526,90.95465465133908,False,True
138,2024-12-27,21,Weekday,5,94.8051948051948,3.8505401538557242,94.8051948051948,49.32786747952526,90.95465465133908,False,True
133,2025-02-16,7,Weekend,245,2.1634615384615383,93.1178934769599,93.1178934769599,47.64067750771072,90.95443193849837,True,False
133,2025-06-15,7,Weekend,245,2.1634615384615383,93.1178934769599,93.1178934769599,47.64067750771072,90.95443193849837,True,False
71,2025-10-19,12,Weekend,35,95.67307692307693,4.722029531265484,95.67307692307693,50.19755322717121,90.95104739181144,False,True
4,2024-08-13,11,Weekday,1654,5.394990366088632,96.34257425742574,96.34257425742574,50.86878231175719,90.9475838913371,True,False
4,2025-11-03,10,Weekday,1079,2.312138728323699,93.25355154445127,93.25355154445127,47.782845136387486,90.94141281612757,True,False
4,2024-09-02,14,Weekday,1772,0.9633911368015413,91.9004848581194,91.9004848581194,46.43193799746047,90.93709372131785,True,False
4,2025-01-27,10,Weekday,1145,3.4682080924855487,94.40272631808365,94.40272631808365,48.9354672052846,90.9345182255981,True,False
118,2026-01-19,12,Weekday,63,96.15384615384616,5.2229059896709344,96.15384615384616,50.68837607175855,90.93094016417523,False,True
118,2025-01-17,12,Weekday,63,96.15384615384616,5.2229059896709344,96.15384615384616,50.68837607175855,90.93094016417523,False,True
118,2025-09-09,12,Weekday,63,96.15384615384616,5.2229059896709344,96.15384615384616,50.68837607175855,90.93094016417523,False,True
181,2026-07-14,0,Weekday,163,2.106741573033708,93.0353407464494,93.0353407464494,47.571041159741554,90.9285991734157,True,False
181,2025-07-22,0,Weekday,163,2.106741573033708,93.0353407464494,93.0353407464494,47.571041159741554,90.9285991734157,True,False
138,2024-12-05,19,Weekday,25,97.7491961414791,6.8241843078298325,97.7491961414791,52.28669022465447,90.92501183364926,False,True
4,2026-01-09,14,Weekday,1813,1.348747591522158,92.27307050313965,92.27307050313965,46.8109090473309,90.9243229116175,True,False
138,2025-06-10,11,Weekday,29,94.1119691119691,3.1881188118811883,94.1119691119691,48.65004396192514,90.92385030008792,False,True
138,2025-07-24,11,Weekday,29,94.1119691119691,3.1881188118811883,94.1119691119691,48.65004396192514,90.92385030008792,False,True
4,2026-01-24,13,Weekend,2848,5.339805825242718,96.26186807178009,96.26186807178009,50.8008369485114,90.92206224653737,True,False
138,2024-12-18,22,Weekday,5,95.94594594594594,5.0273348992870055,95.94594594594594,50.486640422616475,90.91861104665892,False,True
138,2024-12-20,22,Weekday,5,95.94594594594594,5.0273348992870055,95.94594594594594,50.486640422616475,90.91861104665892,False,True
133,2024-11-27,5,Weekday,103,3.474903474903475,94.39280553818283,94.39280553818283,48.93385450654315,90.91790206327936,True,False
4,2024-08-29,10,Weekday,1087,2.5048169556840074,93.42196508886292,93.42196508886292,47.96339102227346,90.91714813317891,True,False
124,2026-03-09,19,Weekday,34,99.42857142857143,8.526675063995775,99.42857142857143,53.9776232462836,90.90189636457566,False,True
4,2025-02-03,12,Weekday,2466,5.5876685934489405,96.48574311890297,96.48574311890297,51.036705856175956,90.89807452545404,True,False
71,2025-07-06,11,Weekend,65,100.0,9.102621277439175,100.0,54.551310638719585,90.89737872256083,False,True
181,2026-07-08,0,Weekday,156,1.4044943820224718,92.29439612462843,92.29439612462843,46.849445253325456,90.88990174260596,True,False
4,2026-06-01,14,Weekday,1788,1.1560693641618496,92.03560925204674,92.03560925204674,46.595839308104296,90.87953988788489,True,False
4,2025-07-22,10,Weekday,1118,3.0828516377649327,93.96187909888847,93.96187909888847,48.5223653683267,90.87902746112354,True,False
124,2025-02-20,18,Weekday,39,96.83257918552036,5.957694937065186,96.83257918552036,51.39513706129277,90.87488424845517,False,True
138,2025-04-15,13,Weekday,45,95.39347408829175,4.5199754392219775,95.39347408829175,49.95672476375687,90.87349864906977,False,True
124,2025-02-07,9,Weekday,13,92.77620396600567,1.9029769342139187,92.77620396600567,47.339590450109796,90.87322703179174,False,True
124,2025-06-05,9,Weekday,13,92.77620396600567,1.9029769342139187,92.77620396600567,47.339590450109796,90.87322703179174,False,True
124,2025-04-11,9,Weekday,13,92.77620396600567,1.9029769342139187,92.77620396600567,47.339590450109796,90.87322703179174,False,True
124,2025-03-31,9,Weekday,13,92.77620396600567,1.9029769342139187,92.77620396600567,47.339590450109796,90.87322703179174,False,True
181,2025-07-15,0,Weekday,153,1.1235955056179776,91.99493559396676,91.99493559396676,46.55926554979237,90.87134008834877,True,False
124,2026-01-18,17,Weekend,37,95.8041958041958,4.933093668863591,95.8041958041958,50.368644736529696,90.87110213533221,False,True
133,2025-07-10,5,Weekday,107,3.9575289575289574,94.82412818909185,94.82412818909185,49.3908285733104,90.8665992315629,True,False
133,2024-12-27,5,Weekday,107,3.9575289575289574,94.82412818909185,94.82412818909185,49.3908285733104,90.8665992315629,True,False
133,2025-04-25,5,Weekday,101,3.2818532818532815,94.14802993379197,94.14802993379197,48.71494160782263,90.86617665193869,True,False
71,2024-11-16,14,Weekend,27,94.71153846153845,3.8469214649236605,94.71153846153845,49.27922996323106,90.86461699661479,False,True
4,2024-09-03,14,Weekday,2161,4.431599229287091,95.28256895318337,95.28256895318337,49.85708409123523,90.85096972389628,True,False
4,2026-08-04,13,Weekday,2591,5.973025048169557,96.82294452037158,96.82294452037158,51.39798478427057,90.84991947220202,True,False
4,2024-12-25,13,Weekday,1912,0.3853564547206166,91.23437716639927,91.23437716639927,45.809866810559946,90.84902071167865,True,False
133,2025-04-21,5,Weekday,104,3.667953667953668,94.51357588043736,94.51357588043736,49.09076477419551,90.84562221248369,True,False
4,2024-09-29,12,Weekend,2494,5.339805825242718,96.18471905658508,96.18471905658508,50.7622624409139,90.84491323134236,True,False
181,2025-07-23,0,Weekday,158,1.6853932584269662,92.52890014312452,92.52890014312452,47.10714670077574,90.84350688469755,True,False
124,2025-10-15,17,Weekday,21,92.8169014084507,1.9756869143073157,92.8169014084507,47.39629416137901,90.84121449414339,False,True
124,2025-03-21,17,Weekday,21,92.8169014084507,1.9756869143073157,92.8169014084507,47.39629416137901,90.84121449414339,False,True
124,2026-01-22,7,Weekday,9,92.95081967213115,2.1098931649390367,92.95081967213115,47.53035641853509,90.84092650719211,False,True
124,2025-04-21,7,Weekday,9,92.95081967213115,2.1098931649390367,92.95081967213115,47.53035641853509,90.84092650719211,False,True
138,2024-11-26,19,Weekday,34,99.35691318327974,8.526675063995775,99.35691318327974,53.94179412363776,90.83023811928396,False,True
138,2025-02-01,15,Weekend,30,94.71153846153845,3.8858682097071884,94.71153846153845,49.29870333562282,90.82567025183127,False,True
138,2024-10-12,15,Weekend,30,94.71153846153845,3.8858682097071884,94.71153846153845,49.29870333562282,90.82567025183127,False,True
138,2025-03-08,15,Weekend,30,94.71153846153845,3.8858682097071884,94.71153846153845,49.29870333562282,90.82567025183127,False,True
4,2024-08-27,15,Weekday,2066,3.4682080924855487,94.29252782193959,94.29252782193959,48.88036795721257,90.82431972945403,True,False
71,2025-08-14,16,Weekday,72,97.30250481695568,6.478960027032936,97.30250481695568,51.89073242199431,90.82354478992274,False,True
4,2024-10-08,10,Weekday,1007,0.7707129094412332,91.58922945850092,91.58922945850092,46.17997118397108,90.8185165490597,True,False
133,2026-07-12,7,Weekend,263,3.125,93.93576700578495,93.93576700578495,48.53038350289248,90.81076700578495,True,False
133,2025-06-08,7,Weekend,263,3.125,93.93576700578495,93.93576700578495,48.53038350289248,90.81076700578495,True,False
71,2024-08-17,16,Weekend,34,94.95192307692307,4.146913518638655,94.95192307692307,49.54941829778086,90.80500955828441,False,True
71,2024-09-29,16,Weekend,34,94.95192307692307,4.146913518638655,94.95192307692307,49.54941829778086,90.80500955828441,False,True
188,2026-03-13,21,Weekday,13,99.73262032085562,8.936902564953241,99.73262032085562,54.33476144290443,90.79571775590237,False,True
188,2025-12-17,21,Weekday,13,99.73262032085562,8.936902564953241,99.73262032085562,54.33476144290443,90.79571775590237,False,True
4,2025-05-29,10,Weekday,1148,3.6608863198458574,94.45622238513207,94.45622238513207,49.05855435248896,90.79533606528621,True,False
118,2026-01-30,13,Weekday,64,96.92307692307692,6.132271673896251,96.92307692307692,51.52767429848659,90.79080524918066,False,True
138,2025-07-13,7,Weekend,10,97.81420765027322,7.024236983842011,97.81420765027322,52.41922231705762,90.7899706664312,False,True
138,2024-12-07,22,Weekend,6,96.61016949152543,5.826530081639021,96.61016949152543,51.21834978658222,90.7836394098864,False,True
118,2025-01-13,11,Weekday,65,99.03846153846155,8.258415841584158,99.03846153846155,53.64843869002285,90.7800456968774,False,True
118,2025-03-04,15,Weekday,68,97.88461538461539,7.105524642289349,97.88461538461539,52.49507001345237,90.77909074232603,False,True
118,2026-01-15,15,Weekday,68,97.88461538461539,7.105524642289349,97.88461538461539,52.49507001345237,90.77909074232603,False,True
118,2025-01-09,15,Weekday,68,97.88461538461539,7.105524642289349,97.88461538461539,52.49507001345237,90.77909074232603,False,True
71,2026-08-06,16,Weekday,70,97.10982658959537,6.33485062314894,97.10982658959537,51.722338606372155,90.77497596644643,False,True
4,2024-09-05,10,Weekday,1089,2.697495183044316,93.46456380891998,93.46456380891998,48.08102949598214,90.76706862587567,True,False
124,2025-04-26,15,Weekend,40,95.56962025316456,4.803711278495536,95.56962025316456,50.18666576583005,90.76590897466902,False,True
71,2025-05-20,16,Weekday,94,99.8073217726397,9.04211970025244,99.8073217726397,54.42472073644607,90.76520207238725,False,True
138,2025-09-29,12,Weekday,40,94.13461538461539,3.373765755782892,94.13461538461539,48.75419057019914,90.76084962883249,False,True
138,2026-05-05,12,Weekday,40,94.13461538461539,3.373765755782892,94.13461538461539,48.75419057019914,90.76084962883249,False,True
4,2024-09-13,12,Weekday,2476,5.780346820809249,96.5411480697311,96.5411480697311,51.16074744527017,90.76080124892185,True,False
71,2024-10-12,11,Weekend,30,95.1923076923077,4.432386898567961,95.1923076923077,49.812347295437824,90.75992079373974,False,True
4,2024-10-09,11,Weekday,1655,5.5876685934489405,96.34653465346534,96.34653465346534,50.96710162345714,90.7588660600164,True,False
4,2024-08-19,13,Weekday,2611,6.165703275529865,96.92098956166933,96.92098956166933,51.5433464185996,90.75528628613947,True,False
71,2024-12-12,14,Weekday,45,96.05009633911368,5.2966775296081385,96.05009633911368,50.673386934360906,90.75341880950555,False,True
71,2024-11-22,14,Weekday,45,96.05009633911368,5.2966775296081385,96.05009633911368,50.673386934360906,90.75341880950555,False,True
138,2025-03-08,16,Weekend,29,94.47115384615384,3.7177503867458452,94.47115384615384,49.094452116449844,90.75340345940799,False,True
138,2024-10-13,16,Weekend,29,94.47115384615384,3.7177503867458452,94.47115384615384,49.094452116449844,90.75340345940799,False,True
138,2024-09-22,16,Weekend,29,94.47115384615384,3.7177503867458452,94.47115384615384,49.094452116449844,90.75340345940799,False,True
138,2026-05-02,16,Weekend,29,94.47115384615384,3.7177503867458452,94.47115384615384,49.094452116449844,90.75340345940799,False,True
124,2025-04-21,10,Weekday,18,93.05555555555556,2.302312218897981,93.05555555555556,47.67893388722677,90.75324333665758,False,True
118,2025-01-22,11,Weekday,59,97.88461538461539,7.137623762376237,97.88461538461539,52.51111957349581,90.74699162223915,False,True
118,2024-12-06,11,Weekday,59,97.88461538461539,7.137623762376237,97.88461538461539,52.51111957349581,90.74699162223915,False,True
118,2025-01-14,11,Weekday,59,97.88461538461539,7.137623762376237,97.88461538461539,52.51111957349581,90.74699162223915,False,True
138,2025-05-10,12,Weekend,27,94.47115384615384,3.726092557724705,94.47115384615384,49.098623201939276,90.74506128842913,False,True
138,2026-05-16,12,Weekend,27,94.47115384615384,3.726092557724705,94.47115384615384,49.098623201939276,90.74506128842913,False,True
138,2026-08-01,12,Weekend,27,94.47115384615384,3.726092557724705,94.47115384615384,49.098623201939276,90.74506128842913,False,True
138,2026-05-31,12,Weekend,27,94.47115384615384,3.726092557724705,94.47115384615384,49.098623201939276,90.74506128842913,False,True
4,2024-09-11,15,Weekday,1857,1.5414258188824663,92.28338632750398,92.28338632750398,46.912406073193225,90.7419605086215,True,False
138,2025-11-12,16,Weekday,26,93.36538461538461,2.6257727245622053,93.36538461538461,47.99557866997341,90.7396118908224,False,True
138,2024-10-29,16,Weekday,26,93.36538461538461,2.6257727245622053,93.36538461538461,47.99557866997341,90.7396118908224,False,True
138,2025-06-20,16,Weekday,26,93.36538461538461,2.6257727245622053,93.36538461538461,47.99557866997341,90.7396118908224,False,True
138,2025-12-25,16,Weekday,26,93.36538461538461,2.6257727245622053,93.36538461538461,47.99557866997341,90.7396118908224,False,True
138,2025-01-20,16,Weekday,26,93.36538461538461,2.6257727245622053,93.36538461538461,47.99557866997341,90.7396118908224,False,True
138,2025-04-02,16,Weekday,26,93.36538461538461,2.6257727245622053,93.36538461538461,47.99557866997341,90.7396118908224,False,True
138,2025-12-16,16,Weekday,26,93.36538461538461,2.6257727245622053,93.36538461538461,47.99557866997341,90.7396118908224,False,True
138,2026-02-25,16,Weekday,26,93.36538461538461,2.6257727245622053,93.36538461538461,47.99557866997341,90.7396118908224,False,True
71,2025-11-28,16,Weekday,93,99.61464354527938,8.880120853127671,99.61464354527938,54.24738219920353,90.7345226921517,False,True
181,2026-07-21,1,Weekday,91,1.6853932584269662,92.41750005855212,92.41750005855212,47.051446658489546,90.73210680012515,True,False
4,2024-09-22,11,Weekend,1913,4.854368932038835,95.58495614687081,95.58495614687081,50.21966253945482,90.73058721483197,True,False
4,2025-05-19,14,Weekday,2171,4.624277456647398,95.35311183530722,95.35311183530722,49.988694645977304,90.72883437865983,True,False
118,2026-07-03,13,Weekday,91,99.61538461538461,8.89040743161606,99.61538461538461,54.252896023500334,90.72497718376856,False,True
138,2025-09-07,7,Weekend,11,98.63387978142076,7.909435467783762,98.63387978142076,53.27165762460226,90.724444313637,False,True
138,2026-01-11,7,Weekend,11,98.63387978142076,7.909435467783762,98.63387978142076,53.27165762460226,90.724444313637,False,True
71,2025-11-02,14,Weekend,70,100.0,9.28051092705319,100.0,54.64025546352659,90.71948907294681,False,True
4,2024-09-28,14,Weekend,2603,3.3980582524271843,94.1123640355254,94.1123640355254,48.7552111439763,90.71430578309821,True,False
71,2025-06-06,16,Weekday,92,99.42196531791907,8.710171142340336,99.42196531791907,54.0660682301297,90.71179417557875,False,True
138,2026-06-07,9,Weekend,16,94.1747572815534,3.467261904761905,94.1747572815534,48.821009593157655,90.70749537679148,False,True
138,2024-11-17,9,Weekend,16,94.1747572815534,3.467261904761905,94.1747572815534,48.821009593157655,90.70749537679148,False,True
138,2025-08-16,9,Weekend,16,94.1747572815534,3.467261904761905,94.1747572815534,48.821009593157655,90.70749537679148,False,True
138,2025-08-09,9,Weekend,16,94.1747572815534,3.467261904761905,94.1747572815534,48.821009593157655,90.70749537679148,False,True
138,2024-12-28,9,Weekend,16,94.1747572815534,3.467261904761905,94.1747572815534,48.821009593157655,90.70749537679148,False,True
118,2025-01-21,11,Weekday,64,98.75,8.04950495049505,98.75,53.399752475247524,90.70049504950495,False,True
118,2024-12-30,11,Weekday,64,98.75,8.04950495049505,98.75,53.399752475247524,90.70049504950495,False,True
4,2024-10-17,10,Weekday,1168,4.046242774566474,94.73955340690694,94.73955340690694,49.39289809073671,90.69331063234046,True,False
124,2025-05-04,12,Weekend,38,95.66666666666667,4.984639778020018,95.66666666666667,50.32565322234335,90.68202688864665,False,True
124,2025-04-19,12,Weekend,38,95.66666666666667,4.984639778020018,95.66666666666667,50.32565322234335,90.68202688864665,False,True
138,2024-12-21,22,Weekend,8,98.30508474576271,7.623108522697727,98.30508474576271,52.964096634230216,90.68197622306499,False,True
118,2024-12-27,13,Weekday,63,96.73076923076923,6.052053003743538,96.73076923076923,51.39141111725638,90.67871622702569,False,True
133,2026-05-07,5,Weekday,108,4.247104247104247,94.9244107054282,94.9244107054282,49.585757476266224,90.67730645832395,True,False
124,2025-10-05,16,Weekend,22,93.58108108108108,2.9043365437397073,93.58108108108108,48.24270881241039,90.67674453734138,False,True
124,2025-07-06,16,Weekend,22,93.58108108108108,2.9043365437397073,93.58108108108108,48.24270881241039,90.67674453734138,False,True
4,2026-01-09,15,Weekday,1867,1.7341040462427744,92.40361685214626,92.40361685214626,47.06886044919452,90.66951280590348,True,False
4,2026-01-01,10,Weekday,1151,3.8535645472061653,94.51467179172198,94.51467179172198,49.18411816946407,90.66110724451582,True,False
4,2024-08-15,11,Weekday,1668,5.780346820809249,96.43960396039604,96.43960396039604,51.10997539060264,90.6592571395868,True,False
138,2025-01-23,19,Weekday,24,97.26688102893891,6.614928284100606,97.26688102893891,51.940904656519756,90.65195274483831,False,True
138,2025-02-12,19,Weekday,24,97.26688102893891,6.614928284100606,97.26688102893891,51.940904656519756,90.65195274483831,False,True
71,2025-07-16,16,Weekday,69,96.91714836223507,6.267268282017134,96.91714836223507,51.5922083221261,90.64988008021794,False,True
133,2025-07-20,7,Weekend,210,0.4807692307692308,91.12806702573309,91.12806702573309,45.80441812825116,90.64729779496386,True,False
4,2024-12-16,15,Weekday,2068,3.6608863198458574,94.30743243243244,94.30743243243244,48.98415937613915,90.64654611258658,True,False
4,2024-09-01,10,Weekend,1059,0.48543689320388345,91.11072561459159,91.11072561459159,45.798081253897735,90.6252887213877,True,False
4,2024-09-09,12,Weekday,2485,5.973025048169557,96.59556364643727,96.59556364643727,51.284294347303415,90.62253859826771,True,False
71,2025-09-23,16,Weekday,67,96.72447013487476,6.111232582639289,96.72447013487476,51.41785135875703,90.61323755223547,False,True
133,2024-08-12,5,Weekday,113,4.826254826254826,95.43013651361902,95.43013651361902,50.12819566993692,90.6038816873642,True,False
138,2025-02-25,13,Weekday,44,95.00959692898272,4.409055796541684,95.00959692898272,49.7093263627622,90.60054113244104,False,True
138,2025-04-09,13,Weekday,44,95.00959692898272,4.409055796541684,95.00959692898272,49.7093263627622,90.60054113244104,False,True
138,2024-12-13,13,Weekday,44,95.00959692898272,4.409055796541684,95.00959692898272,49.7093263627622,90.60054113244104,False,True
138,2024-11-21,13,Weekday,95,100.0,9.400439717154912,100.0,54.700219858577455,90.59956028284509,False,True
133,2024-11-24,7,Weekend,216,0.9615384615384616,91.55196489128267,91.55196489128267,46.256751676410566,90.5904264297442,True,False
138,2024-12-24,22,Weekday,9,99.09909909909909,8.509156671586256,99.09909909909909,53.80412788534267,90.58994242751284,False,True
4,2024-10-08,14,Weekday,2180,4.8169556840077075,95.40676416819012,95.40676416819012,50.111859926098916,90.58980848418241,True,False
133,2025-08-03,6,Weekend,148,4.326923076923077,94.91271562855077,94.91271562855077,49.619819352736926,90.58579255162769,True,False
71,2026-06-27,12,Weekend,34,95.1923076923077,4.608066593994649,95.1923076923077,49.90018714315117,90.58424109831304,False,True
138,2026-08-02,9,Weekend,45,100.0,9.417162698412698,100.0,54.70858134920635,90.5828373015873,False,True
118,2025-01-15,11,Weekday,67,99.23076923076923,8.648514851485148,99.23076923076923,53.939642041127186,90.58225437928408,False,True
4,2024-08-16,13,Weekday,2613,6.358381502890173,96.93188345514687,96.93188345514687,51.64513247901852,90.5735019522567,True,False
138,2025-04-18,10,Weekday,23,93.35260115606935,2.779814150700402,93.35260115606935,48.06620765338488,90.57278700536895,False,True
138,2024-11-15,10,Weekday,23,93.35260115606935,2.779814150700402,93.35260115606935,48.06620765338488,90.57278700536895,False,True
138,2025-01-02,10,Weekday,23,93.35260115606935,2.779814150700402,93.35260115606935,48.06620765338488,90.57278700536895,False,True
138,2026-02-09,10,Weekday,23,93.35260115606935,2.779814150700402,93.35260115606935,48.06620765338488,90.57278700536895,False,True
138,2025-07-25,10,Weekday,23,93.35260115606935,2.779814150700402,93.35260115606935,48.06620765338488,90.57278700536895,False,True
138,2025-11-12,10,Weekday,23,93.35260115606935,2.779814150700402,93.35260115606935,48.06620765338488,90.57278700536895,False,True
138,2025-02-13,10,Weekday,23,93.35260115606935,2.779814150700402,93.35260115606935,48.06620765338488,90.57278700536895,False,True
138,2025-10-15,10,Weekday,23,93.35260115606935,2.779814150700402,93.35260115606935,48.06620765338488,90.57278700536895,False,True
4,2024-09-29,13,Weekend,2876,5.825242718446602,96.3935974548889,96.3935974548889,51.109420086667754,90.5683547364423,True,False
118,2025-03-24,13,Weekday,62,96.53846153846153,5.975795749400835,96.53846153846153,51.25712864393118,90.5626657890607,False,True
4,2025-05-20,10,Weekday,1171,4.238921001926782,94.79800281349686,94.79800281349686,49.518461907711824,90.55908181157008,True,False
124,2025-07-12,13,Weekend,36,95.33333333333334,4.782025152855794,95.33333333333334,50.05767924309457,90.55130818047755,False,True
118,2025-08-01,12,Weekday,62,95.67307692307693,5.1219898292340265,95.67307692307693,50.39753337615548,90.55108709384291,False,True
118,2025-06-09,12,Weekday,62,95.67307692307693,5.1219898292340265,95.67307692307693,50.39753337615548,90.55108709384291,False,True
124,2025-04-21,14,Weekday,79,100.0,9.451752642874176,100.0,54.725876321437084,90.54824735712583,False,True
138,2025-12-27,19,Weekend,34,100.0,9.452305812888119,100.0,54.72615290644406,90.54769418711189,False,True
118,2026-06-08,13,Weekday,94,99.8076923076923,9.260799809852042,99.8076923076923,54.534246058772176,90.54689249784026,False,True
35,2025-08-31,8,Weekend,602,6.730769230769231,97.27101319837253,97.27101319837253,52.00089121457088,90.5402439676033,True,False
138,2024-12-25,22,Weekday,8,98.1981981981982,7.664165298189453,98.1981981981982,52.93118174819383,90.53403290000874,False,True
4,2025-06-05,10,Weekday,1182,4.431599229287091,94.96047235045867,94.96047235045867,49.69603578987288,90.52887312117159,True,False
124,2025-01-13,18,Weekday,38,96.38009049773756,5.854144046326456,96.38009049773756,51.117117272032004,90.5259464514111,False,True
133,2024-08-19,5,Weekday,114,5.019305019305019,95.54335870948263,95.54335870948263,50.28133186439383,90.52405369017761,True,False
124,2025-03-18,16,Weekday,15,92.15425531914893,1.6319147667415372,92.15425531914893,46.89308504294523,90.5223405524074,False,True
124,2026-05-22,16,Weekday,15,92.15425531914893,1.6319147667415372,92.15425531914893,46.89308504294523,90.5223405524074,False,True
124,2025-03-06,16,Weekday,15,92.15425531914893,1.6319147667415372,92.15425531914893,46.89308504294523,90.5223405524074,False,True
124,2025-06-19,16,Weekday,15,92.15425531914893,1.6319147667415372,92.15425531914893,46.89308504294523,90.5223405524074,False,True
181,2026-07-22,0,Weekday,165,2.6685393258426964,93.1883738852802,93.1883738852802,47.92845660556145,90.5198345594375,True,False
181,2025-08-27,0,Weekday,165,2.6685393258426964,93.1883738852802,93.1883738852802,47.92845660556145,90.5198345594375,True,False
4,2024-10-18,15,Weekday,2080,3.8535645472061653,94.37201907790143,94.37201907790143,49.112791812553795,90.51845453069527,True,False
138,2026-03-08,18,Weekend,23,95.6081081081081,5.092148447361778,95.6081081081081,50.35012827773494,90.51595966074632,False,True
138,2026-02-14,18,Weekend,23,95.6081081081081,5.092148447361778,95.6081081081081,50.35012827773494,90.51595966074632,False,True
138,2026-03-08,17,Weekend,21,93.71980676328504,3.2105052925903736,93.71980676328504,48.4651560279377,90.50930147069467,False,True
138,2026-03-15,17,Weekend,21,93.71980676328504,3.2105052925903736,93.71980676328504,48.4651560279377,90.50930147069467,False,True
138,2026-02-21,17,Weekend,21,93.71980676328504,3.2105052925903736,93.71980676328504,48.4651560279377,90.50930147069467,False,True
4,2024-08-19,12,Weekday,2499,6.165703275529865,96.66976670558205,96.66976670558205,51.41773499055596,90.50406343005218,True,False
118,2025-01-22,15,Weekday,65,97.3076923076923,6.805445151033386,97.3076923076923,52.056568729362844,90.50224715665892,False,True
4,2024-09-15,12,Weekend,2519,5.825242718446602,96.32345654543653,96.32345654543653,51.074349631941566,90.49821382698993,True,False
118,2025-07-07,15,Weekday,67,97.5,7.004173290937997,97.5,52.252086645469,90.495826709062,False,True
4,2025-05-26,11,Weekday,1673,5.973025048169557,96.46831683168317,96.46831683168317,51.220670939926364,90.49529178351361,True,False
133,2025-06-23,5,Weekday,109,4.536679536679537,95.0300847549009,95.0300847549009,49.78338214579022,90.49340521822135,True,False
133,2026-04-06,5,Weekday,109,4.536679536679537,95.0300847549009,95.0300847549009,49.78338214579022,90.49340521822135,True,False
124,2025-07-19,9,Weekend,15,93.7984496124031,3.3060515873015874,93.7984496124031,48.55225059985234,90.49239802510152,False,True
118,2026-01-19,15,Weekday,63,97.11538461538461,6.624602543720191,97.11538461538461,51.8699935795524,90.49078207166443,False,True
71,2025-07-06,14,Weekend,26,94.23076923076923,3.7521205468516117,94.23076923076923,48.99144488881042,90.47864868391761,False,True
71,2026-05-09,17,Weekend,30,94.71153846153845,4.236568803674856,94.71153846153845,49.474053632606655,90.4749696578636,False,True
71,2025-08-23,17,Weekend,30,94.71153846153845,4.236568803674856,94.71153846153845,49.474053632606655,90.4749696578636,False,True
71,2026-01-25,17,Weekend,30,94.71153846153845,4.236568803674856,94.71153846153845,49.474053632606655,90.4749696578636,False,True
124,2025-05-25,14,Weekend,33,94.8051948051948,4.333399860293384,94.8051948051948,49.56929733274409,90.47179494490142,False,True
133,2024-11-05,6,Weekday,350,4.440154440154441,94.9037429907488,94.9037429907488,49.67194871545162,90.46358855059435,True,False
133,2025-06-08,6,Weekend,111,0.4807692307692308,90.94360086767897,90.94360086767897,45.7121850492241,90.46283163690974,True,False
118,2025-06-04,13,Weekday,61,96.34615384615385,5.89458672529562,96.34615384615385,51.12037028572474,90.45156712085823,False,True
138,2025-03-09,7,Weekend,8,95.90163934426229,5.455814881308598,95.90163934426229,50.678727112785445,90.4458244629537,False,True
138,2025-06-01,7,Weekend,8,95.90163934426229,5.455814881308598,95.90163934426229,50.678727112785445,90.4458244629537,False,True
138,2025-12-27,7,Weekend,8,95.90163934426229,5.455814881308598,95.90163934426229,50.678727112785445,90.4458244629537,False,True
138,2025-01-19,7,Weekend,8,95.90163934426229,5.455814881308598,95.90163934426229,50.678727112785445,90.4458244629537,False,True
138,2025-11-22,7,Weekend,8,95.90163934426229,5.455814881308598,95.90163934426229,50.678727112785445,90.4458244629537,False,True
138,2025-05-04,7,Weekend,8,95.90163934426229,5.455814881308598,95.90163934426229,50.678727112785445,90.4458244629537,False,True
118,2026-01-19,11,Weekday,58,97.40384615384615,6.961386138613862,97.40384615384615,52.18261614623,90.44246001523229,False,True
118,2026-01-16,11,Weekday,58,97.40384615384615,6.961386138613862,97.40384615384615,52.18261614623,90.44246001523229,False,True
133,2025-07-01,6,Weekday,344,4.247104247104247,94.68815158201583,94.68815158201583,49.46762791456004,90.44104733491159,True,False
124,2025-04-16,10,Weekday,17,92.63888888888889,2.2022547601592994,92.63888888888889,47.420571824524096,90.43663412872958,False,True
124,2025-01-03,10,Weekday,17,92.63888888888889,2.2022547601592994,92.63888888888889,47.420571824524096,90.43663412872958,False,True
138,2024-11-16,19,Weekend,27,98.46153846153847,8.027079303675048,98.46153846153847,53.24430888260676,90.43445915786342,False,True
118,2026-01-23,11,Weekday,69,99.51923076923077,9.085148514851484,99.51923076923077,54.30218964204113,90.43408225437929,False,True
118,2024-09-27,11,Weekday,69,99.51923076923077,9.085148514851484,99.51923076923077,54.30218964204113,90.43408225437929,False,True
138,2025-08-16,13,Weekend,31,94.68599033816425,4.2526221603618835,94.68599033816425,49.46930624926306,90.43336817780236,False,True
138,2025-08-24,13,Weekend,31,94.68599033816425,4.2526221603618835,94.68599033816425,49.46930624926306,90.43336817780236,False,True
138,2026-06-07,13,Weekend,31,94.68599033816425,4.2526221603618835,94.68599033816425,49.46930624926306,90.43336817780236,False,True
133,2024-08-22,5,Weekday,116,5.308880308880308,95.73529728913715,95.73529728913715,50.52208879900873,90.42641698025685,True,False
133,2025-06-19,5,Weekday,116,5.308880308880308,95.73529728913715,95.73529728913715,50.52208879900873,90.42641698025685,True,False
124,2025-05-24,15,Weekend,33,94.62025316455697,4.202623833990123,94.62025316455697,49.411438499273544,90.41762933056685,False,True
124,2025-07-26,15,Weekend,33,94.62025316455697,4.202623833990123,94.62025316455697,49.411438499273544,90.41762933056685,False,True
71,2026-02-04,16,Weekday,66,96.4354527938343,6.024766940308892,96.4354527938343,51.2301098670716,90.41068585352541,False,True
71,2026-03-30,16,Weekday,66,96.4354527938343,6.024766940308892,96.4354527938343,51.2301098670716,90.41068585352541,False,True
4,2025-05-01,14,Weekday,2182,5.009633911368015,95.41669978539066,95.41669978539066,50.21316684837934,90.40706587402265,True,False
138,2026-05-17,14,Weekend,30,94.47115384615384,4.071449955094302,94.47115384615384,49.27130190062407,90.39970389105954,False,True
138,2025-12-07,14,Weekend,30,94.47115384615384,4.071449955094302,94.47115384615384,49.27130190062407,90.39970389105954,False,True
4,2024-10-21,13,Weekday,2616,6.551059730250482,96.94871947233942,96.94871947233942,51.74988960129495,90.39765974208893,True,False
133,2024-09-27,6,Weekday,332,3.861003861003861,94.25798093078808,94.25798093078808,49.05949239589597,90.39697706978421,True,False
4,2025-02-02,14,Weekend,2629,3.8834951456310676,94.26454445664105,94.26454445664105,49.07401980113606,90.38104931100997,True,False
133,2025-07-10,6,Weekday,326,3.667953667953668,94.0484625194842,94.0484625194842,48.858208093718936,90.38050885153054,True,False
4,2026-01-07,15,Weekday,1807,1.348747591522158,91.72595389507154,91.72595389507154,46.53735074329685,90.37720630354939,True,False
138,2025-10-18,9,Weekend,44,99.51456310679612,9.141865079365079,99.51456310679612,54.3282140930806,90.37269802743104,False,True
124,2025-10-12,7,Weekend,10,97.39583333333334,7.024236983842011,97.39583333333334,52.21003515858768,90.37159634949133,False,True
124,2025-02-01,7,Weekend,10,97.39583333333334,7.024236983842011,97.39583333333334,52.21003515858768,90.37159634949133,False,True
138,2025-02-14,19,Weekday,23,96.78456591639872,6.414814513835276,96.78456591639872,51.599690215117,90.36975140256344,False,True
4,2024-10-18,11,Weekday,1240,0.3853564547206166,90.75445544554455,90.75445544554455,45.569905950132586,90.36909899082393,True,False
133,2025-06-25,6,Weekday,353,4.633204633204633,94.9928136197089,94.9928136197089,49.81300912645676,90.35960898650427,True,False
124,2025-10-31,17,Weekday,20,92.25352112676056,1.8951075386482563,92.25352112676056,47.07431433270441,90.3584135881123,False,True
124,2025-01-23,17,Weekday,20,92.25352112676056,1.8951075386482563,92.25352112676056,47.07431433270441,90.3584135881123,False,True
133,2026-01-26,6,Weekday,360,4.826254826254826,95.18411303872549,95.18411303872549,50.005183932490155,90.35785821247066,True,False
4,2024-11-05,10,Weekday,1184,4.624277456647398,94.97830437280814,94.97830437280814,49.80129091472777,90.35402691616073,True,False
4,2025-05-17,14,Weekend,2698,4.368932038834951,94.71859095898613,94.71859095898613,49.54376149891054,90.34965892015117,True,False
181,2025-07-14,1,Weekday,92,2.247191011235955,92.59549851277608,92.59549851277608,47.421344762006015,90.34830750154012,True,False
181,2025-07-15,1,Weekday,92,2.247191011235955,92.59549851277608,92.59549851277608,47.421344762006015,90.34830750154012,True,False
181,2025-07-01,1,Weekday,92,2.247191011235955,92.59549851277608,92.59549851277608,47.421344762006015,90.34830750154012,True,False
4,2024-09-20,12,Weekday,2507,6.358381502890173,96.70538417397154,96.70538417397154,51.53188283843085,90.34700267108137,True,False
138,2026-04-13,11,Weekday,28,93.43629343629344,3.09009900990099,93.43629343629344,48.26319622309722,90.34619442639244,False,True
138,2025-11-05,11,Weekday,28,93.43629343629344,3.09009900990099,93.43629343629344,48.26319622309722,90.34619442639244,False,True
138,2024-09-19,11,Weekday,28,93.43629343629344,3.09009900990099,93.43629343629344,48.26319622309722,90.34619442639244,False,True
138,2026-06-18,11,Weekday,28,93.43629343629344,3.09009900990099,93.43629343629344,48.26319622309722,90.34619442639244,False,True
138,2026-03-09,11,Weekday,28,93.43629343629344,3.09009900990099,93.43629343629344,48.26319622309722,90.34619442639244,False,True
118,2025-01-15,12,Weekday,60,95.28846153846153,4.943902487286542,95.28846153846153,50.116182012874035,90.344559051175,False,True
118,2025-01-13,12,Weekday,60,95.28846153846153,4.943902487286542,95.28846153846153,50.116182012874035,90.344559051175,False,True
4,2025-05-12,15,Weekday,2082,4.046242774566474,94.38990461049285,94.38990461049285,49.218073692529664,90.34366183592637,True,False
133,2025-08-03,7,Weekend,270,3.8461538461538463,94.18511869140235,94.18511869140235,49.015636268778096,90.33896484524851,True,False
4,2024-09-29,10,Weekend,1067,0.9708737864077669,91.2990681998414,91.2990681998414,46.13497099312458,90.32819441343364,True,False
71,2024-08-18,10,Weekend,26,94.71153846153845,4.383921490880254,94.71153846153845,49.547729976209354,90.3276169706582,False,True
71,2025-04-06,10,Weekend,26,94.71153846153845,4.383921490880254,94.71153846153845,49.547729976209354,90.3276169706582,False,True
71,2025-08-02,10,Weekend,26,94.71153846153845,4.383921490880254,94.71153846153845,49.547729976209354,90.3276169706582,False,True
4,2024-09-14,11,Weekend,1928,5.339805825242718,95.66671621822506,95.66671621822506,50.50326102173389,90.32691039298234,True,False
118,2025-04-21,11,Weekday,57,97.11538461538461,6.793069306930693,97.11538461538461,51.95422696115765,90.32231530845392,False,True
181,2026-07-21,0,Weekday,146,0.8426966292134831,91.14169327314764,91.14169327314764,45.99219495118056,90.29899664393416,True,False
124,2025-08-31,11,Weekend,21,93.58108108108108,3.285268321688717,93.58108108108108,48.4331747013849,90.29581275939236,False,True
124,2025-05-04,11,Weekend,21,93.58108108108108,3.285268321688717,93.58108108108108,48.4331747013849,90.29581275939236,False,True
133,2025-04-21,6,Weekday,315,3.2818532818532815,93.57375655377639,93.57375655377639,48.42780491781484,90.2919032719231,True,False
118,2025-04-22,15,Weekday,62,96.82692307692308,6.537162162162162,96.82692307692308,51.68204261954262,90.28976091476092,False,True
118,2025-01-23,15,Weekday,62,96.82692307692308,6.537162162162162,96.82692307692308,51.68204261954262,90.28976091476092,False,True
138,2026-07-31,15,Weekday,24,93.37811900191939,3.0892289348171698,93.37811900191939,48.23367396836828,90.28889006710222,False,True
138,2025-04-21,15,Weekday,24,93.37811900191939,3.0892289348171698,93.37811900191939,48.23367396836828,90.28889006710222,False,True
138,2026-05-12,15,Weekday,24,93.37811900191939,3.0892289348171698,93.37811900191939,48.23367396836828,90.28889006710222,False,True
138,2026-01-06,15,Weekday,24,93.37811900191939,3.0892289348171698,93.37811900191939,48.23367396836828,90.28889006710222,False,True
138,2024-10-29,15,Weekday,24,93.37811900191939,3.0892289348171698,93.37811900191939,48.23367396836828,90.28889006710222,False,True
138,2024-12-05,15,Weekday,24,93.37811900191939,3.0892289348171698,93.37811900191939,48.23367396836828,90.28889006710222,False,True
133,2026-04-06,6,Weekday,334,4.054054054054054,94.33794206360453,94.33794206360453,49.19599805882929,90.28388800955048,True,False
4,2024-08-28,14,Weekday,2188,5.202312138728324,95.46836499483348,95.46836499483348,50.335338566780905,90.26605285610515,True,False
71,2025-07-23,14,Weekday,44,95.47206165703275,5.210237659963437,95.47206165703275,50.3411496584981,90.26182399706931,False,True
71,2024-11-08,14,Weekday,44,95.47206165703275,5.210237659963437,95.47206165703275,50.3411496584981,90.26182399706931,False,True
71,2025-11-05,14,Weekday,44,95.47206165703275,5.210237659963437,95.47206165703275,50.3411496584981,90.26182399706931,False,True
71,2024-08-12,14,Weekday,44,95.47206165703275,5.210237659963437,95.47206165703275,50.3411496584981,90.26182399706931,False,True
71,2024-11-08,15,Weekday,41,95.08670520231213,4.829093799682035,95.08670520231213,49.95789950099709,90.25761140263009,False,True
71,2026-01-09,15,Weekday,41,95.08670520231213,4.829093799682035,95.08670520231213,49.95789950099709,90.25761140263009,False,True
71,2025-07-10,15,Weekday,41,95.08670520231213,4.829093799682035,95.08670520231213,49.95789950099709,90.25761140263009,False,True
71,2024-11-07,15,Weekday,41,95.08670520231213,4.829093799682035,95.08670520231213,49.95789950099709,90.25761140263009,False,True
71,2024-09-04,15,Weekday,41,95.08670520231213,4.829093799682035,95.08670520231213,49.95789950099709,90.25761140263009,False,True
71,2024-08-08,15,Weekday,41,95.08670520231213,4.829093799682035,95.08670520231213,49.95789950099709,90.25761140263009,False,True
124,2025-03-14,18,Weekday,65,99.5475113122172,9.301483894317771,99.5475113122172,54.42449760326748,90.24602741789943,False,True
124,2025-10-25,10,Weekend,14,92.8082191780822,2.562450436161776,92.8082191780822,47.68533480712199,90.24576874192041,False,True
124,2025-05-11,10,Weekend,14,92.8082191780822,2.562450436161776,92.8082191780822,47.68533480712199,90.24576874192041,False,True
133,2025-07-18,6,Weekday,369,5.212355212355212,95.45132492560579,95.45132492560579,50.3318400689805,90.23896971325058,True,False
118,2026-01-20,15,Weekday,87,100.0,9.761526232114468,100.0,54.88076311605723,90.23847376788554,False,True
188,2026-05-23,3,Weekend,2,100.0,9.763979456402563,100.0,54.88198972820128,90.23602054359743,False,True
4,2025-11-08,14,Weekend,2423,2.4271844660194173,92.66041313242191,92.66041313242191,47.54379879922066,90.2332286664025,True,False
4,2025-02-03,11,Weekday,1675,6.262042389210019,96.48811881188118,96.48811881188118,51.3750806005456,90.22607642267116,True,False
4,2024-10-07,11,Weekday,1675,6.262042389210019,96.48811881188118,96.48811881188118,51.3750806005456,90.22607642267116,True,False
133,2024-12-26,5,Weekday,95,2.9922779922779923,93.21529470120123,93.21529470120123,48.10378634673961,90.22301670892324,True,False
133,2025-04-18,5,Weekday,95,2.9922779922779923,93.21529470120123,93.21529470120123,48.10378634673961,90.22301670892324,True,False
133,2024-12-27,6,Weekday,362,5.019305019305019,95.24079434806373,95.24079434806373,50.130049683684376,90.22148932875871,True,False
4,2024-10-08,13,Weekday,2619,6.74373795761079,96.96357478162695,96.96357478162695,51.85365636961887,90.21983682401616,True,False
138,2025-04-02,14,Weekday,28,93.83429672447014,3.6185517844368493,93.83429672447014,48.72642425445349,90.21574494003329,False,True
138,2025-03-18,14,Weekday,28,93.83429672447014,3.6185517844368493,93.83429672447014,48.72642425445349,90.21574494003329,False,True
138,2024-11-12,14,Weekday,28,93.83429672447014,3.6185517844368493,93.83429672447014,48.72642425445349,90.21574494003329,False,True
138,2025-12-16,14,Weekday,28,93.83429672447014,3.6185517844368493,93.83429672447014,48.72642425445349,90.21574494003329,False,True
138,2024-11-19,14,Weekday,28,93.83429672447014,3.6185517844368493,93.83429672447014,48.72642425445349,90.21574494003329,False,True
138,2026-03-12,14,Weekday,28,93.83429672447014,3.6185517844368493,93.83429672447014,48.72642425445349,90.21574494003329,False,True
138,2026-04-15,14,Weekday,28,93.83429672447014,3.6185517844368493,93.83429672447014,48.72642425445349,90.21574494003329,False,True
124,2025-01-22,19,Weekday,33,98.57142857142858,8.359067083824307,98.57142857142858,53.46524782762644,90.21236148760428,False,True
124,2025-11-12,19,Weekday,33,98.57142857142858,8.359067083824307,98.57142857142858,53.46524782762644,90.21236148760428,False,True
138,2026-06-20,8,Weekend,10,93.87254901960785,3.661804108365585,93.87254901960785,48.767176563986716,90.21074491124226,False,True
138,2025-12-27,8,Weekend,10,93.87254901960785,3.661804108365585,93.87254901960785,48.767176563986716,90.21074491124226,False,True
138,2026-02-08,8,Weekend,10,93.87254901960785,3.661804108365585,93.87254901960785,48.767176563986716,90.21074491124226,False,True
138,2025-03-30,8,Weekend,10,93.87254901960785,3.661804108365585,93.87254901960785,48.767176563986716,90.21074491124226,False,True
138,2025-10-04,8,Weekend,10,93.87254901960785,3.661804108365585,93.87254901960785,48.767176563986716,90.21074491124226,False,True
138,2025-07-26,8,Weekend,10,93.87254901960785,3.661804108365585,93.87254901960785,48.767176563986716,90.21074491124226,False,True
138,2025-10-18,8,Weekend,10,93.87254901960785,3.661804108365585,93.87254901960785,48.767176563986716,90.21074491124226,False,True
138,2025-08-23,8,Weekend,10,93.87254901960785,3.661804108365585,93.87254901960785,48.767176563986716,90.21074491124226,False,True
4,2025-05-27,15,Weekday,2088,4.238921001926782,94.43759936406995,94.43759936406995,49.33826018299837,90.19867836214317,True,False
4,2025-06-29,14,Weekend,2754,4.854368932038835,95.0528889332402,95.0528889332402,49.95362893263952,90.19852000120136,True,False
71,2026-05-08,16,Weekday,65,96.14643545279384,5.949233735514521,96.14643545279384,51.04783459415418,90.19720171727931,False,True
118,2026-01-28,11,Weekday,56,96.82692307692308,6.630693069306931,96.82692307692308,51.728808073115005,90.19623000761615,False,True
118,2026-01-26,11,Weekday,56,96.82692307692308,6.630693069306931,96.82692307692308,51.728808073115005,90.19623000761615,False,True
133,2026-03-09,6,Weekday,317,3.474903474903475,93.67092451264195,93.67092451264195,48.57291399377271,90.19602103773848,True,False
71,2025-08-02,15,Weekend,31,94.20289855072464,4.010575148401257,94.20289855072464,49.10673684956295,90.19232340232338,False,True
71,2025-11-15,15,Weekend,31,94.20289855072464,4.010575148401257,94.20289855072464,49.10673684956295,90.19232340232338,False,True
71,2025-02-09,15,Weekend,31,94.20289855072464,4.010575148401257,94.20289855072464,49.10673684956295,90.19232340232338,False,True
118,2025-07-03,9,Weekday,57,97.30250481695568,7.111124333115171,97.30250481695568,52.20681457503542,90.1913804838405,False,True
35,2025-06-07,8,Weekend,610,7.211538461538461,97.40001984717675,97.40001984717675,52.30577915435761,90.18848138563828,True,False
118,2025-09-26,9,Weekday,56,97.10982658959537,6.9246940758810815,97.10982658959537,52.017260332738225,90.1851325137143,False,True
118,2026-03-09,14,Weekday,67,97.88461538461539,7.7001033304188855,97.88461538461539,52.792359357517135,90.1845120541965,False,True
4,2024-08-19,10,Weekday,1186,4.8169556840077075,94.99811773097422,94.99811773097422,49.90753670749096,90.1811620469665,True,False
124,2025-04-03,18,Weekday,37,95.92760180995475,5.747577110226405,95.92760180995475,50.83758946009058,90.18002469972835,False,True
118,2025-04-25,12,Weekday,103,100.0,9.820527534281814,100.0,54.910263767140904,90.17947246571819,False,True
4,2024-08-29,12,Weekday,2511,6.551059730250482,96.72715040465401,96.72715040465401,51.63910506745225,90.17609067440353,True,False
181,2025-06-25,0,Weekday,166,3.089887640449438,93.26433997577894,93.26433997577894,48.177113808114186,90.1744523353295,True,False
118,2025-09-02,9,Weekday,58,97.495183044316,7.321354197655738,97.495183044316,52.408268620985865,90.17382884666026,False,True
118,2026-02-12,9,Weekday,55,96.91714836223507,6.7461970210824855,96.91714836223507,51.831672691658774,90.17095134115259,False,True
4,2025-08-31,13,Weekend,2888,6.310679611650485,96.4805885569419,96.4805885569419,51.39563408429619,90.16990894529141,True,False
71,2024-08-18,11,Weekend,29,94.47115384615384,4.308508002576681,94.47115384615384,49.38983092436526,90.16264584357715,False,True
71,2026-06-27,11,Weekend,29,94.47115384615384,4.308508002576681,94.47115384615384,49.38983092436526,90.16264584357715,False,True
4,2025-12-21,14,Weekend,2473,2.912621359223301,93.07454345873666,93.07454345873666,47.993582408979975,90.16192209951336,True,False
118,2024-12-30,13,Weekday,60,95.96153846153847,5.805454869570385,95.96153846153847,50.883496665554425,90.15608359196808,False,True
118,2025-09-26,13,Weekday,60,95.96153846153847,5.805454869570385,95.96153846153847,50.883496665554425,90.15608359196808,False,True
118,2025-02-14,13,Weekday,60,95.96153846153847,5.805454869570385,95.96153846153847,50.883496665554425,90.15608359196808,False,True
71,2026-05-06,16,Weekday,63,95.95375722543352,5.811087479377448,95.95375722543352,50.882422352405484,90.14266974605607,False,True
4,2025-01-06,12,Weekday,1794,0.5780346820809248,90.72066011041416,90.72066011041416,45.64934739624754,90.14262542833323,True,False
4,2025-08-31,11,Weekend,1968,5.825242718446602,95.96402556860413,95.96402556860413,50.894634143525366,90.13878285015753,True,False
133,2025-06-28,6,Weekend,156,5.288461538461538,95.42402644354921,95.42402644354921,50.35624399100537,90.13556490508768,True,False
133,2025-08-17,6,Weekend,156,5.288461538461538,95.42402644354921,95.42402644354921,50.35624399100537,90.13556490508768,True,False
133,2025-06-14,6,Weekend,156,5.288461538461538,95.42402644354921,95.42402644354921,50.35624399100537,90.13556490508768,True,False
118,2024-11-28,14,Weekday,66,97.6923076923077,7.561998251331373,97.6923076923077,52.627152971819534,90.13030944097632,False,True
124,2026-01-12,11,Weekday,16,92.02702702702703,1.9049504950495049,92.02702702702703,46.96598876103827,90.12207653197753,False,True
124,2025-01-14,11,Weekday,16,92.02702702702703,1.9049504950495049,92.02702702702703,46.96598876103827,90.12207653197753,False,True
124,2025-06-09,11,Weekday,16,92.02702702702703,1.9049504950495049,92.02702702702703,46.96598876103827,90.12207653197753,False,True
124,2025-06-02,11,Weekday,16,92.02702702702703,1.9049504950495049,92.02702702702703,46.96598876103827,90.12207653197753,False,True
118,2025-04-08,14,Weekday,69,98.07692307692307,7.955448692472776,98.07692307692307,53.01618588469792,90.1214743844503,False,True
4,2025-03-16,13,Weekend,2165,0.9708737864077669,91.09211114977383,91.09211114977383,46.031492468090796,90.12123736336606,True,False
124,2025-09-20,15,Weekend,27,93.67088607594937,3.5616301691026084,93.67088607594937,48.61625812252599,90.10925590684676,False,True
124,2025-01-26,13,Weekend,34,94.66666666666667,4.5657901277526465,94.66666666666667,49.61622839720966,90.10087653891402,False,True
71,2025-08-31,13,Weekend,32,94.44444444444444,4.347069642590844,94.44444444444444,49.39575704351764,90.0973748018536,False,True
71,2025-03-29,13,Weekend,32,94.44444444444444,4.347069642590844,94.44444444444444,49.39575704351764,90.0973748018536,False,True
138,2025-02-01,11,Weekend,26,93.99038461538461,3.8947524899658097,93.99038461538461,48.94256855267521,90.0956321254188,False,True
138,2025-03-29,11,Weekend,26,93.99038461538461,3.8947524899658097,93.99038461538461,48.94256855267521,90.0956321254188,False,True
138,2024-10-05,11,Weekend,26,93.99038461538461,3.8947524899658097,93.99038461538461,48.94256855267521,90.0956321254188,False,True
138,2026-05-02,11,Weekend,26,93.99038461538461,3.8947524899658097,93.99038461538461,48.94256855267521,90.0956321254188,False,True
138,2025-04-06,11,Weekend,26,93.99038461538461,3.8947524899658097,93.99038461538461,48.94256855267521,90.0956321254188,False,True
138,2025-04-20,11,Weekend,26,93.99038461538461,3.8947524899658097,93.99038461538461,48.94256855267521,90.0956321254188,False,True
4,2025-05-26,14,Weekday,2192,5.394990366088632,95.49022335267466,95.49022335267466,50.44260685938165,90.09523298658603,True,False
71,2024-12-14,14,Weekend,25,93.75,3.6548248677776667,93.75,48.70241243388883,90.09517513222234,False,True
71,2025-12-11,13,Weekday,81,97.88461538461539,7.800027729910671,97.88461538461539,52.84232155726303,90.08458765470472,False,True
118,2025-01-10,14,Weekday,65,97.5,7.420912487083697,97.5,52.46045624354185,90.0790875129163,False,True
133,2024-09-02,6,Weekday,370,5.405405405405405,95.48270207898946,95.48270207898946,50.44405374219743,90.07729667358406,True,False
188,2025-12-05,21,Weekday,8,95.98930481283422,5.916810085636676,95.98930481283422,50.953057449235445,90.07249472719755,False,True
188,2025-12-29,21,Weekday,8,95.98930481283422,5.916810085636676,95.98930481283422,50.953057449235445,90.07249472719755,False,True
188,2026-02-24,21,Weekday,8,95.98930481283422,5.916810085636676,95.98930481283422,50.953057449235445,90.07249472719755,False,True
188,2025-10-23,21,Weekday,8,95.98930481283422,5.916810085636676,95.98930481283422,50.953057449235445,90.07249472719755,False,True
188,2025-11-28,21,Weekday,8,95.98930481283422,5.916810085636676,95.98930481283422,50.953057449235445,90.07249472719755,False,True
188,2025-10-24,21,Weekday,8,95.98930481283422,5.916810085636676,95.98930481283422,50.953057449235445,90.07249472719755,False,True
71,2025-03-01,18,Weekend,49,99.51923076923077,9.447109315829335,99.51923076923077,54.483170042530055,90.07212145340144,False,True
138,2025-03-05,18,Weekday,24,94.06332453825857,3.9912333614830904,94.06332453825857,49.02727894987083,90.07209117677547,False,True
138,2024-11-29,18,Weekday,24,94.06332453825857,3.9912333614830904,94.06332453825857,49.02727894987083,90.07209117677547,False,True
138,2025-03-27,18,Weekday,24,94.06332453825857,3.9912333614830904,94.06332453825857,49.02727894987083,90.07209117677547,False,True
138,2026-01-02,18,Weekday,24,94.06332453825857,3.9912333614830904,94.06332453825857,49.02727894987083,90.07209117677547,False,True
138,2024-12-13,18,Weekday,24,94.06332453825857,3.9912333614830904,94.06332453825857,49.02727894987083,90.07209117677547,False,True
138,2025-01-29,18,Weekday,24,94.06332453825857,3.9912333614830904,94.06332453825857,49.02727894987083,90.07209117677547,False,True
71,2026-05-14,13,Weekday,88,98.65384615384616,8.582407352387742,98.65384615384616,53.618126753116954,90.07143880145841,False,True
118,2025-04-03,9,Weekday,54,96.6281310211946,6.569683266892763,96.6281310211946,51.598907144043686,90.05844775430184,False,True
118,2025-09-01,9,Weekday,54,96.6281310211946,6.569683266892763,96.6281310211946,51.598907144043686,90.05844775430184,False,True
4,2024-08-31,12,Weekend,2527,6.310679611650485,96.36805073828164,96.36805073828164,51.33936517496606,90.05737112663115,True,False
118,2025-01-17,11,Weekday,55,96.53846153846153,6.481188118811882,96.53846153846153,51.50982482863671,90.05727341964965,False,True
118,2025-01-16,14,Weekday,71,98.26923076923076,8.214768301406883,98.26923076923076,53.24199953531882,90.05446246782388,False,True
71,2025-09-02,13,Weekday,90,98.84615384615385,8.7923623903183,98.84615384615385,53.81925811823608,90.05379145583555,False,True
71,2025-07-15,13,Weekday,83,98.07692307692307,8.023847723176262,98.07692307692307,53.05038540004966,90.0530753537468,False,True
4,2025-06-25,13,Weekday,2621,6.9364161849710975,96.97743973696198,96.97743973696198,51.95692796096654,90.04102355199089,True,False
138,2026-08-06,13,Weekday,43,94.33781190019194,4.300116861766395,94.33781190019194,49.31896438097917,90.03769503842554,False,True
138,2024-10-16,13,Weekday,43,94.33781190019194,4.300116861766395,94.33781190019194,49.31896438097917,90.03769503842554,False,True
138,2025-02-12,13,Weekday,43,94.33781190019194,4.300116861766395,94.33781190019194,49.31896438097917,90.03769503842554,False,True
138,2026-03-31,13,Weekday,43,94.33781190019194,4.300116861766395,94.33781190019194,49.31896438097917,90.03769503842554,False,True
133,2026-07-09,6,Weekday,380,5.6949806949806945,95.72056114496245,95.72056114496245,50.70777091997157,90.02558044998175,True,False
133,2025-06-03,6,Weekday,380,5.6949806949806945,95.72056114496245,95.72056114496245,50.70777091997157,90.02558044998175,True,False
124,2025-01-10,12,Weekday,26,92.1119592875318,2.087579397273285,92.1119592875318,47.099769342402546,90.02437989025852,False,True
124,2025-08-25,12,Weekday,26,92.1119592875318,2.087579397273285,92.1119592875318,47.099769342402546,90.02437989025852,False,True
124,2025-03-25,12,Weekday,26,92.1119592875318,2.087579397273285,92.1119592875318,47.099769342402546,90.02437989025852,False,True
124,2025-01-30,12,Weekday,26,92.1119592875318,2.087579397273285,92.1119592875318,47.099769342402546,90.02437989025852,False,True
124,2025-01-16,12,Weekday,26,92.1119592875318,2.087579397273285,92.1119592875318,47.099769342402546,90.02437989025852,False,True
138,2025-04-10,17,Weekday,24,92.18146718146718,2.163705457511788,92.18146718146718,47.17258631948948,90.0177617239554,False,True
138,2025-03-27,17,Weekday,24,92.18146718146718,2.163705457511788,92.18146718146718,47.17258631948948,90.0177617239554,False,True
138,2026-03-31,17,Weekday,24,92.18146718146718,2.163705457511788,92.18146718146718,47.17258631948948,90.0177617239554,False,True
138,2026-02-04,17,Weekday,24,92.18146718146718,2.163705457511788,92.18146718146718,47.17258631948948,90.0177617239554,False,True
138,2025-04-23,17,Weekday,24,92.18146718146718,2.163705457511788,92.18146718146718,47.17258631948948,90.0177617239554,False,True
138,2024-11-14,17,Weekday,24,92.18146718146718,2.163705457511788,92.18146718146718,47.17258631948948,90.0177617239554,False,True
138,2025-12-16,17,Weekday,24,92.18146718146718,2.163705457511788,92.18146718146718,47.17258631948948,90.0177617239554,False,True
138,2025-03-21,17,Weekday,24,92.18146718146718,2.163705457511788,92.18146718146718,47.17258631948948,90.0177617239554,False,True
138,2025-03-18,17,Weekday,24,92.18146718146718,2.163705457511788,92.18146718146718,47.17258631948948,90.0177617239554,False,True
138,2024-10-07,17,Weekday,24,92.18146718146718,2.163705457511788,92.18146718146718,47.17258631948948,90.0177617239554,False,True
138,2024-10-23,17,Weekday,24,92.18146718146718,2.163705457511788,92.18146718146718,47.17258631948948,90.0177617239554,False,True
138,2025-01-27,17,Weekday,24,92.18146718146718,2.163705457511788,92.18146718146718,47.17258631948948,90.0177617239554,False,True
138,2025-01-15,17,Weekday,24,92.18146718146718,2.163705457511788,92.18146718146718,47.17258631948948,90.0177617239554,False,True
138,2026-01-29,17,Weekday,24,92.18146718146718,2.163705457511788,92.18146718146718,47.17258631948948,90.0177617239554,False,True
188,2026-06-06,21,Weekend,12,98.63013698630137,8.612614487926727,98.63013698630137,53.62137573711405,90.01752249837463,False,True
4,2025-06-03,15,Weekday,2089,4.431599229287091,94.44852941176471,94.44852941176471,49.4400643205259,90.01693018247762,True,False
188,2026-03-28,23,Weekend,4,96.42857142857143,6.418333595841864,96.42857142857143,51.423452512206644,90.01023783272957,False,True
188,2026-06-13,23,Weekend,4,96.42857142857143,6.418333595841864,96.42857142857143,51.423452512206644,90.01023783272957,False,True
4,2026-01-01,12,Weekday,2514,6.74373795761079,96.74990600945841,96.74990600945841,51.7468219835346,90.00616805184762,True,False
138,2026-08-03,11,Weekday,67,98.64864864864865,8.648514851485148,98.64864864864865,53.648581750066896,90.0001337971635,False,True
71,2024-11-11,13,Weekday,86,98.36538461538461,8.370471606552183,98.36538461538461,53.3679281109684,89.99491300883243,False,True
71,2026-07-30,13,Weekday,86,98.36538461538461,8.370471606552183,98.36538461538461,53.3679281109684,89.99491300883243,False,True
138,2026-02-14,19,Weekend,33,99.23076923076923,9.238521836506159,99.23076923076923,54.23464553363769,89.99224739426307,False,True
71,2025-12-20,12,Weekend,33,94.47115384615384,4.481716380933505,94.47115384615384,49.47643511354367,89.98943746522033,False,True
71,2025-03-29,12,Weekend,33,94.47115384615384,4.481716380933505,94.47115384615384,49.47643511354367,89.98943746522033,False,True
4,2024-08-28,11,Weekday,1683,6.551059730250482,96.53465346534654,96.53465346534654,51.54285659779851,89.98359373509605,True,False
138,2026-05-04,9,Weekday,16,92.10019267822736,2.1201483508855437,92.10019267822736,47.11017051455645,89.98004432734182,False,True
138,2025-12-12,9,Weekday,16,92.10019267822736,2.1201483508855437,92.10019267822736,47.11017051455645,89.98004432734182,False,True
138,2026-03-20,9,Weekday,16,92.10019267822736,2.1201483508855437,92.10019267822736,47.11017051455645,89.98004432734182,False,True
138,2025-05-26,9,Weekday,16,92.10019267822736,2.1201483508855437,92.10019267822736,47.11017051455645,89.98004432734182,False,True
138,2024-10-01,9,Weekday,16,92.10019267822736,2.1201483508855437,92.10019267822736,47.11017051455645,89.98004432734182,False,True
138,2025-03-20,9,Weekday,16,92.10019267822736,2.1201483508855437,92.10019267822736,47.11017051455645,89.98004432734182,False,True
138,2025-05-07,9,Weekday,16,92.10019267822736,2.1201483508855437,92.10019267822736,47.11017051455645,89.98004432734182,False,True
138,2025-09-26,9,Weekday,16,92.10019267822736,2.1201483508855437,92.10019267822736,47.11017051455645,89.98004432734182,False,True
138,2025-06-20,9,Weekday,16,92.10019267822736,2.1201483508855437,92.10019267822736,47.11017051455645,89.98004432734182,False,True
138,2025-02-14,9,Weekday,16,92.10019267822736,2.1201483508855437,92.10019267822736,47.11017051455645,89.98004432734182,False,True
138,2024-11-27,9,Weekday,16,92.10019267822736,2.1201483508855437,92.10019267822736,47.11017051455645,89.98004432734182,False,True
138,2025-05-28,9,Weekday,16,92.10019267822736,2.1201483508855437,92.10019267822736,47.11017051455645,89.98004432734182,False,True
138,2026-07-31,9,Weekday,16,92.10019267822736,2.1201483508855437,92.10019267822736,47.11017051455645,89.98004432734182,False,True
118,2026-07-10,14,Weekday,74,98.65384615384616,8.679755186392178,98.65384615384616,53.66680067011917,89.97409096745398,False,True
138,2025-04-17,12,Weekday,39,93.26923076923077,3.2956052001503844,93.26923076923077,48.28241798469058,89.97362556908038,False,True
138,2026-02-04,12,Weekday,39,93.26923076923077,3.2956052001503844,93.26923076923077,48.28241798469058,89.97362556908038,False,True
138,2025-09-23,12,Weekday,39,93.26923076923077,3.2956052001503844,93.26923076923077,48.28241798469058,89.97362556908038,False,True
138,2025-12-16,12,Weekday,39,93.26923076923077,3.2956052001503844,93.26923076923077,48.28241798469058,89.97362556908038,False,True
138,2024-10-08,12,Weekday,39,93.26923076923077,3.2956052001503844,93.26923076923077,48.28241798469058,89.97362556908038,False,True
138,2025-02-11,12,Weekday,39,93.26923076923077,3.2956052001503844,93.26923076923077,48.28241798469058,89.97362556908038,False,True
138,2026-03-26,12,Weekday,39,93.26923076923077,3.2956052001503844,93.26923076923077,48.28241798469058,89.97362556908038,False,True
4,2026-05-03,10,Weekend,1073,1.4563106796116505,91.42793417922283,91.42793417922283,46.44212242941724,89.97162349961118,True,False
118,2025-08-13,11,Weekday,53,96.15384615384616,6.191089108910891,96.15384615384616,51.172467631378524,89.96275704493527,False,True
118,2026-01-12,11,Weekday,53,96.15384615384616,6.191089108910891,96.15384615384616,51.172467631378524,89.96275704493527,False,True
118,2026-01-22,11,Weekday,53,96.15384615384616,6.191089108910891,96.15384615384616,51.172467631378524,89.96275704493527,False,True
181,2025-10-02,0,Weekday,168,3.51123595505618,93.47242100627547,93.47242100627547,48.49182848066582,89.96118505121929,True,False
181,2025-07-25,0,Weekday,168,3.51123595505618,93.47242100627547,93.47242100627547,48.49182848066582,89.96118505121929,True,False
138,2025-02-07,7,Weekday,10,92.23968565815323,2.284641963541046,92.23968565815323,47.26216381084714,89.95504369461219,False,True
138,2025-03-20,7,Weekday,10,92.23968565815323,2.284641963541046,92.23968565815323,47.26216381084714,89.95504369461219,False,True
138,2026-03-04,7,Weekday,10,92.23968565815323,2.284641963541046,92.23968565815323,47.26216381084714,89.95504369461219,False,True
138,2025-05-02,7,Weekday,10,92.23968565815323,2.284641963541046,92.23968565815323,47.26216381084714,89.95504369461219,False,True
138,2025-01-27,7,Weekday,10,92.23968565815323,2.284641963541046,92.23968565815323,47.26216381084714,89.95504369461219,False,True
138,2024-11-14,7,Weekday,10,92.23968565815323,2.284641963541046,92.23968565815323,47.26216381084714,89.95504369461219,False,True
138,2025-02-18,7,Weekday,10,92.23968565815323,2.284641963541046,92.23968565815323,47.26216381084714,89.95504369461219,False,True
138,2025-09-11,7,Weekday,10,92.23968565815323,2.284641963541046,92.23968565815323,47.26216381084714,89.95504369461219,False,True
138,2024-11-26,7,Weekday,10,92.23968565815323,2.284641963541046,92.23968565815323,47.26216381084714,89.95504369461219,False,True
138,2025-12-03,7,Weekday,10,92.23968565815323,2.284641963541046,92.23968565815323,47.26216381084714,89.95504369461219,False,True
138,2026-02-12,7,Weekday,10,92.23968565815323,2.284641963541046,92.23968565815323,47.26216381084714,89.95504369461219,False,True
138,2025-08-13,7,Weekday,10,92.23968565815323,2.284641963541046,92.23968565815323,47.26216381084714,89.95504369461219,False,True
118,2025-04-25,14,Weekday,73,98.46153846153847,8.506875447102773,98.46153846153847,53.48420695432062,89.9546630144357,False,True
124,2025-08-23,17,Weekend,36,94.75524475524476,4.805771919312962,94.75524475524476,49.78050833727886,89.9494728359318,False,True
124,2025-01-12,17,Weekend,36,94.75524475524476,4.805771919312962,94.75524475524476,49.78050833727886,89.9494728359318,False,True
4,2024-09-05,14,Weekday,2199,5.5876685934489405,95.53195294491694,95.53195294491694,50.55981076918294,89.944284351468,True,False
138,2026-02-17,8,Weekday,16,92.11538461538461,2.178441759419082,92.11538461538461,47.14691318740185,89.93694285596553,False,True
138,2025-05-29,8,Weekday,16,92.11538461538461,2.178441759419082,92.11538461538461,47.14691318740185,89.93694285596553,False,True
138,2026-02-25,8,Weekday,16,92.11538461538461,2.178441759419082,92.11538461538461,47.14691318740185,89.93694285596553,False,True
138,2025-02-06,8,Weekday,16,92.11538461538461,2.178441759419082,92.11538461538461,47.14691318740185,89.93694285596553,False,True
138,2025-03-17,8,Weekday,16,92.11538461538461,2.178441759419082,92.11538461538461,47.14691318740185,89.93694285596553,False,True
138,2025-04-25,8,Weekday,16,92.11538461538461,2.178441759419082,92.11538461538461,47.14691318740185,89.93694285596553,False,True
138,2024-09-23,8,Weekday,16,92.11538461538461,2.178441759419082,92.11538461538461,47.14691318740185,89.93694285596553,False,True
138,2024-10-23,8,Weekday,16,92.11538461538461,2.178441759419082,92.11538461538461,47.14691318740185,89.93694285596553,False,True
138,2025-11-24,8,Weekday,16,92.11538461538461,2.178441759419082,92.11538461538461,47.14691318740185,89.93694285596553,False,True
138,2024-10-10,8,Weekday,16,92.11538461538461,2.178441759419082,92.11538461538461,47.14691318740185,89.93694285596553,False,True
138,2025-03-27,8,Weekday,16,92.11538461538461,2.178441759419082,92.11538461538461,47.14691318740185,89.93694285596553,False,True
138,2025-01-09,8,Weekday,16,92.11538461538461,2.178441759419082,92.11538461538461,47.14691318740185,89.93694285596553,False,True
138,2025-07-02,8,Weekday,16,92.11538461538461,2.178441759419082,92.11538461538461,47.14691318740185,89.93694285596553,False,True
138,2025-10-10,8,Weekday,16,92.11538461538461,2.178441759419082,92.11538461538461,47.14691318740185,89.93694285596553,False,True
138,2025-07-03,8,Weekday,16,92.11538461538461,2.178441759419082,92.11538461538461,47.14691318740185,89.93694285596553,False,True
4,2024-09-10,10,Weekday,1189,5.105973025048169,95.03378177567315,95.03378177567315,50.06987740036066,89.92780875062498,True,False
4,2024-10-15,10,Weekday,1189,5.105973025048169,95.03378177567315,95.03378177567315,50.06987740036066,89.92780875062498,True,False
118,2025-01-22,14,Weekday,64,97.21153846153847,7.284794531436292,97.21153846153847,52.24816649648738,89.92674393010218,False,True
118,2026-01-20,14,Weekday,64,97.21153846153847,7.284794531436292,97.21153846153847,52.24816649648738,89.92674393010218,False,True
133,2025-05-28,5,Weekday,117,5.8880308880308885,95.81401367292803,95.81401367292803,50.851022280479455,89.92598278489714,True,False
133,2025-01-27,5,Weekday,117,5.8880308880308885,95.81401367292803,95.81401367292803,50.851022280479455,89.92598278489714,True,False
133,2025-09-18,5,Weekday,117,5.8880308880308885,95.81401367292803,95.81401367292803,50.851022280479455,89.92598278489714,True,False
133,2025-06-13,5,Weekday,117,5.8880308880308885,95.81401367292803,95.81401367292803,50.851022280479455,89.92598278489714,True,False
140,2025-08-23,22,Weekend,3,92.85714285714286,2.9405647132234414,92.85714285714286,47.89885378518315,89.91657814391942,False,True
118,2025-05-28,9,Weekday,62,98.07321772639692,8.158307054600265,98.07321772639692,53.11576239049859,89.91491067179666,False,True
138,2025-04-06,10,Weekend,20,93.41463414634147,3.5016851704996035,93.41463414634147,48.458159658420534,89.91294897584187,False,True
138,2024-09-07,10,Weekend,20,93.41463414634147,3.5016851704996035,93.41463414634147,48.458159658420534,89.91294897584187,False,True
138,2026-03-21,10,Weekend,20,93.41463414634147,3.5016851704996035,93.41463414634147,48.458159658420534,89.91294897584187,False,True
138,2026-02-08,10,Weekend,20,93.41463414634147,3.5016851704996035,93.41463414634147,48.458159658420534,89.91294897584187,False,True
124,2025-07-13,9,Weekend,14,93.02325581395348,3.1175595238095237,93.02325581395348,48.0704076688815,89.90569629014396,False,True
118,2025-01-16,9,Weekday,63,98.26589595375722,8.362587017314214,98.26589595375722,53.31424148553572,89.90330893644301,False,True
133,2025-11-23,7,Weekend,271,4.326923076923077,94.23000199481348,94.23000199481348,49.27846253586828,89.9030789178904,True,False
71,2024-12-04,13,Weekday,80,97.59615384615384,7.697030918850397,97.59615384615384,52.64659238250212,89.89912292730344,False,True
71,2026-06-26,13,Weekday,80,97.59615384615384,7.697030918850397,97.59615384615384,52.64659238250212,89.89912292730344,False,True
124,2025-11-12,18,Weekday,71,100.0,10.106768005790807,100.0,55.053384002895406,89.89323199420919,False,True
4,2025-05-28,13,Weekday,2629,7.129094412331407,97.01309247925208,97.01309247925208,52.071093445791746,89.88399806692067,True,False
4,2026-06-04,15,Weekday,2111,4.720616570327553,94.60453100158982,94.60453100158982,49.662573785958685,89.88391443126227,True,False
4,2024-08-21,15,Weekday,2111,4.720616570327553,94.60453100158982,94.60453100158982,49.662573785958685,89.88391443126227,True,False
4,2025-09-16,15,Weekday,1746,1.1560693641618496,91.03338632750398,91.03338632750398,46.094727845832914,89.87731696334212,True,False
124,2025-01-14,13,Weekday,26,92.26044226044226,2.3837819636738167,92.26044226044226,47.322112112058036,89.87666029676845,False,True
124,2025-10-07,13,Weekday,26,92.26044226044226,2.3837819636738167,92.26044226044226,47.322112112058036,89.87666029676845,False,True
124,2025-10-08,13,Weekday,26,92.26044226044226,2.3837819636738167,92.26044226044226,47.322112112058036,89.87666029676845,False,True
124,2025-11-27,13,Weekday,26,92.26044226044226,2.3837819636738167,92.26044226044226,47.322112112058036,89.87666029676845,False,True
124,2025-04-03,13,Weekday,26,92.26044226044226,2.3837819636738167,92.26044226044226,47.322112112058036,89.87666029676845,False,True
124,2025-04-24,13,Weekday,26,92.26044226044226,2.3837819636738167,92.26044226044226,47.322112112058036,89.87666029676845,False,True
124,2025-01-13,13,Weekday,26,92.26044226044226,2.3837819636738167,92.26044226044226,47.322112112058036,89.87666029676845,False,True
124,2025-08-21,13,Weekday,26,92.26044226044226,2.3837819636738167,92.26044226044226,47.322112112058036,89.87666029676845,False,True
4,2026-06-26,12,Weekday,2524,6.9364161849710975,96.80234283792073,96.80234283792073,51.86937951144591,89.86592665294964,True,False
124,2025-09-05,7,Weekday,8,91.80327868852459,1.9401088208427657,91.80327868852459,46.871693754683676,89.86316986768182,False,True
124,2025-01-31,7,Weekday,8,91.80327868852459,1.9401088208427657,91.80327868852459,46.871693754683676,89.86316986768182,False,True
124,2025-05-02,7,Weekday,8,91.80327868852459,1.9401088208427657,91.80327868852459,46.871693754683676,89.86316986768182,False,True
124,2025-02-06,7,Weekday,8,91.80327868852459,1.9401088208427657,91.80327868852459,46.871693754683676,89.86316986768182,False,True
124,2025-05-12,7,Weekday,8,91.80327868852459,1.9401088208427657,91.80327868852459,46.871693754683676,89.86316986768182,False,True
124,2025-04-18,10,Weekday,16,91.94444444444444,2.0883279507043646,91.94444444444444,47.016386197574406,89.85611649374007,False,True
124,2025-07-18,10,Weekday,16,91.94444444444444,2.0883279507043646,91.94444444444444,47.016386197574406,89.85611649374007,False,True
124,2025-01-31,10,Weekday,16,91.94444444444444,2.0883279507043646,91.94444444444444,47.016386197574406,89.85611649374007,False,True
118,2026-01-20,9,Weekday,61,97.78420038535646,7.930227484579838,97.78420038535646,52.857213934968144,89.85397290077663,False,True
118,2026-01-19,9,Weekday,61,97.78420038535646,7.930227484579838,97.78420038535646,52.857213934968144,89.85397290077663,False,True
35,2025-08-30,8,Weekend,431,2.8846153846153846,92.73841421057854,92.73841421057854,47.81151479759696,89.85379882596315,True,False
4,2024-10-18,10,Weekday,965,0.5780346820809248,90.40736264389452,90.40736264389452,45.49269866298772,89.82932796181359,True,False
71,2025-04-26,9,Weekend,39,97.58454106280193,7.75545634920635,97.58454106280193,52.669998706004144,89.82908471359558,False,True
71,2024-11-12,16,Weekday,62,95.56840077071291,5.739529706414359,95.56840077071291,50.653965238563636,89.82887106429855,False,True
71,2026-02-17,16,Weekday,62,95.56840077071291,5.739529706414359,95.56840077071291,50.653965238563636,89.82887106429855,False,True
71,2026-06-23,16,Weekday,62,95.56840077071291,5.739529706414359,95.56840077071291,50.653965238563636,89.82887106429855,False,True
124,2025-02-25,9,Weekday,12,91.643059490085,1.8147200571190576,91.643059490085,46.72888977360203,89.82833943296593,False,True
124,2025-03-03,9,Weekday,12,91.643059490085,1.8147200571190576,91.643059490085,46.72888977360203,89.82833943296593,False,True
124,2025-04-18,9,Weekday,12,91.643059490085,1.8147200571190576,91.643059490085,46.72888977360203,89.82833943296593,False,True
124,2026-03-03,9,Weekday,12,91.643059490085,1.8147200571190576,91.643059490085,46.72888977360203,89.82833943296593,False,True
4,2024-12-25,14,Weekday,2210,5.780346820809249,95.60448295048089,95.60448295048089,50.692414885645064,89.82413612967164,True,False
4,2025-05-14,11,Weekday,1687,6.74373795761079,96.55841584158415,96.55841584158415,51.65107689959747,89.81467788397336,True,False
181,2025-08-05,1,Weekday,93,2.9494382022471908,92.76178654238004,92.76178654238004,47.855612372313615,89.81234834013284,True,False
181,2025-06-26,1,Weekday,93,2.9494382022471908,92.76178654238004,92.76178654238004,47.855612372313615,89.81234834013284,True,False
124,2025-04-26,16,Weekend,21,92.56756756756756,2.7621138779380208,92.56756756756756,47.66484072275279,89.80545368962954,False,True
4,2024-09-01,15,Weekend,2503,3.3980582524271843,93.19848356362547,93.19848356362547,48.29827090802633,89.80042531119828,True,False
35,2024-10-06,8,Weekend,617,7.6923076923076925,97.49181303959512,97.49181303959512,52.592060365951404,89.79950534728742,True,False
138,2026-06-18,10,Weekday,62,98.45857418111753,8.66834419765806,98.45857418111753,53.56345918938779,89.79022998345947,False,True
4,2024-09-14,10,Weekend,1137,2.912621359223301,92.699246629659,92.699246629659,47.80593399444115,89.7866252704357,True,False
71,2026-02-26,14,Weekday,43,94.89402697495183,5.114855734838248,94.89402697495183,50.004441354895036,89.77917124011358,False,True
71,2025-07-10,14,Weekday,43,94.89402697495183,5.114855734838248,94.89402697495183,50.004441354895036,89.77917124011358,False,True
71,2026-03-06,13,Weekday,94,99.03846153846155,9.260799809852042,99.03846153846155,54.149630674156796,89.7776617286095,False,True
138,2025-12-25,19,Weekday,22,95.98070739549838,6.204542684165617,95.98070739549838,51.092625039832,89.77616471133277,False,True
138,2025-12-31,19,Weekday,22,95.98070739549838,6.204542684165617,95.98070739549838,51.092625039832,89.77616471133277,False,True
138,2024-12-18,19,Weekday,22,95.98070739549838,6.204542684165617,95.98070739549838,51.092625039832,89.77616471133277,False,True
138,2025-02-21,19,Weekday,22,95.98070739549838,6.204542684165617,95.98070739549838,51.092625039832,89.77616471133277,False,True
133,2026-01-02,6,Weekday,382,5.984555984555985,95.76003562825159,95.76003562825159,50.872295806403784,89.7754796436956,True,False
4,2026-01-07,14,Weekday,1645,0.7707129094412332,90.53831173992528,90.53831173992528,45.65451232468325,89.76759883048405,True,False
118,2026-01-14,12,Weekday,59,94.61538461538461,4.854858816312801,94.61538461538461,49.735121715848706,89.76052579907181,False,True
118,2026-01-13,12,Weekday,59,94.61538461538461,4.854858816312801,94.61538461538461,49.735121715848706,89.76052579907181,False,True
118,2026-06-17,12,Weekday,59,94.61538461538461,4.854858816312801,94.61538461538461,49.735121715848706,89.76052579907181,False,True
118,2024-10-24,12,Weekday,59,94.61538461538461,4.854858816312801,94.61538461538461,49.735121715848706,89.76052579907181,False,True
118,2026-01-15,12,Weekday,59,94.61538461538461,4.854858816312801,94.61538461538461,49.735121715848706,89.76052579907181,False,True
71,2025-06-21,18,Weekend,48,99.03846153846155,9.27796011108306,99.03846153846155,54.158210824772304,89.76050142737849,False,True
118,2025-04-09,9,Weekday,53,96.14643545279384,6.388211261180857,96.14643545279384,51.26732335698735,89.75822419161298,False,True
118,2025-03-13,9,Weekday,53,96.14643545279384,6.388211261180857,96.14643545279384,51.26732335698735,89.75822419161298,False,True
118,2025-07-09,9,Weekday,53,96.14643545279384,6.388211261180857,96.14643545279384,51.26732335698735,89.75822419161298,False,True
4,2025-01-04,14,Weekend,2760,5.339805825242718,95.09031034826863,95.09031034826863,50.215058086755676,89.75050452302591,True,False
124,2025-02-25,19,Weekday,25,96.57142857142857,6.8241843078298325,96.57142857142857,51.697806439629204,89.74724426359873,False,True
4,2024-10-06,10,Weekend,1106,2.4271844660194173,92.1738699444885,92.1738699444885,47.30052720525396,89.74668547846909,True,False
138,2025-12-14,15,Weekend,29,93.50961538461539,3.766149548560882,93.50961538461539,48.63788246658813,89.74346583605451,False,True
138,2026-04-18,15,Weekend,29,93.50961538461539,3.766149548560882,93.50961538461539,48.63788246658813,89.74346583605451,False,True
133,2025-09-26,6,Weekday,300,3.088803088803089,92.82981436871192,92.82981436871192,47.959308728757506,89.74101127990883,True,False
4,2024-09-02,15,Weekday,1717,0.9633911368015413,90.7025039745628,90.7025039745628,45.832947555682175,89.73911283776125,True,False
118,2025-12-18,7,Weekday,25,96.0576923076923,6.318757694904484,96.0576923076923,51.18822500129839,89.73893461278783,False,True
118,2025-10-01,7,Weekday,25,96.0576923076923,6.318757694904484,96.0576923076923,51.18822500129839,89.73893461278783,False,True
118,2024-10-01,7,Weekday,25,96.0576923076923,6.318757694904484,96.0576923076923,51.18822500129839,89.73893461278783,False,True
118,2025-09-10,7,Weekday,25,96.0576923076923,6.318757694904484,96.0576923076923,51.18822500129839,89.73893461278783,False,True
118,2025-02-27,7,Weekday,25,96.0576923076923,6.318757694904484,96.0576923076923,51.18822500129839,89.73893461278783,False,True
118,2024-09-17,7,Weekday,25,96.0576923076923,6.318757694904484,96.0576923076923,51.18822500129839,89.73893461278783,False,True
118,2026-02-02,7,Weekday,25,96.0576923076923,6.318757694904484,96.0576923076923,51.18822500129839,89.73893461278783,False,True
118,2025-01-21,7,Weekday,25,96.0576923076923,6.318757694904484,96.0576923076923,51.18822500129839,89.73893461278783,False,True
118,2026-01-29,7,Weekday,25,96.0576923076923,6.318757694904484,96.0576923076923,51.18822500129839,89.73893461278783,False,True
118,2025-01-14,7,Weekday,25,96.0576923076923,6.318757694904484,96.0576923076923,51.18822500129839,89.73893461278783,False,True
4,2024-09-06,13,Weekday,2640,7.321772639691715,97.0556776992097,97.0556776992097,52.188725169450706,89.73390505951798,True,False
124,2025-03-13,19,Weekday,31,97.71428571428571,7.981187273983179,97.71428571428571,52.847736494134445,89.73309844030253,False,True
4,2024-08-20,15,Weekday,2125,5.009633911368015,94.74065977742448,94.74065977742448,49.87514684439625,89.73102586605647,True,False
124,2026-03-09,17,Weekday,19,91.54929577464789,1.8185073914168042,91.54929577464789,46.683901583032345,89.73078838323109,False,True
124,2025-03-13,17,Weekday,19,91.54929577464789,1.8185073914168042,91.54929577464789,46.683901583032345,89.73078838323109,False,True
124,2025-09-05,17,Weekday,19,91.54929577464789,1.8185073914168042,91.54929577464789,46.683901583032345,89.73078838323109,False,True
71,2025-07-19,9,Weekend,43,98.55072463768117,8.821924603174605,98.55072463768117,53.68632462042789,89.72880003450656,False,True
124,2025-06-21,12,Weekend,34,94.33333333333334,4.608066593994649,94.33333333333334,49.470699963663996,89.7252667393387,False,True
124,2026-03-08,12,Weekend,34,94.33333333333334,4.608066593994649,94.33333333333334,49.470699963663996,89.7252667393387,False,True
124,2025-09-27,12,Weekend,73,99.33333333333333,9.615003468437221,99.33333333333333,54.474168400885276,89.7183298648961,False,True
4,2024-11-23,13,Weekend,2892,6.796116504854369,96.50295769746981,96.50295769746981,51.64953710116209,89.70684119261544,True,False
124,2025-01-14,21,Weekday,4,92.85714285714286,3.150724697783399,92.85714285714286,48.00393377746313,89.70641815935946,False,True
71,2025-08-31,14,Weekend,24,93.26923076923077,3.5650134717094097,93.26923076923077,48.41712212047009,89.70421729752137,False,True
181,2025-07-10,1,Weekday,101,4.353932584269663,94.05344637796567,94.05344637796567,49.203689481117664,89.69951379369601,True,False
181,2025-07-24,1,Weekday,101,4.353932584269663,94.05344637796567,94.05344637796567,49.203689481117664,89.69951379369601,True,False
124,2025-05-03,15,Weekend,24,93.0379746835443,3.3396518182271664,93.0379746835443,48.18881325088574,89.69832286531714,False,True
71,2025-04-27,16,Weekend,33,93.75,4.059583811567443,93.75,48.904791905783725,89.69041618843255,False,True
71,2025-07-05,16,Weekend,33,93.75,4.059583811567443,93.75,48.904791905783725,89.69041618843255,False,True
71,2025-12-14,16,Weekend,33,93.75,4.059583811567443,93.75,48.904791905783725,89.69041618843255,False,True
118,2026-01-23,14,Weekday,63,96.82692307692308,7.141721643748509,96.82692307692308,51.984322360335796,89.68520143317457,False,True
118,2025-07-24,14,Weekday,63,96.82692307692308,7.141721643748509,96.82692307692308,51.984322360335796,89.68520143317457,False,True
4,2024-09-29,11,Weekend,1976,6.310679611650485,95.99375650364203,95.99375650364203,51.15221805764626,89.68307689199155,True,False
4,2024-08-08,14,Weekday,2215,5.973025048169557,95.65018678960338,95.65018678960338,50.81160591888647,89.67716174143382,True,False
124,2024-12-31,15,Weekday,15,91.64456233421751,1.971383147853736,91.64456233421751,46.80797274103563,89.67317918636377,False,True
124,2026-05-22,15,Weekday,15,91.64456233421751,1.971383147853736,91.64456233421751,46.80797274103563,89.67317918636377,False,True
124,2025-03-31,15,Weekday,15,91.64456233421751,1.971383147853736,91.64456233421751,46.80797274103563,89.67317918636377,False,True
124,2025-07-18,15,Weekday,15,91.64456233421751,1.971383147853736,91.64456233421751,46.80797274103563,89.67317918636377,False,True
118,2025-01-17,9,Weekday,65,98.45857418111753,8.788004997917534,98.45857418111753,53.62328958951753,89.67056918319999,False,True
181,2025-07-09,1,Weekday,98,3.932584269662921,93.6014239876338,93.6014239876338,48.76700412864836,89.66883971797087,True,False
118,2026-01-23,13,Weekday,59,95.38461538461539,5.717313367797651,95.38461538461539,50.55096437620652,89.66730201681773,False,True
118,2025-05-30,13,Weekday,59,95.38461538461539,5.717313367797651,95.38461538461539,50.55096437620652,89.66730201681773,False,True
118,2024-10-10,13,Weekday,59,95.38461538461539,5.717313367797651,95.38461538461539,50.55096437620652,89.66730201681773,False,True
124,2025-04-18,8,Weekday,10,91.1504424778761,1.4889986707140448,91.1504424778761,46.31972057429507,89.66144380716206,False,True
124,2025-09-15,8,Weekday,10,91.1504424778761,1.4889986707140448,91.1504424778761,46.31972057429507,89.66144380716206,False,True
124,2025-07-11,8,Weekday,10,91.1504424778761,1.4889986707140448,91.1504424778761,46.31972057429507,89.66144380716206,False,True
124,2025-06-10,8,Weekday,10,91.1504424778761,1.4889986707140448,91.1504424778761,46.31972057429507,89.66144380716206,False,True
124,2026-01-06,8,Weekday,10,91.1504424778761,1.4889986707140448,91.1504424778761,46.31972057429507,89.66144380716206,False,True
124,2025-05-09,8,Weekday,10,91.1504424778761,1.4889986707140448,91.1504424778761,46.31972057429507,89.66144380716206,False,True
124,2025-01-13,8,Weekday,10,91.1504424778761,1.4889986707140448,91.1504424778761,46.31972057429507,89.66144380716206,False,True
124,2025-07-18,8,Weekday,10,91.1504424778761,1.4889986707140448,91.1504424778761,46.31972057429507,89.66144380716206,False,True
124,2025-04-14,8,Weekday,10,91.1504424778761,1.4889986707140448,91.1504424778761,46.31972057429507,89.66144380716206,False,True
124,2026-01-12,8,Weekday,10,91.1504424778761,1.4889986707140448,91.1504424778761,46.31972057429507,89.66144380716206,False,True
124,2025-07-02,8,Weekday,10,91.1504424778761,1.4889986707140448,91.1504424778761,46.31972057429507,89.66144380716206,False,True
124,2025-01-21,8,Weekday,10,91.1504424778761,1.4889986707140448,91.1504424778761,46.31972057429507,89.66144380716206,False,True
124,2025-02-28,8,Weekday,10,91.1504424778761,1.4889986707140448,91.1504424778761,46.31972057429507,89.66144380716206,False,True
4,2025-05-14,10,Weekday,1191,5.394990366088632,95.05458580174754,95.05458580174754,50.224788083918085,89.6595954356589,True,False
118,2025-12-04,9,Weekday,66,98.65125240847784,8.998234862458103,98.65125240847784,53.824743635467975,89.65301754601974,False,True
4,2026-01-09,11,Weekday,1690,6.9364161849710975,96.57920792079207,96.57920792079207,51.75781205288158,89.64279173582098,True,False
133,2025-07-11,6,Weekday,384,6.177606177606178,95.8187412700662,95.8187412700662,50.99817372383619,89.64113509246002,True,False
71,2026-07-27,13,Weekday,78,97.11538461538461,7.477172341394815,97.11538461538461,52.296278478389716,89.6382122739898,False,True
71,2024-08-09,13,Weekday,78,97.11538461538461,7.477172341394815,97.11538461538461,52.296278478389716,89.6382122739898,False,True
71,2025-06-30,13,Weekday,78,97.11538461538461,7.477172341394815,97.11538461538461,52.296278478389716,89.6382122739898,False,True
118,2025-05-22,9,Weekday,67,98.84393063583815,9.210448027607544,98.84393063583815,54.027189331722845,89.63348260823061,False,True
4,2024-08-25,10,Weekend,1079,1.9417475728155338,91.57414750198255,91.57414750198255,46.75794753739904,89.63239992916702,True,False
4,2024-09-03,15,Weekday,2137,5.202312138728324,94.82611287758347,94.82611287758347,50.01421250815589,89.62380073885515,True,False
4,2025-10-22,12,Weekday,2533,7.225433526011561,96.84686467340761,96.84686467340761,52.03614909970958,89.62143114739605,True,False
4,2025-05-29,12,Weekday,2533,7.225433526011561,96.84686467340761,96.84686467340761,52.03614909970958,89.62143114739605,True,False
124,2025-02-10,18,Weekday,36,95.24886877828054,5.628945992681063,95.24886877828054,50.4389073854808,89.61992278559947,False,True
124,2025-01-17,18,Weekday,36,95.24886877828054,5.628945992681063,95.24886877828054,50.4389073854808,89.61992278559947,False,True
181,2026-03-03,0,Weekday,169,3.932584269662921,93.54948805460751,93.54948805460751,48.74103616213522,89.61690378494458,True,False
138,2024-09-12,10,Weekday,22,92.29287090558766,2.6767846882368094,92.29287090558766,47.484827796912235,89.61608621735085,False,True
138,2026-02-26,10,Weekday,22,92.29287090558766,2.6767846882368094,92.29287090558766,47.484827796912235,89.61608621735085,False,True
138,2025-11-27,10,Weekday,22,92.29287090558766,2.6767846882368094,92.29287090558766,47.484827796912235,89.61608621735085,False,True
124,2025-05-04,14,Weekend,32,93.83116883116884,4.226125137211855,93.83116883116884,49.028646984190345,89.60504369395699,False,True
124,2025-08-24,14,Weekend,32,93.83116883116884,4.226125137211855,93.83116883116884,49.028646984190345,89.60504369395699,False,True
118,2024-11-14,15,Weekday,61,96.0576923076923,6.453696343402225,96.0576923076923,51.25569432554727,89.60399596429008,False,True
118,2025-03-20,15,Weekday,61,96.0576923076923,6.453696343402225,96.0576923076923,51.25569432554727,89.60399596429008,False,True
118,2025-01-15,15,Weekday,61,96.0576923076923,6.453696343402225,96.0576923076923,51.25569432554727,89.60399596429008,False,True
118,2025-10-02,15,Weekday,61,96.0576923076923,6.453696343402225,96.0576923076923,51.25569432554727,89.60399596429008,False,True
118,2025-08-07,15,Weekday,61,96.0576923076923,6.453696343402225,96.0576923076923,51.25569432554727,89.60399596429008,False,True
118,2024-12-16,15,Weekday,61,96.0576923076923,6.453696343402225,96.0576923076923,51.25569432554727,89.60399596429008,False,True
71,2026-03-07,17,Weekend,29,93.75,4.1466946275214704,93.75,48.948347313760735,89.60330537247853,False,True
188,2026-02-28,21,Weekend,15,100.0,10.39758534554538,100.0,55.19879267277269,89.60241465445462,False,True
4,2025-05-17,12,Weekend,2532,6.796116504854369,96.39778020017837,96.39778020017837,51.59694835251637,89.601663695324,True,False
181,2026-07-08,1,Weekday,95,3.51123595505618,93.11192823851793,93.11192823851793,48.311582096787056,89.60069228346175,True,False
181,2025-08-07,1,Weekday,95,3.51123595505618,93.11192823851793,93.11192823851793,48.311582096787056,89.60069228346175,True,False
4,2024-10-22,13,Weekday,2648,7.514450867052023,97.10915681264484,97.10915681264484,52.31180383984843,89.59470594559282,True,False
138,2025-12-28,21,Weekend,6,94.0677966101695,4.4806411323896755,94.0677966101695,49.27421887127959,89.58715547777982,False,True
138,2025-12-27,21,Weekend,6,94.0677966101695,4.4806411323896755,94.0677966101695,49.27421887127959,89.58715547777982,False,True
4,2025-09-02,15,Weekday,1671,0.5780346820809248,90.16395071542131,90.16395071542131,45.37099269875112,89.58591603334038,True,False
138,2025-07-25,11,Weekday,27,92.56756756756756,2.984158415841584,92.56756756756756,47.77586299170457,89.58340915172599,False,True
138,2025-03-13,11,Weekday,27,92.56756756756756,2.984158415841584,92.56756756756756,47.77586299170457,89.58340915172599,False,True
138,2025-02-11,11,Weekday,27,92.56756756756756,2.984158415841584,92.56756756756756,47.77586299170457,89.58340915172599,False,True
138,2024-10-30,11,Weekday,27,92.56756756756756,2.984158415841584,92.56756756756756,47.77586299170457,89.58340915172599,False,True
4,2025-01-05,15,Weekend,2097,0.48543689320388345,90.06833940240435,90.06833940240435,45.276888147804115,89.58290250920047,True,False
4,2026-02-24,15,Weekday,1687,0.7707129094412332,90.33982511923688,90.33982511923688,45.55526901433905,89.56911220979565,True,False
181,2025-06-17,1,Weekday,84,1.4044943820224718,90.97360470290653,90.97360470290653,46.1890495424645,89.56911032088405,True,False
71,2024-10-26,9,Weekend,42,98.06763285024155,8.504464285714286,98.06763285024155,53.28604856797792,89.56316856452726,False,True
133,2024-12-31,6,Weekday,388,6.370656370656371,95.93311605498087,95.93311605498087,51.151886212818624,89.5624596843245,True,False
188,2025-12-19,22,Weekday,10,98.93617021276596,9.374935040638576,98.93617021276596,54.15555262670227,89.56123517212738,False,True
188,2025-10-24,22,Weekday,10,98.93617021276596,9.374935040638576,98.93617021276596,54.15555262670227,89.56123517212738,False,True
133,2025-06-17,5,Weekday,89,2.606177606177606,92.16394573961053,92.16394573961053,47.38506167289407,89.55776813343292,True,False
133,2025-09-26,5,Weekday,89,2.606177606177606,92.16394573961053,92.16394573961053,47.38506167289407,89.55776813343292,True,False
118,2025-02-06,11,Weekday,52,95.57692307692308,6.028712871287128,95.57692307692308,50.8028179741051,89.54821020563595,False,True
118,2025-10-02,11,Weekday,52,95.57692307692308,6.028712871287128,95.57692307692308,50.8028179741051,89.54821020563595,False,True
118,2026-01-30,11,Weekday,52,95.57692307692308,6.028712871287128,95.57692307692308,50.8028179741051,89.54821020563595,False,True
138,2025-12-11,6,Weekday,6,94.73684210526315,5.199497965545861,94.73684210526315,49.968170035404505,89.53734413971729,False,True
138,2025-09-29,6,Weekday,6,94.73684210526315,5.199497965545861,94.73684210526315,49.968170035404505,89.53734413971729,False,True
138,2024-10-23,6,Weekday,6,94.73684210526315,5.199497965545861,94.73684210526315,49.968170035404505,89.53734413971729,False,True
138,2025-09-04,6,Weekday,6,94.73684210526315,5.199497965545861,94.73684210526315,49.968170035404505,89.53734413971729,False,True
138,2024-12-10,6,Weekday,6,94.73684210526315,5.199497965545861,94.73684210526315,49.968170035404505,89.53734413971729,False,True
138,2025-03-30,14,Weekend,29,93.50961538461539,3.9941123640355256,93.50961538461539,48.75186387432546,89.51550302057986,False,True
138,2026-04-25,14,Weekend,29,93.50961538461539,3.9941123640355256,93.50961538461539,48.75186387432546,89.51550302057986,False,True
71,2025-04-20,9,Weekend,37,96.85990338164251,7.348710317460318,96.85990338164251,52.10430684955141,89.5111930641822,False,True
71,2024-11-09,9,Weekend,37,96.85990338164251,7.348710317460318,96.85990338164251,52.10430684955141,89.5111930641822,False,True
4,2025-02-02,15,Weekend,2397,2.912621359223301,92.42280640494837,92.42280640494837,47.667713882085835,89.51018504572508,True,False
133,2025-11-09,7,Weekend,273,4.807692307692308,94.30979453421105,94.30979453421105,49.55874342095168,89.50210222651874,True,False
4,2024-11-24,10,Weekend,1145,3.3980582524271843,92.89998017446472,92.89998017446472,48.14901921344595,89.50192192203752,True,False
124,2025-05-04,13,Weekend,30,93.66666666666667,4.165631058308892,93.66666666666667,48.91614886248778,89.50103560835778,False,True
124,2025-08-09,13,Weekend,30,93.66666666666667,4.165631058308892,93.66666666666667,48.91614886248778,89.50103560835778,False,True
4,2024-08-27,14,Weekday,2217,6.165703275529865,95.66310309196408,95.66310309196408,50.91440318374697,89.49739981643421,True,False
4,2026-01-27,11,Weekday,1696,7.129094412331407,96.62376237623762,96.62376237623762,51.87642839428452,89.49466796390621,True,False
4,2026-05-25,15,Weekday,2144,5.394990366088632,94.8877186009539,94.8877186009539,50.14135448352127,89.49272823486527,True,False
133,2026-06-08,6,Weekday,291,2.8957528957528957,92.3794003927205,92.3794003927205,47.637576644236695,89.4836474969676,True,False
4,2025-05-26,10,Weekday,1192,5.5876685934489405,95.06152047710566,95.06152047710566,50.3245945352773,89.47385188365672,True,False
4,2024-11-17,14,Weekend,2791,5.825242718446602,95.29737551142601,95.29737551142601,50.56130911493631,89.47213279297941,True,False
71,2025-10-04,13,Weekend,31,93.71980676328504,4.2526221603618835,93.71980676328504,48.98621446182346,89.46718460292315,False,True
138,2025-08-22,13,Weekday,42,93.66602687140116,4.199100758611127,93.66602687140116,48.93256381500614,89.46692611279003,False,True
138,2026-01-05,13,Weekday,42,93.66602687140116,4.199100758611127,93.66602687140116,48.93256381500614,89.46692611279003,False,True
138,2026-01-21,13,Weekday,42,93.66602687140116,4.199100758611127,93.66602687140116,48.93256381500614,89.46692611279003,False,True
118,2026-07-03,10,Weekday,55,96.72447013487476,7.262586435775,96.72447013487476,51.993528285324885,89.46188369909976,False,True
118,2025-01-22,10,Weekday,54,96.53179190751445,7.070396861564067,96.53179190751445,51.801094384539255,89.46139504595038,False,True
118,2025-01-15,10,Weekday,56,96.91714836223507,7.4627013532523625,96.91714836223507,52.18992485774371,89.45444700898271,False,True
4,2024-09-29,15,Weekend,2654,4.854368932038835,94.30837531800269,94.30837531800269,49.58137212502076,89.45400638596385,True,False
4,2024-09-28,15,Weekend,2518,3.8834951456310676,93.33316705741508,93.33316705741508,48.60833110152308,89.44967191178401,True,False
133,2025-01-01,6,Weekday,280,2.3166023166023164,91.7559059899998,91.7559059899998,47.03625415330106,89.43930367339749,True,False
124,2025-01-23,16,Weekday,14,90.95744680851064,1.5235842493390845,90.95744680851064,46.24051552892486,89.43386255917156,False,True
124,2025-10-01,16,Weekday,14,90.95744680851064,1.5235842493390845,90.95744680851064,46.24051552892486,89.43386255917156,False,True
124,2025-03-14,16,Weekday,14,90.95744680851064,1.5235842493390845,90.95744680851064,46.24051552892486,89.43386255917156,False,True
124,2025-04-16,16,Weekday,14,90.95744680851064,1.5235842493390845,90.95744680851064,46.24051552892486,89.43386255917156,False,True
124,2025-10-10,16,Weekday,14,90.95744680851064,1.5235842493390845,90.95744680851064,46.24051552892486,89.43386255917156,False,True
118,2024-09-27,14,Weekday,62,96.4423076923077,7.012558620141483,96.4423076923077,51.72743315622459,89.4297490721662,False,True
118,2025-10-09,14,Weekday,62,96.4423076923077,7.012558620141483,96.4423076923077,51.72743315622459,89.4297490721662,False,True
4,2024-12-25,12,Weekday,1720,0.3853564547206166,89.80845716999426,89.80845716999426,45.09690681235744,89.42310071527363,True,False
4,2025-01-01,13,Weekday,2652,7.7071290944123305,97.1299542456474,97.1299542456474,52.41854167002987,89.42282515123506,True,False
71,2026-02-14,18,Weekend,46,98.3173076923077,8.899267861651099,98.3173076923077,53.608287776979395,89.4180398306566,False,True
71,2026-01-03,18,Weekend,46,98.3173076923077,8.899267861651099,98.3173076923077,53.608287776979395,89.4180398306566,False,True
118,2026-01-26,14,Weekday,80,99.03846153846155,9.620658135283364,99.03846153846155,54.329559836872455,89.41780340317818,False,True
35,2024-09-14,8,Weekend,626,8.173076923076923,97.58856802619827,97.58856802619827,52.8808224746376,89.41549110312135,True,False
138,2025-04-05,23,Weekend,4,95.83333333333334,6.418333595841864,95.83333333333334,51.1258334645876,89.41499973749148,False,True
4,2024-11-21,12,Weekday,1707,0.1926782273603083,89.60167797851079,89.60167797851079,44.89717810293555,89.40899975115049,True,False
133,2025-01-27,6,Weekday,283,2.5096525096525095,91.91785258810907,91.91785258810907,47.21375254888079,89.40820007845656,True,False
124,2024-12-29,11,Weekend,20,92.56756756756756,3.1613894256974384,92.56756756756756,47.8644784966325,89.40617814187013,False,True
4,2025-11-08,15,Weekend,2577,4.368932038834951,93.77213548161821,93.77213548161821,49.07053376022658,89.40320344278325,True,False
71,2026-05-22,15,Weekday,40,94.1233140655106,4.728736089030207,94.1233140655106,49.4260250772704,89.39457797648039,False,True
71,2026-02-19,15,Weekday,40,94.1233140655106,4.728736089030207,94.1233140655106,49.4260250772704,89.39457797648039,False,True
71,2024-08-16,15,Weekday,40,94.1233140655106,4.728736089030207,94.1233140655106,49.4260250772704,89.39457797648039,False,True
71,2026-02-04,15,Weekday,40,94.1233140655106,4.728736089030207,94.1233140655106,49.4260250772704,89.39457797648039,False,True
118,2025-07-16,14,Weekday,79,98.84615384615385,9.451752642874176,98.84615384615385,54.14895324451402,89.39440120327967,False,True
124,2025-03-19,19,Weekday,24,96.0,6.614928284100606,96.0,51.3074641420503,89.3850717158994,False,True
4,2024-08-19,14,Weekday,2232,6.358381502890173,95.73960734440824,95.73960734440824,51.048994423649205,89.38122584151807,True,False
118,2025-07-24,8,Weekday,66,98.26923076923076,8.891335833184533,98.26923076923076,53.58028330120764,89.37789493604623,False,True
118,2025-11-21,8,Weekday,66,98.26923076923076,8.891335833184533,98.26923076923076,53.58028330120764,89.37789493604623,False,True
118,2025-03-13,8,Weekday,66,98.26923076923076,8.891335833184533,98.26923076923076,53.58028330120764,89.37789493604623,False,True
4,2024-09-12,15,Weekday,2156,5.5876685934489405,94.96025437201908,94.96025437201908,50.27396148273401,89.37258577857014,True,False
4,2025-01-05,12,Weekend,2581,7.281553398058252,96.65295808145873,96.65295808145873,51.96725573975849,89.37140468340048,True,False
188,2026-04-24,22,Weekday,9,97.87234042553192,8.509156671586256,97.87234042553192,53.190748548559085,89.36318375394566,False,True
118,2025-07-17,10,Weekday,53,96.24277456647398,6.882169958986349,96.24277456647398,51.56247226273017,89.36060460748763,False,True
118,2024-11-28,10,Weekday,53,96.24277456647398,6.882169958986349,96.24277456647398,51.56247226273017,89.36060460748763,False,True
118,2025-11-26,9,Weekday,52,95.56840077071291,6.2087225560778245,95.56840077071291,50.88856166339537,89.35967821463508,False,True
118,2025-02-26,9,Weekday,52,95.56840077071291,6.2087225560778245,95.56840077071291,50.88856166339537,89.35967821463508,False,True
118,2025-11-20,9,Weekday,52,95.56840077071291,6.2087225560778245,95.56840077071291,50.88856166339537,89.35967821463508,False,True
124,2025-03-21,19,Weekday,30,97.14285714285714,7.784120921539149,97.14285714285714,52.46348903219814,89.358736221318,False,True
118,2024-12-06,13,Weekday,58,95.0,5.642046467407451,95.0,50.32102323370373,89.35795353259255,False,True
71,2025-02-23,15,Weekend,30,93.23671497584542,3.8858682097071884,93.23671497584542,48.5612915927763,89.35084676613823,False,True
124,2025-04-12,9,Weekend,13,92.24806201550388,2.904265873015873,92.24806201550388,47.576163944259875,89.343796142488,False,True
4,2024-11-13,12,Weekday,2535,7.514450867052023,96.85576904050498,96.85576904050498,52.1851099537785,89.34131817345296,True,False
124,2025-08-17,7,Weekend,8,94.79166666666666,5.455814881308598,94.79166666666666,50.12374077398763,89.33585178535806,False,True
124,2025-09-27,7,Weekend,8,94.79166666666666,5.455814881308598,94.79166666666666,50.12374077398763,89.33585178535806,False,True
124,2025-09-14,7,Weekend,8,94.79166666666666,5.455814881308598,94.79166666666666,50.12374077398763,89.33585178535806,False,True
138,2024-12-24,23,Weekday,3,94.84536082474226,5.510070927956559,94.84536082474226,50.17771587634941,89.3352898967857,False,True
138,2024-10-22,23,Weekday,3,94.84536082474226,5.510070927956559,94.84536082474226,50.17771587634941,89.3352898967857,False,True
138,2025-01-20,23,Weekday,3,94.84536082474226,5.510070927956559,94.84536082474226,50.17771587634941,89.3352898967857,False,True
138,2024-12-25,23,Weekday,3,94.84536082474226,5.510070927956559,94.84536082474226,50.17771587634941,89.3352898967857,False,True
138,2025-01-31,23,Weekday,3,94.84536082474226,5.510070927956559,94.84536082474226,50.17771587634941,89.3352898967857,False,True
138,2024-11-18,23,Weekday,3,94.84536082474226,5.510070927956559,94.84536082474226,50.17771587634941,89.3352898967857,False,True
138,2025-03-10,23,Weekday,3,94.84536082474226,5.510070927956559,94.84536082474226,50.17771587634941,89.3352898967857,False,True
71,2025-04-05,9,Weekend,30,95.16908212560386,5.835813492063492,95.16908212560386,50.50244780883368,89.33326863354037,False,True
4,2025-08-31,15,Weekend,2125,0.9708737864077669,90.30029430837531,90.30029430837531,45.63558404739154,89.32942052196755,True,False
188,2025-11-22,21,Weekend,11,97.26027397260275,7.933492922564529,97.26027397260275,52.596883447583636,89.32678105003822,False,True
133,2024-11-27,6,Weekday,285,2.7027027027027026,92.02716654183283,92.02716654183283,47.36493462226777,89.32446383913012,True,False
138,2025-04-13,13,Weekend,30,93.47826086956522,4.165631058308892,93.47826086956522,48.821945963937054,89.31262981125633,False,True
138,2025-10-12,13,Weekend,30,93.47826086956522,4.165631058308892,93.47826086956522,48.821945963937054,89.31262981125633,False,True
4,2024-11-05,11,Weekday,1697,7.321772639691715,96.63267326732672,96.63267326732672,51.97722295350922,89.31090062763501,True,False
4,2025-01-05,13,Weekend,2904,7.281553398058252,96.58000695928817,96.58000695928817,51.93078017867321,89.29845356122992,True,False
181,2025-07-02,1,Weekday,102,4.915730337078652,94.21153711033561,94.21153711033561,49.563633723707134,89.29580677325696,True,False
181,2025-07-23,1,Weekday,102,4.915730337078652,94.21153711033561,94.21153711033561,49.563633723707134,89.29580677325696,True,False
118,2026-01-20,8,Weekday,73,99.71153846153847,10.421006686109955,99.71153846153847,55.06627257382421,89.29053177542852,False,True
118,2025-12-11,8,Weekday,73,99.71153846153847,10.421006686109955,99.71153846153847,55.06627257382421,89.29053177542852,False,True
4,2024-10-07,10,Weekday,1193,5.780346820809249,95.0694458203721,95.0694458203721,50.42489632059067,89.28909899956285,True,False
138,2024-12-03,6,Weekday,11,99.64912280701755,10.364582278993502,99.64912280701755,55.00685254300552,89.28454052802405,False,True
133,2025-07-31,6,Weekday,393,6.756756756756757,96.03736917751371,96.03736917751371,51.397062967135234,89.28061242075695,True,False
133,2026-05-07,6,Weekday,393,6.756756756756757,96.03736917751371,96.03736917751371,51.397062967135234,89.28061242075695,True,False
133,2025-06-06,6,Weekday,393,6.756756756756757,96.03736917751371,96.03736917751371,51.397062967135234,89.28061242075695,True,False
71,2025-08-15,14,Weekday,41,94.21965317919076,4.942969557268897,94.21965317919076,49.58131136822983,89.27668362192186,False,True
71,2025-09-23,14,Weekday,41,94.21965317919076,4.942969557268897,94.21965317919076,49.58131136822983,89.27668362192186,False,True
71,2025-08-12,14,Weekday,41,94.21965317919076,4.942969557268897,94.21965317919076,49.58131136822983,89.27668362192186,False,True
71,2024-08-08,14,Weekday,41,94.21965317919076,4.942969557268897,94.21965317919076,49.58131136822983,89.27668362192186,False,True
71,2025-12-10,14,Weekday,41,94.21965317919076,4.942969557268897,94.21965317919076,49.58131136822983,89.27668362192186,False,True
138,2025-07-16,14,Weekday,27,92.77456647398844,3.501311501470471,92.77456647398844,48.137938987729456,89.27325497251798,False,True
138,2025-04-03,14,Weekday,27,92.77456647398844,3.501311501470471,92.77456647398844,48.137938987729456,89.27325497251798,False,True
138,2026-01-01,14,Weekday,27,92.77456647398844,3.501311501470471,92.77456647398844,48.137938987729456,89.27325497251798,False,True
138,2026-03-04,14,Weekday,27,92.77456647398844,3.501311501470471,92.77456647398844,48.137938987729456,89.27325497251798,False,True
138,2025-07-12,16,Weekend,27,92.78846153846155,3.5181396277259345,92.78846153846155,48.15330058309374,89.27032191073562,False,True
138,2026-02-28,16,Weekend,27,92.78846153846155,3.5181396277259345,92.78846153846155,48.15330058309374,89.27032191073562,False,True
138,2026-05-23,16,Weekend,27,92.78846153846155,3.5181396277259345,92.78846153846155,48.15330058309374,89.27032191073562,False,True
138,2025-12-04,16,Weekday,25,91.82692307692307,2.5581903834304,91.82692307692307,47.19255673017673,89.26873269349267,False,True
138,2025-03-19,16,Weekday,25,91.82692307692307,2.5581903834304,91.82692307692307,47.19255673017673,89.26873269349267,False,True
138,2025-08-22,16,Weekday,25,91.82692307692307,2.5581903834304,91.82692307692307,47.19255673017673,89.26873269349267,False,True
138,2026-04-13,16,Weekday,25,91.82692307692307,2.5581903834304,91.82692307692307,47.19255673017673,89.26873269349267,False,True
138,2026-02-09,16,Weekday,25,91.82692307692307,2.5581903834304,91.82692307692307,47.19255673017673,89.26873269349267,False,True
138,2026-04-30,16,Weekday,25,91.82692307692307,2.5581903834304,91.82692307692307,47.19255673017673,89.26873269349267,False,True
138,2025-02-05,16,Weekday,25,91.82692307692307,2.5581903834304,91.82692307692307,47.19255673017673,89.26873269349267,False,True
138,2026-04-02,16,Weekday,25,91.82692307692307,2.5581903834304,91.82692307692307,47.19255673017673,89.26873269349267,False,True
71,2025-06-03,13,Weekday,77,96.63461538461539,7.372194822429537,96.63461538461539,52.00340510352246,89.26242056218585,False,True
71,2025-08-18,13,Weekday,77,96.63461538461539,7.372194822429537,96.63461538461539,52.00340510352246,89.26242056218585,False,True
4,2024-08-26,14,Weekday,2245,6.551059730250482,95.81313091169224,95.81313091169224,51.182095320971364,89.26207118144175,True,False
46,2026-05-23,22,Weekend,10,98.47560975609755,9.216889397327233,98.47560975609755,53.846249576712395,89.25872035877032,False,True
46,2025-10-19,22,Weekend,10,98.47560975609755,9.216889397327233,98.47560975609755,53.846249576712395,89.25872035877032,False,True
118,2025-01-20,10,Weekday,58,97.10982658959537,7.855005844940659,97.10982658959537,52.48241621726802,89.25482074465471,False,True
71,2025-08-23,10,Weekend,25,93.50961538461539,4.257533703409992,93.50961538461539,48.88357454401269,89.2520816812054,False,True
71,2025-07-05,10,Weekend,25,93.50961538461539,4.257533703409992,93.50961538461539,48.88357454401269,89.2520816812054,False,True
133,2025-07-27,6,Weekend,157,6.25,95.50149777915505,95.50149777915505,50.87574888957752,89.25149777915505,True,False
118,2025-01-24,10,Weekday,52,95.95375722543352,6.703849735491668,95.95375722543352,51.3288034804626,89.24990748994185,False,True
4,2025-06-25,12,Weekday,2553,7.7071290944123305,96.95668520094188,96.95668520094188,52.3319071476771,89.24955610652955,True,False
118,2026-03-05,8,Weekday,72,99.42307692307692,10.175981588397516,99.42307692307692,54.79952925573722,89.2470953346794,False,True
71,2025-06-05,16,Weekday,61,94.89402697495183,5.653064064083961,94.89402697495183,50.273545519517896,89.24096291086786,False,True
71,2026-06-26,16,Weekday,61,94.89402697495183,5.653064064083961,94.89402697495183,50.273545519517896,89.24096291086786,False,True
71,2024-08-23,16,Weekday,61,94.89402697495183,5.653064064083961,94.89402697495183,50.273545519517896,89.24096291086786,False,True
71,2026-06-12,16,Weekday,61,94.89402697495183,5.653064064083961,94.89402697495183,50.273545519517896,89.24096291086786,False,True
4,2024-10-14,13,Weekday,2653,7.89980732177264,97.13886743121992,97.13886743121992,52.51933737649628,89.23906010944728,True,False
133,2025-09-03,5,Weekday,118,6.660231660231661,95.8981215898553,95.8981215898553,51.279176625043476,89.23788992962363,True,False
133,2025-08-25,5,Weekday,118,6.660231660231661,95.8981215898553,95.8981215898553,51.279176625043476,89.23788992962363,True,False
133,2025-09-17,5,Weekday,118,6.660231660231661,95.8981215898553,95.8981215898553,51.279176625043476,89.23788992962363,True,False
133,2026-01-26,5,Weekday,118,6.660231660231661,95.8981215898553,95.8981215898553,51.279176625043476,89.23788992962363,True,False
4,2024-09-08,10,Weekend,1156,3.8834951456310676,93.12053925455987,93.12053925455987,48.50201720009547,89.2370441089288,True,False
181,2025-06-16,0,Weekday,171,4.49438202247191,93.72784322360454,93.72784322360454,49.111112623038224,89.23346120113263,True,False
181,2025-06-11,0,Weekday,171,4.49438202247191,93.72784322360454,93.72784322360454,49.111112623038224,89.23346120113263,True,False
181,2026-01-13,0,Weekday,171,4.49438202247191,93.72784322360454,93.72784322360454,49.111112623038224,89.23346120113263,True,False
4,2024-10-12,11,Weekend,1981,6.796116504854369,96.02596501659977,96.02596501659977,51.41104076072707,89.2298485117454,True,False
71,2026-07-25,9,Weekend,33,95.65217391304348,6.423611111111111,95.65217391304348,51.0378925120773,89.22856280193237,False,True
140,2026-01-05,21,Weekday,16,100.0,10.773010968959298,100.0,55.38650548447965,89.2269890310407,False,True
4,2025-09-10,15,Weekday,2161,5.780346820809249,95.00298092209857,95.00298092209857,50.39166387145391,89.22263410128933,True,False
138,2026-03-03,19,Weekday,21,95.17684887459808,5.95973345252123,95.17684887459808,50.56829116355966,89.21711542207684,False,True
118,2024-12-19,10,Weekday,51,95.76107899807322,6.545342870163064,95.76107899807322,51.15321093411814,89.21573612791015,False,True
4,2025-12-21,15,Weekend,2684,5.339805825242718,94.53284780765202,94.53284780765202,49.93632681644737,89.1930419824093,True,False
133,2026-06-08,5,Weekday,85,2.2200772200772203,91.39942634087429,91.39942634087429,46.80975178047575,89.17934912079707,True,False
133,2025-06-03,5,Weekday,85,2.2200772200772203,91.39942634087429,91.39942634087429,46.80975178047575,89.17934912079707,True,False
118,2024-12-03,8,Weekday,71,99.13461538461539,9.955756601789576,99.13461538461539,54.54518599320248,89.17885878282581,False,True
118,2025-02-20,8,Weekday,71,99.13461538461539,9.955756601789576,99.13461538461539,54.54518599320248,89.17885878282581,False,True
188,2026-02-07,22,Weekend,9,97.61904761904762,8.442098694815662,97.61904761904762,53.03057315693164,89.17694892423197,False,True
188,2026-03-08,22,Weekend,9,97.61904761904762,8.442098694815662,97.61904761904762,53.03057315693164,89.17694892423197,False,True
124,2025-01-14,18,Weekday,34,94.57013574660633,5.398721196766799,94.57013574660633,49.98442847168656,89.17141454983953,False,True
124,2025-05-11,8,Weekend,8,92.1875,3.0266944527141018,92.1875,47.60709722635705,89.1608055472859,False,True
124,2025-02-22,8,Weekend,8,92.1875,3.0266944527141018,92.1875,47.60709722635705,89.1608055472859,False,True
124,2025-05-10,8,Weekend,8,92.1875,3.0266944527141018,92.1875,47.60709722635705,89.1608055472859,False,True
124,2025-07-19,8,Weekend,8,92.1875,3.0266944527141018,92.1875,47.60709722635705,89.1608055472859,False,True
124,2025-07-05,8,Weekend,8,92.1875,3.0266944527141018,92.1875,47.60709722635705,89.1608055472859,False,True
138,2026-03-21,19,Weekend,26,96.92307692307692,7.767484475211239,96.92307692307692,52.34528069914408,89.15559244786569,False,True
138,2025-11-01,19,Weekend,26,96.92307692307692,7.767484475211239,96.92307692307692,52.34528069914408,89.15559244786569,False,True
138,2025-11-29,19,Weekend,26,96.92307692307692,7.767484475211239,96.92307692307692,52.34528069914408,89.15559244786569,False,True
188,2025-12-12,22,Weekday,8,96.80851063829788,7.664165298189453,96.80851063829788,52.23633796824367,89.14434534010842,False,True
188,2025-10-31,22,Weekday,8,96.80851063829788,7.664165298189453,96.80851063829788,52.23633796824367,89.14434534010842,False,True
118,2025-04-23,11,Weekday,51,95.0,5.864356435643564,95.0,50.43217821782178,89.13564356435644,False,True
118,2025-01-08,11,Weekday,51,95.0,5.864356435643564,95.0,50.43217821782178,89.13564356435644,False,True
118,2026-01-14,11,Weekday,51,95.0,5.864356435643564,95.0,50.43217821782178,89.13564356435644,False,True
118,2025-01-20,8,Weekday,69,98.65384615384616,9.518282641906236,98.65384615384616,54.0860643978762,89.13556351193992,False,True
124,2026-01-27,10,Weekday,15,91.11111111111111,1.9763824770660379,91.11111111111111,46.54374679408858,89.13472863404508,False,True
124,2025-07-11,10,Weekday,15,91.11111111111111,1.9763824770660379,91.11111111111111,46.54374679408858,89.13472863404508,False,True
124,2025-05-05,10,Weekday,15,91.11111111111111,1.9763824770660379,91.11111111111111,46.54374679408858,89.13472863404508,False,True
4,2024-09-13,11,Weekday,1700,7.514450867052023,96.64851485148515,96.64851485148515,52.08148285926858,89.13406398443313,True,False
4,2026-01-27,14,Weekday,1560,0.3853564547206166,89.51792385342976,89.51792385342976,44.95164015407519,89.13256739870914,True,False
124,2025-03-18,14,Weekday,15,91.12271540469973,1.9910976869883155,91.12271540469973,46.55690654584402,89.13161771771142,False,True
124,2025-03-06,14,Weekday,15,91.12271540469973,1.9910976869883155,91.12271540469973,46.55690654584402,89.13161771771142,False,True
124,2025-04-02,14,Weekday,15,91.12271540469973,1.9910976869883155,91.12271540469973,46.55690654584402,89.13161771771142,False,True
124,2025-10-07,14,Weekday,15,91.12271540469973,1.9910976869883155,91.12271540469973,46.55690654584402,89.13161771771142,False,True
124,2025-11-28,14,Weekday,15,91.12271540469973,1.9910976869883155,91.12271540469973,46.55690654584402,89.13161771771142,False,True
124,2025-03-27,14,Weekday,15,91.12271540469973,1.9910976869883155,91.12271540469973,46.55690654584402,89.13161771771142,False,True
124,2024-12-30,14,Weekday,15,91.12271540469973,1.9910976869883155,91.12271540469973,46.55690654584402,89.13161771771142,False,True
124,2025-02-09,17,Weekend,34,93.7062937062937,4.586079488715797,93.7062937062937,49.14618659750475,89.12021421757791,False,True
124,2025-05-17,13,Weekend,79,100.0,10.886315056917036,100.0,55.44315752845852,89.11368494308296,False,True
4,2025-05-27,10,Weekday,1194,5.973025048169557,95.08529650690495,95.08529650690495,50.52916077753726,89.11227145873539,True,False
4,2025-10-26,15,Weekend,2221,1.9417475728155338,91.04853594053974,91.04853594053974,46.49514175667763,89.1067883677242,True,False
118,2026-01-22,8,Weekday,70,98.84615384615385,9.743467650735075,98.84615384615385,54.29481074844446,89.10268619541878,False,True
71,2024-12-08,11,Weekend,28,93.26923076923077,4.167286061146623,93.26923076923077,48.7182584151887,89.10194470808415,False,True
71,2026-03-07,11,Weekend,28,93.26923076923077,4.167286061146623,93.26923076923077,48.7182584151887,89.10194470808415,False,True
71,2024-11-10,11,Weekend,28,93.26923076923077,4.167286061146623,93.26923076923077,48.7182584151887,89.10194470808415,False,True
4,2024-10-24,14,Weekday,2250,6.74373795761079,95.83796995469358,95.83796995469358,51.29085395615218,89.09423199708279,True,False
71,2024-09-23,13,Weekday,76,96.34615384615385,7.2583041178917345,96.34615384615385,51.8022289820228,89.08784972826211,False,True
124,2025-08-02,10,Weekend,13,91.43835616438356,2.371629659000793,91.43835616438356,46.904992911692176,89.06672650538277,False,True
124,2025-05-24,10,Weekend,13,91.43835616438356,2.371629659000793,91.43835616438356,46.904992911692176,89.06672650538277,False,True
4,2024-09-10,15,Weekday,2164,5.973025048169557,95.0387519872814,95.0387519872814,50.50588851772548,89.06572693911184,True,False
46,2025-11-02,0,Weekend,6,98.67256637168141,9.610679714923945,98.67256637168141,54.14162304330268,89.06188665675747,False,True
46,2024-11-02,0,Weekend,6,98.67256637168141,9.610679714923945,98.67256637168141,54.14162304330268,89.06188665675747,False,True
133,2025-07-13,7,Weekend,274,5.288461538461538,94.34969080390984,94.34969080390984,49.819076171185685,89.0612292654483,True,False
4,2024-08-28,12,Weekday,2554,7.89980732177264,96.9606426974296,96.9606426974296,52.43022500960112,89.06083537565696,True,False
4,2025-05-26,13,Weekday,2655,8.092485549132949,97.15273238655496,97.15273238655496,52.62260896784395,89.06024683742201,True,False
118,2026-01-12,14,Weekday,60,95.86538461538461,6.8058977823702405,95.86538461538461,51.335641198877425,89.05948683301438,False,True
118,2026-01-21,14,Weekday,60,95.86538461538461,6.8058977823702405,95.86538461538461,51.335641198877425,89.05948683301438,False,True
118,2025-10-29,14,Weekday,60,95.86538461538461,6.8058977823702405,95.86538461538461,51.335641198877425,89.05948683301438,False,True
118,2024-11-27,14,Weekday,60,95.86538461538461,6.8058977823702405,95.86538461538461,51.335641198877425,89.05948683301438,False,True
71,2024-11-16,9,Weekend,29,94.68599033816425,5.632440476190476,94.68599033816425,50.15921540717736,89.05354986197376,False,True
138,2025-10-04,1,Weekend,4,100.0,10.948032180908893,100.0,55.47401609045445,89.0519678190911,False,True
4,2025-01-12,15,Weekend,2153,1.4563106796116505,90.49982541028582,90.49982541028582,45.978068044948735,89.04351473067418,True,False
118,2025-01-14,12,Weekday,57,93.75,4.710410194510952,93.75,49.23020509725548,89.03958980548904,False,True
118,2025-11-25,12,Weekday,57,93.75,4.710410194510952,93.75,49.23020509725548,89.03958980548904,False,True
118,2025-12-09,12,Weekday,57,93.75,4.710410194510952,93.75,49.23020509725548,89.03958980548904,False,True
118,2025-12-11,12,Weekday,57,93.75,4.710410194510952,93.75,49.23020509725548,89.03958980548904,False,True
138,2025-02-11,10,Weekday,21,91.61849710982659,2.5816805690396465,91.61849710982659,47.10008883943312,89.03681654078694,False,True
138,2025-10-03,10,Weekday,21,91.61849710982659,2.5816805690396465,91.61849710982659,47.10008883943312,89.03681654078694,False,True
138,2025-05-16,10,Weekday,21,91.61849710982659,2.5816805690396465,91.61849710982659,47.10008883943312,89.03681654078694,False,True
138,2024-11-01,10,Weekday,21,91.61849710982659,2.5816805690396465,91.61849710982659,47.10008883943312,89.03681654078694,False,True
118,2026-01-30,10,Weekday,60,97.30250481695568,8.268114362703335,97.30250481695568,52.7853095898295,89.03439045425235,False,True
4,2024-09-14,14,Weekend,2798,6.310679611650485,95.33729168745634,95.33729168745634,50.823985649553414,89.02661207580586,True,False
71,2025-08-16,9,Weekend,36,96.1352657004831,7.110615079365079,96.1352657004831,51.62294038992409,89.02465062111803,False,True
4,2025-07-22,14,Weekday,1567,0.5780346820809248,89.60237659963437,89.60237659963437,45.09020564085765,89.02434191755344,True,False
118,2025-07-18,14,Weekday,83,99.23076923076923,10.209840235275415,99.23076923076923,54.72030473302232,89.02092899549382,False,True
124,2025-02-26,19,Weekday,23,95.42857142857143,6.414814513835276,95.42857142857143,50.921692971203356,89.01375691473615,False,True
138,2025-02-07,11,Weekday,26,91.8918918918919,2.8841584158415845,91.8918918918919,47.38802515386674,89.00773347605032,False,True
138,2026-04-24,11,Weekday,26,91.8918918918919,2.8841584158415845,91.8918918918919,47.38802515386674,89.00773347605032,False,True
138,2026-05-28,11,Weekday,26,91.8918918918919,2.8841584158415845,91.8918918918919,47.38802515386674,89.00773347605032,False,True
71,2025-08-23,18,Weekend,44,97.59615384615384,8.58874021711689,97.59615384615384,53.092447031635366,89.00741362903695,False,True
138,2025-01-11,18,Weekend,22,93.91891891891892,4.912900782630649,93.91891891891892,49.41590985077478,89.00601813628828,False,True
138,2026-03-22,18,Weekend,22,93.91891891891892,4.912900782630649,93.91891891891892,49.41590985077478,89.00601813628828,False,True
138,2026-01-18,18,Weekend,22,93.91891891891892,4.912900782630649,93.91891891891892,49.41590985077478,89.00601813628828,False,True
35,2025-02-16,9,Weekend,821,5.769230769230769,94.77430555555556,94.77430555555556,50.271768162393165,89.00507478632478,True,False
71,2026-02-16,13,Weekday,75,96.15384615384616,7.150355537068949,96.15384615384616,51.652100845457554,89.00349061677721,False,True
181,2025-07-08,2,Weekday,52,1.9662921348314606,90.96969845791179,90.96969845791179,46.467995296371626,89.00340632308033,True,False
118,2025-01-21,10,Weekday,63,97.88053949903662,8.884309801668284,97.88053949903662,53.38242465035245,88.99622969736834,False,True
124,2025-02-25,11,Weekday,15,90.81081081081082,1.8158415841584157,90.81081081081082,46.31332619748462,88.9949692266524,False,True
124,2024-12-23,11,Weekday,15,90.81081081081082,1.8158415841584157,90.81081081081082,46.31332619748462,88.9949692266524,False,True
124,2025-01-07,11,Weekday,15,90.81081081081082,1.8158415841584157,90.81081081081082,46.31332619748462,88.9949692266524,False,True
124,2026-01-15,11,Weekday,15,90.81081081081082,1.8158415841584157,90.81081081081082,46.31332619748462,88.9949692266524,False,True
124,2025-08-22,11,Weekday,15,90.81081081081082,1.8158415841584157,90.81081081081082,46.31332619748462,88.9949692266524,False,True
35,2024-08-10,8,Weekend,633,8.653846153846153,97.64314776223083,97.64314776223083,53.14849695803849,88.98930160838466,True,False
124,2025-05-03,12,Weekend,32,93.33333333333333,4.350411257556238,93.33333333333333,48.84187229544478,88.9829220757771,False,True
118,2025-01-02,10,Weekday,50,95.37572254335261,6.393770680192586,95.37572254335261,50.8847466117726,88.98195186316002,False,True
118,2024-09-27,10,Weekday,50,95.37572254335261,6.393770680192586,95.37572254335261,50.8847466117726,88.98195186316002,False,True
118,2025-01-14,10,Weekday,50,95.37572254335261,6.393770680192586,95.37572254335261,50.8847466117726,88.98195186316002,False,True
71,2024-11-02,8,Weekend,21,95.65217391304348,6.671132281432966,95.65217391304348,51.16165309723822,88.98104163161052,False,True
71,2026-07-04,17,Weekend,28,93.02884615384616,4.049330936688636,93.02884615384616,48.5390885452674,88.97951521715753,False,True
71,2026-02-14,17,Weekend,28,93.02884615384616,4.049330936688636,93.02884615384616,48.5390885452674,88.97951521715753,False,True
118,2025-01-14,9,Weekday,71,99.03660886319847,10.057317387596438,99.03660886319847,54.546963125397454,88.97929147560203,False,True
118,2026-01-12,10,Weekday,64,98.07321772639692,9.099284737770205,98.07321772639692,53.58625123208356,88.97393298862671,False,True
4,2024-10-12,12,Weekend,2594,7.766990291262135,96.7322366465167,96.7322366465167,52.249613468889414,88.96524635525456,True,False
138,2026-01-17,17,Weekend,20,92.02898550724638,3.065708008787697,92.02898550724638,47.547346758017035,88.96327749845868,False,True
138,2026-01-25,17,Weekend,20,92.02898550724638,3.065708008787697,92.02898550724638,47.547346758017035,88.96327749845868,False,True
138,2024-12-29,17,Weekend,20,92.02898550724638,3.065708008787697,92.02898550724638,47.547346758017035,88.96327749845868,False,True
138,2026-03-28,17,Weekend,20,92.02898550724638,3.065708008787697,92.02898550724638,47.547346758017035,88.96327749845868,False,True
118,2024-11-14,9,Weekday,51,94.99036608863199,6.0302255012792285,94.99036608863199,50.51029579495561,88.96014058735275,False,True
118,2025-01-22,9,Weekday,51,94.99036608863199,6.0302255012792285,94.99036608863199,50.51029579495561,88.96014058735275,False,True
118,2025-07-08,9,Weekday,51,94.99036608863199,6.0302255012792285,94.99036608863199,50.51029579495561,88.96014058735275,False,True
4,2024-08-12,11,Weekday,1702,7.7071290944123305,96.65841584158416,96.65841584158416,52.18277246799825,88.95128674717182,True,False
118,2026-01-28,10,Weekday,65,98.26589595375722,9.32119434923025,98.26589595375722,53.79354515149374,88.94470160452697,False,True
181,2025-07-17,2,Weekday,53,2.387640449438202,91.33189274138101,91.33189274138101,46.85976659540961,88.9442522919428,True,False
181,2026-07-22,2,Weekday,53,2.387640449438202,91.33189274138101,91.33189274138101,46.85976659540961,88.9442522919428,True,False
138,2024-11-29,15,Weekday,23,91.93857965451056,2.9968203497615264,91.93857965451056,47.46770000213604,88.94175930474904,False,True
138,2025-06-20,15,Weekday,23,91.93857965451056,2.9968203497615264,91.93857965451056,47.46770000213604,88.94175930474904,False,True
138,2025-05-22,15,Weekday,23,91.93857965451056,2.9968203497615264,91.93857965451056,47.46770000213604,88.94175930474904,False,True
138,2025-04-15,15,Weekday,23,91.93857965451056,2.9968203497615264,91.93857965451056,47.46770000213604,88.94175930474904,False,True
138,2025-12-22,15,Weekday,23,91.93857965451056,2.9968203497615264,91.93857965451056,47.46770000213604,88.94175930474904,False,True
138,2025-01-02,15,Weekday,23,91.93857965451056,2.9968203497615264,91.93857965451056,47.46770000213604,88.94175930474904,False,True
138,2025-11-20,15,Weekday,23,91.93857965451056,2.9968203497615264,91.93857965451056,47.46770000213604,88.94175930474904,False,True
138,2026-01-02,15,Weekday,23,91.93857965451056,2.9968203497615264,91.93857965451056,47.46770000213604,88.94175930474904,False,True
138,2025-02-21,15,Weekday,23,91.93857965451056,2.9968203497615264,91.93857965451056,47.46770000213604,88.94175930474904,False,True
4,2026-06-04,14,Weekday,2256,6.9364161849710975,95.86479612113504,95.86479612113504,51.40060615305307,88.92837993616395,True,False
84,2026-01-07,18,Weekday,1687,1.5384615384615385,90.46628061286042,90.46628061286042,46.002371075660974,88.92781907439888,True,False
71,2024-12-03,13,Weekday,103,99.42307692307692,10.495771188622815,99.42307692307692,54.959424055849865,88.92730573445411,False,True
138,2025-07-13,9,Weekend,15,92.23300970873787,3.3060515873015874,92.23300970873787,47.769530648019725,88.92695812143629,False,True
138,2025-03-30,9,Weekend,15,92.23300970873787,3.3060515873015874,92.23300970873787,47.769530648019725,88.92695812143629,False,True
138,2025-05-11,9,Weekend,15,92.23300970873787,3.3060515873015874,92.23300970873787,47.769530648019725,88.92695812143629,False,True
118,2026-01-27,10,Weekday,62,97.59152215799615,8.66834419765806,97.59152215799615,53.129933177827105,88.9231779603381,False,True
118,2026-01-21,10,Weekday,62,97.59152215799615,8.66834419765806,97.59152215799615,53.129933177827105,88.9231779603381,False,True
140,2026-01-11,21,Weekend,4,92.0,3.0807660283097418,92.0,47.54038301415487,88.91923397169026,False,True
118,2024-10-03,15,Weekday,60,95.28846153846153,6.371224165341813,95.28846153846153,50.829842851901674,88.91723737311972,False,True
118,2026-01-12,15,Weekday,60,95.28846153846153,6.371224165341813,95.28846153846153,50.829842851901674,88.91723737311972,False,True
133,2026-01-09,6,Weekday,394,7.142857142857142,96.05862466851556,96.05862466851556,51.60074090568635,88.91576752565842,True,False
124,2024-12-28,20,Weekend,14,95.55555555555556,6.646269347457191,95.55555555555556,51.100912451506375,88.90928620809837,False,True
181,2025-07-22,2,Weekday,55,3.089887640449438,91.99857577841077,91.99857577841077,47.5442317094301,88.90868813796133,True,False
181,2026-01-12,2,Weekday,55,3.089887640449438,91.99857577841077,91.99857577841077,47.5442317094301,88.90868813796133,True,False
181,2025-09-01,2,Weekday,55,3.089887640449438,91.99857577841077,91.99857577841077,47.5442317094301,88.90868813796133,True,False
4,2025-10-26,11,Weekend,1400,0.48543689320388345,89.39348892522669,89.39348892522669,44.93946290921529,88.90805203202281,True,False
118,2026-01-21,11,Weekday,50,94.61538461538461,5.715841584158416,94.61538461538461,50.16561309977151,88.8995430312262,False,True
118,2025-03-20,8,Weekday,65,97.59615384615384,8.701862984346171,97.59615384615384,53.14900841525001,88.89429086180766,False,True
118,2025-03-11,8,Weekday,65,97.59615384615384,8.701862984346171,97.59615384615384,53.14900841525001,88.89429086180766,False,True
118,2025-09-30,8,Weekday,65,97.59615384615384,8.701862984346171,97.59615384615384,53.14900841525001,88.89429086180766,False,True
118,2025-09-11,8,Weekday,65,97.59615384615384,8.701862984346171,97.59615384615384,53.14900841525001,88.89429086180766,False,True
4,2024-08-13,10,Weekday,1198,6.262042389210019,95.15464326048621,95.15464326048621,50.70834282484812,88.89260087127619,True,False
4,2026-05-07,10,Weekday,1198,6.262042389210019,95.15464326048621,95.15464326048621,50.70834282484812,88.89260087127619,True,False
71,2025-12-15,13,Weekday,102,99.23076923076923,10.345237387842415,99.23076923076923,54.78800330930582,88.88553184292681,False,True
4,2024-10-21,12,Weekday,2559,8.092485549132949,96.97746205750242,96.97746205750242,52.53497380331768,88.88497650836948,True,False
4,2026-05-03,15,Weekend,2712,5.825242718446602,94.70993166059759,94.70993166059759,50.2675871895221,88.88468894215099,True,False
4,2024-08-27,13,Weekday,2659,8.285163776493256,97.16956840374749,97.16956840374749,52.72736609012037,88.88440462725424,True,False
138,2025-03-03,13,Weekday,41,92.99424184261036,4.109968902885892,92.99424184261036,48.55210537274813,88.88427293972447,False,True
138,2025-03-05,13,Weekday,41,92.99424184261036,4.109968902885892,92.99424184261036,48.55210537274813,88.88427293972447,False,True
138,2025-03-25,13,Weekday,41,92.99424184261036,4.109968902885892,92.99424184261036,48.55210537274813,88.88427293972447,False,True
138,2025-12-11,13,Weekday,41,92.99424184261036,4.109968902885892,92.99424184261036,48.55210537274813,88.88427293972447,False,True
181,2026-02-18,1,Weekday,103,5.477528089887641,94.36143054547158,94.36143054547158,49.91947931767961,88.88390245558394,True,False
181,2026-06-10,1,Weekday,103,5.477528089887641,94.36143054547158,94.36143054547158,49.91947931767961,88.88390245558394,True,False
138,2025-06-26,12,Weekday,112,100.0,11.116607634010725,100.0,55.55830381700536,88.88339236598928,False,True
4,2024-08-19,15,Weekday,2165,6.165703275529865,95.04868839427662,95.04868839427662,50.607195834903244,88.88298511874676,True,False
138,2025-08-17,14,Weekend,28,92.78846153846155,3.9217642949805414,92.78846153846155,48.35511291672105,88.866697243481,False,True
124,2025-05-25,15,Weekend,23,92.08860759493672,3.2224272958547413,92.08860759493672,47.65551744539573,88.86618029908198,False,True
124,2025-10-04,15,Weekend,23,92.08860759493672,3.2224272958547413,92.08860759493672,47.65551744539573,88.86618029908198,False,True
4,2025-03-16,15,Weekend,2248,2.4271844660194173,91.29046740160622,91.29046740160622,46.85882593381282,88.86328293558681,True,False
4,2025-03-16,12,Weekend,1794,0.9708737864077669,89.83252403131503,89.83252403131503,45.4016989088614,88.86165024490727,True,False
124,2025-01-04,11,Weekend,19,91.8918918918919,3.0325553738665083,91.8918918918919,47.46222363287921,88.85933651802539,False,True
124,2025-01-22,18,Weekday,33,94.11764705882352,5.273052640045039,94.11764705882352,49.69534984943428,88.84459441877848,False,True
84,2025-06-09,18,Weekday,1696,1.7307692307692308,90.57284754896047,90.57284754896047,46.15180838986485,88.84207831819124,True,False
133,2025-05-25,6,Weekend,158,6.730769230769231,95.56347484763971,95.56347484763971,51.14712203920447,88.83270561687048,True,False
4,2026-02-08,13,Weekend,2909,7.766990291262135,96.59243425958145,96.59243425958145,52.17971227542179,88.82544396831932,True,False
124,2025-05-17,12,Weekend,81,100.0,11.178277673174115,100.0,55.589138836587054,88.82172232682589,False,True
124,2025-07-13,12,Weekend,28,92.66666666666666,3.845010405311664,92.66666666666666,48.25583853598916,88.82165626135499,False,True
71,2026-01-05,13,Weekday,74,95.86538461538461,7.046368372056174,95.86538461538461,51.455876493720396,88.81901624332843,False,True
71,2024-08-30,13,Weekday,74,95.86538461538461,7.046368372056174,95.86538461538461,51.455876493720396,88.81901624332843,False,True
4,2024-09-15,10,Weekend,1180,4.611650485436893,93.4278350515464,93.4278350515464,49.019742768491646,88.8161845661095,True,False
4,2025-11-08,10,Weekend,1180,4.611650485436893,93.4278350515464,93.4278350515464,49.019742768491646,88.8161845661095,True,False
46,2026-02-28,22,Weekend,9,97.2560975609756,8.442098694815662,97.2560975609756,52.84909812789563,88.81399886615995,False,True
46,2025-10-18,22,Weekend,9,97.2560975609756,8.442098694815662,97.2560975609756,52.84909812789563,88.81399886615995,False,True
4,2024-09-15,11,Weekend,1992,7.281553398058252,96.08294930875576,96.08294930875576,51.682251353407004,88.80139591069751,True,False
71,2026-04-18,16,Weekend,32,92.78846153846155,3.9897200459104747,92.78846153846155,48.38909079218601,88.79874149255107,False,True
188,2026-07-12,4,Weekend,2,100.0,11.202900273386426,100.0,55.60145013669322,88.79709972661357,False,True
124,2025-08-23,14,Weekend,30,92.85714285714286,4.071449955094302,92.85714285714286,48.46429640611858,88.78569290204857,False,True
4,2024-08-30,11,Weekday,1707,7.89980732177264,96.68514851485148,96.68514851485148,52.29247791831206,88.78534119307884,True,False
133,2025-07-14,6,Weekday,397,7.335907335907336,96.11226947913926,96.11226947913926,51.7240884075233,88.77636214323192,True,False
138,2025-10-07,18,Weekday,23,92.61213720316623,3.8364096996018824,92.61213720316623,48.22427345138406,88.77572750356434,False,True
138,2025-02-11,18,Weekday,23,92.61213720316623,3.8364096996018824,92.61213720316623,48.22427345138406,88.77572750356434,False,True
138,2025-03-19,18,Weekday,23,92.61213720316623,3.8364096996018824,92.61213720316623,48.22427345138406,88.77572750356434,False,True
138,2026-01-26,18,Weekday,23,92.61213720316623,3.8364096996018824,92.61213720316623,48.22427345138406,88.77572750356434,False,True
138,2025-11-19,18,Weekday,23,92.61213720316623,3.8364096996018824,92.61213720316623,48.22427345138406,88.77572750356434,False,True
118,2025-04-22,13,Weekday,57,94.32692307692308,5.556876027492226,94.32692307692308,49.94189955220765,88.77004704943086,False,True
118,2025-01-09,13,Weekday,57,94.32692307692308,5.556876027492226,94.32692307692308,49.94189955220765,88.77004704943086,False,True
118,2025-11-24,13,Weekday,57,94.32692307692308,5.556876027492226,94.32692307692308,49.94189955220765,88.77004704943086,False,True
118,2025-07-11,13,Weekday,57,94.32692307692308,5.556876027492226,94.32692307692308,49.94189955220765,88.77004704943086,False,True
118,2025-06-12,13,Weekday,57,94.32692307692308,5.556876027492226,94.32692307692308,49.94189955220765,88.77004704943086,False,True
118,2025-01-23,13,Weekday,57,94.32692307692308,5.556876027492226,94.32692307692308,49.94189955220765,88.77004704943086,False,True
118,2024-12-19,11,Weekday,49,94.32692307692308,5.561386138613861,94.32692307692308,49.94415460776847,88.76553693830922,False,True
118,2025-02-19,11,Weekday,49,94.32692307692308,5.561386138613861,94.32692307692308,49.94415460776847,88.76553693830922,False,True
71,2024-10-12,8,Weekend,23,96.1352657004831,7.375707055671331,96.1352657004831,51.755486378077215,88.75955864481178,False,True
181,2025-06-26,0,Weekday,172,5.056179775280898,93.80821314543653,93.80821314543653,49.43219646035871,88.75203337015563,True,False
4,2025-02-03,14,Weekday,2260,7.129094412331407,95.87473173833558,95.87473173833558,51.5019130753335,88.74563732600417,True,False
133,2024-08-15,5,Weekday,119,7.2393822393822385,95.980072893528,95.980072893528,51.60972756645512,88.74069065414577,True,False
133,2025-07-07,5,Weekday,119,7.2393822393822385,95.980072893528,95.980072893528,51.60972756645512,88.74069065414577,True,False
124,2026-02-04,6,Weekday,5,92.93478260869566,4.1984655559829145,92.93478260869566,48.56662408233929,88.73631705271274,False,True
124,2025-04-23,6,Weekday,5,92.93478260869566,4.1984655559829145,92.93478260869566,48.56662408233929,88.73631705271274,False,True
124,2025-01-24,6,Weekday,5,92.93478260869566,4.1984655559829145,92.93478260869566,48.56662408233929,88.73631705271274,False,True
124,2025-09-26,6,Weekday,5,92.93478260869566,4.1984655559829145,92.93478260869566,48.56662408233929,88.73631705271274,False,True
124,2025-10-08,6,Weekday,5,92.93478260869566,4.1984655559829145,92.93478260869566,48.56662408233929,88.73631705271274,False,True
124,2025-01-07,6,Weekday,5,92.93478260869566,4.1984655559829145,92.93478260869566,48.56662408233929,88.73631705271274,False,True
124,2025-05-13,12,Weekday,25,90.71246819338423,1.977758869739003,90.71246819338423,46.345113531561616,88.73470932364522,False,True
124,2026-01-26,12,Weekday,25,90.71246819338423,1.977758869739003,90.71246819338423,46.345113531561616,88.73470932364522,False,True
124,2025-01-28,12,Weekday,25,90.71246819338423,1.977758869739003,90.71246819338423,46.345113531561616,88.73470932364522,False,True
124,2025-01-09,12,Weekday,25,90.71246819338423,1.977758869739003,90.71246819338423,46.345113531561616,88.73470932364522,False,True
124,2025-07-07,12,Weekday,25,90.71246819338423,1.977758869739003,90.71246819338423,46.345113531561616,88.73470932364522,False,True
124,2025-04-02,12,Weekday,25,90.71246819338423,1.977758869739003,90.71246819338423,46.345113531561616,88.73470932364522,False,True
4,2024-08-14,13,Weekday,2668,8.477842003853564,97.20026937627509,97.20026937627509,52.83905569006433,88.72242737242152,True,False
138,2025-10-09,12,Weekday,38,91.92307692307692,3.2016146585669905,91.92307692307692,47.56234579082196,88.72146226450992,False,True
138,2025-12-04,12,Weekday,38,91.92307692307692,3.2016146585669905,91.92307692307692,47.56234579082196,88.72146226450992,False,True
138,2024-12-04,12,Weekday,38,91.92307692307692,3.2016146585669905,91.92307692307692,47.56234579082196,88.72146226450992,False,True
138,2025-12-11,12,Weekday,38,91.92307692307692,3.2016146585669905,91.92307692307692,47.56234579082196,88.72146226450992,False,True
138,2025-05-13,12,Weekday,38,91.92307692307692,3.2016146585669905,91.92307692307692,47.56234579082196,88.72146226450992,False,True
138,2025-03-11,12,Weekday,38,91.92307692307692,3.2016146585669905,91.92307692307692,47.56234579082196,88.72146226450992,False,True
138,2025-10-16,12,Weekday,38,91.92307692307692,3.2016146585669905,91.92307692307692,47.56234579082196,88.72146226450992,False,True
71,2024-09-07,18,Weekend,43,97.11538461538461,8.396869477404696,97.11538461538461,52.75612704639465,88.71851513797992,False,True
46,2026-03-08,22,Weekend,8,96.34146341463415,7.623108522697727,96.34146341463415,51.982285968665934,88.71835489193643,False,True
4,2025-05-26,15,Weekday,2171,6.358381502890173,95.07551669316375,95.07551669316375,50.71694909802696,88.71713519027358,True,False
71,2026-07-08,14,Weekday,40,93.54527938342967,4.843613385263493,93.54527938342967,49.194446384346584,88.70166599816618,False,True
71,2026-08-03,14,Weekday,40,93.54527938342967,4.843613385263493,93.54527938342967,49.194446384346584,88.70166599816618,False,True
4,2024-09-12,12,Weekday,2561,8.285163776493256,96.98636642459981,96.98636642459981,52.635765100546536,88.70120264810654,True,False
138,2024-12-19,22,Weekday,4,92.7927927927928,4.093998794354252,92.7927927927928,48.44339579357352,88.69879399843855,False,True
138,2024-10-22,22,Weekday,4,92.7927927927928,4.093998794354252,92.7927927927928,48.44339579357352,88.69879399843855,False,True
138,2025-03-14,22,Weekday,4,92.7927927927928,4.093998794354252,92.7927927927928,48.44339579357352,88.69879399843855,False,True
138,2025-02-25,22,Weekday,4,92.7927927927928,4.093998794354252,92.7927927927928,48.44339579357352,88.69879399843855,False,True
138,2024-11-29,22,Weekday,4,92.7927927927928,4.093998794354252,92.7927927927928,48.44339579357352,88.69879399843855,False,True
84,2026-07-22,18,Weekday,1701,1.9230769230769231,90.62009892628785,90.62009892628785,46.271587924682386,88.69702200321093,True,False
188,2026-03-01,1,Weekend,2,94.11764705882352,5.425092411393781,94.11764705882352,49.77136973510865,88.69255464742974,False,True
188,2025-11-02,1,Weekend,2,94.11764705882352,5.425092411393781,94.11764705882352,49.77136973510865,88.69255464742974,False,True
188,2026-01-18,1,Weekend,2,94.11764705882352,5.425092411393781,94.11764705882352,49.77136973510865,88.69255464742974,False,True
24,2025-04-13,7,Weekend,203,1.951219512195122,90.639337721923,90.639337721923,46.29527861705906,88.68811820972788,True,False
71,2024-09-29,12,Weekend,32,93.02884615384616,4.350411257556238,93.02884615384616,48.689628705701196,88.67843489628993,False,True
71,2026-04-19,12,Weekend,32,93.02884615384616,4.350411257556238,93.02884615384616,48.689628705701196,88.67843489628993,False,True
71,2025-04-06,12,Weekend,32,93.02884615384616,4.350411257556238,93.02884615384616,48.689628705701196,88.67843489628993,False,True
71,2025-04-20,12,Weekend,32,93.02884615384616,4.350411257556238,93.02884615384616,48.689628705701196,88.67843489628993,False,True
118,2024-12-30,10,Weekday,47,94.60500963391137,5.938063442372847,94.60500963391137,50.27153653814211,88.66694619153851,False,True
188,2026-05-02,21,Weekend,10,95.8904109589041,7.230953372189841,95.8904109589041,51.56068216554697,88.65945758671425,False,True
4,2024-10-05,14,Weekend,2816,6.796116504854369,95.45454545454545,95.45454545454545,51.12533097969991,88.65842894969109,True,False
71,2026-07-31,16,Weekday,60,94.21965317919076,5.567592279711383,94.21965317919076,49.89362272945107,88.65206089947938,False,True
71,2026-02-02,16,Weekday,60,94.21965317919076,5.567592279711383,94.21965317919076,49.89362272945107,88.65206089947938,False,True
71,2026-03-17,16,Weekday,60,94.21965317919076,5.567592279711383,94.21965317919076,49.89362272945107,88.65206089947938,False,True
138,2026-01-14,19,Weekday,20,94.37299035369774,5.722034862459876,94.37299035369774,50.04751260807881,88.65095549123787,False,True
138,2024-12-12,19,Weekday,20,94.37299035369774,5.722034862459876,94.37299035369774,50.04751260807881,88.65095549123787,False,True
138,2026-01-01,19,Weekday,20,94.37299035369774,5.722034862459876,94.37299035369774,50.04751260807881,88.65095549123787,False,True
138,2026-02-27,19,Weekday,20,94.37299035369774,5.722034862459876,94.37299035369774,50.04751260807881,88.65095549123787,False,True
118,2026-07-06,10,Weekday,49,94.89402697495183,6.245170493947019,94.89402697495183,50.56959873444942,88.64885648100481,False,True
118,2024-12-06,10,Weekday,49,94.89402697495183,6.245170493947019,94.89402697495183,50.56959873444942,88.64885648100481,False,True
118,2025-11-25,9,Weekday,50,94.50867052023122,5.861644949524999,94.50867052023122,50.18515773487811,88.64702557070622,False,True
118,2025-06-05,9,Weekday,50,94.50867052023122,5.861644949524999,94.50867052023122,50.18515773487811,88.64702557070622,False,True
181,2025-06-24,0,Weekday,174,5.337078651685393,93.97555873610041,93.97555873610041,49.6563186938929,88.63848008441502,True,False
133,2025-12-26,6,Weekday,250,1.1583011583011582,89.7953399866394,89.7953399866394,45.47682057247028,88.63703882833825,True,False
118,2026-06-08,14,Weekday,86,99.42307692307692,10.787099594626818,99.42307692307692,55.10508825885187,88.6359773284501,False,True
118,2026-01-24,8,Weekend,29,98.55072463768117,9.918626575369654,98.55072463768117,54.234675606525414,88.63209806231151,False,True
4,2024-08-21,10,Weekday,1200,6.551059730250482,95.17940995819382,95.17940995819382,50.86523484422215,88.62835022794333,True,False
181,2025-08-06,2,Weekday,56,3.651685393258427,92.27973676456143,92.27973676456143,47.96571107890993,88.628051371303,True,False
71,2024-11-19,15,Weekday,39,93.25626204238921,4.632352941176471,93.25626204238921,48.94430749178284,88.62390910121275,False,True
71,2025-03-28,15,Weekday,39,93.25626204238921,4.632352941176471,93.25626204238921,48.94430749178284,88.62390910121275,False,True
71,2026-07-30,15,Weekday,39,93.25626204238921,4.632352941176471,93.25626204238921,48.94430749178284,88.62390910121275,False,True
71,2025-06-26,15,Weekday,39,93.25626204238921,4.632352941176471,93.25626204238921,48.94430749178284,88.62390910121275,False,True
71,2025-08-06,15,Weekday,39,93.25626204238921,4.632352941176471,93.25626204238921,48.94430749178284,88.62390910121275,False,True
24,2026-01-21,5,Weekday,91,3.94990366088632,92.55537104531044,92.55537104531044,48.25263735309838,88.60546738442412,True,False
24,2025-12-24,5,Weekday,91,3.94990366088632,92.55537104531044,92.55537104531044,48.25263735309838,88.60546738442412,True,False
4,2024-10-24,11,Weekday,1710,8.092485549132949,96.69504950495049,96.69504950495049,52.39376752704172,88.60256395581754,True,False
4,2024-08-18,10,Weekend,1214,5.339805825242718,93.94082077716098,93.94082077716098,49.64031330120185,88.60101495191826,True,False
4,2025-10-26,16,Weekend,1899,0.48543689320388345,89.08628175058637,89.08628175058637,44.785859321895124,88.60084485738248,True,False
24,2025-11-04,5,Weekday,89,3.5645472061657033,92.16394573961053,92.16394573961053,47.86424647288811,88.59939853344483,True,False
24,2025-01-03,5,Weekday,89,3.5645472061657033,92.16394573961053,92.16394573961053,47.86424647288811,88.59939853344483,True,False
133,2025-06-23,6,Weekday,398,7.5289575289575295,96.127451972712,96.127451972712,51.828204750834765,88.59849444375446,True,False
4,2025-10-26,12,Weekend,1739,0.48543689320388345,89.08185511842235,89.08185511842235,44.78364600581312,88.59641822521847,True,False
124,2025-03-02,13,Weekend,29,92.66666666666666,4.071183576079932,92.66666666666666,48.368925121373294,88.59548309058673,False,True
118,2024-10-13,8,Weekend,28,98.06763285024155,9.474545995832093,98.06763285024155,53.77108942303682,88.59308685440946,False,True
138,2024-12-10,5,Weekday,3,100.0,11.409562423170652,100.0,55.70478121158533,88.59043757682934,False,True
118,2025-01-15,14,Weekday,59,95.28846153846153,6.699586678324458,95.28846153846153,50.99402410839299,88.58887486013708,False,True
118,2025-01-13,14,Weekday,59,95.28846153846153,6.699586678324458,95.28846153846153,50.99402410839299,88.58887486013708,False,True
71,2024-12-01,8,Weekend,20,94.92753623188406,6.3386920710528925,94.92753623188406,50.633114151468476,88.58884416083117,False,True
71,2024-08-31,8,Weekend,20,94.92753623188406,6.3386920710528925,94.92753623188406,50.633114151468476,88.58884416083117,False,True
35,2025-06-29,9,Weekend,824,6.25,94.83878968253968,94.83878968253968,50.54439484126984,88.58878968253968,True,False
71,2026-07-26,13,Weekend,30,92.7536231884058,4.165631058308892,92.7536231884058,48.45962712335734,88.58799213009691,False,True
71,2025-08-09,13,Weekend,30,92.7536231884058,4.165631058308892,92.7536231884058,48.45962712335734,88.58799213009691,False,True
71,2024-11-10,13,Weekend,30,92.7536231884058,4.165631058308892,92.7536231884058,48.45962712335734,88.58799213009691,False,True
138,2024-12-20,21,Weekday,16,99.35064935064936,10.773010968959298,99.35064935064936,55.06183015980433,88.57763838169006,False,True
118,2025-09-26,10,Weekday,68,98.55491329479769,9.980979176160568,98.55491329479769,54.26794623547913,88.57393411863711,False,True
118,2024-12-26,10,Weekday,68,98.55491329479769,9.980979176160568,98.55491329479769,54.26794623547913,88.57393411863711,False,True
4,2026-06-10,14,Weekday,2264,7.321772639691715,95.89460297273666,95.89460297273666,51.60818780621419,88.57283033304495,True,False
4,2024-09-09,15,Weekday,2175,6.551059730250482,95.11128775834659,95.11128775834659,50.83117374429854,88.5602280280961,True,False
71,2025-07-10,17,Weekday,118,99.22630560928434,10.670301028630549,99.22630560928434,54.94830331895744,88.55600458065379,False,True
4,2026-06-10,13,Weekday,2674,8.670520231213873,97.22601857904016,97.22601857904016,52.948269405127014,88.55549834782629,True,False
118,2025-07-09,12,Weekday,56,93.17307692307692,4.624334645903002,93.17307692307692,48.89870578448996,88.54874227717391,False,True
118,2024-11-21,12,Weekday,56,93.17307692307692,4.624334645903002,93.17307692307692,48.89870578448996,88.54874227717391,False,True
4,2024-08-10,12,Weekend,2606,8.25242718446602,96.79912793578436,96.79912793578436,52.525777560125185,88.54670075131834,True,False
124,2025-08-25,17,Weekday,18,90.28169014084507,1.7379280157577444,90.28169014084507,46.00980907830141,88.54376212508733,False,True
124,2026-01-29,17,Weekday,18,90.28169014084507,1.7379280157577444,90.28169014084507,46.00980907830141,88.54376212508733,False,True
124,2025-04-09,17,Weekday,18,90.28169014084507,1.7379280157577444,90.28169014084507,46.00980907830141,88.54376212508733,False,True
124,2026-01-22,17,Weekday,18,90.28169014084507,1.7379280157577444,90.28169014084507,46.00980907830141,88.54376212508733,False,True
124,2025-09-25,17,Weekday,18,90.28169014084507,1.7379280157577444,90.28169014084507,46.00980907830141,88.54376212508733,False,True
124,2025-10-28,17,Weekday,18,90.28169014084507,1.7379280157577444,90.28169014084507,46.00980907830141,88.54376212508733,False,True
71,2025-05-26,13,Weekday,73,95.48076923076924,6.937429437280884,95.48076923076924,51.20909933402506,88.54333979348836,False,True
71,2024-10-30,13,Weekday,73,95.48076923076924,6.937429437280884,95.48076923076924,51.20909933402506,88.54333979348836,False,True
133,2025-11-04,6,Weekday,260,1.9305019305019304,90.47349136622199,90.47349136622199,46.20199664836196,88.54298943572006,True,False
138,2024-12-29,11,Weekend,25,92.3076923076923,3.765918438134879,92.3076923076923,48.03680537291359,88.54177386955743,False,True
118,2024-12-27,11,Weekday,48,93.9423076923077,5.401980198019802,93.9423076923077,49.67214394516375,88.5403274942879,False,True
118,2025-01-23,11,Weekday,48,93.9423076923077,5.401980198019802,93.9423076923077,49.67214394516375,88.5403274942879,False,True
4,2026-06-02,10,Weekday,1208,6.74373795761079,95.2804580848408,95.2804580848408,51.012098021225796,88.53672012723001,True,False
46,2025-06-21,22,Weekend,12,99.39024390243902,10.857469710363475,99.39024390243902,55.12385680640125,88.53277419207555,False,True
35,2025-06-29,8,Weekend,635,9.134615384615383,97.66547583606233,97.66547583606233,53.40004561033886,88.53086045144694,True,False
84,2025-12-25,18,Weekday,1703,2.1153846153846154,90.6452326376322,90.6452326376322,46.38030862650841,88.52984802224759,True,False
124,2025-10-04,17,Weekend,33,93.00699300699301,4.483722788096665,93.00699300699301,48.74535789754484,88.52327021889634,False,True
4,2024-08-09,12,Weekday,2563,8.477842003853564,97.00021766230682,97.00021766230682,52.739029833080195,88.52237565845326,True,False
71,2024-09-22,9,Weekend,28,93.96135265700482,5.438988095238095,93.96135265700482,49.70017037612146,88.52236456176672,False,True
71,2025-06-22,9,Weekend,28,93.96135265700482,5.438988095238095,93.96135265700482,49.70017037612146,88.52236456176672,False,True
181,2026-07-15,2,Weekday,50,1.6853932584269662,90.20602101954621,90.20602101954621,45.94570713898659,88.52062776111924,True,False
124,2025-10-13,18,Weekday,32,93.66515837104072,5.146378734869506,93.66515837104072,49.40576855295511,88.51877963617122,False,True
188,2025-10-18,22,Weekend,7,95.23809523809523,6.720919348967811,95.23809523809523,50.97950729353152,88.51717588912742,False,True
118,2025-07-20,8,Weekend,26,97.10144927536231,8.58886573384936,97.10144927536231,52.84515750460584,88.51258354151295,False,True
118,2025-10-04,8,Weekend,26,97.10144927536231,8.58886573384936,97.10144927536231,52.84515750460584,88.51258354151295,False,True
71,2025-08-03,8,Weekend,26,97.10144927536231,8.58886573384936,97.10144927536231,52.84515750460584,88.51258354151295,False,True
118,2025-01-11,8,Weekend,26,97.10144927536231,8.58886573384936,97.10144927536231,52.84515750460584,88.51258354151295,False,True
71,2026-05-27,17,Weekday,112,98.35589941972921,9.84361632279501,98.35589941972921,54.09975787126211,88.5122830969342,False,True
71,2026-07-24,17,Weekday,112,98.35589941972921,9.84361632279501,98.35589941972921,54.09975787126211,88.5122830969342,False,True
181,2026-07-15,0,Weekday,132,0.5617977528089888,89.07299350434879,89.07299350434879,44.817395628578886,88.5111957515398,True,False
71,2026-02-19,17,Weekday,117,99.03288201160542,10.543960526053999,99.03288201160542,54.78842126882971,88.48892148555143,False,True
133,2024-08-10,6,Weekend,160,7.211538461538461,95.69775849602313,95.69775849602313,51.4546484787808,88.48622003448466,True,False
71,2026-05-28,17,Weekday,109,97.96905222437138,9.484490957203398,97.96905222437138,53.72677159078739,88.48456126716798,False,True
71,2026-07-23,17,Weekday,109,97.96905222437138,9.484490957203398,97.96905222437138,53.72677159078739,88.48456126716798,False,True
133,2026-01-01,6,Weekday,252,1.4478764478764479,89.93198242879411,89.93198242879411,45.689929438335284,88.48410598091766,True,False
133,2024-12-26,6,Weekday,252,1.4478764478764479,89.93198242879411,89.93198242879411,45.689929438335284,88.48410598091766,True,False
181,2025-07-15,2,Weekday,57,4.073033707865169,92.55475886455162,92.55475886455162,48.31389628620839,88.48172515668645,True,False
181,2026-07-09,2,Weekday,57,4.073033707865169,92.55475886455162,92.55475886455162,48.31389628620839,88.48172515668645,True,False
138,2024-12-28,12,Weekend,26,92.0673076923077,3.5873550688732534,92.0673076923077,47.82733138059047,88.47995262343444,False,True
138,2024-11-02,12,Weekend,26,92.0673076923077,3.5873550688732534,92.0673076923077,47.82733138059047,88.47995262343444,False,True
138,2024-10-26,12,Weekend,26,92.0673076923077,3.5873550688732534,92.0673076923077,47.82733138059047,88.47995262343444,False,True
138,2025-08-16,12,Weekend,26,92.0673076923077,3.5873550688732534,92.0673076923077,47.82733138059047,88.47995262343444,False,True
138,2025-01-26,12,Weekend,26,92.0673076923077,3.5873550688732534,92.0673076923077,47.82733138059047,88.47995262343444,False,True
138,2025-10-04,12,Weekend,26,92.0673076923077,3.5873550688732534,92.0673076923077,47.82733138059047,88.47995262343444,False,True
35,2026-07-05,7,Weekend,249,4.807692307692308,93.28495910632356,93.28495910632356,49.04632570700793,88.47726679863125,True,False
71,2024-08-10,8,Weekend,25,96.61835748792271,8.14230425721941,96.61835748792271,52.38033087257106,88.4760532307033,False,True
133,2025-12-31,6,Weekday,403,7.722007722007722,96.19627927690844,96.19627927690844,51.95914349945808,88.47427155490072,True,False
71,2025-08-14,17,Weekday,107,97.678916827853,9.208929388591553,97.678916827853,53.44392310822228,88.46998743926144,False,True
4,2025-09-07,15,Weekend,2719,6.310679611650485,94.77727340749239,94.77727340749239,50.543976509571436,88.4665937958419,True,False
118,2026-01-22,9,Weekday,74,99.22928709055877,10.763372404355328,99.22928709055877,54.99632974745705,88.46591468620345,False,True
84,2026-02-11,18,Weekday,1714,2.307692307692308,90.77190654280773,90.77190654280773,46.53979942525002,88.46421423511542,True,False
118,2025-07-17,14,Weekday,88,99.61538461538461,11.15571099276687,99.61538461538461,55.38554780407574,88.45967362261774,False,True
24,2025-04-18,5,Weekday,94,4.624277456647398,93.0794280661649,93.0794280661649,48.85185276140615,88.45515060951749,True,False
181,2025-09-11,1,Weekday,104,6.03932584269663,94.48439000398155,94.48439000398155,50.261857923339086,88.44506416128492,True,False
181,2026-07-29,1,Weekday,104,6.03932584269663,94.48439000398155,94.48439000398155,50.261857923339086,88.44506416128492,True,False
71,2026-06-25,17,Weekday,102,97.00193423597679,8.559320347784565,97.00193423597679,52.78062729188068,88.44261388819223,False,True
71,2025-06-23,17,Weekday,102,97.00193423597679,8.559320347784565,97.00193423597679,52.78062729188068,88.44261388819223,False,True
181,2026-06-09,0,Weekday,175,5.617977528089887,94.05152482659915,94.05152482659915,49.834751177344515,88.43354729850927,True,False
4,2024-10-17,14,Weekday,2274,7.514450867052023,95.94726174389953,95.94726174389953,51.730856305475776,88.43281087684751,True,False
71,2026-08-06,17,Weekday,116,98.8394584139265,10.406677145301527,98.8394584139265,54.62306777961401,88.43278126862496,False,True
118,2025-02-28,15,Weekday,59,94.71153846153845,6.287758346581876,94.71153846153845,50.49964840406017,88.42378011495657,False,True
118,2026-02-19,15,Weekday,59,94.71153846153845,6.287758346581876,94.71153846153845,50.49964840406017,88.42378011495657,False,True
118,2024-11-07,15,Weekday,59,94.71153846153845,6.287758346581876,94.71153846153845,50.49964840406017,88.42378011495657,False,True
118,2024-11-18,15,Weekday,59,94.71153846153845,6.287758346581876,94.71153846153845,50.49964840406017,88.42378011495657,False,True
35,2025-11-08,7,Weekend,212,2.8846153846153846,91.30760023937762,91.30760023937762,47.096107811996504,88.42298485476223,True,False
24,2025-12-30,5,Weekday,92,4.335260115606936,92.75809269123768,92.75809269123768,48.54667640342231,88.42283257563074,True,False
24,2026-01-13,5,Weekday,92,4.335260115606936,92.75809269123768,92.75809269123768,48.54667640342231,88.42283257563074,True,False
71,2024-10-10,17,Weekday,106,97.48549323017409,9.062692743876962,97.48549323017409,53.274092987025526,88.42280048629712,False,True
118,2025-03-14,9,Weekday,49,94.1233140655106,5.702980900815136,94.1233140655106,49.91314748316287,88.42033316469546,False,True
118,2024-10-11,9,Weekday,49,94.1233140655106,5.702980900815136,94.1233140655106,49.91314748316287,88.42033316469546,False,True
46,2025-03-02,22,Weekend,13,100.0,11.580261036867558,100.0,55.79013051843378,88.41973896313245,False,True
133,2025-04-18,6,Weekday,261,2.1235521235521233,90.54231867041842,90.54231867041842,46.33293539698528,88.4187665468663,True,False
4,2024-08-08,11,Weekday,1711,8.285163776493256,96.7019801980198,96.7019801980198,52.49357198725653,88.41681642152653,True,False
138,2025-09-06,15,Weekend,28,92.0673076923077,3.65391330373622,92.0673076923077,47.860610498021956,88.41339438857148,False,True
138,2026-06-20,15,Weekend,28,92.0673076923077,3.65391330373622,92.0673076923077,47.860610498021956,88.41339438857148,False,True
138,2026-05-23,15,Weekend,28,92.0673076923077,3.65391330373622,92.0673076923077,47.860610498021956,88.41339438857148,False,True
138,2026-08-02,15,Weekend,28,92.0673076923077,3.65391330373622,92.0673076923077,47.860610498021956,88.41339438857148,False,True
4,2024-10-15,15,Weekday,2181,6.74373795761079,95.1510333863275,95.1510333863275,50.947385671969144,88.40729542871671,True,False
124,2025-01-26,17,Weekend,24,91.95804195804196,3.5525264629518674,91.95804195804196,47.75528421049691,88.4055154950901,False,True
124,2025-01-04,17,Weekend,24,91.95804195804196,3.5525264629518674,91.95804195804196,47.75528421049691,88.4055154950901,False,True
118,2025-09-26,11,Weekday,81,99.8076923076923,11.408910891089109,99.8076923076923,55.60830159939071,88.3987814166032,False,True
24,2026-01-14,5,Weekday,95,4.8169556840077075,93.21529470120123,93.21529470120123,49.01612519260447,88.39833901719352,True,False
181,2025-07-25,2,Weekday,61,5.196629213483146,93.59468618013948,93.59468618013948,49.39565769681131,88.39805696665633,True,False
181,2025-09-17,2,Weekday,61,5.196629213483146,93.59468618013948,93.59468618013948,49.39565769681131,88.39805696665633,True,False
181,2025-07-09,2,Weekday,61,5.196629213483146,93.59468618013948,93.59468618013948,49.39565769681131,88.39805696665633,True,False
181,2026-02-04,2,Weekday,61,5.196629213483146,93.59468618013948,93.59468618013948,49.39565769681131,88.39805696665633,True,False
133,2026-06-13,7,Weekend,275,6.009615384615385,94.40704169160183,94.40704169160183,50.20832853810861,88.39742630698645,True,False
133,2025-09-14,7,Weekend,275,6.009615384615385,94.40704169160183,94.40704169160183,50.20832853810861,88.39742630698645,True,False
138,2026-01-15,13,Weekday,40,92.41842610364684,4.021827401113158,92.41842610364684,48.22012675238,88.39659870253368,False,True
138,2025-03-20,13,Weekday,40,92.41842610364684,4.021827401113158,92.41842610364684,48.22012675238,88.39659870253368,False,True
181,2026-07-14,2,Weekday,49,1.4044943820224718,89.80085453295355,89.80085453295355,45.602674457488014,88.39636015093107,True,False
4,2025-01-05,16,Weekend,1946,0.9708737864077669,89.36324167872648,89.36324167872648,45.16705773256712,88.39236789231872,True,False
4,2024-09-25,13,Weekday,2679,8.863198458574182,97.25473884366272,97.25473884366272,53.05896865111845,88.39154038508855,True,False
133,2025-04-25,6,Weekday,255,1.7374517374517375,90.12530618028704,90.12530618028704,45.93137895886939,88.3878544428353,True,False
71,2025-06-28,18,Weekend,42,96.63461538461539,8.250441807624338,96.63461538461539,52.442528596119864,88.38417357699105,False,True
71,2026-07-30,17,Weekday,115,98.64603481624758,10.26243011480074,98.64603481624758,54.45423246552416,88.38360470144684,False,True
118,2025-03-10,10,Weekday,46,94.1233140655106,5.742901864437004,94.1233140655106,49.9331079649738,88.3804122010736,False,True
118,2024-11-18,10,Weekday,46,94.1233140655106,5.742901864437004,94.1233140655106,49.9331079649738,88.3804122010736,False,True
118,2025-06-26,10,Weekday,46,94.1233140655106,5.742901864437004,94.1233140655106,49.9331079649738,88.3804122010736,False,True
118,2026-01-23,10,Weekday,46,94.1233140655106,5.742901864437004,94.1233140655106,49.9331079649738,88.3804122010736,False,True
4,2024-09-12,10,Weekday,1210,6.9364161849710975,95.30918745418161,95.30918745418161,51.12280181957635,88.37277126921052,True,False
4,2024-09-01,13,Weekend,2918,8.25242718446602,96.62474524034398,96.62474524034398,52.438586212405,88.37231805587797,True,False
71,2026-02-20,17,Weekday,105,97.29206963249516,8.92043532758998,97.29206963249516,53.10625248004257,88.37163430490517,False,True
4,2024-08-17,11,Weekend,1999,7.766990291262135,96.1349784450721,96.1349784450721,51.95098436816711,88.36798815380996,True,False
4,2024-08-27,16,Weekday,1981,2.119460500963391,90.48679162774056,90.48679162774056,46.30312606435197,88.36733112677717,True,False
124,2025-01-17,19,Weekday,22,94.57142857142857,6.204542684165617,94.57142857142857,50.38798562779709,88.36688588726295,False,True
124,2025-12-31,19,Weekday,22,94.57142857142857,6.204542684165617,94.57142857142857,50.38798562779709,88.36688588726295,False,True
124,2025-01-14,15,Weekday,14,90.18567639257294,1.819356120826709,90.18567639257294,46.00251625669983,88.36632027174623,False,True
124,2025-04-21,15,Weekday,14,90.18567639257294,1.819356120826709,90.18567639257294,46.00251625669983,88.36632027174623,False,True
124,2025-12-16,15,Weekday,14,90.18567639257294,1.819356120826709,90.18567639257294,46.00251625669983,88.36632027174623,False,True
124,2025-05-22,15,Weekday,14,90.18567639257294,1.819356120826709,90.18567639257294,46.00251625669983,88.36632027174623,False,True
124,2025-05-08,15,Weekday,14,90.18567639257294,1.819356120826709,90.18567639257294,46.00251625669983,88.36632027174623,False,True
124,2025-01-07,15,Weekday,14,90.18567639257294,1.819356120826709,90.18567639257294,46.00251625669983,88.36632027174623,False,True
124,2025-02-24,15,Weekday,14,90.18567639257294,1.819356120826709,90.18567639257294,46.00251625669983,88.36632027174623,False,True
46,2025-10-25,0,Weekend,5,96.46017699115043,8.094883523029466,96.46017699115043,52.27753025708995,88.36529346812097,False,True
46,2025-02-22,0,Weekend,5,96.46017699115043,8.094883523029466,96.46017699115043,52.27753025708995,88.36529346812097,False,True
46,2026-05-02,0,Weekend,5,96.46017699115043,8.094883523029466,96.46017699115043,52.27753025708995,88.36529346812097,False,True
118,2026-01-19,10,Weekday,70,98.84393063583815,10.479285134037369,98.84393063583815,54.66160788493776,88.36464550180078,False,True
71,2026-04-16,13,Weekday,72,95.1923076923077,6.8304712104106,95.1923076923077,51.01138945135915,88.36183648189709,False,True
71,2026-01-25,19,Weekend,33,97.59615384615384,9.238521836506159,97.59615384615384,53.417337841329996,88.35763200964769,False,True
138,2025-08-16,10,Weekend,19,91.70731707317074,3.350515463917526,91.70731707317074,47.52891626854414,88.35680160925321,False,True
138,2025-04-20,10,Weekend,19,91.70731707317074,3.350515463917526,91.70731707317074,47.52891626854414,88.35680160925321,False,True
138,2025-12-07,10,Weekend,19,91.70731707317074,3.350515463917526,91.70731707317074,47.52891626854414,88.35680160925321,False,True
124,2026-01-13,18,Weekday,30,93.21266968325791,4.858849077090119,93.21266968325791,49.035759380174014,88.3538206061678,False,True
35,2026-06-21,7,Weekend,256,5.288461538461538,93.64153201675643,93.64153201675643,49.46499677760898,88.3530704782949,True,False
4,2024-08-16,12,Weekday,2567,8.670520231213873,97.0219838929893,97.0219838929893,52.846252062101584,88.35146366177543,True,False
35,2024-10-06,7,Weekend,268,5.769230769230769,94.12028725314184,94.12028725314184,49.94475901118631,88.35105648391107,True,False
71,2025-12-15,16,Weekday,59,93.83429672447014,5.494046790832654,93.83429672447014,49.664171757651395,88.34024993363748,False,True
4,2024-09-22,10,Weekend,1231,5.825242718446602,94.16137985725615,94.16137985725615,49.99331128785138,88.33613713880955,True,False
4,2026-02-08,14,Weekend,2844,7.281553398058252,95.61421015866681,95.61421015866681,51.44788177836253,88.33265676060856,True,False
133,2024-09-27,5,Weekday,120,7.722007722007722,96.05447605080981,96.05447605080981,51.888241886408764,88.3324683288021,True,False
133,2025-08-15,5,Weekday,120,7.722007722007722,96.05447605080981,96.05447605080981,51.888241886408764,88.3324683288021,True,False
133,2025-05-21,5,Weekday,120,7.722007722007722,96.05447605080981,96.05447605080981,51.888241886408764,88.3324683288021,True,False
35,2026-06-28,7,Weekend,219,3.3653846153846154,91.69658886894075,91.69658886894075,47.53098674216268,88.33120425355614,True,False
181,2026-07-21,2,Weekday,58,4.49438202247191,92.8236420783813,92.8236420783813,48.659012050426604,88.32926005590939,True,False
24,2024-11-05,5,Weekday,86,3.275529865125241,91.60322629342879,91.60322629342879,47.43937807927701,88.32769642830355,True,False
138,2025-01-08,11,Weekday,25,91.11969111969111,2.7920792079207923,91.11969111969111,46.95588516380595,88.32761191177032,False,True
138,2025-04-14,11,Weekday,25,91.11969111969111,2.7920792079207923,91.11969111969111,46.95588516380595,88.32761191177032,False,True
138,2026-06-24,11,Weekday,25,91.11969111969111,2.7920792079207923,91.11969111969111,46.95588516380595,88.32761191177032,False,True
138,2025-04-24,11,Weekday,25,91.11969111969111,2.7920792079207923,91.11969111969111,46.95588516380595,88.32761191177032,False,True
138,2024-10-04,11,Weekday,25,91.11969111969111,2.7920792079207923,91.11969111969111,46.95588516380595,88.32761191177032,False,True
24,2026-07-12,7,Weekend,205,2.4390243902439024,90.7640135647317,90.7640135647317,46.6015189774878,88.3249891744878,True,False
133,2026-07-10,6,Weekday,405,7.915057915057915,96.2337294277212,96.2337294277212,52.07439367138956,88.31867151266329,True,False
24,2024-12-30,5,Weekday,85,3.0828516377649327,91.39942634087429,91.39942634087429,47.24113898931961,88.31657470310935,True,False
71,2026-01-29,17,Weekday,99,96.5183752417795,8.212132667475776,96.5183752417795,52.36525395462763,88.30624257430372,False,True
118,2026-01-21,16,Weekday,99,98.07692307692307,9.774593015166271,98.07692307692307,53.92575804604467,88.30233006175679,False,True
24,2026-01-26,5,Weekday,84,2.8901734104046244,91.19023485518342,91.19023485518342,47.040204132794024,88.30006144477879,True,False
84,2026-08-03,18,Weekday,1763,2.8846153846153846,91.18108336349378,91.18108336349378,47.032849374054585,88.2964679788784,True,False
138,2025-03-08,19,Weekend,21,95.0,6.703654687977196,95.0,50.851827343988596,88.29634531202281,False,True
138,2025-02-01,19,Weekend,21,95.0,6.703654687977196,95.0,50.851827343988596,88.29634531202281,False,True
35,2025-10-26,7,Weekend,278,6.25,94.53919808497906,94.53919808497906,50.39459904248953,88.28919808497906,True,False
118,2025-01-21,16,Weekday,96,97.59615384615384,9.31145520682184,97.59615384615384,53.45380452648784,88.28469863933199,False,True
118,2025-01-10,16,Weekday,96,97.59615384615384,9.31145520682184,97.59615384615384,53.45380452648784,88.28469863933199,False,True
84,2026-01-27,18,Weekday,1716,2.5,90.78397072425302,90.78397072425302,46.64198536212651,88.28397072425302,True,False
118,2025-01-18,8,Weekend,23,95.65217391304348,7.375707055671331,95.65217391304348,51.513940484357406,88.27646685737216,False,True
71,2025-11-21,13,Weekday,71,95.0,6.72450333749282,95.0,50.86225166874641,88.27549666250718,False,True
4,2025-05-17,15,Weekend,2766,6.796116504854369,95.0715817828104,95.0715817828104,50.93384914383238,88.27546527795603,True,False
4,2025-10-26,14,Weekend,2012,0.9708737864077669,89.24508532082626,89.24508532082626,45.107979553617014,88.2742115344185,True,False
35,2024-09-14,9,Weekend,763,5.288461538461538,93.55902777777779,93.55902777777779,49.42374465811966,88.27056623931625,True,False
118,2026-01-23,16,Weekday,98,97.88461538461539,9.619551173746247,97.88461538461539,53.752083279180816,88.26506421086914,False,True
4,2025-05-14,14,Weekday,2278,7.7071290944123305,95.97110722518083,95.97110722518083,51.839118159796584,88.26397813076849,True,False
71,2024-10-03,17,Weekday,101,96.71179883945842,8.448896758918446,96.71179883945842,52.58034779918844,88.26290208053997,False,True
71,2025-08-17,15,Weekend,29,92.02898550724638,3.766149548560882,92.02898550724638,47.897567527903625,88.2628359586855,False,True
71,2024-10-20,15,Weekend,29,92.02898550724638,3.766149548560882,92.02898550724638,47.897567527903625,88.2628359586855,False,True
71,2024-12-14,15,Weekend,29,92.02898550724638,3.766149548560882,92.02898550724638,47.897567527903625,88.2628359586855,False,True
71,2024-09-08,15,Weekend,29,92.02898550724638,3.766149548560882,92.02898550724638,47.897567527903625,88.2628359586855,False,True
4,2026-05-27,11,Weekday,1715,8.477842003853564,96.73564356435644,96.73564356435644,52.606742784105,88.25780156050287,True,False
35,2025-08-30,7,Weekend,236,4.326923076923077,92.57680031917016,92.57680031917016,48.45186169804662,88.24987724224708,True,False
1,2025-06-25,13,Weekday,1926,3.170028818443804,91.41957335551726,91.41957335551726,47.294801086980534,88.24954453707345,True,False
118,2024-12-19,12,Weekday,55,92.78846153846155,4.540237845538912,92.78846153846155,48.66434969200023,88.24822369292264,False,True
118,2025-12-16,12,Weekday,55,92.78846153846155,4.540237845538912,92.78846153846155,48.66434969200023,88.24822369292264,False,True
4,2024-12-25,10,Weekday,913,0.3853564547206166,88.63307642012245,88.63307642012245,44.509216437421536,88.24771996540183,True,False
35,2026-05-31,8,Weekend,656,9.615384615384617,97.86146670636103,97.86146670636103,53.73842566087282,88.24608209097642,True,False
4,2025-05-27,16,Weekday,1905,1.5414258188824663,89.78612176747698,89.78612176747698,45.66377379317973,88.24469594859451,True,False
4,2026-08-04,15,Weekday,2184,6.9364161849710975,95.17488076311605,95.17488076311605,51.05564847404357,88.23846457814496,True,False
188,2025-11-28,22,Weekday,7,95.0354609929078,6.805662377616563,95.0354609929078,50.92056168526218,88.22979861529124,False,True
188,2026-03-20,22,Weekday,7,95.0354609929078,6.805662377616563,95.0354609929078,50.92056168526218,88.22979861529124,False,True
188,2026-04-17,22,Weekday,7,95.0354609929078,6.805662377616563,95.0354609929078,50.92056168526218,88.22979861529124,False,True
118,2026-03-19,6,Weekday,11,98.59437751004016,10.364582278993502,98.59437751004016,54.47947989451683,88.22979523104667,False,True
118,2024-12-02,6,Weekday,11,98.59437751004016,10.364582278993502,98.59437751004016,54.47947989451683,88.22979523104667,False,True
118,2026-01-23,6,Weekday,11,98.59437751004016,10.364582278993502,98.59437751004016,54.47947989451683,88.22979523104667,False,True
118,2024-11-19,6,Weekday,11,98.59437751004016,10.364582278993502,98.59437751004016,54.47947989451683,88.22979523104667,False,True
118,2025-01-15,6,Weekday,11,98.59437751004016,10.364582278993502,98.59437751004016,54.47947989451683,88.22979523104667,False,True
118,2025-11-21,6,Weekday,11,98.59437751004016,10.364582278993502,98.59437751004016,54.47947989451683,88.22979523104667,False,True
118,2024-11-26,6,Weekday,11,98.59437751004016,10.364582278993502,98.59437751004016,54.47947989451683,88.22979523104667,False,True
124,2025-09-29,9,Weekday,11,89.94334277620396,1.7165466769798299,89.94334277620396,45.8299447265919,88.22679609922413,False,True
124,2026-05-21,9,Weekday,11,89.94334277620396,1.7165466769798299,89.94334277620396,45.8299447265919,88.22679609922413,False,True
124,2025-10-13,9,Weekday,11,89.94334277620396,1.7165466769798299,89.94334277620396,45.8299447265919,88.22679609922413,False,True
124,2025-08-14,9,Weekday,11,89.94334277620396,1.7165466769798299,89.94334277620396,45.8299447265919,88.22679609922413,False,True
124,2025-10-02,9,Weekday,11,89.94334277620396,1.7165466769798299,89.94334277620396,45.8299447265919,88.22679609922413,False,True
124,2025-01-09,9,Weekday,11,89.94334277620396,1.7165466769798299,89.94334277620396,45.8299447265919,88.22679609922413,False,True
124,2025-02-27,9,Weekday,11,89.94334277620396,1.7165466769798299,89.94334277620396,45.8299447265919,88.22679609922413,False,True
124,2025-08-13,9,Weekday,11,89.94334277620396,1.7165466769798299,89.94334277620396,45.8299447265919,88.22679609922413,False,True
118,2025-01-20,14,Weekday,58,94.8076923076923,6.58234639535808,94.8076923076923,50.69501935152519,88.22534591233423,False,True
118,2026-01-22,14,Weekday,58,94.8076923076923,6.58234639535808,94.8076923076923,50.69501935152519,88.22534591233423,False,True
118,2025-03-20,14,Weekday,58,94.8076923076923,6.58234639535808,94.8076923076923,50.69501935152519,88.22534591233423,False,True
118,2026-01-28,16,Weekday,89,96.53846153846153,8.321572680832455,96.53846153846153,52.430017109647,88.21688885762907,False,True
4,2024-09-16,13,Weekday,2684,9.05587668593449,97.27256521480777,97.27256521480777,53.16422095037113,88.21668852887328,True,False
124,2025-04-05,14,Weekend,29,92.20779220779221,3.9941123640355256,92.20779220779221,48.10095228591387,88.21367984375668,False,True
71,2024-11-24,10,Weekend,24,92.3076923076923,4.096451229183188,92.3076923076923,48.20207176843775,88.21124107850912,False,True
71,2025-03-08,10,Weekend,24,92.3076923076923,4.096451229183188,92.3076923076923,48.20207176843775,88.21124107850912,False,True
71,2026-07-25,10,Weekend,24,92.3076923076923,4.096451229183188,92.3076923076923,48.20207176843775,88.21124107850912,False,True
181,2026-07-15,1,Weekday,78,1.1235955056179776,89.32594795887299,89.32594795887299,45.224771732245486,88.202352453255,True,False
84,2025-07-02,18,Weekday,1777,3.076923076923077,91.27860216350987,91.27860216350987,47.17776262021648,88.2016790865868,True,False
84,2026-06-04,18,Weekday,1795,3.2692307692307696,91.47062371818072,91.47062371818072,47.369927243705746,88.20139294894994,True,False
4,2026-01-07,16,Weekday,1942,1.9267822736030826,90.1280089049673,90.1280089049673,46.02739558928519,88.20122663136422,True,False
124,2025-03-17,18,Weekday,28,92.76018099547511,4.564281980134314,92.76018099547511,48.66223148780471,88.1958990153408,False,True
4,2024-12-16,16,Weekday,2005,2.5048169556840074,90.6994772307142,90.6994772307142,46.6021470931991,88.19466027503019,True,False
4,2024-09-05,16,Weekday,1983,2.312138728323699,90.50368721302351,90.50368721302351,46.40791297067361,88.19154848469981,True,False
4,2026-06-04,10,Weekday,1211,7.129094412331407,95.31909413326464,95.31909413326464,51.22409427279803,88.18999972093323,True,False
4,2024-10-07,15,Weekday,2201,7.129094412331407,95.3149841017488,95.3149841017488,51.22203925704011,88.1858896894174,True,False
4,2025-01-05,14,Weekend,2059,1.4563106796116505,89.63925755912584,89.63925755912584,45.54778411936874,88.18294687951419,True,False
118,2025-01-14,16,Weekday,101,98.26923076923076,10.090639845753245,98.26923076923076,54.179935307492,88.17859092347751,False,True
84,2025-04-18,18,Weekday,1727,2.6923076923076925,90.86942534282382,90.86942534282382,46.780866517565755,88.17711765051612,True,False
24,2026-01-23,5,Weekday,96,5.202312138728324,93.37704069529211,93.37704069529211,49.28967641701021,88.17472855656379,True,False
24,2026-01-12,5,Weekday,96,5.202312138728324,93.37704069529211,93.37704069529211,49.28967641701021,88.17472855656379,True,False
24,2026-01-20,5,Weekday,96,5.202312138728324,93.37704069529211,93.37704069529211,49.28967641701021,88.17472855656379,True,False
118,2026-01-17,8,Weekend,22,95.16908212560386,6.996129800535873,95.16908212560386,51.08260596306987,88.172952325068,False,True
4,2026-06-20,12,Weekend,2638,8.737864077669903,96.91061341789714,96.91061341789714,52.82423874778352,88.17274934022724,True,False
138,2025-02-21,10,Weekday,70,98.65125240847784,10.479285134037369,98.65125240847784,54.56526877125761,88.17196727444048,False,True
138,2024-11-18,10,Weekday,20,90.65510597302506,2.48558578193418,90.65510597302506,46.57034587747962,88.16952019109088,False,True
138,2025-09-12,10,Weekday,20,90.65510597302506,2.48558578193418,90.65510597302506,46.57034587747962,88.16952019109088,False,True
138,2025-04-25,10,Weekday,20,90.65510597302506,2.48558578193418,90.65510597302506,46.57034587747962,88.16952019109088,False,True
138,2026-01-06,10,Weekday,20,90.65510597302506,2.48558578193418,90.65510597302506,46.57034587747962,88.16952019109088,False,True
138,2024-10-14,10,Weekday,20,90.65510597302506,2.48558578193418,90.65510597302506,46.57034587747962,88.16952019109088,False,True
138,2025-01-09,10,Weekday,20,90.65510597302506,2.48558578193418,90.65510597302506,46.57034587747962,88.16952019109088,False,True
118,2025-01-24,16,Weekday,94,97.21153846153847,9.04211970025244,97.21153846153847,53.126829080895455,88.16941876128602,False,True
118,2025-11-12,16,Weekday,94,97.21153846153847,9.04211970025244,97.21153846153847,53.126829080895455,88.16941876128602,False,True
71,2025-11-01,8,Weekend,19,94.20289855072464,6.038503522873871,94.20289855072464,50.120701036799254,88.16439502785077,False,True
24,2025-04-25,5,Weekday,81,2.4084778420038537,90.56481701136535,90.56481701136535,46.4866474266846,88.1563391693615,True,False
24,2026-04-06,5,Weekday,81,2.4084778420038537,90.56481701136535,90.56481701136535,46.4866474266846,88.1563391693615,True,False
118,2025-01-09,16,Weekday,88,96.34615384615385,8.19336500427359,96.34615384615385,52.26975942521372,88.15278884188027,False,True
118,2025-01-24,11,Weekday,83,100.0,11.848514851485149,100.0,55.924257425742574,88.15148514851485,False,True
133,2025-08-29,6,Weekday,406,8.108108108108109,96.25599708496124,96.25599708496124,52.182052596534675,88.14788897685312,True,False
181,2025-07-29,0,Weekday,177,6.03932584269663,94.18474072443026,94.18474072443026,50.11203328356344,88.14541488173363,True,False
181,2025-07-24,0,Weekday,177,6.03932584269663,94.18474072443026,94.18474072443026,50.11203328356344,88.14541488173363,True,False
1,2025-02-03,13,Weekday,1944,3.45821325648415,91.60179848277774,91.60179848277774,47.53000586963094,88.1435852262936,True,False
118,2025-01-13,9,Weekday,76,99.42196531791907,11.279030562662383,99.42196531791907,55.35049794029073,88.14293475525669,False,True
71,2024-10-20,17,Weekend,27,92.0673076923077,3.927002196924306,92.0673076923077,47.997154944616,88.14030549538339,False,True
71,2024-12-14,17,Weekend,27,92.0673076923077,3.927002196924306,92.0673076923077,47.997154944616,88.14030549538339,False,True
35,2025-02-15,9,Weekend,825,6.730769230769231,94.87103174603175,94.87103174603175,50.80090048840049,88.14026251526252,True,False
124,2025-08-22,10,Weekday,14,90.0,1.8713716787858374,90.0,45.93568583939292,88.12862832121417,False,True
124,2024-12-31,10,Weekday,14,90.0,1.8713716787858374,90.0,45.93568583939292,88.12862832121417,False,True
124,2025-03-14,10,Weekday,14,90.0,1.8713716787858374,90.0,45.93568583939292,88.12862832121417,False,True
124,2025-01-24,10,Weekday,14,90.0,1.8713716787858374,90.0,45.93568583939292,88.12862832121417,False,True
124,2025-12-23,10,Weekday,14,90.0,1.8713716787858374,90.0,45.93568583939292,88.12862832121417,False,True
181,2026-07-28,1,Weekday,105,6.460674157303371,94.58744174063752,94.58744174063752,50.524057948970444,88.12676758333414,True,False
71,2026-07-23,16,Weekday,58,93.54527938342967,5.418513586038284,93.54527938342967,49.48189648473398,88.12676579739139,False,True
71,2026-07-16,16,Weekday,58,93.54527938342967,5.418513586038284,93.54527938342967,49.48189648473398,88.12676579739139,False,True
71,2024-10-22,14,Weekday,39,92.8709055876686,4.747237898418249,92.8709055876686,48.809071743043425,88.12366768925035,False,True
71,2025-09-30,14,Weekday,39,92.8709055876686,4.747237898418249,92.8709055876686,48.809071743043425,88.12366768925035,False,True
71,2025-07-31,14,Weekday,39,92.8709055876686,4.747237898418249,92.8709055876686,48.809071743043425,88.12366768925035,False,True
71,2025-06-05,14,Weekday,39,92.8709055876686,4.747237898418249,92.8709055876686,48.809071743043425,88.12366768925035,False,True
71,2026-05-21,14,Weekday,39,92.8709055876686,4.747237898418249,92.8709055876686,48.809071743043425,88.12366768925035,False,True
118,2025-03-04,8,Weekday,64,96.63461538461539,8.513382139951988,96.63461538461539,52.573998762283686,88.1212332446634,False,True
118,2025-01-21,8,Weekday,64,96.63461538461539,8.513382139951988,96.63461538461539,52.573998762283686,88.1212332446634,False,True
118,2026-05-05,8,Weekday,64,96.63461538461539,8.513382139951988,96.63461538461539,52.573998762283686,88.1212332446634,False,True
118,2025-10-29,8,Weekday,64,96.63461538461539,8.513382139951988,96.63461538461539,52.573998762283686,88.1212332446634,False,True
118,2025-10-01,8,Weekday,64,96.63461538461539,8.513382139951988,96.63461538461539,52.573998762283686,88.1212332446634,False,True
118,2025-02-25,8,Weekday,64,96.63461538461539,8.513382139951988,96.63461538461539,52.573998762283686,88.1212332446634,False,True
71,2026-07-28,17,Weekday,97,96.13152804642166,8.028093352698912,96.13152804642166,52.07981069956029,88.10343469372275,False,True
71,2025-11-13,17,Weekday,97,96.13152804642166,8.028093352698912,96.13152804642166,52.07981069956029,88.10343469372275,False,True
71,2026-06-24,17,Weekday,97,96.13152804642166,8.028093352698912,96.13152804642166,52.07981069956029,88.10343469372275,False,True
4,2024-08-25,16,Weekend,1968,1.4563106796116505,89.55536703428315,89.55536703428315,45.5058388569474,88.0990563546715,True,False
4,2024-09-08,16,Weekend,2140,2.912621359223301,91.01003044064075,91.01003044064075,46.96132589993202,88.09740908141745,True,False
118,2025-01-23,16,Weekday,87,96.15384615384616,8.06018803792562,96.15384615384616,52.107017095885894,88.09365811592053,False,True
71,2025-12-05,13,Weekday,70,94.71153846153845,6.622496880385049,94.71153846153845,50.66701767096175,88.08904158115341,False,True
71,2025-05-05,13,Weekday,70,94.71153846153845,6.622496880385049,94.71153846153845,50.66701767096175,88.08904158115341,False,True
24,2026-06-08,5,Weekday,82,2.697495183044316,90.78263495007441,90.78263495007441,46.74006506655936,88.0851397670301,True,False
4,2025-06-09,12,Weekday,2569,8.959537572254336,97.04078200130597,97.04078200130597,53.00015978678015,88.08124442905164,True,False
4,2025-11-04,12,Weekday,2569,8.959537572254336,97.04078200130597,97.04078200130597,53.00015978678015,88.08124442905164,True,False
4,2025-05-21,14,Weekday,2279,7.89980732177264,95.98004928066132,95.98004928066132,51.93992830121698,88.08024195888868,True,False
138,2026-05-10,13,Weekend,28,92.02898550724638,3.951881493264403,92.02898550724638,47.99043350025539,88.07710401398197,False,True
138,2025-01-19,13,Weekend,28,92.02898550724638,3.951881493264403,92.02898550724638,47.99043350025539,88.07710401398197,False,True
138,2025-09-06,13,Weekend,28,92.02898550724638,3.951881493264403,92.02898550724638,47.99043350025539,88.07710401398197,False,True
138,2026-04-05,13,Weekend,28,92.02898550724638,3.951881493264403,92.02898550724638,47.99043350025539,88.07710401398197,False,True
71,2026-01-06,13,Weekday,110,99.61538461538461,11.538613900608077,99.61538461538461,55.57699925799635,88.07677071477653,False,True
181,2025-07-03,1,Weekday,107,6.741573033707865,94.81579502072745,94.81579502072745,50.77868402721766,88.07422198701958,True,False
4,2024-09-01,16,Weekend,2193,3.3980582524271843,91.4716303208743,91.4716303208743,47.434844286650744,88.0735720684471,True,False
4,2025-12-25,11,Weekday,1716,8.670520231213873,96.74356435643564,96.74356435643564,52.707042293824756,88.07304412522177,True,False
118,2024-12-27,10,Weekday,72,99.03660886319847,10.963721741197915,99.03660886319847,55.00016530219819,88.07288712200055,False,True
138,2024-12-31,22,Weekday,13,100.0,11.932774856050054,100.0,55.96638742802503,88.06722514394994,False,True
188,2026-03-06,22,Weekday,13,100.0,11.932774856050054,100.0,55.96638742802503,88.06722514394994,False,True
35,2026-05-17,8,Weekend,372,1.9230769230769231,89.98709933511958,89.98709933511958,45.95508812909825,88.06402241204266,True,False
4,2024-09-11,16,Weekday,1906,1.7341040462427744,89.79307877318173,89.79307877318173,45.763591409712255,88.05897472693896,True,False
35,2025-06-15,7,Weekend,283,6.730769230769231,94.7835627368841,94.7835627368841,50.75716598382666,88.05279350611487,True,False
4,2026-01-09,16,Weekday,1863,1.348747591522158,89.4014987378004,89.4014987378004,45.375123164661275,88.05275114627824,True,False
4,2025-02-03,10,Weekday,1216,7.321772639691715,95.37259020031306,95.37259020031306,51.347181420002386,88.05081756062134,True,False
71,2024-12-17,15,Weekday,38,92.58188824662813,4.536963434022258,92.58188824662813,48.55942584032519,88.04492481260587,False,True
71,2025-05-01,15,Weekday,38,92.58188824662813,4.536963434022258,92.58188824662813,48.55942584032519,88.04492481260587,False,True
124,2025-05-23,22,Weekday,2,90.0,1.958134990749787,90.0,45.97906749537489,88.04186500925022,False,True
124,2026-03-06,22,Weekday,2,90.0,1.958134990749787,90.0,45.97906749537489,88.04186500925022,False,True
124,2026-06-27,15,Weekend,22,91.13924050632912,3.0977203571606724,91.13924050632912,47.11848043174489,88.04152014916845,False,True
118,2026-01-21,12,Weekday,54,92.5,4.464056038150266,92.5,48.48202801907513,88.03594396184974,False,True
84,2025-08-12,18,Weekday,1797,3.4615384615384617,91.4947520810713,91.4947520810713,47.47814527130488,88.03321361953283,True,False
71,2025-06-29,18,Weekend,41,96.15384615384616,8.124211057813683,96.15384615384616,52.13902860582992,88.02963509603248,False,True
118,2025-08-28,6,Weekday,10,97.28915662650603,9.260308913135894,97.28915662650603,53.27473276982096,88.02884771337014,False,True
118,2025-07-08,6,Weekday,10,97.28915662650603,9.260308913135894,97.28915662650603,53.27473276982096,88.02884771337014,False,True
118,2025-09-18,6,Weekday,10,97.28915662650603,9.260308913135894,97.28915662650603,53.27473276982096,88.02884771337014,False,True
118,2025-10-06,6,Weekday,10,97.28915662650603,9.260308913135894,97.28915662650603,53.27473276982096,88.02884771337014,False,True
118,2025-11-10,6,Weekday,10,97.28915662650603,9.260308913135894,97.28915662650603,53.27473276982096,88.02884771337014,False,True
118,2025-11-18,6,Weekday,10,97.28915662650603,9.260308913135894,97.28915662650603,53.27473276982096,88.02884771337014,False,True
71,2026-07-04,11,Weekend,27,92.0673076923077,4.040929587235518,92.0673076923077,48.05411863977161,88.02637810507217,False,True
71,2026-07-26,11,Weekend,27,92.0673076923077,4.040929587235518,92.0673076923077,48.05411863977161,88.02637810507217,False,True
1,2026-07-29,13,Weekday,1960,3.7463976945244957,91.76421653098818,91.76421653098818,47.755307112756334,88.01781883646369,True,False
138,2025-03-28,13,Weekday,39,91.93857965451056,3.934676253292927,91.93857965451056,47.93662795390174,88.00390340121764,False,True
138,2024-09-12,13,Weekday,39,91.93857965451056,3.934676253292927,91.93857965451056,47.93662795390174,88.00390340121764,False,True
138,2026-05-06,13,Weekday,39,91.93857965451056,3.934676253292927,91.93857965451056,47.93662795390174,88.00390340121764,False,True
118,2025-01-23,10,Weekday,45,93.54527938342967,5.551702958134374,93.54527938342967,49.54849117078202,87.9935764252953,False,True
118,2025-05-27,10,Weekday,45,93.54527938342967,5.551702958134374,93.54527938342967,49.54849117078202,87.9935764252953,False,True
118,2025-03-06,9,Weekday,48,93.54527938342967,5.5522500545407665,93.54527938342967,49.54876471898522,87.99302932888891,False,True
118,2024-11-21,9,Weekday,48,93.54527938342967,5.5522500545407665,93.54527938342967,49.54876471898522,87.99302932888891,False,True
118,2024-10-29,9,Weekday,48,93.54527938342967,5.5522500545407665,93.54527938342967,49.54876471898522,87.99302932888891,False,True
118,2025-02-20,9,Weekday,48,93.54527938342967,5.5522500545407665,93.54527938342967,49.54876471898522,87.99302932888891,False,True
118,2025-04-13,8,Weekend,25,96.1352657004831,8.14230425721941,96.1352657004831,52.138784978851255,87.9929614432637,False,True
4,2025-06-01,11,Weekend,2015,8.25242718446602,96.24399187354442,96.24399187354442,52.248209529005216,87.9915646890784,True,False
4,2025-02-02,16,Weekend,2018,1.9417475728155338,89.93213234193324,89.93213234193324,45.936939957374385,87.99038476911771,True,False
35,2026-03-28,7,Weekend,221,3.8461538461538463,91.8362258128865,91.8362258128865,47.84118982952017,87.99007196673266,True,False
24,2025-05-11,7,Weekend,207,2.9268292682926833,90.90115699182127,90.90115699182127,46.91399313005697,87.97432772352859,True,False
4,2025-03-16,14,Weekend,2097,1.9417475728155338,89.91118650833249,89.91118650833249,45.92646704057401,87.96943893551696,True,False
24,2025-12-29,5,Weekday,79,2.119460500963391,90.08389225560181,90.08389225560181,46.1016763782826,87.96443175463843,True,False
4,2025-07-02,16,Weekday,2009,2.7938342967244703,90.75115784452086,90.75115784452086,46.772496070622665,87.95732354779639,True,False
4,2024-08-20,16,Weekday,2009,2.7938342967244703,90.75115784452086,90.75115784452086,46.772496070622665,87.95732354779639,True,False
66,2025-01-15,20,Weekday,1182,3.8461538461538463,91.80072545443367,91.80072545443367,47.82343965029376,87.95457160827984,True,False
71,2026-05-06,17,Weekday,125,99.5164410058027,11.562643003521616,99.5164410058027,55.53954200466216,87.95379800228109,False,True
71,2026-03-20,17,Weekday,125,99.5164410058027,11.562643003521616,99.5164410058027,55.53954200466216,87.95379800228109,False,True
4,2026-08-05,13,Weekday,2689,9.344894026974952,97.29237229385782,97.29237229385782,53.31863316041639,87.94747826688287,True,False
4,2026-06-26,13,Weekday,2689,9.344894026974952,97.29237229385782,97.29237229385782,53.31863316041639,87.94747826688287,True,False
118,2026-01-16,16,Weekday,93,96.82692307692308,8.880120853127671,96.82692307692308,52.85352196502538,87.9468022237954,False,True
118,2025-01-20,16,Weekday,93,96.82692307692308,8.880120853127671,96.82692307692308,52.85352196502538,87.9468022237954,False,True
124,2025-01-18,19,Weekend,26,95.71428571428572,7.767484475211239,95.71428571428572,51.74088509474848,87.94680123907449,False,True
118,2025-09-10,6,Weekday,12,99.49799196787149,11.552865442620295,99.49799196787149,55.525428705245886,87.9451265252512,False,True
118,2026-01-22,6,Weekday,12,99.49799196787149,11.552865442620295,99.49799196787149,55.525428705245886,87.9451265252512,False,True
4,2024-08-28,15,Weekday,2205,7.418111753371869,95.36168521462639,95.36168521462639,51.38989848399913,87.94357346125452,True,False
4,2024-09-17,15,Weekday,2205,7.418111753371869,95.36168521462639,95.36168521462639,51.38989848399913,87.94357346125452,True,False
124,2026-01-18,12,Weekend,27,91.66666666666666,3.726092557724705,91.66666666666666,47.696379612195685,87.94057410894195,False,True
124,2025-03-29,12,Weekend,27,91.66666666666666,3.726092557724705,91.66666666666666,47.696379612195685,87.94057410894195,False,True
118,2026-01-29,16,Weekday,86,95.86538461538461,7.925023355662009,95.86538461538461,51.89520398552331,87.94036125972261,False,True
118,2025-01-22,16,Weekday,86,95.86538461538461,7.925023355662009,95.86538461538461,51.89520398552331,87.94036125972261,False,True
35,2025-07-06,7,Weekend,291,7.211538461538461,95.1476161978855,95.1476161978855,51.17957732971198,87.93607773634703,True,False
1,2025-05-27,13,Weekday,1979,4.034582132564841,91.97021015310872,91.97021015310872,48.00239614283678,87.93562802054389,True,False
138,2025-04-11,14,Weekday,26,91.32947976878613,3.3969875208647964,91.32947976878613,47.36323364482546,87.93249224792133,False,True
138,2026-04-16,14,Weekday,26,91.32947976878613,3.3969875208647964,91.32947976878613,47.36323364482546,87.93249224792133,False,True
138,2026-04-30,14,Weekday,26,91.32947976878613,3.3969875208647964,91.32947976878613,47.36323364482546,87.93249224792133,False,True
138,2025-10-10,14,Weekday,26,91.32947976878613,3.3969875208647964,91.32947976878613,47.36323364482546,87.93249224792133,False,True
138,2025-06-09,14,Weekday,26,91.32947976878613,3.3969875208647964,91.32947976878613,47.36323364482546,87.93249224792133,False,True
138,2025-04-17,14,Weekday,26,91.32947976878613,3.3969875208647964,91.32947976878613,47.36323364482546,87.93249224792133,False,True
138,2025-11-05,14,Weekday,26,91.32947976878613,3.3969875208647964,91.32947976878613,47.36323364482546,87.93249224792133,False,True
138,2025-03-27,14,Weekday,26,91.32947976878613,3.3969875208647964,91.32947976878613,47.36323364482546,87.93249224792133,False,True
138,2025-02-07,14,Weekday,26,91.32947976878613,3.3969875208647964,91.32947976878613,47.36323364482546,87.93249224792133,False,True
138,2024-09-25,14,Weekday,26,91.32947976878613,3.3969875208647964,91.32947976878613,47.36323364482546,87.93249224792133,False,True
138,2025-03-13,14,Weekday,26,91.32947976878613,3.3969875208647964,91.32947976878613,47.36323364482546,87.93249224792133,False,True
4,2024-08-31,13,Weekend,2935,8.737864077669903,96.66948352139981,96.66948352139981,52.703673799534855,87.93161944372991,True,False
118,2025-06-13,15,Weekday,58,94.13461538461539,6.205286168521463,94.13461538461539,50.16995077656843,87.92932921609392,False,True
118,2025-01-24,15,Weekday,58,94.13461538461539,6.205286168521463,94.13461538461539,50.16995077656843,87.92932921609392,False,True
71,2024-11-12,12,Weekday,110,98.75239923224568,10.824742268041238,98.75239923224568,54.78857075014346,87.92765696420444,False,True
71,2025-06-30,12,Weekday,110,98.75239923224568,10.824742268041238,98.75239923224568,54.78857075014346,87.92765696420444,False,True
4,2024-10-16,14,Weekday,2284,8.092485549132949,96.01681106430331,96.01681106430331,52.05464830671813,87.92432551517037,True,False
4,2025-06-01,10,Weekend,1235,6.310679611650485,94.2332474226804,94.2332474226804,50.271963517165446,87.92256781102992,True,False
124,2025-07-07,13,Weekday,25,90.17199017199017,2.2510745340384655,90.17199017199017,46.21153235301432,87.92091563795171,False,True
124,2025-10-23,13,Weekday,25,90.17199017199017,2.2510745340384655,90.17199017199017,46.21153235301432,87.92091563795171,False,True
124,2025-02-18,13,Weekday,25,90.17199017199017,2.2510745340384655,90.17199017199017,46.21153235301432,87.92091563795171,False,True
124,2025-08-22,13,Weekday,25,90.17199017199017,2.2510745340384655,90.17199017199017,46.21153235301432,87.92091563795171,False,True
124,2025-07-16,13,Weekday,25,90.17199017199017,2.2510745340384655,90.17199017199017,46.21153235301432,87.92091563795171,False,True
124,2025-05-30,13,Weekday,25,90.17199017199017,2.2510745340384655,90.17199017199017,46.21153235301432,87.92091563795171,False,True
124,2025-10-15,13,Weekday,25,90.17199017199017,2.2510745340384655,90.17199017199017,46.21153235301432,87.92091563795171,False,True
124,2025-02-17,13,Weekday,25,90.17199017199017,2.2510745340384655,90.17199017199017,46.21153235301432,87.92091563795171,False,True
124,2025-10-09,13,Weekday,25,90.17199017199017,2.2510745340384655,90.17199017199017,46.21153235301432,87.92091563795171,False,True
140,2026-04-21,21,Weekday,3,90.32258064516128,2.4052916416115453,90.32258064516128,46.36393614338641,87.91728900354974,False,True
140,2026-01-15,21,Weekday,3,90.32258064516128,2.4052916416115453,90.32258064516128,46.36393614338641,87.91728900354974,False,True
140,2024-12-30,21,Weekday,3,90.32258064516128,2.4052916416115453,90.32258064516128,46.36393614338641,87.91728900354974,False,True
4,2026-07-12,14,Weekend,2852,7.766990291262135,95.6790739447161,95.6790739447161,51.72303211798911,87.91208365345396,True,False
4,2024-08-26,10,Weekday,1219,7.514450867052023,95.42410493154485,95.42410493154485,51.46927789929843,87.90965406449283,True,False
138,2024-12-21,21,Weekend,15,98.30508474576271,10.39758534554538,98.30508474576271,54.35133504565405,87.90749940021733,False,True
181,2025-07-17,1,Weekday,108,7.02247191011236,94.92938613954142,94.92938613954142,50.97592902482689,87.90691422942906,True,False
118,2026-01-14,16,Weekday,84,95.57692307692308,7.670595718459918,95.57692307692308,51.6237593976915,87.90632735846316,False,True
133,2025-07-22,6,Weekday,408,8.397683397683398,96.30053239944128,96.30053239944128,52.34910789856234,87.90284900175789,True,False
133,2025-07-03,6,Weekday,408,8.397683397683398,96.30053239944128,96.30053239944128,52.34910789856234,87.90284900175789,True,False
71,2024-10-12,14,Weekend,23,91.34615384615384,3.4502544656221934,91.34615384615384,47.39820415588802,87.89589938053165,False,True
71,2025-12-20,14,Weekend,23,91.34615384615384,3.4502544656221934,91.34615384615384,47.39820415588802,87.89589938053165,False,True
71,2026-01-17,14,Weekend,23,91.34615384615384,3.4502544656221934,91.34615384615384,47.39820415588802,87.89589938053165,False,True
71,2025-12-07,14,Weekend,23,91.34615384615384,3.4502544656221934,91.34615384615384,47.39820415588802,87.89589938053165,False,True
71,2026-04-19,14,Weekend,23,91.34615384615384,3.4502544656221934,91.34615384615384,47.39820415588802,87.89589938053165,False,True
71,2026-03-14,14,Weekend,23,91.34615384615384,3.4502544656221934,91.34615384615384,47.39820415588802,87.89589938053165,False,True
71,2025-03-30,14,Weekend,23,91.34615384615384,3.4502544656221934,91.34615384615384,47.39820415588802,87.89589938053165,False,True
84,2026-07-27,18,Weekday,1803,3.653846153846154,91.54501950376,91.54501950376,47.59943282880308,87.89117334991384,True,False
4,2025-02-04,11,Weekday,1717,8.863198458574182,96.75247524752476,96.75247524752476,52.807836853049466,87.88927678895058,True,False
71,2025-01-23,13,Weekday,69,94.42307692307692,6.536336086517321,94.42307692307692,50.47970650479712,87.8867408365596,False,True
118,2025-01-13,16,Weekday,104,98.46153846153847,10.576636387127552,98.46153846153847,54.51908742433301,87.88490207441092,False,True
1,2024-09-16,13,Weekday,2094,5.187319884726225,93.07049339433914,93.07049339433914,49.12890663953268,87.88317350961292,True,False
1,2026-08-04,13,Weekday,2060,4.899135446685879,92.77932933230336,92.77932933230336,48.83923238949462,87.88019388561749,True,False
71,2025-12-14,18,Weekend,39,95.67307692307693,7.7934864933097705,95.67307692307693,51.73328170819335,87.87959042976716,False,True
118,2025-01-11,7,Weekend,12,96.7005076142132,8.8245561539996,96.7005076142132,52.762531884106394,87.8759514602136,False,True
118,2024-10-13,7,Weekend,12,96.7005076142132,8.8245561539996,96.7005076142132,52.762531884106394,87.8759514602136,False,True
66,2025-11-03,20,Weekday,1191,4.038461538461538,91.91343730147345,91.91343730147345,47.97594941996749,87.87497576301192,True,False
24,2024-09-27,5,Weekday,97,5.684007707129094,93.55819620867389,93.55819620867389,49.621101957901494,87.8741885015448,True,False
24,2024-12-20,5,Weekday,97,5.684007707129094,93.55819620867389,93.55819620867389,49.621101957901494,87.8741885015448,True,False
138,2025-03-09,0,Weekend,3,92.70833333333334,4.834592064673971,92.70833333333334,48.771462699003656,87.87374126865937,False,True
138,2025-04-13,0,Weekend,3,92.70833333333334,4.834592064673971,92.70833333333334,48.771462699003656,87.87374126865937,False,True
138,2025-03-22,0,Weekend,3,92.70833333333334,4.834592064673971,92.70833333333334,48.771462699003656,87.87374126865937,False,True
138,2025-10-05,0,Weekend,3,92.70833333333334,4.834592064673971,92.70833333333334,48.771462699003656,87.87374126865937,False,True
35,2025-11-08,8,Weekend,377,2.403846153846154,90.26992160365188,90.26992160365188,46.33688387874902,87.86607544980572,True,False
4,2026-01-27,15,Weekday,1512,0.3853564547206166,88.2501987281399,88.2501987281399,44.317777591430264,87.86484227341928,True,False
118,2026-01-13,16,Weekday,82,95.28846153846153,7.424118944920393,95.28846153846153,51.356290241690964,87.86434259354114,False,True
118,2025-08-21,16,Weekday,82,95.28846153846153,7.424118944920393,95.28846153846153,51.356290241690964,87.86434259354114,False,True
71,2025-06-21,19,Weekend,32,96.875,9.019647765448436,96.875,52.94732388272422,87.85535223455156,False,True
71,2026-04-18,19,Weekend,32,96.875,9.019647765448436,96.875,52.94732388272422,87.85535223455156,False,True
46,2025-12-27,21,Weekend,17,99.45652173913044,11.612718567860117,99.45652173913044,55.534620153495275,87.84380317127032,False,True
138,2025-07-15,11,Weekday,79,98.84169884169884,11.005940594059407,98.84169884169884,54.92381971787913,87.83575824763943,False,True
71,2026-07-25,19,Weekend,38,98.07692307692307,10.24127048763107,98.07692307692307,54.15909678227707,87.835652589292,False,True
118,2025-06-09,11,Weekday,47,93.07692307692308,5.242574257425742,93.07692307692308,49.15974866717441,87.83434881949734,False,True
118,2025-05-22,11,Weekday,47,93.07692307692308,5.242574257425742,93.07692307692308,49.15974866717441,87.83434881949734,False,True
118,2025-05-27,11,Weekday,47,93.07692307692308,5.242574257425742,93.07692307692308,49.15974866717441,87.83434881949734,False,True
118,2025-11-27,11,Weekday,47,93.07692307692308,5.242574257425742,93.07692307692308,49.15974866717441,87.83434881949734,False,True
118,2025-01-09,11,Weekday,47,93.07692307692308,5.242574257425742,93.07692307692308,49.15974866717441,87.83434881949734,False,True
118,2025-01-20,11,Weekday,47,93.07692307692308,5.242574257425742,93.07692307692308,49.15974866717441,87.83434881949734,False,True
118,2024-12-04,11,Weekday,47,93.07692307692308,5.242574257425742,93.07692307692308,49.15974866717441,87.83434881949734,False,True
1,2024-09-25,13,Weekday,1998,4.322766570605188,92.15639669617921,92.15639669617921,48.2395816333922,87.83363012557403,True,False
124,2025-01-12,20,Weekend,26,98.88888888888889,11.060832004936493,98.88888888888889,54.974860446912686,87.8280568839524,False,True
124,2025-01-26,20,Weekend,26,98.88888888888889,11.060832004936493,98.88888888888889,54.974860446912686,87.8280568839524,False,True
181,2025-06-24,1,Weekday,110,7.303370786516854,95.12260814577137,95.12260814577137,51.21298946614411,87.81923735925452,True,False
4,2025-01-12,16,Weekend,2051,2.4271844660194173,90.24402415290183,90.24402415290183,46.33560430946062,87.81683968688242,True,False
4,2024-09-14,15,Weekend,2768,7.281553398058252,95.0965231705492,95.0965231705492,51.18903828430373,87.81496977249095,True,False
71,2024-09-30,13,Weekday,113,99.8076923076923,11.993186364806782,99.8076923076923,55.90043933624955,87.81450594288552,False,True
46,2026-01-11,21,Weekend,18,100.0,12.187760199833471,100.0,56.09388009991674,87.81223980016652,False,True
118,2026-01-22,10,Weekday,74,99.22928709055877,11.427354322284083,99.22928709055877,55.32832070642143,87.80193276827468,False,True
35,2025-02-15,8,Weekend,660,10.096153846153847,97.89619926565446,97.89619926565446,53.99617655590416,87.8000454195006,True,False
4,2024-09-16,12,Weekday,2570,9.248554913294797,97.04770762015949,97.04770762015949,53.14813126672714,87.79915270686469,True,False
4,2025-08-31,12,Weekend,2670,9.223300970873787,97.01466653453572,97.01466653453572,53.11898375270475,87.79136556366194,True,False
124,2025-06-29,14,Weekend,23,91.23376623376623,3.4502544656221934,91.23376623376623,47.34201034969421,87.78351176814404,False,True
124,2025-09-20,14,Weekend,23,91.23376623376623,3.4502544656221934,91.23376623376623,47.34201034969421,87.78351176814404,False,True
118,2024-12-05,10,Weekday,44,93.15992292870907,5.378336074181213,93.15992292870907,49.269129501445136,87.78158685452786,False,True
118,2024-12-20,10,Weekday,44,93.15992292870907,5.378336074181213,93.15992292870907,49.269129501445136,87.78158685452786,False,True
71,2026-01-23,12,Weekday,113,99.04030710172745,11.260066881690642,99.04030710172745,55.15018699170905,87.7802402200368,False,True
4,2025-11-08,16,Weekend,2214,3.8834951456310676,91.66126054194321,91.66126054194321,47.77237784378714,87.77776539631213,True,False
181,2026-01-14,2,Weekday,62,6.03932584269663,93.812002750221,93.812002750221,49.92566429645881,87.77267690752437,True,False
181,2025-06-10,2,Weekday,62,6.03932584269663,93.812002750221,93.812002750221,49.92566429645881,87.77267690752437,True,False
133,2025-05-04,7,Weekend,277,6.730769230769231,94.50179533213644,94.50179533213644,50.61628228145283,87.77102610136721,True,False
84,2025-02-03,18,Weekday,1810,3.8461538461538463,91.60232436562512,91.60232436562512,47.72423910588948,87.75617051947128,True,False
138,2024-12-07,21,Weekend,5,91.52542372881356,3.770295587010825,91.52542372881356,47.64785965791219,87.75512814180274,False,True
124,2025-01-20,19,Weekday,21,93.71428571428572,5.95973345252123,93.71428571428572,49.83700958340348,87.75455226176449,False,True
118,2026-01-20,10,Weekday,75,99.42196531791907,11.672049295635118,99.42196531791907,55.5470073067771,87.74991602228395,False,True
66,2026-02-17,20,Weekday,1230,4.615384615384616,92.36326003647766,92.36326003647766,48.489322325931134,87.74787542109304,True,False
71,2024-08-10,19,Weekend,44,99.27884615384616,11.531609487936475,99.27884615384616,55.40522782089132,87.74723666590968,False,True
71,2025-07-27,19,Weekend,44,99.27884615384616,11.531609487936475,99.27884615384616,55.40522782089132,87.74723666590968,False,True
4,2026-02-17,14,Weekday,2285,8.285163776493256,96.02177887290358,96.02177887290358,52.153471324698415,87.73661509641033,True,False
138,2025-02-28,18,Weekday,22,91.42480211081794,3.6896288253508667,91.42480211081794,47.5572154680844,87.73517328546707,False,True
138,2026-02-16,18,Weekday,22,91.42480211081794,3.6896288253508667,91.42480211081794,47.5572154680844,87.73517328546707,False,True
138,2025-12-09,18,Weekday,22,91.42480211081794,3.6896288253508667,91.42480211081794,47.5572154680844,87.73517328546707,False,True
138,2026-03-27,18,Weekday,22,91.42480211081794,3.6896288253508667,91.42480211081794,47.5572154680844,87.73517328546707,False,True
138,2026-03-03,9,Weekday,15,89.78805394990366,2.0546994307927253,89.78805394990366,45.92137669034819,87.73335451911093,False,True
138,2025-10-29,9,Weekday,15,89.78805394990366,2.0546994307927253,89.78805394990366,45.92137669034819,87.73335451911093,False,True
138,2025-11-21,9,Weekday,15,89.78805394990366,2.0546994307927253,89.78805394990366,45.92137669034819,87.73335451911093,False,True
138,2026-02-11,9,Weekday,15,89.78805394990366,2.0546994307927253,89.78805394990366,45.92137669034819,87.73335451911093,False,True
138,2024-11-15,9,Weekday,15,89.78805394990366,2.0546994307927253,89.78805394990366,45.92137669034819,87.73335451911093,False,True
138,2025-12-24,9,Weekday,15,89.78805394990366,2.0546994307927253,89.78805394990366,45.92137669034819,87.73335451911093,False,True
138,2025-09-08,9,Weekday,15,89.78805394990366,2.0546994307927253,89.78805394990366,45.92137669034819,87.73335451911093,False,True
138,2026-07-06,9,Weekday,15,89.78805394990366,2.0546994307927253,89.78805394990366,45.92137669034819,87.73335451911093,False,True
138,2025-04-21,9,Weekday,15,89.78805394990366,2.0546994307927253,89.78805394990366,45.92137669034819,87.73335451911093,False,True
138,2025-02-26,9,Weekday,15,89.78805394990366,2.0546994307927253,89.78805394990366,45.92137669034819,87.73335451911093,False,True
138,2025-01-13,9,Weekday,15,89.78805394990366,2.0546994307927253,89.78805394990366,45.92137669034819,87.73335451911093,False,True
1,2024-08-20,13,Weekday,2017,4.610951008645533,92.34357359320221,92.34357359320221,48.47726230092387,87.73262258455668,True,False
71,2025-12-03,17,Weekday,96,95.64796905222437,7.915680149618989,95.64796905222437,51.78182460092168,87.73228890260538,False,True
71,2026-05-12,17,Weekday,96,95.64796905222437,7.915680149618989,95.64796905222437,51.78182460092168,87.73228890260538,False,True
4,2024-08-28,10,Weekday,1220,7.7071290944123305,95.4369836143528,95.4369836143528,51.57205635438257,87.72985451994046,True,False
124,2025-02-12,11,Weekday,14,89.45945945945945,1.730693069306931,89.45945945945945,45.595076264383195,87.72876639015251,False,True
124,2025-03-24,11,Weekday,14,89.45945945945945,1.730693069306931,89.45945945945945,45.595076264383195,87.72876639015251,False,True
124,2025-07-25,11,Weekday,14,89.45945945945945,1.730693069306931,89.45945945945945,45.595076264383195,87.72876639015251,False,True
124,2025-04-09,11,Weekday,14,89.45945945945945,1.730693069306931,89.45945945945945,45.595076264383195,87.72876639015251,False,True
124,2025-01-16,11,Weekday,14,89.45945945945945,1.730693069306931,89.45945945945945,45.595076264383195,87.72876639015251,False,True
1,2025-06-03,13,Weekday,2111,5.475504322766571,93.20320082397448,93.20320082397448,49.339352573370526,87.72769650120792,True,False
4,2024-08-26,16,Weekday,2014,3.0828516377649327,90.80383231628537,90.80383231628537,46.94334197702515,87.72098067852043,True,False
4,2024-09-04,11,Weekday,1719,9.05587668593449,96.76534653465346,96.76534653465346,52.91061161029398,87.70946984871897,True,False
46,2025-03-09,23,Weekend,6,96.73913043478261,9.035543655168793,96.73913043478261,52.8873370449757,87.70358677961381,False,True
46,2026-02-28,23,Weekend,6,96.73913043478261,9.035543655168793,96.73913043478261,52.8873370449757,87.70358677961381,False,True
46,2026-01-24,23,Weekend,6,96.73913043478261,9.035543655168793,96.73913043478261,52.8873370449757,87.70358677961381,False,True
46,2024-10-06,23,Weekend,6,96.73913043478261,9.035543655168793,96.73913043478261,52.8873370449757,87.70358677961381,False,True
138,2024-11-22,20,Weekday,23,97.83464566929135,10.131770395721048,97.83464566929135,53.9832080325062,87.7028752735703,False,True
138,2025-12-24,20,Weekday,23,97.83464566929135,10.131770395721048,97.83464566929135,53.9832080325062,87.7028752735703,False,True
71,2026-03-21,8,Weekend,18,93.47826086956522,5.775528431080678,93.47826086956522,49.626894650322946,87.70273243848455,False,True
71,2024-11-23,8,Weekend,18,93.47826086956522,5.775528431080678,93.47826086956522,49.626894650322946,87.70273243848455,False,True
66,2025-06-09,20,Weekday,1192,4.230769230769231,91.9329057114167,91.9329057114167,48.08183747109296,87.70213648064747,True,False
71,2026-03-05,12,Weekday,115,99.23224568138195,11.535112887587312,99.23224568138195,55.383679284484636,87.69713279379464,False,True
71,2024-12-03,12,Weekday,109,98.36852207293666,10.679304272117458,98.36852207293666,54.52391317252706,87.6892178008192,False,True
71,2026-02-23,12,Weekday,109,98.36852207293666,10.679304272117458,98.36852207293666,54.52391317252706,87.6892178008192,False,True
138,2025-12-27,16,Weekend,26,91.10576923076923,3.4258196516792254,91.10576923076923,47.26579444122422,87.67994957909,False,True
138,2025-09-28,16,Weekend,26,91.10576923076923,3.4258196516792254,91.10576923076923,47.26579444122422,87.67994957909,False,True
138,2026-03-14,16,Weekend,26,91.10576923076923,3.4258196516792254,91.10576923076923,47.26579444122422,87.67994957909,False,True
138,2025-02-08,16,Weekend,26,91.10576923076923,3.4258196516792254,91.10576923076923,47.26579444122422,87.67994957909,False,True
35,2025-11-23,9,Weekend,826,7.211538461538461,94.89087301587301,94.89087301587301,51.05120573870574,87.67933455433455,True,False
24,2024-12-25,5,Weekday,77,1.9267822736030826,89.60296749983824,89.60296749983824,45.76487488672066,87.67618522623516,True,False
71,2026-03-24,13,Weekday,115,100.0,12.323964584942658,100.0,56.16198229247133,87.67603541505734,False,True
138,2026-03-23,7,Weekday,9,89.78388998035363,2.1098931649390367,89.78388998035363,45.94689157264634,87.6739968154146,False,True
138,2026-04-24,7,Weekday,9,89.78388998035363,2.1098931649390367,89.78388998035363,45.94689157264634,87.6739968154146,False,True
138,2025-02-03,7,Weekday,9,89.78388998035363,2.1098931649390367,89.78388998035363,45.94689157264634,87.6739968154146,False,True
138,2026-02-06,7,Weekday,9,89.78388998035363,2.1098931649390367,89.78388998035363,45.94689157264634,87.6739968154146,False,True
138,2026-04-28,7,Weekday,9,89.78388998035363,2.1098931649390367,89.78388998035363,45.94689157264634,87.6739968154146,False,True
138,2025-10-23,7,Weekday,9,89.78388998035363,2.1098931649390367,89.78388998035363,45.94689157264634,87.6739968154146,False,True
138,2025-01-20,7,Weekday,9,89.78388998035363,2.1098931649390367,89.78388998035363,45.94689157264634,87.6739968154146,False,True
138,2025-12-09,7,Weekday,9,89.78388998035363,2.1098931649390367,89.78388998035363,45.94689157264634,87.6739968154146,False,True
138,2025-12-02,7,Weekday,9,89.78388998035363,2.1098931649390367,89.78388998035363,45.94689157264634,87.6739968154146,False,True
138,2026-08-04,7,Weekday,9,89.78388998035363,2.1098931649390367,89.78388998035363,45.94689157264634,87.6739968154146,False,True
138,2025-06-26,7,Weekday,9,89.78388998035363,2.1098931649390367,89.78388998035363,45.94689157264634,87.6739968154146,False,True
138,2025-07-14,7,Weekday,9,89.78388998035363,2.1098931649390367,89.78388998035363,45.94689157264634,87.6739968154146,False,True
138,2026-01-29,7,Weekday,9,89.78388998035363,2.1098931649390367,89.78388998035363,45.94689157264634,87.6739968154146,False,True
4,2024-10-24,12,Weekday,2584,9.441233140655106,97.11498506045075,97.11498506045075,53.278109100552925,87.67375191979565,True,False
118,2024-12-10,16,Weekday,80,94.90384615384615,7.230316643145361,94.90384615384615,51.06708139849575,87.67352951070079,False,True
118,2024-11-21,16,Weekday,80,94.90384615384615,7.230316643145361,94.90384615384615,51.06708139849575,87.67352951070079,False,True
84,2026-07-12,9,Weekend,654,1.9230769230769231,89.59573412698413,89.59573412698413,45.75940552503052,87.6726572039072,True,False
4,2024-10-28,13,Weekday,2691,9.633911368015415,97.30623724919286,97.30623724919286,53.47007430860414,87.67232588117744,True,False
118,2025-06-25,14,Weekday,57,94.13461538461539,6.468086797551864,94.13461538461539,50.301351091083625,87.66652858706352,False,True
118,2025-02-18,14,Weekday,57,94.13461538461539,6.468086797551864,94.13461538461539,50.301351091083625,87.66652858706352,False,True
118,2025-01-08,14,Weekday,57,94.13461538461539,6.468086797551864,94.13461538461539,50.301351091083625,87.66652858706352,False,True
118,2025-08-20,14,Weekday,57,94.13461538461539,6.468086797551864,94.13461538461539,50.301351091083625,87.66652858706352,False,True
24,2025-06-09,5,Weekday,98,6.069364161849711,93.73396018891931,93.73396018891931,49.90166217538451,87.6645960270696,True,False
24,2026-07-09,5,Weekday,98,6.069364161849711,93.73396018891931,93.73396018891931,49.90166217538451,87.6645960270696,True,False
4,2025-09-01,15,Weekday,2206,7.7071290944123305,95.37162162162161,95.37162162162161,51.53937535801697,87.66449252720929,True,False
181,2025-07-28,0,Weekday,178,6.601123595505618,94.25850489926236,94.25850489926236,50.42981424738399,87.65738130375675,True,False
181,2025-07-09,0,Weekday,178,6.601123595505618,94.25850489926236,94.25850489926236,50.42981424738399,87.65738130375675,True,False
124,2024-12-31,18,Weekday,27,92.0814479638009,4.425543893513492,92.0814479638009,48.253495928657195,87.6559040702874,False,True
124,2025-10-31,18,Weekday,27,92.0814479638009,4.425543893513492,92.0814479638009,48.253495928657195,87.6559040702874,False,True
4,2024-10-07,16,Weekday,2028,3.275529865125241,90.92806456101295,90.92806456101295,47.10179721306909,87.65253469588771,True,False
138,2025-08-06,10,Weekday,73,98.84393063583815,11.193556695924393,98.84393063583815,55.018743665881274,87.65037393991375,False,True
181,2025-07-07,1,Weekday,111,7.584269662921349,95.23034405227534,95.23034405227534,51.40730685759834,87.646074389354,True,False
4,2024-09-29,16,Weekend,2258,4.368932038834951,92.0130745047158,92.0130745047158,48.19100327177538,87.64414246588085,True,False
4,2025-07-02,13,Weekday,1631,0.1926782273603083,87.83251133955275,87.83251133955275,44.01259478345653,87.63983311219245,True,False
133,2025-06-25,5,Weekday,121,8.494208494208493,96.13103582134616,96.13103582134616,52.31262215777733,87.63682732713767,True,False
133,2025-03-10,5,Weekday,121,8.494208494208493,96.13103582134616,96.13103582134616,52.31262215777733,87.63682732713767,True,False
133,2026-07-10,5,Weekday,121,8.494208494208493,96.13103582134616,96.13103582134616,52.31262215777733,87.63682732713767,True,False
133,2024-09-18,5,Weekday,121,8.494208494208493,96.13103582134616,96.13103582134616,52.31262215777733,87.63682732713767,True,False
133,2026-07-21,5,Weekday,121,8.494208494208493,96.13103582134616,96.13103582134616,52.31262215777733,87.63682732713767,True,False
133,2025-07-24,6,Weekday,410,8.687258687258687,96.32381222291949,96.32381222291949,52.50553545508909,87.6365535356608,True,False
4,2025-02-01,13,Weekend,2978,9.223300970873787,96.85340756574043,96.85340756574043,53.0383542683071,87.63010659486665,True,False
138,2025-04-12,23,Weekend,7,97.91666666666666,10.287709350553893,97.91666666666666,54.10218800861028,87.62895731611276,False,True
118,2024-12-30,12,Weekday,53,92.01923076923076,4.392821101371273,92.01923076923076,48.206025935301014,87.62640966785949,False,True
118,2025-01-21,12,Weekday,53,92.01923076923076,4.392821101371273,92.01923076923076,48.206025935301014,87.62640966785949,False,True
118,2025-12-10,12,Weekday,53,92.01923076923076,4.392821101371273,92.01923076923076,48.206025935301014,87.62640966785949,False,True
118,2025-04-21,12,Weekday,53,92.01923076923076,4.392821101371273,92.01923076923076,48.206025935301014,87.62640966785949,False,True
138,2025-09-15,11,Weekday,81,99.03474903474904,11.408910891089109,99.03474903474904,55.221829962919074,87.62583814365993,False,True
118,2025-12-09,8,Weekday,62,95.76923076923077,8.144356486717061,95.76923076923077,51.956793627973916,87.62487428251372,False,True
118,2025-03-06,8,Weekday,62,95.76923076923077,8.144356486717061,95.76923076923077,51.956793627973916,87.62487428251372,False,True
118,2024-09-24,8,Weekday,62,95.76923076923077,8.144356486717061,95.76923076923077,51.956793627973916,87.62487428251372,False,True
118,2026-04-06,13,Weekday,56,93.07692307692308,5.454869570384456,93.07692307692308,49.26589632365377,87.62205350653862,False,True
118,2024-11-04,13,Weekday,56,93.07692307692308,5.454869570384456,93.07692307692308,49.26589632365377,87.62205350653862,False,True
118,2026-01-21,13,Weekday,56,93.07692307692308,5.454869570384456,93.07692307692308,49.26589632365377,87.62205350653862,False,True
118,2025-02-20,13,Weekday,56,93.07692307692308,5.454869570384456,93.07692307692308,49.26589632365377,87.62205350653862,False,True
118,2025-01-22,13,Weekday,56,93.07692307692308,5.454869570384456,93.07692307692308,49.26589632365377,87.62205350653862,False,True
118,2025-05-28,13,Weekday,56,93.07692307692308,5.454869570384456,93.07692307692308,49.26589632365377,87.62205350653862,False,True
118,2025-01-15,13,Weekday,56,93.07692307692308,5.454869570384456,93.07692307692308,49.26589632365377,87.62205350653862,False,True
84,2025-11-08,9,Weekend,663,2.403846153846154,90.02480158730158,90.02480158730158,46.21432387057387,87.62095543345542,True,False
4,2024-09-19,14,Weekday,2299,8.477842003853564,96.0972895636277,96.0972895636277,52.28756578374063,87.61944755977413,True,False
118,2026-01-26,16,Weekday,108,98.84615384615385,11.22761334950009,98.84615384615385,55.03688359782697,87.61854049665376,False,True
84,2026-05-31,9,Weekend,635,0.9615384615384616,88.57638888888889,88.57638888888889,44.768963675213676,87.61485042735042,True,False
66,2025-11-04,20,Weekday,1201,4.423076923076923,92.0374203332172,92.0374203332172,48.23024862814706,87.61434341014028,True,False
4,2024-08-12,10,Weekday,1225,7.89980732177264,95.50930237165898,95.50930237165898,51.70455484671581,87.60949504988633,True,False
138,2026-05-11,10,Weekday,74,99.03660886319847,11.427354322284083,99.03660886319847,55.23198159274128,87.60925454091438,False,True
181,2025-07-22,1,Weekday,75,0.8426966292134831,88.44883715483523,88.44883715483523,44.645766892024355,87.60614052562175,True,False
181,2026-07-07,1,Weekday,74,0.5617977528089888,88.16778696395531,88.16778696395531,44.36479235838215,87.60598921114632,True,False
4,2025-06-29,10,Weekend,1251,6.796116504854369,94.39680808881839,94.39680808881839,50.59646229683638,87.60069158396402,True,False
71,2026-05-16,9,Weekend,52,99.03381642512076,11.433531746031745,99.03381642512076,55.233674085576254,87.60028467908901,False,True
66,2025-01-27,20,Weekday,1234,4.807692307692308,92.40219685636411,92.40219685636411,48.60494458202821,87.59450454867181,True,False
118,2025-11-14,7,Weekday,24,93.5576923076923,5.964295643194726,93.5576923076923,49.76099397544352,87.59339666449758,False,True
118,2025-03-03,7,Weekday,24,93.5576923076923,5.964295643194726,93.5576923076923,49.76099397544352,87.59339666449758,False,True
118,2026-05-12,7,Weekday,24,93.5576923076923,5.964295643194726,93.5576923076923,49.76099397544352,87.59339666449758,False,True
118,2025-06-05,7,Weekday,24,93.5576923076923,5.964295643194726,93.5576923076923,49.76099397544352,87.59339666449758,False,True
118,2026-05-14,7,Weekday,24,93.5576923076923,5.964295643194726,93.5576923076923,49.76099397544352,87.59339666449758,False,True
118,2025-10-16,7,Weekday,24,93.5576923076923,5.964295643194726,93.5576923076923,49.76099397544352,87.59339666449758,False,True
118,2026-02-03,7,Weekday,24,93.5576923076923,5.964295643194726,93.5576923076923,49.76099397544352,87.59339666449758,False,True
118,2025-11-20,7,Weekday,24,93.5576923076923,5.964295643194726,93.5576923076923,49.76099397544352,87.59339666449758,False,True
118,2026-03-23,7,Weekday,24,93.5576923076923,5.964295643194726,93.5576923076923,49.76099397544352,87.59339666449758,False,True
118,2025-11-19,7,Weekday,24,93.5576923076923,5.964295643194726,93.5576923076923,49.76099397544352,87.59339666449758,False,True
118,2024-09-16,7,Weekday,24,93.5576923076923,5.964295643194726,93.5576923076923,49.76099397544352,87.59339666449758,False,True
118,2025-01-16,7,Weekday,24,93.5576923076923,5.964295643194726,93.5576923076923,49.76099397544352,87.59339666449758,False,True
118,2025-08-21,7,Weekday,24,93.5576923076923,5.964295643194726,93.5576923076923,49.76099397544352,87.59339666449758,False,True
118,2025-08-11,7,Weekday,24,93.5576923076923,5.964295643194726,93.5576923076923,49.76099397544352,87.59339666449758,False,True
118,2024-09-26,7,Weekday,24,93.5576923076923,5.964295643194726,93.5576923076923,49.76099397544352,87.59339666449758,False,True
118,2025-05-07,7,Weekday,24,93.5576923076923,5.964295643194726,93.5576923076923,49.76099397544352,87.59339666449758,False,True
118,2026-01-20,16,Weekday,107,98.65384615384616,11.061639070544038,98.65384615384616,54.857742612195096,87.59220708330213,False,True
138,2025-10-12,7,Weekend,7,92.34972677595628,4.757630161579892,92.34972677595628,48.55367846876809,87.59209661437639,False,True
138,2025-03-22,7,Weekend,7,92.34972677595628,4.757630161579892,92.34972677595628,48.55367846876809,87.59209661437639,False,True
138,2026-03-15,7,Weekend,7,92.34972677595628,4.757630161579892,92.34972677595628,48.55367846876809,87.59209661437639,False,True
138,2026-01-17,7,Weekend,7,92.34972677595628,4.757630161579892,92.34972677595628,48.55367846876809,87.59209661437639,False,True
138,2026-02-22,7,Weekend,7,92.34972677595628,4.757630161579892,92.34972677595628,48.55367846876809,87.59209661437639,False,True
138,2025-08-24,7,Weekend,7,92.34972677595628,4.757630161579892,92.34972677595628,48.55367846876809,87.59209661437639,False,True
138,2025-05-11,7,Weekend,7,92.34972677595628,4.757630161579892,92.34972677595628,48.55367846876809,87.59209661437639,False,True
133,2025-07-19,6,Weekend,161,8.173076923076923,95.76490032021485,95.76490032021485,51.968988621645885,87.59182339713793,True,False
133,2026-06-14,6,Weekend,161,8.173076923076923,95.76490032021485,95.76490032021485,51.968988621645885,87.59182339713793,True,False
133,2025-04-05,6,Weekend,161,8.173076923076923,95.76490032021485,95.76490032021485,51.968988621645885,87.59182339713793,True,False
138,2025-05-10,22,Weekend,4,91.52542372881356,3.9389527325672096,91.52542372881356,47.73218823069039,87.58647099624635,False,True
138,2025-01-25,22,Weekend,4,91.52542372881356,3.9389527325672096,91.52542372881356,47.73218823069039,87.58647099624635,False,True
138,2025-03-08,22,Weekend,4,91.52542372881356,3.9389527325672096,91.52542372881356,47.73218823069039,87.58647099624635,False,True
138,2025-02-08,22,Weekend,4,91.52542372881356,3.9389527325672096,91.52542372881356,47.73218823069039,87.58647099624635,False,True
138,2024-11-09,22,Weekend,4,91.52542372881356,3.9389527325672096,91.52542372881356,47.73218823069039,87.58647099624635,False,True
138,2025-11-20,19,Weekday,19,93.08681672025723,5.503636585266751,93.08681672025723,49.29522665276199,87.58318013499049,False,True
138,2025-11-21,19,Weekday,19,93.08681672025723,5.503636585266751,93.08681672025723,49.29522665276199,87.58318013499049,False,True
138,2025-11-11,19,Weekday,19,93.08681672025723,5.503636585266751,93.08681672025723,49.29522665276199,87.58318013499049,False,True
138,2025-01-21,19,Weekday,19,93.08681672025723,5.503636585266751,93.08681672025723,49.29522665276199,87.58318013499049,False,True
71,2026-08-01,18,Weekend,38,95.1923076923077,7.611714213582428,95.1923076923077,51.40201095294506,87.58059347872526,False,True
71,2025-08-02,19,Weekend,48,100.0,12.424921103532526,100.0,56.21246055176626,87.57507889646747,False,True
118,2025-01-08,16,Weekday,78,94.61538461538461,7.041483631159434,94.61538461538461,50.828434123272025,87.57390098422518,False,True
124,2025-07-19,13,Weekend,26,91.33333333333333,3.772928369041109,91.33333333333333,47.55313085118722,87.56040496429222,False,True
124,2026-03-07,13,Weekend,26,91.33333333333333,3.772928369041109,91.33333333333333,47.55313085118722,87.56040496429222,False,True
124,2025-05-25,13,Weekend,26,91.33333333333333,3.772928369041109,91.33333333333333,47.55313085118722,87.56040496429222,False,True
71,2024-11-23,9,Weekend,54,99.51690821256038,11.959325396825397,99.51690821256038,55.738116804692886,87.55758281573499,False,True
24,2025-07-06,7,Weekend,208,3.414634146341464,90.9659884300818,90.9659884300818,47.19031128821163,87.55135428374032,True,False
124,2025-01-12,10,Weekend,12,89.72602739726028,2.178330689928628,89.72602739726028,45.952179043594455,87.54769670733165,False,True
124,2025-04-12,10,Weekend,12,89.72602739726028,2.178330689928628,89.72602739726028,45.952179043594455,87.54769670733165,False,True
124,2025-10-11,10,Weekend,12,89.72602739726028,2.178330689928628,89.72602739726028,45.952179043594455,87.54769670733165,False,True
84,2026-08-02,9,Weekend,642,1.4423076923076923,88.98561507936508,88.98561507936508,45.213961385836384,87.54330738705738,True,False
4,2024-12-25,16,Weekday,2037,3.4682080924855487,91.00856705559642,91.00856705559642,47.238387574040985,87.54035896311086,True,False
4,2026-06-02,11,Weekday,1720,9.248554913294797,96.77128712871287,96.77128712871287,53.009921021003834,87.52273221541807,True,False
118,2024-09-28,7,Weekend,11,95.43147208121827,7.909435467783762,95.43147208121827,51.67045377450102,87.52203661343451,False,True
118,2025-04-06,7,Weekend,11,95.43147208121827,7.909435467783762,95.43147208121827,51.67045377450102,87.52203661343451,False,True
118,2026-07-04,7,Weekend,11,95.43147208121827,7.909435467783762,95.43147208121827,51.67045377450102,87.52203661343451,False,True
1,2025-02-04,13,Weekday,2121,5.763688760806916,93.2854002020322,93.2854002020322,49.52454448141956,87.52171144122529,True,False
24,2025-12-23,5,Weekday,99,6.358381502890173,93.87953158360112,93.87953158360112,50.118956543245645,87.52115008071095,True,False
118,2024-11-13,15,Weekday,56,93.5576923076923,6.037360890302066,93.5576923076923,49.79752659899719,87.52033141739024,False,True
118,2026-01-28,15,Weekday,56,93.5576923076923,6.037360890302066,93.5576923076923,49.79752659899719,87.52033141739024,False,True
118,2025-12-02,15,Weekday,56,93.5576923076923,6.037360890302066,93.5576923076923,49.79752659899719,87.52033141739024,False,True
118,2026-03-09,15,Weekday,56,93.5576923076923,6.037360890302066,93.5576923076923,49.79752659899719,87.52033141739024,False,True
4,2025-02-02,11,Weekend,2017,8.737864077669903,96.2514246073039,96.2514246073039,52.4946443424869,87.513560529634,True,False
4,2024-08-23,13,Weekday,2697,9.826589595375722,97.33693822172044,97.33693822172044,53.58176390854808,87.51034862634472,True,False
4,2024-09-03,12,Weekday,2591,9.633911368015415,97.13675129113322,97.13675129113322,53.38533132957432,87.5028399231178,True,False
71,2024-12-17,12,Weekday,107,97.88867562380038,10.38644953202604,97.88867562380038,54.13756257791321,87.50222609177435,False,True
71,2025-09-10,12,Weekday,107,97.88867562380038,10.38644953202604,97.88867562380038,54.13756257791321,87.50222609177435,False,True
71,2025-09-19,12,Weekday,107,97.88867562380038,10.38644953202604,97.88867562380038,54.13756257791321,87.50222609177435,False,True
4,2025-01-12,14,Weekend,2868,8.25242718446602,95.75391677477297,95.75391677477297,52.003171979619495,87.50148959030696,True,False
4,2025-09-11,15,Weekday,2211,7.89980732177264,95.39944356120826,95.39944356120826,51.64962544149045,87.49963623943562,True,False
71,2025-04-26,19,Weekend,42,98.5576923076923,11.058230683090706,98.5576923076923,54.80796149539151,87.4994616246016,False,True
118,2025-07-19,8,Weekend,32,99.03381642512076,11.538652376699414,99.03381642512076,55.28623440091009,87.49516404842134,False,True
71,2026-03-08,12,Weekend,30,91.58653846153845,4.092755921117828,91.58653846153845,47.83964719132814,87.49378254042063,False,True
71,2025-09-13,12,Weekend,30,91.58653846153845,4.092755921117828,91.58653846153845,47.83964719132814,87.49378254042063,False,True
71,2025-08-28,13,Weekday,68,93.9423076923077,6.4491849386970905,93.9423076923077,50.19574631550239,87.4931227536106,False,True
71,2025-06-27,13,Weekday,68,93.9423076923077,6.4491849386970905,93.9423076923077,50.19574631550239,87.4931227536106,False,True
71,2026-07-23,13,Weekday,68,93.9423076923077,6.4491849386970905,93.9423076923077,50.19574631550239,87.4931227536106,False,True
71,2025-11-24,13,Weekday,68,93.9423076923077,6.4491849386970905,93.9423076923077,50.19574631550239,87.4931227536106,False,True
24,2026-02-15,6,Weekend,103,1.951219512195122,89.4380745790724,89.4380745790724,45.694647045633765,87.48685506687728,True,False
84,2026-06-15,18,Weekday,1812,4.134615384615384,91.61941528933929,91.61941528933929,47.87701533697734,87.4847999047239,True,False
84,2024-09-20,18,Weekday,1812,4.134615384615384,91.61941528933929,91.61941528933929,47.87701533697734,87.4847999047239,True,False
138,2025-02-25,17,Weekday,23,89.57528957528957,2.0910845387079444,89.57528957528957,45.83318705699876,87.48420503658163,False,True
138,2025-10-09,17,Weekday,23,89.57528957528957,2.0910845387079444,89.57528957528957,45.83318705699876,87.48420503658163,False,True
138,2024-12-24,17,Weekday,23,89.57528957528957,2.0910845387079444,89.57528957528957,45.83318705699876,87.48420503658163,False,True
138,2024-11-22,17,Weekday,23,89.57528957528957,2.0910845387079444,89.57528957528957,45.83318705699876,87.48420503658163,False,True
138,2024-11-15,17,Weekday,23,89.57528957528957,2.0910845387079444,89.57528957528957,45.83318705699876,87.48420503658163,False,True
138,2025-01-21,17,Weekday,23,89.57528957528957,2.0910845387079444,89.57528957528957,45.83318705699876,87.48420503658163,False,True
138,2025-01-16,17,Weekday,23,89.57528957528957,2.0910845387079444,89.57528957528957,45.83318705699876,87.48420503658163,False,True
138,2024-09-24,17,Weekday,23,89.57528957528957,2.0910845387079444,89.57528957528957,45.83318705699876,87.48420503658163,False,True
138,2024-09-10,17,Weekday,23,89.57528957528957,2.0910845387079444,89.57528957528957,45.83318705699876,87.48420503658163,False,True
138,2025-08-13,17,Weekday,23,89.57528957528957,2.0910845387079444,89.57528957528957,45.83318705699876,87.48420503658163,False,True
138,2025-09-05,17,Weekday,23,89.57528957528957,2.0910845387079444,89.57528957528957,45.83318705699876,87.48420503658163,False,True
138,2026-03-03,17,Weekday,23,89.57528957528957,2.0910845387079444,89.57528957528957,45.83318705699876,87.48420503658163,False,True
138,2025-01-22,17,Weekday,23,89.57528957528957,2.0910845387079444,89.57528957528957,45.83318705699876,87.48420503658163,False,True
124,2025-04-09,14,Weekday,14,89.29503916449086,1.814243700818695,89.29503916449086,45.554641432654776,87.48079546367217,False,True
124,2025-04-23,14,Weekday,14,89.29503916449086,1.814243700818695,89.29503916449086,45.554641432654776,87.48079546367217,False,True
124,2026-05-21,14,Weekday,14,89.29503916449086,1.814243700818695,89.29503916449086,45.554641432654776,87.48079546367217,False,True
124,2025-08-21,14,Weekday,14,89.29503916449086,1.814243700818695,89.29503916449086,45.554641432654776,87.48079546367217,False,True
124,2025-02-05,14,Weekday,14,89.29503916449086,1.814243700818695,89.29503916449086,45.554641432654776,87.48079546367217,False,True
124,2025-07-18,14,Weekday,14,89.29503916449086,1.814243700818695,89.29503916449086,45.554641432654776,87.48079546367217,False,True
124,2025-06-02,14,Weekday,14,89.29503916449086,1.814243700818695,89.29503916449086,45.554641432654776,87.48079546367217,False,True
4,2024-08-25,17,Weekend,1636,0.9708737864077669,88.45116836428998,88.45116836428998,44.711021075348874,87.48029457788222,True,False
71,2024-11-23,18,Weekend,36,94.71153846153845,7.233021964150467,94.71153846153845,50.97228021284446,87.47851649738799,False,True
118,2026-01-30,16,Weekday,77,94.42307692307692,6.94507940925083,94.42307692307692,50.68407816616387,87.4779975138261,False,True
133,2026-06-30,6,Weekday,412,8.880308880308881,96.35518937630316,96.35518937630316,52.617749128306016,87.47488049599428,True,False
138,2026-01-02,20,Weekday,22,97.24409448818898,9.770067832038855,97.24409448818898,53.50708116011391,87.47402665615013,False,True
35,2025-06-08,9,Weekend,843,7.6923076923076925,95.15873015873015,95.15873015873015,51.42551892551892,87.46642246642246,True,False
71,2026-07-21,17,Weekday,95,95.26112185686654,7.796303296790752,95.26112185686654,51.528712576828646,87.46481856007578,False,True
71,2026-07-10,17,Weekday,95,95.26112185686654,7.796303296790752,95.26112185686654,51.528712576828646,87.46481856007578,False,True
24,2026-02-01,6,Weekend,105,2.4390243902439024,89.90032021485383,89.90032021485383,46.16967230254887,87.46129582460993,True,False
124,2025-05-22,7,Weekday,39,99.672131147541,12.212558084117717,99.672131147541,55.942344615829356,87.45957306342328,False,True
181,2026-06-02,1,Weekday,112,7.865168539325842,95.3240274492353,95.3240274492353,51.59459799428057,87.45885890990947,True,False
24,2026-01-09,5,Weekday,100,6.551059730250482,94.00892837887382,94.00892837887382,50.27999405456215,87.45786864862333,True,False
138,2025-11-16,11,Weekend,24,91.10576923076923,3.654427431742728,91.10576923076923,47.38009833125598,87.4513417990265,False,True
138,2025-10-04,11,Weekend,24,91.10576923076923,3.654427431742728,91.10576923076923,47.38009833125598,87.4513417990265,False,True
138,2025-06-08,11,Weekend,24,91.10576923076923,3.654427431742728,91.10576923076923,47.38009833125598,87.4513417990265,False,True
138,2024-08-25,11,Weekend,24,91.10576923076923,3.654427431742728,91.10576923076923,47.38009833125598,87.4513417990265,False,True
35,2026-07-12,7,Weekend,298,7.9326923076923075,95.38200678236585,95.38200678236585,51.65734954502908,87.44931447467354,True,False
35,2025-07-27,7,Weekend,298,7.9326923076923075,95.38200678236585,95.38200678236585,51.65734954502908,87.44931447467354,True,False
124,2025-03-19,12,Weekday,24,89.31297709923665,1.8679383422047213,89.31297709923665,45.590457720720686,87.44503875703192,False,True
124,2025-12-09,12,Weekday,24,89.31297709923665,1.8679383422047213,89.31297709923665,45.590457720720686,87.44503875703192,False,True
124,2025-05-08,12,Weekday,24,89.31297709923665,1.8679383422047213,89.31297709923665,45.590457720720686,87.44503875703192,False,True
124,2025-05-22,12,Weekday,24,89.31297709923665,1.8679383422047213,89.31297709923665,45.590457720720686,87.44503875703192,False,True
124,2025-03-06,12,Weekday,24,89.31297709923665,1.8679383422047213,89.31297709923665,45.590457720720686,87.44503875703192,False,True
4,2026-04-03,10,Weekday,1227,8.092485549132949,95.53307840145825,95.53307840145825,51.8127819752956,87.44059285232531,True,False
133,2024-08-30,5,Weekday,76,1.9305019305019304,89.36789665509284,89.36789665509284,45.649199292797384,87.4373947245909,True,False
4,2024-08-22,14,Weekday,2300,8.670520231213873,96.10722518082824,96.10722518082824,52.388872706021054,87.43670494961437,True,False
71,2024-10-19,16,Weekend,31,91.34615384615384,3.9098757423025097,91.34615384615384,47.62801479422817,87.43627810385134,False,True
71,2025-07-26,16,Weekend,31,91.34615384615384,3.9098757423025097,91.34615384615384,47.62801479422817,87.43627810385134,False,True
71,2025-11-09,16,Weekend,31,91.34615384615384,3.9098757423025097,91.34615384615384,47.62801479422817,87.43627810385134,False,True
71,2025-11-16,16,Weekend,31,91.34615384615384,3.9098757423025097,91.34615384615384,47.62801479422817,87.43627810385134,False,True
71,2025-10-04,16,Weekend,31,91.34615384615384,3.9098757423025097,91.34615384615384,47.62801479422817,87.43627810385134,False,True
124,2025-03-14,19,Weekday,20,93.14285714285714,5.722034862459876,93.14285714285714,49.43244600265851,87.42082228039726,False,True
66,2025-06-24,19,Weekday,1521,5.384615384615385,92.80403071797164,92.80403071797164,49.094323051293514,87.41941533335626,True,False
181,2025-08-19,2,Weekday,63,6.601123595505618,94.01335821628524,94.01335821628524,50.307240905895426,87.41223462077963,True,False
181,2025-06-17,2,Weekday,63,6.601123595505618,94.01335821628524,94.01335821628524,50.307240905895426,87.41223462077963,True,False
24,2026-01-02,5,Weekday,101,6.74373795761079,94.14802993379197,94.14802993379197,50.44588394570138,87.40429197618118,True,False
66,2025-02-03,19,Weekday,1395,4.038461538461538,91.4418349518508,91.4418349518508,47.74014824515616,87.40337341338926,True,False
118,2025-10-15,8,Weekday,61,95.38461538461539,7.983651766759915,95.38461538461539,51.68413357568765,87.40096361785547,False,True
4,2024-09-03,16,Weekday,2103,4.238921001926782,91.62972827923433,91.62972827923433,47.934324640580556,87.39080727730754,True,False
24,2025-04-21,5,Weekday,75,1.7341040462427744,89.12419935732925,89.12419935732925,45.42915170178601,87.39009531108647,True,False
66,2026-06-04,19,Weekday,1462,4.807692307692308,92.19657876559262,92.19657876559262,48.50213553664246,87.38888645790031,True,False
35,2026-06-20,8,Weekend,667,10.576923076923077,97.95077900168701,97.95077900168701,54.263851039305045,87.37385592476393,True,False
71,2026-02-11,15,Weekday,37,91.8111753371869,4.4405802861685215,91.8111753371869,48.12587781167771,87.37059505101837,False,True
71,2026-04-29,15,Weekday,37,91.8111753371869,4.4405802861685215,91.8111753371869,48.12587781167771,87.37059505101837,False,True
71,2026-05-14,15,Weekday,37,91.8111753371869,4.4405802861685215,91.8111753371869,48.12587781167771,87.37059505101837,False,True
71,2024-10-17,15,Weekday,37,91.8111753371869,4.4405802861685215,91.8111753371869,48.12587781167771,87.37059505101837,False,True
71,2026-05-15,15,Weekday,37,91.8111753371869,4.4405802861685215,91.8111753371869,48.12587781167771,87.37059505101837,False,True
71,2024-12-09,15,Weekday,37,91.8111753371869,4.4405802861685215,91.8111753371869,48.12587781167771,87.37059505101837,False,True
133,2025-04-27,7,Weekend,279,7.211538461538461,94.58158787153401,94.58158787153401,50.89656316653624,87.37004940999554,True,False
118,2026-01-27,16,Weekday,76,94.23076923076923,6.861595340793894,94.23076923076923,50.54618228578156,87.36917388997533,False,True
4,2025-06-03,16,Weekday,2038,3.6608863198458574,91.02347492496372,91.02347492496372,47.34218062240479,87.36258860511786,True,False
140,2024-09-07,23,Weekend,3,92.3076923076923,4.948285819289127,92.3076923076923,48.627989063490716,87.35940648840318,False,True
71,2024-11-06,14,Weekday,38,92.00385356454721,4.644901041252682,92.00385356454721,48.32437730289995,87.35895252329453,False,True
71,2024-08-13,14,Weekday,38,92.00385356454721,4.644901041252682,92.00385356454721,48.32437730289995,87.35895252329453,False,True
71,2025-12-01,14,Weekday,38,92.00385356454721,4.644901041252682,92.00385356454721,48.32437730289995,87.35895252329453,False,True
71,2025-03-17,14,Weekday,38,92.00385356454721,4.644901041252682,92.00385356454721,48.32437730289995,87.35895252329453,False,True
1,2025-11-03,13,Weekday,1823,2.881844380403458,90.23907144413414,90.23907144413414,46.5604579122688,87.35722706373068,True,False
46,2026-01-17,21,Weekend,16,98.36956521739131,11.014258950874272,98.36956521739131,54.691912084132795,87.35530626651703,False,True
46,2025-06-01,21,Weekend,16,98.36956521739131,11.014258950874272,98.36956521739131,54.691912084132795,87.35530626651703,False,True
46,2026-01-18,21,Weekend,16,98.36956521739131,11.014258950874272,98.36956521739131,54.691912084132795,87.35530626651703,False,True
66,2026-07-02,15,Weekday,1759,3.8387715930902107,91.19038155802862,91.19038155802862,47.51457657555942,87.3516099649384,True,False
66,2026-06-01,19,Weekday,1409,4.230769230769231,91.58201617163057,91.58201617163057,47.9063927011999,87.35124694086134,True,False
4,2024-09-29,17,Weekend,1669,1.4563106796116505,88.80317555422408,88.80317555422408,45.129743116917865,87.34686487461244,True,False
66,2025-02-04,15,Weekday,1743,3.6468330134357005,90.99364069952304,90.99364069952304,47.32023685647937,87.34680768608735,True,False
1,2026-08-03,14,Weekday,1571,2.3054755043227666,89.65106112391702,89.65106112391702,45.978268314119894,87.34558561959425,True,False
181,2025-06-26,2,Weekday,46,1.1235955056179776,88.46503290442982,88.46503290442982,44.794314205023895,87.34143739881185,True,False
24,2025-09-16,5,Weekday,102,6.9364161849710975,94.27634842243741,94.27634842243741,50.60638230370425,87.33993223746631,True,False
4,2025-06-24,11,Weekday,1721,9.441233140655106,96.77920792079208,96.77920792079208,53.11022053072359,87.33797478013697,True,False
4,2025-01-27,16,Weekday,1722,0.5780346820809248,87.91468723290068,87.91468723290068,44.2463609574908,87.33665255081975,True,False
124,2025-08-24,11,Weekend,18,90.2027027027027,2.8715128090778452,90.2027027027027,46.53710775589027,87.33118989362485,False,True
124,2025-05-31,11,Weekend,18,90.2027027027027,2.8715128090778452,90.2027027027027,46.53710775589027,87.33118989362485,False,True
124,2025-03-23,11,Weekend,18,90.2027027027027,2.8715128090778452,90.2027027027027,46.53710775589027,87.33118989362485,False,True
124,2025-11-02,11,Weekend,18,90.2027027027027,2.8715128090778452,90.2027027027027,46.53710775589027,87.33118989362485,False,True
138,2024-08-14,16,Weekday,24,89.8076923076923,2.478681746804747,89.8076923076923,46.14318702724853,87.32901056088755,False,True
138,2025-02-19,16,Weekday,24,89.8076923076923,2.478681746804747,89.8076923076923,46.14318702724853,87.32901056088755,False,True
138,2025-03-18,16,Weekday,24,89.8076923076923,2.478681746804747,89.8076923076923,46.14318702724853,87.32901056088755,False,True
138,2024-12-19,16,Weekday,24,89.8076923076923,2.478681746804747,89.8076923076923,46.14318702724853,87.32901056088755,False,True
138,2025-07-01,16,Weekday,24,89.8076923076923,2.478681746804747,89.8076923076923,46.14318702724853,87.32901056088755,False,True
138,2026-07-06,16,Weekday,24,89.8076923076923,2.478681746804747,89.8076923076923,46.14318702724853,87.32901056088755,False,True
138,2026-03-23,16,Weekday,24,89.8076923076923,2.478681746804747,89.8076923076923,46.14318702724853,87.32901056088755,False,True
138,2026-05-01,16,Weekday,24,89.8076923076923,2.478681746804747,89.8076923076923,46.14318702724853,87.32901056088755,False,True
138,2025-06-03,16,Weekday,24,89.8076923076923,2.478681746804747,89.8076923076923,46.14318702724853,87.32901056088755,False,True
138,2025-02-13,16,Weekday,24,89.8076923076923,2.478681746804747,89.8076923076923,46.14318702724853,87.32901056088755,False,True
138,2026-02-19,16,Weekday,24,89.8076923076923,2.478681746804747,89.8076923076923,46.14318702724853,87.32901056088755,False,True
138,2025-03-21,16,Weekday,24,89.8076923076923,2.478681746804747,89.8076923076923,46.14318702724853,87.32901056088755,False,True
138,2025-07-11,16,Weekday,24,89.8076923076923,2.478681746804747,89.8076923076923,46.14318702724853,87.32901056088755,False,True
4,2024-08-17,12,Weekend,2676,9.70873786407767,97.03696363095828,97.03696363095828,53.37285074751797,87.32822576688062,True,False
66,2026-06-30,15,Weekday,1792,4.222648752399232,91.54908585055644,91.54908585055644,47.88586730147784,87.3264370981572,True,False
4,2024-08-26,12,Weekday,2598,9.826589595375722,97.15258127708411,97.15258127708411,53.489585436229916,87.32599168170839,True,False
124,2026-03-07,19,Weekend,49,100.0,12.674335742644812,100.0,56.33716787132241,87.32566425735519,False,True
71,2025-08-09,19,Weekend,31,96.15384615384616,8.828769215107402,96.15384615384616,52.49130768447678,87.32507693873876,False,True
4,2024-08-30,13,Weekday,2698,10.01926782273603,97.34288034543546,97.34288034543546,53.68107408408574,87.32361252269943,True,False
66,2025-12-25,19,Weekday,1530,5.5769230769230775,92.89748486449149,92.89748486449149,49.237203970707284,87.32056178756841,True,False
66,2025-07-22,19,Weekday,1474,5.0,92.32050709032546,92.32050709032546,48.66025354516273,87.32050709032546,True,False
4,2024-10-14,15,Weekday,2212,8.092485549132949,95.41236089030207,95.41236089030207,51.75242321971751,87.31987534116912,True,False
66,2024-11-25,20,Weekday,1235,5.096153846153846,92.4134680410681,92.4134680410681,48.75481094361097,87.31731419491426,True,False
66,2026-06-01,20,Weekday,1235,5.096153846153846,92.4134680410681,92.4134680410681,48.75481094361097,87.31731419491426,True,False
118,2026-01-17,10,Weekend,59,96.85990338164251,9.54599524187153,96.85990338164251,53.202949311757024,87.31390813977097,False,True
118,2025-09-27,10,Weekend,59,96.85990338164251,9.54599524187153,96.85990338164251,53.202949311757024,87.31390813977097,False,True
188,2025-10-25,21,Weekend,9,93.83561643835617,6.523209825145712,93.83561643835617,50.17941313175094,87.31240661321046,False,True
188,2025-10-18,21,Weekend,9,93.83561643835617,6.523209825145712,93.83561643835617,50.17941313175094,87.31240661321046,False,True
24,2026-04-03,5,Weekday,74,1.5414258188824663,88.85354439388384,88.85354439388384,45.197485106383155,87.31211857500136,True,False
1,2025-04-18,14,Weekday,1522,1.729106628242075,89.04101422780383,89.04101422780383,45.38506042802295,87.31190759956175,True,False
66,2024-09-11,15,Weekday,1673,2.8790786948176583,90.18779809220986,90.18779809220986,46.53343839351376,87.3087193973922,True,False
4,2024-08-14,14,Weekday,2313,8.863198458574182,96.16981956919165,96.16981956919165,52.51650901388291,87.30662111061747,True,False
181,2025-07-14,0,Weekday,179,7.02247191011236,94.3278652427612,94.3278652427612,50.67516857643678,87.30539333264885,True,False
66,2025-11-10,19,Weekday,1275,2.8846153846153846,90.1883304213563,90.1883304213563,46.53647290298584,87.30371503674091,True,False
4,2025-05-26,16,Weekday,2073,4.046242774566474,91.34647876125544,91.34647876125544,47.69636076791096,87.30023598668896,True,False
118,2026-01-15,16,Weekday,111,99.03846153846155,11.738456339819912,99.03846153846155,55.38845893914073,87.30000519864163,False,True
84,2026-08-05,18,Weekday,1534,1.3461538461538463,88.64559456307556,88.64559456307556,44.9958742046147,87.29944071692172,True,False
1,2024-10-18,13,Weekday,2127,6.051873198847262,93.35076356289737,93.35076356289737,49.701318380872316,87.29889036405011,True,False
35,2025-05-17,8,Weekend,350,1.4423076923076923,88.73672720055572,88.73672720055572,45.08951744643171,87.29441950824803,True,False
66,2026-01-07,19,Weekday,1438,4.615384615384616,91.90707407256917,91.90707407256917,48.26122934397689,87.29168945718456,True,False
118,2026-07-04,8,Weekend,21,93.96135265700482,6.671132281432966,93.96135265700482,50.31624246921889,87.29022037557186,False,True
118,2024-12-14,8,Weekend,21,93.96135265700482,6.671132281432966,93.96135265700482,50.31624246921889,87.29022037557186,False,True
118,2025-12-14,8,Weekend,21,93.96135265700482,6.671132281432966,93.96135265700482,50.31624246921889,87.29022037557186,False,True
118,2024-08-11,8,Weekend,21,93.96135265700482,6.671132281432966,93.96135265700482,50.31624246921889,87.29022037557186,False,True
1,2024-10-18,14,Weekday,1544,2.0172910662824206,89.30728876877832,89.30728876877832,45.66228991753037,87.2899977024959,True,False
124,2025-08-01,16,Weekday,13,88.6968085106383,1.4073028682740663,88.6968085106383,45.05205568945619,87.28950564236423,False,True
124,2025-12-23,16,Weekday,13,88.6968085106383,1.4073028682740663,88.6968085106383,45.05205568945619,87.28950564236423,False,True
124,2024-12-31,16,Weekday,13,88.6968085106383,1.4073028682740663,88.6968085106383,45.05205568945619,87.28950564236423,False,True
124,2025-09-05,16,Weekday,13,88.6968085106383,1.4073028682740663,88.6968085106383,45.05205568945619,87.28950564236423,False,True
124,2025-07-24,16,Weekday,13,88.6968085106383,1.4073028682740663,88.6968085106383,45.05205568945619,87.28950564236423,False,True
124,2025-01-30,16,Weekday,13,88.6968085106383,1.4073028682740663,88.6968085106383,45.05205568945619,87.28950564236423,False,True
124,2025-08-08,16,Weekday,13,88.6968085106383,1.4073028682740663,88.6968085106383,45.05205568945619,87.28950564236423,False,True
124,2025-01-14,16,Weekday,13,88.6968085106383,1.4073028682740663,88.6968085106383,45.05205568945619,87.28950564236423,False,True
124,2026-01-29,16,Weekday,13,88.6968085106383,1.4073028682740663,88.6968085106383,45.05205568945619,87.28950564236423,False,True
124,2025-07-30,16,Weekday,13,88.6968085106383,1.4073028682740663,88.6968085106383,45.05205568945619,87.28950564236423,False,True
124,2025-05-07,16,Weekday,13,88.6968085106383,1.4073028682740663,88.6968085106383,45.05205568945619,87.28950564236423,False,True
124,2025-02-17,16,Weekday,13,88.6968085106383,1.4073028682740663,88.6968085106383,45.05205568945619,87.28950564236423,False,True
71,2026-02-13,12,Weekday,119,99.42418426103646,12.14555672081841,99.42418426103646,55.78487049092743,87.27862754021805,False,True
66,2025-02-03,15,Weekday,1771,4.030710172744722,91.30564387917329,91.30564387917329,47.668177025959004,87.27493370642857,True,False
1,2026-08-05,13,Weekday,1791,2.5936599423631126,89.86570800404064,89.86570800404064,46.22968397320188,87.27204806167752,True,False
138,2026-01-08,11,Weekday,24,89.96138996138995,2.6900990099009903,89.96138996138995,46.32574448564547,87.27129095148896,False,True
138,2024-11-21,11,Weekday,24,89.96138996138995,2.6900990099009903,89.96138996138995,46.32574448564547,87.27129095148896,False,True
138,2024-11-04,11,Weekday,24,89.96138996138995,2.6900990099009903,89.96138996138995,46.32574448564547,87.27129095148896,False,True
138,2025-07-17,11,Weekday,24,89.96138996138995,2.6900990099009903,89.96138996138995,46.32574448564547,87.27129095148896,False,True
138,2025-09-26,11,Weekday,24,89.96138996138995,2.6900990099009903,89.96138996138995,46.32574448564547,87.27129095148896,False,True
138,2025-04-10,11,Weekday,24,89.96138996138995,2.6900990099009903,89.96138996138995,46.32574448564547,87.27129095148896,False,True
138,2025-11-25,11,Weekday,24,89.96138996138995,2.6900990099009903,89.96138996138995,46.32574448564547,87.27129095148896,False,True
4,2025-08-31,14,Weekend,1851,0.48543689320388345,87.75571300269435,87.75571300269435,44.120574947949116,87.27027610949047,True,False
4,2025-01-05,17,Weekend,1809,2.912621359223301,90.18124625524267,90.18124625524267,46.54693380723298,87.26862489601938,True,False
4,2024-08-28,16,Weekday,2047,3.8535645472061653,91.12186686278797,91.12186686278797,47.487715704997065,87.2683023155818,True,False
4,2024-10-21,10,Weekday,1229,8.285163776493256,95.54793842008283,95.54793842008283,51.91655109828804,87.26277464358958,True,False
4,2025-10-26,17,Weekend,1758,2.4271844660194173,89.68943479129219,89.68943479129219,46.0583096286558,87.26225032527277,True,False
124,2025-01-26,19,Weekend,43,98.57142857142858,11.310190369540873,98.57142857142858,54.94080947048473,87.2612382018877,False,True
138,2025-04-13,14,Weekend,27,91.10576923076923,3.8469214649236605,91.10576923076923,47.47634534784645,87.25884776584556,False,True
138,2025-04-19,14,Weekend,27,91.10576923076923,3.8469214649236605,91.10576923076923,47.47634534784645,87.25884776584556,False,True
138,2026-01-31,14,Weekend,27,91.10576923076923,3.8469214649236605,91.10576923076923,47.47634534784645,87.25884776584556,False,True
138,2026-03-15,14,Weekend,27,91.10576923076923,3.8469214649236605,91.10576923076923,47.47634534784645,87.25884776584556,False,True
138,2025-05-03,14,Weekend,27,91.10576923076923,3.8469214649236605,91.10576923076923,47.47634534784645,87.25884776584556,False,True
138,2025-07-26,14,Weekend,27,91.10576923076923,3.8469214649236605,91.10576923076923,47.47634534784645,87.25884776584556,False,True
124,2026-01-04,16,Weekend,20,89.86486486486487,2.6074155396975898,89.86486486486487,46.23614020228123,87.25744932516729,False,True
124,2025-01-12,16,Weekend,20,89.86486486486487,2.6074155396975898,89.86486486486487,46.23614020228123,87.25744932516729,False,True
124,2026-01-18,16,Weekend,20,89.86486486486487,2.6074155396975898,89.86486486486487,46.23614020228123,87.25744932516729,False,True
124,2025-05-10,16,Weekend,20,89.86486486486487,2.6074155396975898,89.86486486486487,46.23614020228123,87.25744932516729,False,True
124,2025-01-26,16,Weekend,20,89.86486486486487,2.6074155396975898,89.86486486486487,46.23614020228123,87.25744932516729,False,True
124,2025-07-26,16,Weekend,20,89.86486486486487,2.6074155396975898,89.86486486486487,46.23614020228123,87.25744932516729,False,True
124,2025-06-28,16,Weekend,20,89.86486486486487,2.6074155396975898,89.86486486486487,46.23614020228123,87.25744932516729,False,True
66,2026-04-09,15,Weekday,1686,3.071017274472169,90.32690779014308,90.32690779014308,46.698962532307625,87.25589051567091,True,False
181,2026-07-30,1,Weekday,114,8.286516853932584,95.54067030470524,95.54067030470524,51.91359357931891,87.25415345077266,True,False
181,2026-07-02,1,Weekday,114,8.286516853932584,95.54067030470524,95.54067030470524,51.91359357931891,87.25415345077266,True,False
71,2026-02-23,16,Weekday,57,92.58188824662813,5.330060227792243,92.58188824662813,48.955974237210185,87.25182801883588,False,True
71,2026-04-16,16,Weekday,57,92.58188824662813,5.330060227792243,92.58188824662813,48.955974237210185,87.25182801883588,False,True
71,2026-03-06,16,Weekday,57,92.58188824662813,5.330060227792243,92.58188824662813,48.955974237210185,87.25182801883588,False,True
71,2025-08-25,16,Weekday,57,92.58188824662813,5.330060227792243,92.58188824662813,48.955974237210185,87.25182801883588,False,True
71,2025-05-28,16,Weekday,57,92.58188824662813,5.330060227792243,92.58188824662813,48.955974237210185,87.25182801883588,False,True
71,2025-04-03,16,Weekday,57,92.58188824662813,5.330060227792243,92.58188824662813,48.955974237210185,87.25182801883588,False,True
71,2025-08-15,16,Weekday,57,92.58188824662813,5.330060227792243,92.58188824662813,48.955974237210185,87.25182801883588,False,True
71,2024-10-03,16,Weekday,57,92.58188824662813,5.330060227792243,92.58188824662813,48.955974237210185,87.25182801883588,False,True
138,2024-12-14,21,Weekend,19,100.0,12.749791840133224,100.0,56.37489592006661,87.25020815986677,False,True
71,2024-09-01,9,Weekend,27,92.512077294686,5.262896825396825,92.512077294686,48.88748706004141,87.24918046928917,False,True
71,2025-11-15,9,Weekend,27,92.512077294686,5.262896825396825,92.512077294686,48.88748706004141,87.24918046928917,False,True
71,2025-06-08,9,Weekend,27,92.512077294686,5.262896825396825,92.512077294686,48.88748706004141,87.24918046928917,False,True
71,2026-05-23,9,Weekend,27,92.512077294686,5.262896825396825,92.512077294686,48.88748706004141,87.24918046928917,False,True
35,2026-06-10,9,Weekday,1060,4.606525911708253,91.85061779813967,91.85061779813967,48.228571854923956,87.24409188643142,True,False
4,2024-09-01,17,Weekend,1994,4.368932038834951,91.60425404433794,91.60425404433794,47.986593041586445,87.23532200550298,True,False
84,2026-05-06,18,Weekday,1827,4.519230769230769,91.75011058832992,91.75011058832992,48.134670678780346,87.23087981909914,True,False
84,2026-06-29,18,Weekday,1827,4.519230769230769,91.75011058832992,91.75011058832992,48.134670678780346,87.23087981909914,True,False
138,2025-12-17,20,Weekday,21,96.65354330708661,9.423735065680267,96.65354330708661,53.038639186383435,87.22980824140635,False,True
138,2025-01-02,20,Weekday,21,96.65354330708661,9.423735065680267,96.65354330708661,53.038639186383435,87.22980824140635,False,True
124,2025-03-19,17,Weekday,17,88.87323943661973,1.6464057619227632,88.87323943661973,45.259822599271246,87.22683367469696,False,True
124,2025-06-25,17,Weekday,17,88.87323943661973,1.6464057619227632,88.87323943661973,45.259822599271246,87.22683367469696,False,True
124,2025-08-27,17,Weekday,17,88.87323943661973,1.6464057619227632,88.87323943661973,45.259822599271246,87.22683367469696,False,True
124,2025-04-24,17,Weekday,17,88.87323943661973,1.6464057619227632,88.87323943661973,45.259822599271246,87.22683367469696,False,True
133,2025-11-03,6,Weekday,415,9.16988416988417,96.39668819206867,96.39668819206867,52.78328618097642,87.2268040221845,True,False
133,2025-06-12,6,Weekday,415,9.16988416988417,96.39668819206867,96.39668819206867,52.78328618097642,87.2268040221845,True,False
24,2025-01-26,7,Weekend,210,3.902439024390244,91.12806702573309,91.12806702573309,47.51525302506167,87.22562800134284,True,False
71,2024-12-13,16,Weekday,117,100.0,12.77703790574251,100.0,56.38851895287125,87.2229620942575,False,True
66,2025-05-23,15,Weekday,1699,3.262955854126679,90.48390302066773,90.48390302066773,46.8734294373972,87.22094716654105,True,False
66,2024-12-16,15,Weekday,1617,2.3032629558541267,89.52404610492846,89.52404610492846,45.91365453039129,87.22078314907434,True,False
24,2024-12-27,5,Weekday,73,1.348747591522158,88.56887144428389,88.56887144428389,44.95880951790302,87.22012385276173,True,False
66,2025-07-01,19,Weekday,1539,5.769230769230769,92.9868757872496,92.9868757872496,49.37805327824019,87.21764501801883,True,False
181,2026-03-03,1,Weekday,72,0.2808988764044944,87.4979506756915,87.4979506756915,43.889424776047996,87.217051799287,True,False
35,2025-12-24,9,Weekday,997,3.6468330134357005,90.85797584339859,90.85797584339859,47.252404428417144,87.2111428299629,True,False
4,2026-06-01,16,Weekday,1728,0.7707129094412332,87.97928800015902,87.97928800015902,44.37500045480012,87.20857509071779,True,False
4,2024-10-15,16,Weekday,2104,4.431599229287091,91.63867300085472,91.63867300085472,48.035136115070905,87.20707377156764,True,False
138,2026-01-01,6,Weekday,5,91.40350877192982,4.1984655559829145,91.40350877192982,47.80098716395637,87.2050432159469,False,True
138,2024-09-11,6,Weekday,5,91.40350877192982,4.1984655559829145,91.40350877192982,47.80098716395637,87.2050432159469,False,True
138,2024-10-07,6,Weekday,5,91.40350877192982,4.1984655559829145,91.40350877192982,47.80098716395637,87.2050432159469,False,True
138,2025-09-30,6,Weekday,5,91.40350877192982,4.1984655559829145,91.40350877192982,47.80098716395637,87.2050432159469,False,True
138,2024-10-08,6,Weekday,5,91.40350877192982,4.1984655559829145,91.40350877192982,47.80098716395637,87.2050432159469,False,True
138,2025-02-07,6,Weekday,5,91.40350877192982,4.1984655559829145,91.40350877192982,47.80098716395637,87.2050432159469,False,True
138,2025-09-08,6,Weekday,5,91.40350877192982,4.1984655559829145,91.40350877192982,47.80098716395637,87.2050432159469,False,True
138,2025-02-12,6,Weekday,5,91.40350877192982,4.1984655559829145,91.40350877192982,47.80098716395637,87.2050432159469,False,True
138,2025-11-25,6,Weekday,5,91.40350877192982,4.1984655559829145,91.40350877192982,47.80098716395637,87.2050432159469,False,True
138,2025-02-04,6,Weekday,5,91.40350877192982,4.1984655559829145,91.40350877192982,47.80098716395637,87.2050432159469,False,True
138,2025-10-16,6,Weekday,5,91.40350877192982,4.1984655559829145,91.40350877192982,47.80098716395637,87.2050432159469,False,True
138,2024-10-01,6,Weekday,5,91.40350877192982,4.1984655559829145,91.40350877192982,47.80098716395637,87.2050432159469,False,True
138,2025-11-27,6,Weekday,5,91.40350877192982,4.1984655559829145,91.40350877192982,47.80098716395637,87.2050432159469,False,True
138,2026-01-27,6,Weekday,5,91.40350877192982,4.1984655559829145,91.40350877192982,47.80098716395637,87.2050432159469,False,True
4,2025-01-12,13,Weekend,3005,9.70873786407767,96.91057314708954,96.91057314708954,53.309655505583606,87.20183528301186,True,False
35,2024-11-04,9,Weekday,987,3.45489443378119,90.65667083159794,90.65667083159794,47.055782632689564,87.20177639781674,True,False
1,2025-07-22,14,Weekday,1493,1.440922190201729,88.64259597806216,88.64259597806216,45.04175908413195,87.20167378786043,True,False
4,2024-10-15,14,Weekday,2323,9.05587668593449,96.25129163023607,96.25129163023607,52.65358415808528,87.19541494430158,True,False
118,2025-01-24,14,Weekday,56,93.5576923076923,6.362769255226135,93.5576923076923,49.960230781459224,87.19492305246617,False,True
118,2025-01-09,14,Weekday,56,93.5576923076923,6.362769255226135,93.5576923076923,49.960230781459224,87.19492305246617,False,True
1,2026-08-05,14,Weekday,1683,3.7463976945244957,90.94070423654718,90.94070423654718,47.34355096553583,87.19430654202269,True,False
66,2026-01-26,19,Weekday,1481,5.1923076923076925,92.38653447645362,92.38653447645362,48.789421084380656,87.19422678414593,True,False
4,2025-03-16,16,Weekend,2262,4.854368932038835,92.04800638754429,92.04800638754429,48.451187659791564,87.19363745550545,True,False
66,2025-06-23,19,Weekday,1338,3.653846153846154,90.84454105887612,90.84454105887612,47.24919360636114,87.19069490502996,True,False
35,2024-09-25,9,Weekday,1044,4.414587332053743,91.60468852263938,91.60468852263938,48.00963792734656,87.19010119058564,True,False
66,2026-02-03,15,Weekday,1712,3.45489443378119,90.64288553259141,90.64288553259141,47.0488899831863,87.18799109881022,True,False
181,2025-08-26,2,Weekday,64,7.02247191011236,94.20980257342107,94.20980257342107,50.616137241766715,87.18733066330871,True,False
71,2025-09-06,18,Weekend,35,94.23076923076923,7.043675839434487,94.23076923076923,50.637222535101856,87.18709339133474,False,True
1,2025-02-04,14,Weekday,1582,2.5936599423631126,89.77923058580399,89.77923058580399,46.18644526408355,87.18557064344087,True,False
71,2024-11-10,10,Weekend,23,91.10576923076923,3.9229777954004756,91.10576923076923,47.51437351308485,87.18279143536876,False,True
71,2024-11-16,10,Weekend,23,91.10576923076923,3.9229777954004756,91.10576923076923,47.51437351308485,87.18279143536876,False,True
84,2024-11-24,9,Weekend,664,2.8846153846153846,90.06696428571429,90.06696428571429,46.47578983516484,87.1823489010989,True,False
4,2024-09-15,16,Weekend,2463,6.310679611650485,93.4926892559509,93.4926892559509,49.901684433800696,87.18200964430042,True,False
46,2025-12-13,22,Weekend,7,93.90243902439023,6.720919348967811,93.90243902439023,50.31167918667902,87.18151967542242,False,True
46,2024-10-13,22,Weekend,7,93.90243902439023,6.720919348967811,93.90243902439023,50.31167918667902,87.18151967542242,False,True
46,2025-09-07,22,Weekend,7,93.90243902439023,6.720919348967811,93.90243902439023,50.31167918667902,87.18151967542242,False,True
46,2024-11-16,22,Weekend,7,93.90243902439023,6.720919348967811,93.90243902439023,50.31167918667902,87.18151967542242,False,True
46,2024-10-06,22,Weekend,7,93.90243902439023,6.720919348967811,93.90243902439023,50.31167918667902,87.18151967542242,False,True
46,2025-03-29,22,Weekend,7,93.90243902439023,6.720919348967811,93.90243902439023,50.31167918667902,87.18151967542242,False,True
46,2025-10-04,22,Weekend,7,93.90243902439023,6.720919348967811,93.90243902439023,50.31167918667902,87.18151967542242,False,True
4,2024-10-18,16,Weekday,1760,1.1560693641618496,88.33210757518536,88.33210757518536,44.744088469673606,87.17603821102351,True,False
24,2025-01-26,6,Weekend,106,2.9268292682926833,90.10174568742897,90.10174568742897,46.514287477860826,87.1749164191363,True,False
66,2025-03-12,19,Weekday,1410,4.423076923076923,91.59725326073706,91.59725326073706,48.01016509190699,87.17417633766014,True,False
66,2025-01-06,15,Weekday,1804,4.5105566218809985,91.68422098569158,91.68422098569158,48.09738880378629,87.17366436381059,True,False
66,2024-12-05,15,Weekday,1804,4.5105566218809985,91.68422098569158,91.68422098569158,48.09738880378629,87.17366436381059,True,False
138,2026-05-27,12,Weekday,37,90.28846153846153,3.11553910995904,90.28846153846153,46.70200032421029,87.17292242850249,False,True
138,2024-09-10,12,Weekday,37,90.28846153846153,3.11553910995904,90.28846153846153,46.70200032421029,87.17292242850249,False,True
138,2025-02-14,12,Weekday,37,90.28846153846153,3.11553910995904,90.28846153846153,46.70200032421029,87.17292242850249,False,True
138,2025-06-19,12,Weekday,37,90.28846153846153,3.11553910995904,90.28846153846153,46.70200032421029,87.17292242850249,False,True
138,2025-02-07,12,Weekday,37,90.28846153846153,3.11553910995904,90.28846153846153,46.70200032421029,87.17292242850249,False,True
138,2025-12-03,12,Weekday,37,90.28846153846153,3.11553910995904,90.28846153846153,46.70200032421029,87.17292242850249,False,True
138,2026-04-08,12,Weekday,37,90.28846153846153,3.11553910995904,90.28846153846153,46.70200032421029,87.17292242850249,False,True
138,2024-11-20,12,Weekday,37,90.28846153846153,3.11553910995904,90.28846153846153,46.70200032421029,87.17292242850249,False,True
138,2025-01-08,12,Weekday,37,90.28846153846153,3.11553910995904,90.28846153846153,46.70200032421029,87.17292242850249,False,True
138,2026-07-27,12,Weekday,37,90.28846153846153,3.11553910995904,90.28846153846153,46.70200032421029,87.17292242850249,False,True
181,2026-07-29,2,Weekday,45,0.8426966292134831,88.01198310578529,88.01198310578529,44.427339867499384,87.16928647657181,True,False
35,2025-11-04,9,Weekday,1031,4.222648752399232,91.39049205688106,91.39049205688106,47.80657040464015,87.16784330448182,True,False
35,2025-01-01,9,Weekday,973,3.262955854126679,90.4305745621864,90.4305745621864,46.84676520815653,87.16761870805972,True,False
71,2024-08-10,18,Weekend,67,100.0,12.837667255743499,100.0,56.41883362787175,87.1623327442565,False,True
71,2025-08-10,8,Weekend,30,97.58454106280193,10.42472958221693,97.58454106280193,54.00463532250943,87.159811480585,False,True
4,2024-09-02,16,Weekday,1739,0.9633911368015413,88.11842811425392,88.11842811425392,44.54090962552773,87.15503697745237,True,False
35,2024-09-02,9,Weekday,1006,3.8387715930902107,90.99284028480197,90.99284028480197,47.41580593894609,87.15406869171176,True,False
4,2024-10-07,13,Weekday,2702,10.211946050096339,97.36367777843802,97.36367777843802,53.78781191426718,87.15173172834167,True,False
4,2025-05-13,11,Weekday,1722,9.633911368015415,96.78415841584157,96.78415841584157,53.209034891928496,87.15024704782616,True,False
138,2025-12-20,18,Weekend,21,91.8918918918919,4.743751577884373,91.8918918918919,48.317821734888135,87.14814031400753,False,True
138,2025-11-01,18,Weekend,21,91.8918918918919,4.743751577884373,91.8918918918919,48.317821734888135,87.14814031400753,False,True
138,2025-11-22,18,Weekend,21,91.8918918918919,4.743751577884373,91.8918918918919,48.317821734888135,87.14814031400753,False,True
4,2024-08-29,15,Weekday,2214,8.285163776493256,95.43223370429253,95.43223370429253,51.858698740392896,87.14706992779927,True,False
4,2024-10-28,12,Weekday,2603,10.01926782273603,97.16544314066921,97.16544314066921,53.59235548170262,87.14617531793319,True,False
1,2025-08-29,14,Weekday,1732,4.322766570605188,91.46729194817583,91.46729194817583,47.895029259390505,87.14452537757064,True,False
1,2025-01-27,13,Weekday,1731,2.0172910662824206,89.15760492800126,89.15760492800126,45.587447997141844,87.14031386171884,True,False
4,2024-09-15,17,Weekend,1921,3.8834951456310676,91.01757539444777,91.01757539444777,47.450535270039424,87.1340802488167,True,False
1,2026-08-03,13,Weekday,2140,6.340057636887608,93.4705963911502,93.4705963911502,49.9053270140189,87.13053875426259,True,False
4,2026-07-12,15,Weekend,2777,8.009708737864079,95.13393525215743,95.13393525215743,51.57182199501075,87.12422651429335,True,False
4,2026-01-24,15,Weekend,2777,8.009708737864079,95.13393525215743,95.13393525215743,51.57182199501075,87.12422651429335,True,False
4,2025-05-25,10,Weekend,1252,7.281553398058252,94.40424266455194,94.40424266455194,50.8428980313051,87.1226892664937,True,False
124,2024-12-31,21,Weekday,20,100.0,12.878677919008025,100.0,56.43933895950401,87.12132208099197,False,True
66,2025-01-27,19,Weekday,1285,3.173076923076923,90.29295843322092,90.29295843322092,46.73301767814892,87.119881510144,True,False
66,2024-09-11,19,Weekday,1285,3.173076923076923,90.29295843322092,90.29295843322092,46.73301767814892,87.119881510144,True,False
71,2025-08-17,13,Weekend,28,91.06280193236715,3.951881493264403,91.06280193236715,47.50734171281578,87.11092043910274,False,True
71,2025-08-30,13,Weekend,28,91.06280193236715,3.951881493264403,91.06280193236715,47.50734171281578,87.11092043910274,False,True
71,2026-07-19,13,Weekend,28,91.06280193236715,3.951881493264403,91.06280193236715,47.50734171281578,87.11092043910274,False,True
71,2026-05-30,13,Weekend,28,91.06280193236715,3.951881493264403,91.06280193236715,47.50734171281578,87.11092043910274,False,True
124,2025-01-08,18,Weekday,26,91.4027149321267,4.29183254916154,91.4027149321267,47.84727374064412,87.11088238296516,False,True
35,2026-06-05,9,Weekday,1063,4.798464491362764,91.90416691457925,91.90416691457925,48.35131570297101,87.10570242321648,True,False
124,2026-02-01,17,Weekend,23,90.55944055944056,3.457659277012183,90.55944055944056,47.00854991822637,87.10178128242838,False,True
124,2025-03-29,17,Weekend,23,90.55944055944056,3.457659277012183,90.55944055944056,47.00854991822637,87.10178128242838,False,True
84,2025-06-22,9,Weekend,698,4.326923076923077,91.42609126984127,91.42609126984127,47.87650717338217,87.09916819291819,True,False
138,2026-06-28,8,Weekend,9,90.44117647058823,3.3442492805398434,90.44117647058823,46.89271287556404,87.09692719004839,False,True
138,2024-10-05,8,Weekend,9,90.44117647058823,3.3442492805398434,90.44117647058823,46.89271287556404,87.09692719004839,False,True
138,2025-11-01,8,Weekend,9,90.44117647058823,3.3442492805398434,90.44117647058823,46.89271287556404,87.09692719004839,False,True
138,2026-03-22,8,Weekend,9,90.44117647058823,3.3442492805398434,90.44117647058823,46.89271287556404,87.09692719004839,False,True
138,2026-04-19,8,Weekend,9,90.44117647058823,3.3442492805398434,90.44117647058823,46.89271287556404,87.09692719004839,False,True
138,2025-07-20,8,Weekend,9,90.44117647058823,3.3442492805398434,90.44117647058823,46.89271287556404,87.09692719004839,False,True
66,2025-01-15,19,Weekday,1347,3.8461538461538463,90.94307423509814,90.94307423509814,47.39461404062599,87.0969203889443,True,False
118,2025-12-16,6,Weekday,13,99.79919678714859,12.702686289196139,99.79919678714859,56.25094153817236,87.09651049795245,False,True
124,2025-04-27,12,Weekend,26,90.66666666666666,3.5873550688732534,90.66666666666666,47.127010867769954,87.0793115977934,False,True
138,2025-12-16,20,Weekday,27,98.4251968503937,11.345984384285918,98.4251968503937,54.88559061733981,87.07921246610779,False,True
66,2025-06-24,20,Weekday,1239,5.384615384615385,92.46265139250363,92.46265139250363,48.92363338855951,87.07803600788824,True,False
118,2025-07-18,10,Weekday,43,92.29287090558766,5.2208198767609115,92.29287090558766,48.75684539117429,87.07205102882675,False,True
118,2024-11-19,10,Weekday,43,92.29287090558766,5.2208198767609115,92.29287090558766,48.75684539117429,87.07205102882675,False,True
118,2025-01-09,10,Weekday,43,92.29287090558766,5.2208198767609115,92.29287090558766,48.75684539117429,87.07205102882675,False,True
118,2024-12-17,10,Weekday,43,92.29287090558766,5.2208198767609115,92.29287090558766,48.75684539117429,87.07205102882675,False,True
118,2024-09-16,10,Weekday,43,92.29287090558766,5.2208198767609115,92.29287090558766,48.75684539117429,87.07205102882675,False,True
118,2026-03-09,10,Weekday,43,92.29287090558766,5.2208198767609115,92.29287090558766,48.75684539117429,87.07205102882675,False,True
118,2025-07-08,10,Weekday,43,92.29287090558766,5.2208198767609115,92.29287090558766,48.75684539117429,87.07205102882675,False,True
24,2025-12-19,5,Weekday,103,7.321772639691715,94.39280553818283,94.39280553818283,50.85728908893727,87.07103289849111,True,False
24,2026-01-22,5,Weekday,103,7.321772639691715,94.39280553818283,94.39280553818283,50.85728908893727,87.07103289849111,True,False
24,2026-01-16,5,Weekday,103,7.321772639691715,94.39280553818283,94.39280553818283,50.85728908893727,87.07103289849111,True,False
124,2025-03-07,19,Weekday,19,92.57142857142857,5.503636585266751,92.57142857142857,49.03753257834766,87.06779198616182,False,True
4,2024-09-19,16,Weekday,2130,4.8169556840077075,91.88216820052078,91.88216820052078,48.349561942264245,87.06521251651307,True,False
35,2025-03-16,9,Weekend,847,8.173076923076923,95.23809523809523,95.23809523809523,51.70558608058607,87.0650183150183,True,False
138,2026-04-11,15,Weekend,27,90.625,3.5616301691026084,90.625,47.09331508455131,87.06336983089739,False,True
138,2026-01-04,15,Weekend,27,90.625,3.5616301691026084,90.625,47.09331508455131,87.06336983089739,False,True
138,2025-06-18,8,Weekday,15,89.13461538461539,2.071305279447652,89.13461538461539,45.60296033203152,87.06331010516773,False,True
138,2025-07-30,8,Weekday,15,89.13461538461539,2.071305279447652,89.13461538461539,45.60296033203152,87.06331010516773,False,True
138,2025-08-26,8,Weekday,15,89.13461538461539,2.071305279447652,89.13461538461539,45.60296033203152,87.06331010516773,False,True
138,2025-09-08,8,Weekday,15,89.13461538461539,2.071305279447652,89.13461538461539,45.60296033203152,87.06331010516773,False,True
138,2024-08-29,8,Weekday,15,89.13461538461539,2.071305279447652,89.13461538461539,45.60296033203152,87.06331010516773,False,True
138,2026-06-24,8,Weekday,15,89.13461538461539,2.071305279447652,89.13461538461539,45.60296033203152,87.06331010516773,False,True
138,2025-10-30,8,Weekday,15,89.13461538461539,2.071305279447652,89.13461538461539,45.60296033203152,87.06331010516773,False,True
138,2025-01-21,8,Weekday,15,89.13461538461539,2.071305279447652,89.13461538461539,45.60296033203152,87.06331010516773,False,True
138,2025-07-08,8,Weekday,15,89.13461538461539,2.071305279447652,89.13461538461539,45.60296033203152,87.06331010516773,False,True
138,2025-02-10,8,Weekday,15,89.13461538461539,2.071305279447652,89.13461538461539,45.60296033203152,87.06331010516773,False,True
138,2025-11-05,8,Weekday,15,89.13461538461539,2.071305279447652,89.13461538461539,45.60296033203152,87.06331010516773,False,True
138,2026-03-12,8,Weekday,15,89.13461538461539,2.071305279447652,89.13461538461539,45.60296033203152,87.06331010516773,False,True
138,2024-09-11,8,Weekday,15,89.13461538461539,2.071305279447652,89.13461538461539,45.60296033203152,87.06331010516773,False,True
138,2025-07-07,8,Weekday,15,89.13461538461539,2.071305279447652,89.13461538461539,45.60296033203152,87.06331010516773,False,True
138,2026-01-23,8,Weekday,15,89.13461538461539,2.071305279447652,89.13461538461539,45.60296033203152,87.06331010516773,False,True
138,2026-03-05,8,Weekday,15,89.13461538461539,2.071305279447652,89.13461538461539,45.60296033203152,87.06331010516773,False,True
66,2026-01-19,19,Weekday,1543,5.961538461538462,93.0234448011052,93.0234448011052,49.49249163132183,87.06190633956673,True,False
1,2024-08-20,14,Weekday,1697,4.034582132564841,91.08477068595501,91.08477068595501,47.55967640925992,87.05018855339017,True,False
4,2026-01-24,14,Weekend,2872,8.737864077669903,95.78634866779763,95.78634866779763,52.26210637273376,87.04848459012773,True,False
4,2026-06-15,10,Weekday,1235,8.574181117533719,95.61728517366407,95.61728517366407,52.0957331455989,87.04310405613035,True,False
4,2025-06-24,10,Weekday,1235,8.574181117533719,95.61728517366407,95.61728517366407,52.0957331455989,87.04310405613035,True,False
4,2025-02-03,16,Weekday,2107,4.624277456647398,91.6665010236737,91.6665010236737,48.145389240160554,87.0422235670263,True,False
4,2024-08-10,11,Weekend,2020,9.223300970873787,96.26381249690303,96.26381249690303,52.74355673388841,87.04051152602923,True,False
4,2025-05-29,14,Weekday,2330,9.248554913294797,96.2850727287179,96.2850727287179,52.76681382100635,87.03651781542311,True,False
4,2025-02-02,17,Weekend,1682,1.9417475728155338,88.97793089674457,88.97793089674457,45.45983923478005,87.03618332392904,True,False
66,2025-04-25,20,Weekday,1093,3.653846153846154,90.68385351558497,90.68385351558497,47.168849834715566,87.03000736173881,True,False
66,2024-12-25,19,Weekday,1304,3.4615384615384617,90.48799317378408,90.48799317378408,46.97476581766127,87.02645471224561,True,False
71,2025-04-19,19,Weekend,30,95.67307692307693,8.650615901455767,95.67307692307693,52.16184641226635,87.02246102162117,False,True
71,2025-03-31,12,Weekday,105,97.12092130518234,10.103488533153927,97.12092130518234,53.61220491916813,87.01743277202841,False,True
71,2026-03-11,12,Weekday,105,97.12092130518234,10.103488533153927,97.12092130518234,53.61220491916813,87.01743277202841,False,True
71,2026-01-05,12,Weekday,105,97.12092130518234,10.103488533153927,97.12092130518234,53.61220491916813,87.01743277202841,False,True
71,2026-07-30,12,Weekday,105,97.12092130518234,10.103488533153927,97.12092130518234,53.61220491916813,87.01743277202841,False,True
71,2025-11-24,12,Weekday,105,97.12092130518234,10.103488533153927,97.12092130518234,53.61220491916813,87.01743277202841,False,True
118,2026-06-08,11,Weekday,46,92.11538461538461,5.099009900990099,92.11538461538461,48.607197258187355,87.01637471439452,False,True
118,2025-06-26,11,Weekday,46,92.11538461538461,5.099009900990099,92.11538461538461,48.607197258187355,87.01637471439452,False,True
118,2024-08-09,11,Weekday,46,92.11538461538461,5.099009900990099,92.11538461538461,48.607197258187355,87.01637471439452,False,True
35,2026-05-27,9,Weekday,1071,4.990403071017274,92.00333194502291,92.00333194502291,48.49686750802009,87.01292887400564,True,False
66,2026-05-25,20,Weekday,1251,5.5769230769230775,92.58663442424739,92.58663442424739,49.08177875058524,87.00971134732431,True,False
1,2024-08-27,14,Weekday,1747,4.610951008645533,91.61930689134408,91.61930689134408,48.115128949994805,87.00835588269855,True,False
35,2025-01-27,9,Weekday,956,3.071017274472169,90.07556375319807,90.07556375319807,46.57329051383512,87.0045464787259,True,False
35,2026-05-28,9,Weekday,1008,4.030710172744722,91.03349794728388,91.03349794728388,47.5321040600143,87.00278777453916,True,False
133,2026-06-14,7,Weekend,281,7.6923076923076925,94.69379613006184,94.69379613006184,51.19305191118477,87.00148843775415,True,False
4,2025-08-31,17,Weekend,1837,3.3980582524271843,90.39594567605353,90.39594567605353,46.89700196424036,86.99788742362634,True,False
24,2025-07-13,7,Weekend,213,4.390243902439024,91.3873927787752,91.3873927787752,47.88881834060711,86.99714887633617,True,False
1,2025-06-25,14,Weekday,1456,1.1527377521613833,88.14978936491535,88.14978936491535,44.65126355853837,86.99705161275396,True,False
71,2025-11-20,17,Weekday,94,94.68085106382979,7.684884900817732,94.68085106382979,51.182867982323764,86.99596616301206,False,True
71,2026-04-24,17,Weekday,94,94.68085106382979,7.684884900817732,94.68085106382979,51.182867982323764,86.99596616301206,False,True
71,2026-02-02,17,Weekday,94,94.68085106382979,7.684884900817732,94.68085106382979,51.182867982323764,86.99596616301206,False,True
71,2026-02-04,17,Weekday,94,94.68085106382979,7.684884900817732,94.68085106382979,51.182867982323764,86.99596616301206,False,True
4,2025-05-19,11,Weekday,1731,9.826589595375722,96.81782178217821,96.81782178217821,53.32220568877697,86.99123218680249,True,False
118,2024-12-05,9,Weekday,47,92.38921001926782,5.399535907657524,92.38921001926782,48.89437296346267,86.9896741116103,False,True
118,2024-08-15,9,Weekday,47,92.38921001926782,5.399535907657524,92.38921001926782,48.89437296346267,86.9896741116103,False,True
118,2024-12-06,9,Weekday,47,92.38921001926782,5.399535907657524,92.38921001926782,48.89437296346267,86.9896741116103,False,True
118,2026-02-18,9,Weekday,47,92.38921001926782,5.399535907657524,92.38921001926782,48.89437296346267,86.9896741116103,False,True
118,2025-01-23,9,Weekday,47,92.38921001926782,5.399535907657524,92.38921001926782,48.89437296346267,86.9896741116103,False,True
118,2025-05-19,9,Weekday,47,92.38921001926782,5.399535907657524,92.38921001926782,48.89437296346267,86.9896741116103,False,True
118,2024-09-24,9,Weekday,47,92.38921001926782,5.399535907657524,92.38921001926782,48.89437296346267,86.9896741116103,False,True
118,2025-09-11,9,Weekday,47,92.38921001926782,5.399535907657524,92.38921001926782,48.89437296346267,86.9896741116103,False,True
84,2026-07-20,18,Weekday,1832,4.807692307692308,91.79535126874974,91.79535126874974,48.301521788221024,86.98765896105743,True,False
66,2026-06-04,15,Weekday,1622,2.5911708253358925,89.5777027027027,89.5777027027027,46.084436764019294,86.9865318773668,True,False
66,2025-01-27,15,Weekday,1622,2.5911708253358925,89.5777027027027,89.5777027027027,46.084436764019294,86.9865318773668,True,False
118,2025-01-07,16,Weekday,75,93.75,6.768172692758751,93.75,50.25908634637938,86.98182730724125,False,True
118,2025-02-14,16,Weekday,75,93.75,6.768172692758751,93.75,50.25908634637938,86.98182730724125,False,True
118,2024-12-03,16,Weekday,75,93.75,6.768172692758751,93.75,50.25908634637938,86.98182730724125,False,True
118,2024-11-29,16,Weekday,75,93.75,6.768172692758751,93.75,50.25908634637938,86.98182730724125,False,True
133,2025-05-30,6,Weekday,419,9.45945945945946,96.44021134031053,96.44021134031053,52.94983539988499,86.98075188085107,True,False
4,2025-09-04,15,Weekday,2218,8.477842003853564,95.45806836248013,95.45806836248013,51.96795518316685,86.98022635862657,True,False
138,2026-04-25,13,Weekend,27,90.82125603864735,3.845006710742158,90.82125603864735,47.33313137469475,86.9762493279052,False,True
4,2026-06-01,12,Weekday,2607,10.211946050096339,97.18621999722976,97.18621999722976,53.69908302366305,86.97427394713341,True,False
118,2026-01-19,8,Weekday,60,94.8076923076923,7.836835109021288,94.8076923076923,51.3222637083568,86.97085719867101,False,True
118,2025-04-15,8,Weekday,60,94.8076923076923,7.836835109021288,94.8076923076923,51.3222637083568,86.97085719867101,False,True
118,2024-09-17,8,Weekday,60,94.8076923076923,7.836835109021288,94.8076923076923,51.3222637083568,86.97085719867101,False,True
118,2025-08-26,8,Weekday,60,94.8076923076923,7.836835109021288,94.8076923076923,51.3222637083568,86.97085719867101,False,True
118,2025-01-08,8,Weekday,60,94.8076923076923,7.836835109021288,94.8076923076923,51.3222637083568,86.97085719867101,False,True
71,2026-01-24,11,Weekend,26,90.86538461538461,3.8947524899658097,90.86538461538461,47.38006855267521,86.9706321254188,False,True
71,2024-10-05,11,Weekend,26,90.86538461538461,3.8947524899658097,90.86538461538461,47.38006855267521,86.9706321254188,False,True
71,2026-05-30,11,Weekend,26,90.86538461538461,3.8947524899658097,90.86538461538461,47.38006855267521,86.9706321254188,False,True
35,2024-12-21,8,Weekend,677,11.057692307692307,98.02520591445867,98.02520591445867,54.54144911107549,86.96751360676636,True,False
4,2024-08-09,13,Weekday,2703,10.404624277456648,97.37160061005804,97.37160061005804,53.88811244375734,86.96697633260139,True,False
66,2024-12-25,20,Weekday,1264,5.769230769230769,92.73213517224418,92.73213517224418,49.25068297073748,86.96290440301341,True,False
181,2026-07-29,0,Weekday,180,7.443820224719102,94.40383133325993,94.40383133325993,50.92382577898952,86.96001110854083,True,False
181,2025-07-21,0,Weekday,180,7.443820224719102,94.40383133325993,94.40383133325993,50.92382577898952,86.96001110854083,True,False
35,2025-11-09,9,Weekend,872,8.653846153846153,95.60515873015873,95.60515873015873,52.12950244200245,86.95131257631257,True,False
66,2024-12-16,19,Weekday,1550,6.153846153846154,93.10166185851855,93.10166185851855,49.62775400618236,86.9478157046724,True,False
4,2025-08-31,16,Weekend,2293,5.339805825242718,92.28753929836819,92.28753929836819,48.813672561805454,86.94773347312547,True,False
138,2024-09-28,17,Weekend,19,89.85507246376811,2.908428200519273,89.85507246376811,46.38175033214369,86.94664426324884,False,True
138,2025-10-18,17,Weekend,19,89.85507246376811,2.908428200519273,89.85507246376811,46.38175033214369,86.94664426324884,False,True
138,2025-01-11,17,Weekend,19,89.85507246376811,2.908428200519273,89.85507246376811,46.38175033214369,86.94664426324884,False,True
138,2026-04-25,17,Weekend,19,89.85507246376811,2.908428200519273,89.85507246376811,46.38175033214369,86.94664426324884,False,True
138,2025-04-19,17,Weekend,19,89.85507246376811,2.908428200519273,89.85507246376811,46.38175033214369,86.94664426324884,False,True
138,2026-03-04,13,Weekday,38,90.7869481765835,3.8415829817576803,90.7869481765835,47.31426557917059,86.94536519482581,False,True
138,2025-01-02,13,Weekday,38,90.7869481765835,3.8415829817576803,90.7869481765835,47.31426557917059,86.94536519482581,False,True
138,2026-03-05,13,Weekday,38,90.7869481765835,3.8415829817576803,90.7869481765835,47.31426557917059,86.94536519482581,False,True
138,2025-02-11,13,Weekday,38,90.7869481765835,3.8415829817576803,90.7869481765835,47.31426557917059,86.94536519482581,False,True
138,2024-10-14,13,Weekday,38,90.7869481765835,3.8415829817576803,90.7869481765835,47.31426557917059,86.94536519482581,False,True
138,2025-10-15,13,Weekday,38,90.7869481765835,3.8415829817576803,90.7869481765835,47.31426557917059,86.94536519482581,False,True
138,2024-11-28,13,Weekday,38,90.7869481765835,3.8415829817576803,90.7869481765835,47.31426557917059,86.94536519482581,False,True
138,2024-09-10,13,Weekday,38,90.7869481765835,3.8415829817576803,90.7869481765835,47.31426557917059,86.94536519482581,False,True
138,2025-01-24,13,Weekday,38,90.7869481765835,3.8415829817576803,90.7869481765835,47.31426557917059,86.94536519482581,False,True
118,2026-01-21,9,Weekday,82,99.61464354527938,12.670315939786994,99.61464354527938,56.14247974253318,86.94432760549239,False,True
66,2024-12-16,14,Weekday,1577,2.783109404990403,89.71961688260075,89.71961688260075,46.25136314379557,86.93650747761035,True,False
66,2026-06-04,14,Weekday,1577,2.783109404990403,89.71961688260075,89.71961688260075,46.25136314379557,86.93650747761035,True,False
118,2026-01-13,15,Weekday,55,92.88461538461539,5.949920508744038,92.88461538461539,49.417267946679715,86.93469487587134,False,True
118,2026-02-25,15,Weekday,55,92.88461538461539,5.949920508744038,92.88461538461539,49.417267946679715,86.93469487587134,False,True
118,2025-01-21,15,Weekday,55,92.88461538461539,5.949920508744038,92.88461538461539,49.417267946679715,86.93469487587134,False,True
1,2025-02-03,14,Weekday,1585,2.881844380403458,89.81499880772593,89.81499880772593,46.348421594064696,86.93315442732246,True,False
66,2026-01-30,15,Weekday,1807,4.798464491362764,91.72595389507154,91.72595389507154,48.26220919321715,86.92748940370878,True,False
24,2024-12-23,6,Weekday,317,6.74373795761079,93.67092451264195,93.67092451264195,50.20733123512637,86.92718655503116,True,False
138,2026-04-01,15,Weekday,22,89.82725527831093,2.90043720190779,89.82725527831093,46.36384624010936,86.92681807640314,False,True
138,2025-12-24,15,Weekday,22,89.82725527831093,2.90043720190779,89.82725527831093,46.36384624010936,86.92681807640314,False,True
138,2025-04-24,15,Weekday,22,89.82725527831093,2.90043720190779,89.82725527831093,46.36384624010936,86.92681807640314,False,True
138,2025-03-03,15,Weekday,22,89.82725527831093,2.90043720190779,89.82725527831093,46.36384624010936,86.92681807640314,False,True
138,2026-05-05,15,Weekday,22,89.82725527831093,2.90043720190779,89.82725527831093,46.36384624010936,86.92681807640314,False,True
138,2025-01-13,15,Weekday,22,89.82725527831093,2.90043720190779,89.82725527831093,46.36384624010936,86.92681807640314,False,True
138,2024-12-27,15,Weekday,22,89.82725527831093,2.90043720190779,89.82725527831093,46.36384624010936,86.92681807640314,False,True
138,2026-07-17,15,Weekday,22,89.82725527831093,2.90043720190779,89.82725527831093,46.36384624010936,86.92681807640314,False,True
138,2025-04-23,15,Weekday,22,89.82725527831093,2.90043720190779,89.82725527831093,46.36384624010936,86.92681807640314,False,True
138,2026-01-20,15,Weekday,22,89.82725527831093,2.90043720190779,89.82725527831093,46.36384624010936,86.92681807640314,False,True
138,2024-12-10,15,Weekday,22,89.82725527831093,2.90043720190779,89.82725527831093,46.36384624010936,86.92681807640314,False,True
138,2026-01-05,15,Weekday,22,89.82725527831093,2.90043720190779,89.82725527831093,46.36384624010936,86.92681807640314,False,True
138,2025-04-11,15,Weekday,22,89.82725527831093,2.90043720190779,89.82725527831093,46.36384624010936,86.92681807640314,False,True
66,2025-06-03,20,Weekday,1278,5.961538461538462,92.88173453286063,92.88173453286063,49.42163649719955,86.92019607132217,True,False
46,2024-10-20,21,Weekend,14,96.73913043478261,9.819941715237302,96.73913043478261,53.27953607500996,86.9191887195453,False,True
24,2025-01-10,6,Weekday,321,6.9364161849710975,93.85513876799125,93.85513876799125,50.39577747648117,86.91872258302016,True,False
71,2024-10-22,13,Weekday,67,93.26923076923077,6.356091667161843,93.26923076923077,49.81266121819631,86.91313910206893,False,True
71,2026-03-16,13,Weekday,67,93.26923076923077,6.356091667161843,93.26923076923077,49.81266121819631,86.91313910206893,False,True
71,2026-02-09,13,Weekday,67,93.26923076923077,6.356091667161843,93.26923076923077,49.81266121819631,86.91313910206893,False,True
4,2024-09-28,16,Weekend,2353,5.825242718446602,92.73666350616298,92.73666350616298,49.28095311230479,86.91142078771638,True,False
124,2025-05-03,7,Weekend,7,91.66666666666666,4.757630161579892,91.66666666666666,48.21214841412328,86.90903650508676,False,True
124,2025-03-22,7,Weekend,7,91.66666666666666,4.757630161579892,91.66666666666666,48.21214841412328,86.90903650508676,False,True
124,2026-02-21,7,Weekend,7,91.66666666666666,4.757630161579892,91.66666666666666,48.21214841412328,86.90903650508676,False,True
4,2024-09-09,16,Weekday,2132,5.009633911368015,91.90502693355066,91.90502693355066,48.457330422459336,86.89539302218265,True,False
46,2024-12-28,21,Weekend,15,97.28260869565217,10.39758534554538,97.28260869565217,53.840097020598776,86.88502335010679,False,True
35,2025-11-09,7,Weekend,188,2.403846153846154,89.28785158587672,89.28785158587672,45.84584886986144,86.88400543203056,True,False
66,2025-01-10,15,Weekday,1839,5.182341650671785,92.0647853736089,92.0647853736089,48.62356351214034,86.88244372293711,True,False
1,2025-01-06,13,Weekday,1733,2.3054755043227666,89.18632519262384,89.18632519262384,45.745900348473306,86.88084968830107,True,False
66,2025-04-29,20,Weekday,1069,3.4615384615384617,90.33752074922639,90.33752074922639,46.899529605382426,86.87598228768792,True,False
35,2025-01-03,9,Weekday,1075,5.182341650671785,92.05291446024474,92.05291446024474,48.61762805545826,86.87057280957295,True,False
4,2024-08-18,17,Weekend,2057,5.339805825242718,92.20341521869383,92.20341521869383,48.77161052196828,86.86360939345111,True,False
24,2026-01-04,6,Weekend,107,3.414634146341464,90.27734738146886,90.27734738146886,46.845990763905164,86.86271323512739,True,False
1,2026-08-04,14,Weekday,1626,3.45821325648415,90.32072172323345,90.32072172323345,46.8894674898588,86.86250846674929,True,False
84,2026-03-02,16,Weekday,1842,2.307692307692308,89.16893597567037,89.16893597567037,45.738314141681336,86.86124366797806,True,False
4,2025-01-12,12,Weekend,2681,10.194174757281553,97.05430581706472,97.05430581706472,53.62424028717314,86.86013105978316,True,False
1,2024-11-13,13,Weekday,2143,6.628242074927954,93.48545170043774,93.48545170043774,50.056846887682845,86.85720962550978,True,False
84,2026-06-09,18,Weekday,1837,5.0,91.85667752442997,91.85667752442997,48.428338762214985,86.85667752442997,True,False
4,2024-08-15,14,Weekday,2331,9.441233140655106,96.29600190763851,96.29600190763851,52.868617524146806,86.85476876698341,True,False
138,2025-07-15,10,Weekday,78,99.22928709055877,12.377404846347408,99.22928709055877,55.80334596845309,86.85188224421137,False,True
118,2025-12-11,13,Weekday,55,92.21153846153847,5.363757006754214,92.21153846153847,48.78764773414634,86.84778145478425,False,True
118,2025-07-07,13,Weekday,55,92.21153846153847,5.363757006754214,92.21153846153847,48.78764773414634,86.84778145478425,False,True
133,2024-09-03,5,Weekday,122,9.362934362934363,96.20975220513705,96.20975220513705,52.78634328403571,86.84681784220268,True,False
133,2025-07-16,5,Weekday,122,9.362934362934363,96.20975220513705,96.20975220513705,52.78634328403571,86.84681784220268,True,False
133,2025-08-20,5,Weekday,122,9.362934362934363,96.20975220513705,96.20975220513705,52.78634328403571,86.84681784220268,True,False
133,2026-07-08,5,Weekday,122,9.362934362934363,96.20975220513705,96.20975220513705,52.78634328403571,86.84681784220268,True,False
124,2025-03-29,18,Weekend,46,95.74468085106383,8.899267861651099,95.74468085106383,52.321974356357465,86.84541298941274,False,True
66,2025-01-27,14,Weekday,1609,3.262955854126679,90.10611239170177,90.10611239170177,46.68453412291422,86.8431565375751,True,False
66,2025-01-04,17,Weekend,2055,5.339805825242718,92.17595366486918,92.17595366486918,48.75787974505595,86.83614783962646,True,False
181,2025-05-19,2,Weekday,65,7.584269662921349,94.41484137118161,94.41484137118161,50.999555517051476,86.83057170826027,True,False
181,2025-11-17,2,Weekday,65,7.584269662921349,94.41484137118161,94.41484137118161,50.999555517051476,86.83057170826027,True,False
181,2025-08-01,2,Weekday,65,7.584269662921349,94.41484137118161,94.41484137118161,50.999555517051476,86.83057170826027,True,False
124,2025-09-27,9,Weekend,12,89.53488372093024,2.7083333333333335,89.53488372093024,46.121608527131784,86.82655038759691,False,True
124,2025-05-11,9,Weekend,12,89.53488372093024,2.7083333333333335,89.53488372093024,46.121608527131784,86.82655038759691,False,True
124,2025-09-13,9,Weekend,12,89.53488372093024,2.7083333333333335,89.53488372093024,46.121608527131784,86.82655038759691,False,True
124,2025-04-13,9,Weekend,12,89.53488372093024,2.7083333333333335,89.53488372093024,46.121608527131784,86.82655038759691,False,True
124,2025-04-06,9,Weekend,12,89.53488372093024,2.7083333333333335,89.53488372093024,46.121608527131784,86.82655038759691,False,True
124,2025-07-06,9,Weekend,12,89.53488372093024,2.7083333333333335,89.53488372093024,46.121608527131784,86.82655038759691,False,True
84,2025-12-25,16,Weekday,1797,1.9230769230769231,88.7475402015544,88.7475402015544,45.33530856231566,86.82446327847748,True,False
66,2024-09-05,15,Weekday,1815,4.990403071017274,91.8143879173291,91.8143879173291,48.402395494173184,86.82398484631183,True,False
84,2025-06-15,9,Weekend,667,3.3653846153846154,90.18849206349206,90.18849206349206,46.77693833943834,86.82310744810745,True,False
24,2024-12-23,5,Weekday,105,7.803468208092486,94.62248484979189,94.62248484979189,51.212976528942185,86.8190166416994,True,False
24,2025-09-30,5,Weekday,105,7.803468208092486,94.62248484979189,94.62248484979189,51.212976528942185,86.8190166416994,True,False
124,2025-05-31,12,Weekend,23,90.0,3.18848478842533,90.0,46.594242394212664,86.81151521157467,False,True
138,2026-01-10,19,Weekend,19,93.07692307692308,6.268451593199634,93.07692307692308,49.672687335061354,86.80847148372345,False,True
138,2024-12-21,19,Weekend,19,93.07692307692308,6.268451593199634,93.07692307692308,49.672687335061354,86.80847148372345,False,True
138,2026-03-07,19,Weekend,19,93.07692307692308,6.268451593199634,93.07692307692308,49.672687335061354,86.80847148372345,False,True
118,2025-08-24,10,Weekend,53,95.16908212560386,8.361419508326724,95.16908212560386,51.76525081696529,86.80766261727715,False,True
118,2026-01-25,10,Weekend,53,95.16908212560386,8.361419508326724,95.16908212560386,51.76525081696529,86.80766261727715,False,True
118,2026-01-24,10,Weekend,53,95.16908212560386,8.361419508326724,95.16908212560386,51.76525081696529,86.80766261727715,False,True
35,2026-06-13,9,Weekend,900,9.134615384615383,95.93998015873015,95.93998015873015,52.53729777167277,86.80536477411476,True,False
24,2026-01-16,6,Weekday,323,7.129094412331407,93.93307556833135,93.93307556833135,50.53108499033138,86.80398115599994,True,False
4,2025-10-27,11,Weekday,1732,10.01926782273603,96.82079207920792,96.82079207920792,53.42002995097197,86.8015242564719,True,False
4,2026-06-03,15,Weekday,2219,8.670520231213873,95.46899841017488,95.46899841017488,52.069759320694374,86.798478178961,True,False
4,2024-08-11,17,Weekend,1997,4.854368932038835,91.64669462752147,91.64669462752147,48.250531779780154,86.79232569548263,True,False
4,2025-06-09,10,Weekday,1238,8.863198458574182,95.65294921836302,95.65294921836302,52.258073838468604,86.78975075978883,True,False
4,2024-09-04,13,Weekday,2706,10.597302504816955,97.38645591934556,97.38645591934556,53.99187921208126,86.78915341452861,True,False
138,2024-11-21,21,Weekday,4,89.93506493506493,3.150724697783399,89.93506493506493,46.542894816424166,86.78434023728153,False,True
138,2025-02-27,21,Weekday,4,89.93506493506493,3.150724697783399,89.93506493506493,46.542894816424166,86.78434023728153,False,True
138,2025-12-29,21,Weekday,4,89.93506493506493,3.150724697783399,89.93506493506493,46.542894816424166,86.78434023728153,False,True
138,2025-04-22,21,Weekday,4,89.93506493506493,3.150724697783399,89.93506493506493,46.542894816424166,86.78434023728153,False,True
138,2025-12-15,21,Weekday,4,89.93506493506493,3.150724697783399,89.93506493506493,46.542894816424166,86.78434023728153,False,True
138,2024-10-11,21,Weekday,4,89.93506493506493,3.150724697783399,89.93506493506493,46.542894816424166,86.78434023728153,False,True
138,2024-12-25,21,Weekday,4,89.93506493506493,3.150724697783399,89.93506493506493,46.542894816424166,86.78434023728153,False,True
138,2025-03-11,21,Weekday,4,89.93506493506493,3.150724697783399,89.93506493506493,46.542894816424166,86.78434023728153,False,True
133,2025-12-24,7,Weekday,654,5.019305019305019,91.80070693832162,91.80070693832162,48.410005978813324,86.7814019190166,True,False
1,2026-07-27,14,Weekday,1753,4.899135446685879,91.67991415626739,91.67991415626739,48.28952480147663,86.78077870958151,True,False
66,2026-01-09,19,Weekday,1564,6.442307692307692,93.21644792978749,93.21644792978749,49.82937781104759,86.7741402374798,True,False
66,2025-04-21,19,Weekday,1564,6.442307692307692,93.21644792978749,93.21644792978749,49.82937781104759,86.7741402374798,True,False
66,2025-02-03,20,Weekday,1283,6.153846153846154,92.92579461852164,92.92579461852164,49.5398203861839,86.77194846467548,True,False
4,2026-03-01,16,Weekend,2478,6.796116504854369,93.56754329058336,93.56754329058336,50.18182989771886,86.77142678572899,True,False
84,2025-09-24,18,Weekday,1482,1.153846153846154,87.92475972171955,87.92475972171955,44.53930293778286,86.7709135678734,True,False
35,2025-02-16,7,Weekend,299,8.653846153846153,95.42439656892081,95.42439656892081,52.03912136138348,86.77055041507467,True,False
4,2025-09-27,13,Weekend,3018,10.194174757281553,96.96276780832132,96.96276780832132,53.57847128280144,86.76859305103976,True,False
84,2026-03-26,18,Weekday,1465,0.9615384615384616,87.72670607632605,87.72670607632605,44.34412226893226,86.76516761478759,True,False
124,2025-10-18,19,Weekend,25,94.28571428571428,7.520614883436832,94.28571428571428,50.903164584575556,86.76509940227744,False,True
84,2025-06-09,16,Weekday,1852,2.5,89.26434633962114,89.26434633962114,45.88217316981057,86.76434633962114,True,False
118,2024-08-11,10,Weekend,58,96.1352657004831,9.377478191911182,96.1352657004831,52.75637194619714,86.75778750857192,False,True
138,2024-12-24,20,Weekday,20,95.86614173228347,9.110191200278706,95.86614173228347,52.488166466281086,86.75595053200476,False,True
138,2025-12-26,20,Weekday,20,95.86614173228347,9.110191200278706,95.86614173228347,52.488166466281086,86.75595053200476,False,True
138,2025-06-07,1,Weekend,3,95.16129032258065,8.406718851924332,95.16129032258065,51.7840045872525,86.75457147065632,False,True
138,2024-09-29,1,Weekend,3,95.16129032258065,8.406718851924332,95.16129032258065,51.7840045872525,86.75457147065632,False,True
71,2025-08-09,8,Weekend,17,92.27053140096618,5.517515133472264,92.27053140096618,48.89402326721922,86.75301626749392,False,True
71,2024-11-30,8,Weekend,17,92.27053140096618,5.517515133472264,92.27053140096618,48.89402326721922,86.75301626749392,False,True
71,2024-12-14,8,Weekend,17,92.27053140096618,5.517515133472264,92.27053140096618,48.89402326721922,86.75301626749392,False,True
133,2026-01-09,7,Weekday,600,4.054054054054054,90.80483736447039,90.80483736447039,47.42944570926222,86.75078331041634,True,False
1,2025-06-25,15,Weekday,1531,1.729106628242075,88.47972972972973,88.47972972972973,45.1044181789859,86.75062310148765,True,False
188,2026-07-24,21,Weekday,7,91.97860962566845,5.232546084143737,91.97860962566845,48.605577854906095,86.74606354152472,False,True
188,2026-06-15,21,Weekday,7,91.97860962566845,5.232546084143737,91.97860962566845,48.605577854906095,86.74606354152472,False,True
188,2025-12-19,21,Weekday,7,91.97860962566845,5.232546084143737,91.97860962566845,48.605577854906095,86.74606354152472,False,True
188,2025-11-26,21,Weekday,7,91.97860962566845,5.232546084143737,91.97860962566845,48.605577854906095,86.74606354152472,False,True
188,2026-06-11,21,Weekday,7,91.97860962566845,5.232546084143737,91.97860962566845,48.605577854906095,86.74606354152472,False,True
188,2025-11-20,21,Weekday,7,91.97860962566845,5.232546084143737,91.97860962566845,48.605577854906095,86.74606354152472,False,True
188,2026-07-10,21,Weekday,7,91.97860962566845,5.232546084143737,91.97860962566845,48.605577854906095,86.74606354152472,False,True
188,2026-04-30,21,Weekday,7,91.97860962566845,5.232546084143737,91.97860962566845,48.605577854906095,86.74606354152472,False,True
188,2025-12-16,21,Weekday,7,91.97860962566845,5.232546084143737,91.97860962566845,48.605577854906095,86.74606354152472,False,True
66,2024-09-11,14,Weekday,1615,3.45489443378119,90.1965265082267,90.1965265082267,46.825710471003944,86.7416320744455,True,False
1,2024-09-12,13,Weekday,2166,6.9164265129683,93.65777328817319,93.65777328817319,50.287099900570745,86.74134677520489,True,False
124,2025-04-19,13,Weekend,22,90.0,3.2609235969577965,90.0,46.6304617984789,86.7390764030422,False,True
4,2026-03-26,16,Weekday,2136,5.202312138728324,91.9408058200322,91.9408058200322,48.57155897938026,86.73849368130388,True,False
118,2025-01-17,16,Weekday,116,99.32692307692308,12.599137331292612,99.32692307692308,55.963030204107845,86.72778574563047,False,True
118,2025-01-15,16,Weekday,116,99.32692307692308,12.599137331292612,99.32692307692308,55.963030204107845,86.72778574563047,False,True
118,2024-11-26,14,Weekday,55,92.98076923076923,6.2544710277402435,92.98076923076923,49.61762012925473,86.72629820302899,False,True
118,2024-12-13,14,Weekday,55,92.98076923076923,6.2544710277402435,92.98076923076923,49.61762012925473,86.72629820302899,False,True
118,2026-01-30,14,Weekday,55,92.98076923076923,6.2544710277402435,92.98076923076923,49.61762012925473,86.72629820302899,False,True
118,2025-01-17,14,Weekday,55,92.98076923076923,6.2544710277402435,92.98076923076923,49.61762012925473,86.72629820302899,False,True
66,2025-05-28,20,Weekday,1298,6.346153846153846,93.07232001967334,93.07232001967334,49.70923693291359,86.7261661735195,True,False
118,2025-01-17,10,Weekday,80,99.61464354527938,12.889580154940461,99.61464354527938,56.25211185010992,86.72506339033892,False,True
84,2026-06-10,18,Weekday,1842,5.1923076923076925,91.91699843165641,91.91699843165641,48.55465306198205,86.72469073934872,True,False
66,2025-01-21,14,Weekday,1684,4.222648752399232,90.9466656068675,90.9466656068675,47.58465717963337,86.72401685446826,True,False
66,2026-03-26,20,Weekday,1047,3.2692307692307696,89.99016332971289,89.99016332971289,46.62969704947183,86.72093256048211,True,False
133,2024-11-05,7,Weekday,663,5.212355212355212,91.92878986456968,91.92878986456968,48.57057253846244,86.71643465221447,True,False
4,2024-10-08,12,Weekday,2615,10.500963391136802,97.2168905950096,97.2168905950096,53.858926993073204,86.7159272038728,True,False
4,2025-10-20,12,Weekday,2615,10.500963391136802,97.2168905950096,97.2168905950096,53.858926993073204,86.7159272038728,True,False
133,2026-06-13,8,Weekend,365,2.8846153846153846,89.59759849161458,89.59759849161458,46.24110693811498,86.71298310699919,True,False
66,2025-04-29,15,Weekday,1840,5.3742802303262955,92.07968998410175,92.07968998410175,48.72698510721402,86.70540975377546,True,False
84,2026-06-01,18,Weekday,1448,0.7692307692307693,87.473358265975,87.473358265975,44.121294517602884,86.70412749674422,True,False
35,2026-04-06,9,Weekday,1076,5.3742802303262955,92.07274746633347,92.07274746633347,48.72351384832988,86.69846723600718,True,False
124,2025-03-15,18,Weekend,34,93.61702127659575,6.919969704620045,93.61702127659575,50.2684954906079,86.6970515719757,False,True
124,2025-04-09,10,Weekday,13,88.47222222222221,1.7752768916803707,88.47222222222221,45.123749556951296,86.69694533054184,False,True
124,2025-09-24,10,Weekday,13,88.47222222222221,1.7752768916803707,88.47222222222221,45.123749556951296,86.69694533054184,False,True
124,2025-09-25,10,Weekday,13,88.47222222222221,1.7752768916803707,88.47222222222221,45.123749556951296,86.69694533054184,False,True
124,2025-04-14,10,Weekday,13,88.47222222222221,1.7752768916803707,88.47222222222221,45.123749556951296,86.69694533054184,False,True
124,2025-01-06,10,Weekday,13,88.47222222222221,1.7752768916803707,88.47222222222221,45.123749556951296,86.69694533054184,False,True
124,2025-10-07,10,Weekday,13,88.47222222222221,1.7752768916803707,88.47222222222221,45.123749556951296,86.69694533054184,False,True
1,2026-07-29,14,Weekday,1590,3.170028818443804,89.86467689372863,89.86467689372863,46.51735285608622,86.69464807528482,True,False
4,2024-10-20,17,Weekend,2096,5.825242718446602,92.51797483523067,92.51797483523067,49.17160877683864,86.69273211678407,True,False
1,2026-07-02,15,Weekday,1551,2.0172910662824206,88.70926073131955,88.70926073131955,45.363275898800985,86.69196966503712,True,False
4,2025-01-05,10,Weekend,1257,7.766990291262135,94.45380650277558,94.45380650277558,51.110398397018855,86.68681621151345,True,False
66,2024-09-02,14,Weekday,1580,3.071017274472169,89.75538510452269,89.75538510452269,46.41320118949743,86.68436783005052,True,False
71,2025-11-01,15,Weekend,28,90.33816425120773,3.65391330373622,90.33816425120773,46.99603877747197,86.68425094747151,False,True
71,2025-06-21,15,Weekend,28,90.33816425120773,3.65391330373622,90.33816425120773,46.99603877747197,86.68425094747151,False,True
71,2025-01-19,15,Weekend,28,90.33816425120773,3.65391330373622,90.33816425120773,46.99603877747197,86.68425094747151,False,True
24,2025-12-19,6,Weekday,325,7.321772639691715,94.00595153748051,94.00595153748051,50.663862088586114,86.6841788977888,True,False
66,2025-02-02,17,Weekend,1749,2.912621359223301,89.58957459556622,89.58957459556622,46.25109797739476,86.67695323634292,True,False
84,2026-07-27,16,Weekday,1802,2.1153846153846154,88.79226380965632,88.79226380965632,45.453824212520466,86.6768791942717,True,False
35,2024-11-24,7,Weekend,178,1.4423076923076923,88.11589866347497,88.11589866347497,44.77910317789133,86.67359097116727,True,False
66,2024-09-02,15,Weekday,1854,5.566218809980806,92.23867249602544,92.23867249602544,48.90244565300313,86.67245368604463,True,False
71,2025-07-20,18,Weekend,32,93.26923076923077,6.604392830093412,93.26923076923077,49.936811799662095,86.66483793913736,False,True
71,2026-04-11,18,Weekend,32,93.26923076923077,6.604392830093412,93.26923076923077,49.936811799662095,86.66483793913736,False,True
71,2025-07-12,18,Weekend,32,93.26923076923077,6.604392830093412,93.26923076923077,49.936811799662095,86.66483793913736,False,True
66,2025-12-25,14,Weekday,1625,3.6468330134357005,90.30681185915269,90.30681185915269,46.97682243629419,86.65997884571699,True,False
133,2026-06-20,7,Weekend,284,8.173076923076923,94.83093955715141,94.83093955715141,51.502008240114165,86.65786263407449,True,False
118,2024-12-10,12,Weekday,52,90.96153846153847,4.304766804519461,90.96153846153847,47.63315263302896,86.65677165701901,False,True
118,2024-11-14,12,Weekday,52,90.96153846153847,4.304766804519461,90.96153846153847,47.63315263302896,86.65677165701901,False,True
118,2024-10-23,12,Weekday,52,90.96153846153847,4.304766804519461,90.96153846153847,47.63315263302896,86.65677165701901,False,True
118,2025-06-19,12,Weekday,52,90.96153846153847,4.304766804519461,90.96153846153847,47.63315263302896,86.65677165701901,False,True
118,2024-08-23,12,Weekday,52,90.96153846153847,4.304766804519461,90.96153846153847,47.63315263302896,86.65677165701901,False,True
118,2025-03-13,12,Weekday,52,90.96153846153847,4.304766804519461,90.96153846153847,47.63315263302896,86.65677165701901,False,True
118,2025-06-25,12,Weekday,52,90.96153846153847,4.304766804519461,90.96153846153847,47.63315263302896,86.65677165701901,False,True
118,2026-02-19,8,Weekday,85,100.0,13.343451778663967,100.0,56.67172588933198,86.65654822133604,False,True
84,2025-02-16,9,Weekend,699,4.807692307692308,91.46329365079366,91.46329365079366,48.13549297924298,86.65560134310135,True,False
1,2026-06-30,15,Weekday,1580,2.4495677233429394,89.10472972972973,89.10472972972973,45.77714872653633,86.65516200638679,True,False
1,2026-08-05,15,Weekday,1580,2.4495677233429394,89.10472972972973,89.10472972972973,45.77714872653633,86.65516200638679,True,False
84,2026-03-16,18,Weekday,1416,0.38461538461538464,87.03904773394459,87.03904773394459,43.711831559279986,86.6544323493292,True,False
66,2025-06-30,20,Weekday,1307,6.538461538461539,93.1829825604033,93.1829825604033,49.86072204943242,86.64452102194177,True,False
181,2025-07-08,1,Weekday,115,8.98876404494382,95.63318265920321,95.63318265920321,52.31097335207352,86.6444186142594,True,False
181,2025-07-30,1,Weekday,115,8.98876404494382,95.63318265920321,95.63318265920321,52.31097335207352,86.6444186142594,True,False
181,2026-07-23,1,Weekday,115,8.98876404494382,95.63318265920321,95.63318265920321,52.31097335207352,86.6444186142594,True,False
184,2026-06-08,13,Weekday,1781,3.1141868512110724,89.75775942321785,89.75775942321785,46.43597313721446,86.64357257200678,True,False
118,2025-01-13,10,Weekday,81,99.8073217726397,13.167957837173821,99.8073217726397,56.487639804906756,86.63936393546588,False,True
66,2024-09-02,20,Weekday,1016,2.8846153846153846,89.52189683792037,89.52189683792037,46.203256111267876,86.63728145330498,True,False
66,2025-04-21,20,Weekday,1004,2.6923076923076925,89.32926204479784,89.32926204479784,46.01078486855277,86.63695435249015,True,False
133,2026-01-02,7,Weekday,604,4.247104247104247,90.88128996385876,90.88128996385876,47.564197105481504,86.63418571675452,True,False
4,2025-06-01,14,Weekend,2882,9.223300970873787,95.85620197585072,95.85620197585072,52.53975147336226,86.63290100497693,True,False
133,2026-07-02,6,Weekday,421,9.845559845559846,96.47664932488512,96.47664932488512,53.16110458522248,86.63108947932527,True,False
133,2025-07-07,6,Weekday,421,9.845559845559846,96.47664932488512,96.47664932488512,53.16110458522248,86.63108947932527,True,False
133,2025-06-17,6,Weekday,421,9.845559845559846,96.47664932488512,96.47664932488512,53.16110458522248,86.63108947932527,True,False
24,2026-04-16,5,Weekday,106,8.092485549132949,94.72276736612824,94.72276736612824,51.40762645763059,86.63028181699529,True,False
124,2025-05-08,7,Weekday,7,88.36065573770492,1.7325946225028792,88.36065573770492,45.046625180103895,86.62806111520204,False,True
124,2024-12-27,7,Weekday,7,88.36065573770492,1.7325946225028792,88.36065573770492,45.046625180103895,86.62806111520204,False,True
124,2025-03-11,7,Weekday,7,88.36065573770492,1.7325946225028792,88.36065573770492,45.046625180103895,86.62806111520204,False,True
124,2025-07-29,7,Weekday,7,88.36065573770492,1.7325946225028792,88.36065573770492,45.046625180103895,86.62806111520204,False,True
124,2024-12-25,7,Weekday,7,88.36065573770492,1.7325946225028792,88.36065573770492,45.046625180103895,86.62806111520204,False,True
124,2025-04-16,7,Weekday,7,88.36065573770492,1.7325946225028792,88.36065573770492,45.046625180103895,86.62806111520204,False,True
124,2025-04-28,7,Weekday,7,88.36065573770492,1.7325946225028792,88.36065573770492,45.046625180103895,86.62806111520204,False,True
124,2025-04-22,7,Weekday,7,88.36065573770492,1.7325946225028792,88.36065573770492,45.046625180103895,86.62806111520204,False,True
124,2025-02-21,7,Weekday,7,88.36065573770492,1.7325946225028792,88.36065573770492,45.046625180103895,86.62806111520204,False,True
124,2025-09-04,7,Weekday,7,88.36065573770492,1.7325946225028792,88.36065573770492,45.046625180103895,86.62806111520204,False,True
124,2025-02-17,7,Weekday,7,88.36065573770492,1.7325946225028792,88.36065573770492,45.046625180103895,86.62806111520204,False,True
124,2025-04-17,7,Weekday,7,88.36065573770492,1.7325946225028792,88.36065573770492,45.046625180103895,86.62806111520204,False,True
124,2025-03-14,7,Weekday,7,88.36065573770492,1.7325946225028792,88.36065573770492,45.046625180103895,86.62806111520204,False,True
124,2026-06-03,7,Weekday,7,88.36065573770492,1.7325946225028792,88.36065573770492,45.046625180103895,86.62806111520204,False,True
124,2025-03-17,7,Weekday,7,88.36065573770492,1.7325946225028792,88.36065573770492,45.046625180103895,86.62806111520204,False,True
124,2025-01-24,7,Weekday,7,88.36065573770492,1.7325946225028792,88.36065573770492,45.046625180103895,86.62806111520204,False,True
4,2025-08-31,18,Weekend,1528,1.9417475728155338,88.56096945215855,88.56096945215855,45.25135851248704,86.61922187934302,True,False
4,2025-06-17,10,Weekday,1239,9.05587668593449,95.66979057280417,95.66979057280417,52.362833629369334,86.61391388686968,True,False
4,2025-05-15,11,Weekday,1733,10.211946050096339,96.82574257425742,96.82574257425742,53.51884431217688,86.61379652416107,True,False
1,2024-10-18,12,Weekday,1843,4.610951008645533,91.22425153847676,91.22425153847676,47.91760127356115,86.61330052983124,True,False
71,2026-08-03,17,Weekday,93,94.1972920696325,7.584409383020632,94.1972920696325,50.89085072632656,86.61288268661187,False,True
124,2024-12-21,14,Weekend,22,89.93506493506493,3.3255164155273924,89.93506493506493,46.63029067529616,86.60954851953754,False,True
124,2025-01-18,14,Weekend,22,89.93506493506493,3.3255164155273924,89.93506493506493,46.63029067529616,86.60954851953754,False,True
133,2025-07-18,7,Weekday,668,5.405405405405405,92.01417848206839,92.01417848206839,48.709791943736896,86.60877307666298,True,False
84,2024-09-02,19,Weekday,1155,1.7307692307692308,88.33651619194669,88.33651619194669,45.033642711357956,86.60574696117746,True,False
4,2025-06-02,14,Weekday,2336,9.730250481695569,96.31885382719975,96.31885382719975,53.024552154447655,86.58860334550418,True,False
4,2025-08-29,14,Weekday,2336,9.730250481695569,96.31885382719975,96.31885382719975,53.024552154447655,86.58860334550418,True,False
71,2026-07-11,10,Weekend,22,90.38461538461539,3.796590007930214,90.38461538461539,47.0906026962728,86.58802537668517,False,True
1,2026-08-04,12,Weekday,1762,3.7463976945244957,90.3328254546174,90.3328254546174,47.03961157457095,86.58642776009292,True,False
84,2026-08-03,16,Weekday,1853,2.6923076923076925,89.27527877715717,89.27527877715717,45.98379323473243,86.58297108484948,True,False
118,2026-05-10,7,Weekend,14,97.46192893401016,10.879214043486934,97.46192893401016,54.17057148874855,86.58271489052322,False,True
1,2025-06-03,14,Weekday,1760,5.187319884726225,91.7683411493522,91.7683411493522,48.47783051703921,86.58102126462597,True,False
71,2025-07-19,17,Weekend,26,90.38461538461539,3.804673457159976,90.38461538461539,47.09464442088768,86.57994192745541,False,True
71,2025-03-29,17,Weekend,26,90.38461538461539,3.804673457159976,90.38461538461539,47.09464442088768,86.57994192745541,False,True
71,2025-07-06,17,Weekend,26,90.38461538461539,3.804673457159976,90.38461538461539,47.09464442088768,86.57994192745541,False,True
71,2026-05-24,17,Weekend,26,90.38461538461539,3.804673457159976,90.38461538461539,47.09464442088768,86.57994192745541,False,True
71,2026-04-12,17,Weekend,26,90.38461538461539,3.804673457159976,90.38461538461539,47.09464442088768,86.57994192745541,False,True
4,2024-09-08,11,Weekend,2024,9.70873786407767,96.28858827610128,96.28858827610128,52.99866307008948,86.5798504120236,True,False
35,2025-06-08,7,Weekend,181,1.9230769230769231,88.50239377618193,88.50239377618193,45.212735349629426,86.57931685310501,True,False
4,2025-05-28,16,Weekday,2140,5.394990366088632,91.97360313264028,91.97360313264028,48.68429674936446,86.57861276655164,True,False
66,2025-02-04,14,Weekday,1524,2.495201535508637,89.07380176456562,89.07380176456562,45.78450165003713,86.57860022905697,True,False
4,2024-10-10,10,Weekday,1251,9.248554913294797,95.82433476649958,95.82433476649958,52.536444839897186,86.57577985320478,True,False
24,2026-01-13,6,Weekday,327,7.514450867052023,94.08996133524971,94.08996133524971,50.802206101150865,86.57551046819769,True,False
124,2025-05-18,15,Weekend,21,89.55696202531645,2.982989973562129,89.55696202531645,46.26997599943929,86.57397205175432,False,True
124,2025-02-08,15,Weekend,21,89.55696202531645,2.982989973562129,89.55696202531645,46.26997599943929,86.57397205175432,False,True
124,2025-01-18,15,Weekend,21,89.55696202531645,2.982989973562129,89.55696202531645,46.26997599943929,86.57397205175432,False,True
124,2025-06-07,15,Weekend,21,89.55696202531645,2.982989973562129,89.55696202531645,46.26997599943929,86.57397205175432,False,True
124,2025-09-19,18,Weekday,25,90.72398190045249,4.151083765633168,90.72398190045249,47.43753283304283,86.57289813481931,False,True
124,2025-01-02,18,Weekday,25,90.72398190045249,4.151083765633168,90.72398190045249,47.43753283304283,86.57289813481931,False,True
35,2025-01-05,9,Weekend,923,9.615384615384617,96.18799603174604,96.18799603174604,52.901690323565326,86.57261141636143,True,False
66,2025-12-25,15,Weekday,1869,5.854126679462572,92.4264705882353,92.4264705882353,49.140298633848936,86.57234390877274,True,False
66,2025-01-20,15,Weekday,1869,5.854126679462572,92.4264705882353,92.4264705882353,49.140298633848936,86.57234390877274,True,False
124,2025-01-03,13,Weekday,24,88.6977886977887,2.1272802899756376,88.6977886977887,45.41253449388217,86.57050840781305,False,True
124,2025-01-09,13,Weekday,24,88.6977886977887,2.1272802899756376,88.6977886977887,45.41253449388217,86.57050840781305,False,True
124,2025-07-18,13,Weekday,24,88.6977886977887,2.1272802899756376,88.6977886977887,45.41253449388217,86.57050840781305,False,True
66,2025-07-02,20,Weekday,1024,3.076923076923077,89.64075660388959,89.64075660388959,46.35883984040633,86.5638335269665,True,False
1,2025-02-03,12,Weekday,1889,5.187319884726225,91.74861982309992,91.74861982309992,48.46796985391307,86.5612999383737,True,False
84,2024-12-25,18,Weekday,1421,0.576923076923077,87.11847026179274,87.11847026179274,43.84769666935791,86.54154718486966,True,False
84,2026-05-03,9,Weekend,672,3.8461538461538463,90.38690476190476,90.38690476190476,47.1165293040293,86.54075091575092,True,False
188,2026-02-21,9,Weekend,58,100.0,13.462301587301587,100.0,56.73115079365079,86.53769841269842,False,True
35,2025-07-01,9,Weekday,1078,5.566218809980806,92.10249697546658,92.10249697546658,48.834357892723695,86.53627816548577,True,False
4,2024-08-25,18,Weekend,1481,1.4563106796116505,87.9904064630144,87.9904064630144,44.72335857131302,86.53409578340275,True,False
66,2025-08-29,14,Weekday,1694,4.5105566218809985,91.0440346554328,91.0440346554328,47.777295638656895,86.5334780335518,True,False
66,2026-01-30,14,Weekday,1694,4.5105566218809985,91.0440346554328,91.0440346554328,47.777295638656895,86.5334780335518,True,False
4,2024-10-21,15,Weekday,2221,8.959537572254336,95.49085850556439,95.49085850556439,52.22519803890936,86.53132093331006,True,False
4,2026-05-27,15,Weekday,2221,8.959537572254336,95.49085850556439,95.49085850556439,52.22519803890936,86.53132093331006,True,False
133,2025-12-25,5,Weekday,72,1.7374517374517375,88.26802389527487,88.26802389527487,45.0027378163633,86.53057215782313,True,False
124,2025-01-14,20,Weekday,19,95.28301886792453,8.75258724921614,95.28301886792453,52.01780305857033,86.53043161870839,False,True
138,2025-05-23,10,Weekday,19,88.92100192678227,2.391472330645321,88.92100192678227,45.6562371287138,86.52952959613694,False,True
138,2025-04-09,10,Weekday,19,88.92100192678227,2.391472330645321,88.92100192678227,45.6562371287138,86.52952959613694,False,True
138,2025-08-29,10,Weekday,19,88.92100192678227,2.391472330645321,88.92100192678227,45.6562371287138,86.52952959613694,False,True
138,2025-01-07,10,Weekday,19,88.92100192678227,2.391472330645321,88.92100192678227,45.6562371287138,86.52952959613694,False,True
138,2026-01-23,10,Weekday,19,88.92100192678227,2.391472330645321,88.92100192678227,45.6562371287138,86.52952959613694,False,True
138,2026-07-10,10,Weekday,19,88.92100192678227,2.391472330645321,88.92100192678227,45.6562371287138,86.52952959613694,False,True
138,2026-04-24,10,Weekday,19,88.92100192678227,2.391472330645321,88.92100192678227,45.6562371287138,86.52952959613694,False,True
138,2025-02-12,10,Weekday,19,88.92100192678227,2.391472330645321,88.92100192678227,45.6562371287138,86.52952959613694,False,True
138,2025-02-20,10,Weekday,19,88.92100192678227,2.391472330645321,88.92100192678227,45.6562371287138,86.52952959613694,False,True
138,2025-05-20,10,Weekday,19,88.92100192678227,2.391472330645321,88.92100192678227,45.6562371287138,86.52952959613694,False,True
138,2025-04-14,10,Weekday,19,88.92100192678227,2.391472330645321,88.92100192678227,45.6562371287138,86.52952959613694,False,True
138,2026-07-31,10,Weekday,19,88.92100192678227,2.391472330645321,88.92100192678227,45.6562371287138,86.52952959613694,False,True
4,2024-10-23,13,Weekday,2711,10.886319845857418,97.41220512211063,97.41220512211063,54.149262483984025,86.52588527625322,True,False
4,2024-09-20,13,Weekday,2711,10.886319845857418,97.41220512211063,97.41220512211063,54.149262483984025,86.52588527625322,True,False
66,2025-01-12,17,Weekend,1840,3.8834951456310676,90.40593169562612,90.40593169562612,47.1447134206286,86.52243654999505,True,False
24,2025-12-23,6,Weekday,331,7.7071290944123305,94.2266037774044,94.2266037774044,50.96686643590837,86.51947468299207,True,False
184,2026-06-30,13,Weekday,1801,3.4602076124567476,89.97860835462595,89.97860835462595,46.719407983541345,86.5184007421692,True,False
66,2025-11-03,14,Weekday,1646,4.030710172744722,90.54626023368571,90.54626023368571,47.28848520321522,86.515550060941,True,False
133,2026-05-17,6,Weekend,163,9.375,95.88885445718418,95.88885445718418,52.63192722859209,86.51385445718418,True,False
133,2024-08-18,6,Weekend,163,9.375,95.88885445718418,95.88885445718418,52.63192722859209,86.51385445718418,True,False
133,2025-12-31,7,Weekday,607,4.440154440154441,90.95277810874141,90.95277810874141,47.69646627444793,86.51262366858697,True,False
71,2025-12-04,14,Weekday,37,91.04046242774567,4.5296478817264125,91.04046242774567,47.78505515473604,86.51081454601925,False,True
71,2024-08-22,14,Weekday,37,91.04046242774567,4.5296478817264125,91.04046242774567,47.78505515473604,86.51081454601925,False,True
71,2024-11-29,14,Weekday,37,91.04046242774567,4.5296478817264125,91.04046242774567,47.78505515473604,86.51081454601925,False,True
71,2025-08-08,14,Weekday,37,91.04046242774567,4.5296478817264125,91.04046242774567,47.78505515473604,86.51081454601925,False,True
71,2024-12-02,14,Weekday,37,91.04046242774567,4.5296478817264125,91.04046242774567,47.78505515473604,86.51081454601925,False,True
71,2024-12-10,14,Weekday,37,91.04046242774567,4.5296478817264125,91.04046242774567,47.78505515473604,86.51081454601925,False,True
35,2025-10-26,8,Weekend,679,11.538461538461538,98.04753398829017,98.04753398829017,54.79299776337585,86.50907244982864,True,False
1,2026-08-05,12,Weekday,1732,3.45821325648415,89.96477828125927,89.96477828125927,46.711495768871714,86.50656502477511,True,False
133,2026-03-09,7,Weekday,624,4.826254826254826,91.33007665117758,91.33007665117758,48.0781657387162,86.50382182492275,True,False
66,2024-09-05,14,Weekday,1628,3.8387715930902107,90.33860583419442,90.33860583419442,47.08868871364232,86.49983424110421,True,False
66,2025-06-03,19,Weekday,1566,6.730769230769231,93.22457437731096,93.22457437731096,49.97767180404009,86.49380514654173,True,False
84,2026-06-22,18,Weekday,1849,5.480769230769231,91.97430329352153,91.97430329352153,48.72753626214538,86.4935340627523,True,False
84,2026-06-08,18,Weekday,1849,5.480769230769231,91.97430329352153,91.97430329352153,48.72753626214538,86.4935340627523,True,False
71,2025-11-19,12,Weekday,104,96.44913627639156,9.96200803371787,96.44913627639156,53.20557215505471,86.48712824267369,False,True
71,2024-11-27,12,Weekday,104,96.44913627639156,9.96200803371787,96.44913627639156,53.20557215505471,86.48712824267369,False,True
133,2024-12-27,7,Weekday,614,4.633204633204633,91.11958378013423,91.11958378013423,47.87639420666943,86.48637914692961,True,False
66,2025-07-01,20,Weekday,1309,6.730769230769231,93.21372215505052,93.21372215505052,49.97224569290987,86.48295292428129,True,False
66,2025-10-26,17,Weekend,2074,5.825242718446602,92.30577191931296,92.30577191931296,49.06550731887978,86.48052920086636,True,False
133,2026-07-10,7,Weekday,673,5.598455598455598,92.078716390643,92.078716390643,48.8385859945493,86.4802607921874,True,False
181,2026-07-23,0,Weekday,181,8.00561797752809,94.48420125509193,94.48420125509193,51.24490961631001,86.47858327756384,True,False
181,2026-02-18,0,Weekday,181,8.00561797752809,94.48420125509193,94.48420125509193,51.24490961631001,86.47858327756384,True,False
71,2026-06-20,19,Weekend,28,94.71153846153845,8.233228138043367,94.71153846153845,51.47238329979091,86.47831032349508,False,True
71,2024-12-07,19,Weekend,28,94.71153846153845,8.233228138043367,94.71153846153845,51.47238329979091,86.47831032349508,False,True
71,2026-04-11,19,Weekend,28,94.71153846153845,8.233228138043367,94.71153846153845,51.47238329979091,86.47831032349508,False,True
4,2026-01-07,10,Weekday,1261,9.441233140655106,95.91844821778844,95.91844821778844,52.67984067922177,86.47721507713334,True,False
84,2026-03-02,19,Weekday,1170,2.1153846153846154,88.58742025923367,88.58742025923367,45.35140243730914,86.47203564384905,True,False
4,2025-09-27,15,Weekend,2882,9.223300970873787,95.69511647628075,95.69511647628075,52.45920872357726,86.47181550540697,True,False
118,2025-04-16,11,Weekday,45,91.4423076923077,4.974257425742574,91.4423076923077,48.208282559025136,86.46805026656511,False,True
118,2024-09-20,11,Weekday,45,91.4423076923077,4.974257425742574,91.4423076923077,48.208282559025136,86.46805026656511,False,True
118,2024-10-24,11,Weekday,45,91.4423076923077,4.974257425742574,91.4423076923077,48.208282559025136,86.46805026656511,False,True
118,2024-09-26,11,Weekday,45,91.4423076923077,4.974257425742574,91.4423076923077,48.208282559025136,86.46805026656511,False,True
35,2025-01-02,9,Weekday,1088,5.758157389635317,92.22347831260784,92.22347831260784,48.99081785112158,86.46532092297252,True,False
1,2026-07-27,13,Weekday,2167,7.204610951008646,93.66569611979322,93.66569611979322,50.435153535400936,86.46108516878458,True,False
138,2025-04-20,12,Weekend,25,89.90384615384616,3.4436626697056787,89.90384615384616,46.67375441177592,86.46018348414049,False,True
138,2026-06-20,12,Weekend,25,89.90384615384616,3.4436626697056787,89.90384615384616,46.67375441177592,86.46018348414049,False,True
138,2025-08-03,12,Weekend,25,89.90384615384616,3.4436626697056787,89.90384615384616,46.67375441177592,86.46018348414049,False,True
124,2025-01-10,20,Weekday,22,96.22641509433963,9.770067832038855,96.22641509433963,52.998241463189245,86.45634726230077,False,True
71,2026-03-10,17,Weekday,91,93.81044487427465,7.36157259107459,93.81044487427465,50.58600873267462,86.44887228320006,False,True
71,2026-04-29,17,Weekday,91,93.81044487427465,7.36157259107459,93.81044487427465,50.58600873267462,86.44887228320006,False,True
71,2026-01-16,17,Weekday,91,93.81044487427465,7.36157259107459,93.81044487427465,50.58600873267462,86.44887228320006,False,True
24,2026-01-25,6,Weekend,109,4.146341463414634,90.59497985745274,90.59497985745274,47.370660660433686,86.44863839403811,True,False
24,2024-12-08,6,Weekend,109,4.146341463414634,90.59497985745274,90.59497985745274,47.370660660433686,86.44863839403811,True,False
24,2025-09-09,5,Weekday,107,8.38150289017341,94.82412818909185,94.82412818909185,51.60281553963263,86.44262529891844,True,False
24,2026-01-05,5,Weekday,107,8.38150289017341,94.82412818909185,94.82412818909185,51.60281553963263,86.44262529891844,True,False
124,2025-01-21,19,Weekday,18,91.71428571428571,5.275080248669294,91.71428571428571,48.4946829814775,86.43920546561641,False,True
124,2025-12-10,19,Weekday,18,91.71428571428571,5.275080248669294,91.71428571428571,48.4946829814775,86.43920546561641,False,True
4,2026-06-03,11,Weekday,1737,10.404624277456648,96.84356435643564,96.84356435643564,53.62409431694614,86.43894007897899,True,False
24,2026-01-23,6,Weekday,334,7.89980732177264,94.33794206360453,94.33794206360453,51.118874692688586,86.43813474183189,True,False
181,2026-07-07,0,Weekday,120,0.2808988764044944,86.71804469888804,86.71804469888804,43.499471787646264,86.43714582248354,True,False
84,2026-07-22,19,Weekday,1156,1.9230769230769231,88.35886392263622,88.35886392263622,45.14097042285657,86.4357869995593,True,False
118,2025-05-21,15,Weekday,54,92.3076923076923,5.875397456279809,92.3076923076923,49.09154488198606,86.4322948514125,False,True
118,2025-01-14,15,Weekday,54,92.3076923076923,5.875397456279809,92.3076923076923,49.09154488198606,86.4322948514125,False,True
118,2025-06-10,15,Weekday,54,92.3076923076923,5.875397456279809,92.3076923076923,49.09154488198606,86.4322948514125,False,True
84,2026-05-25,16,Weekday,1856,2.8846153846153846,89.31602695342782,89.31602695342782,46.100321169021605,86.43141156881244,True,False
4,2025-01-04,15,Weekend,2781,8.737864077669903,95.16885319499177,95.16885319499177,51.95335863633083,86.43098911732187,True,False
4,2024-08-22,12,Weekday,2616,10.789980732177264,97.22084809149732,97.22084809149732,54.00541441183729,86.43086735932005,True,False
124,2026-03-07,18,Weekend,42,94.68085106382979,8.250441807624338,94.68085106382979,51.465646435727066,86.43040925620545,False,True
24,2026-03-01,7,Weekend,216,5.121951219512195,91.55196489128267,91.55196489128267,48.33695805539743,86.43001367177047,True,False
24,2026-02-15,7,Weekend,216,5.121951219512195,91.55196489128267,91.55196489128267,48.33695805539743,86.43001367177047,True,False
66,2025-02-04,19,Weekday,1581,6.923076923076923,93.35256592580554,93.35256592580554,50.13782142444123,86.42948900272862,True,False
66,2026-01-24,17,Weekend,1893,4.368932038834951,90.79288995406432,90.79288995406432,47.58091099644964,86.42395791522937,True,False
4,2025-01-04,16,Weekend,2580,7.766990291262135,94.18883177803284,94.18883177803284,50.977911034647484,86.4218414867707,True,False
133,2025-11-04,5,Weekday,71,1.5444015444015444,87.96609803963855,87.96609803963855,44.755249792020045,86.42169649523701,True,False
71,2026-01-29,13,Weekday,66,92.6923076923077,6.27191158119912,92.6923076923077,49.48210963675341,86.42039611110857,False,True
71,2024-11-20,13,Weekday,66,92.6923076923077,6.27191158119912,92.6923076923077,49.48210963675341,86.42039611110857,False,True
71,2025-08-25,13,Weekday,66,92.6923076923077,6.27191158119912,92.6923076923077,49.48210963675341,86.42039611110857,False,True
133,2026-01-26,7,Weekday,564,3.474903474903475,89.89336351721673,89.89336351721673,46.6841334960601,86.41846004231326,True,False
133,2025-11-03,7,Weekday,571,3.667953667953668,90.08499146113826,90.08499146113826,46.87647256454596,86.41703779318459,True,False
84,2025-06-09,19,Weekday,1178,2.307692307692308,88.72455406119215,88.72455406119215,45.51612318444223,86.41686175349984,True,False
1,2024-09-02,14,Weekday,1401,0.8645533141210375,87.27446148954773,87.27446148954773,44.069507401834386,86.4099081754267,True,False
1,2025-06-03,15,Weekday,1480,1.440922190201729,87.85075516693163,87.85075516693163,44.64583867856668,86.4098329767299,True,False
4,2024-08-19,16,Weekday,2142,5.5876685934489405,91.99546800771233,91.99546800771233,48.791568300580636,86.4077994142634,True,False
46,2024-11-17,21,Weekend,13,95.65217391304348,9.25270607826811,95.65217391304348,52.452439995655794,86.39946783477538,False,True
46,2025-10-18,21,Weekend,13,95.65217391304348,9.25270607826811,95.65217391304348,52.452439995655794,86.39946783477538,False,True
46,2025-12-20,21,Weekend,13,95.65217391304348,9.25270607826811,95.65217391304348,52.452439995655794,86.39946783477538,False,True
4,2026-06-21,12,Weekend,2685,10.679611650485436,97.07660291348726,97.07660291348726,53.87810728198635,86.39699126300182,True,False
124,2025-10-09,15,Weekday,13,88.06366047745358,1.6722972972972971,88.06366047745358,44.867978887375436,86.39136318015629,False,True
124,2025-10-21,15,Weekday,13,88.06366047745358,1.6722972972972971,88.06366047745358,44.867978887375436,86.39136318015629,False,True
124,2025-02-19,15,Weekday,13,88.06366047745358,1.6722972972972971,88.06366047745358,44.867978887375436,86.39136318015629,False,True
124,2025-09-22,15,Weekday,13,88.06366047745358,1.6722972972972971,88.06366047745358,44.867978887375436,86.39136318015629,False,True
124,2025-09-03,15,Weekday,13,88.06366047745358,1.6722972972972971,88.06366047745358,44.867978887375436,86.39136318015629,False,True
124,2026-01-14,15,Weekday,13,88.06366047745358,1.6722972972972971,88.06366047745358,44.867978887375436,86.39136318015629,False,True
124,2024-12-26,15,Weekday,13,88.06366047745358,1.6722972972972971,88.06366047745358,44.867978887375436,86.39136318015629,False,True
124,2025-03-06,15,Weekday,13,88.06366047745358,1.6722972972972971,88.06366047745358,44.867978887375436,86.39136318015629,False,True
124,2025-05-27,15,Weekday,13,88.06366047745358,1.6722972972972971,88.06366047745358,44.867978887375436,86.39136318015629,False,True
4,2024-10-05,17,Weekend,2119,6.310679611650485,92.7002196924306,92.7002196924306,49.50544965204054,86.38954008078011,True,False
84,2026-06-08,16,Weekday,1952,3.8461538461538463,90.23435170645412,90.23435170645412,47.04025277630398,86.38819786030028,True,False
138,2026-01-06,20,Weekday,17,94.29133858267717,7.912371662192348,94.29133858267717,51.101855122434756,86.37896692048483,False,True
138,2026-02-06,20,Weekday,17,94.29133858267717,7.912371662192348,94.29133858267717,51.101855122434756,86.37896692048483,False,True
124,2025-05-17,10,Weekend,11,88.35616438356165,1.9775971451229182,88.35616438356165,45.16688076434228,86.37856723843873,False,True
1,2024-11-05,12,Weekday,1847,4.899135446685879,91.27668836693907,91.27668836693907,48.08791190681247,86.3775529202532,True,False
71,2026-05-07,16,Weekday,56,91.61849710982659,5.241606869546205,91.61849710982659,48.4300519896864,86.37689024028039,False,True
71,2024-09-06,16,Weekday,56,91.61849710982659,5.241606869546205,91.61849710982659,48.4300519896864,86.37689024028039,False,True
118,2025-05-24,7,Weekend,10,93.4010152284264,7.024236983842011,93.4010152284264,50.21262610613421,86.37677824458439,False,True
118,2025-04-12,7,Weekend,10,93.4010152284264,7.024236983842011,93.4010152284264,50.21262610613421,86.37677824458439,False,True
118,2026-05-02,7,Weekend,10,93.4010152284264,7.024236983842011,93.4010152284264,50.21262610613421,86.37677824458439,False,True
118,2024-08-31,7,Weekend,10,93.4010152284264,7.024236983842011,93.4010152284264,50.21262610613421,86.37677824458439,False,True
118,2025-10-04,7,Weekend,10,93.4010152284264,7.024236983842011,93.4010152284264,50.21262610613421,86.37677824458439,False,True
4,2024-10-05,18,Weekend,1544,2.4271844660194173,88.803332491795,88.803332491795,45.61525847890721,86.37614802577559,True,False
66,2025-01-14,15,Weekday,1876,6.142034548944338,92.5089427662957,92.5089427662957,49.32548865762002,86.36690821735137,True,False
138,2024-12-26,19,Weekday,18,91.63987138263666,5.275080248669294,91.63987138263666,48.45747581565298,86.36479113396736,False,True
138,2026-03-18,19,Weekday,18,91.63987138263666,5.275080248669294,91.63987138263666,48.45747581565298,86.36479113396736,False,True
138,2025-12-24,19,Weekday,18,91.63987138263666,5.275080248669294,91.63987138263666,48.45747581565298,86.36479113396736,False,True
138,2025-10-07,19,Weekday,18,91.63987138263666,5.275080248669294,91.63987138263666,48.45747581565298,86.36479113396736,False,True
138,2024-12-24,19,Weekday,18,91.63987138263666,5.275080248669294,91.63987138263666,48.45747581565298,86.36479113396736,False,True
84,2026-06-10,15,Weekday,1626,3.2692307692307696,89.63235294117648,89.63235294117648,46.450791855203626,86.3631221719457,True,False
4,2024-10-20,16,Weekend,2490,7.281553398058252,93.63990219072808,93.63990219072808,50.460727794393165,86.35834879266983,True,False
71,2026-01-05,14,Weekday,98,99.61464354527938,13.257094030681186,99.61464354527938,56.43586878798028,86.35754951459819,False,True
1,2026-07-29,12,Weekday,1897,5.475504322766571,91.82381225636662,91.82381225636662,48.649658289566595,86.34830793360005,True,False
35,2026-06-29,9,Weekday,1093,5.950095969289827,92.29586878483171,92.29586878483171,49.12298237706077,86.34577281554188,True,False
184,2025-08-29,13,Weekday,1937,5.190311418685121,91.53346406005505,91.53346406005505,48.36188773937009,86.34315264136993,True,False
133,2026-05-17,8,Weekend,367,3.3653846153846154,89.70675796367966,89.70675796367966,46.53607128953214,86.34137334829505,True,False
181,2025-08-04,2,Weekday,66,8.286516853932584,94.62601905510265,94.62601905510265,51.456267954517614,86.33950220117006,True,False
181,2025-07-28,2,Weekday,66,8.286516853932584,94.62601905510265,94.62601905510265,51.456267954517614,86.33950220117006,True,False
66,2024-10-18,14,Weekday,1493,2.3032629558541267,88.64259597806216,88.64259597806216,45.47292946695814,86.33933302220804,True,False
1,2025-05-07,12,Weekday,1765,4.034582132564841,90.37338979361655,90.37338979361655,47.203985963090695,86.33880766105172,True,False
35,2025-11-29,7,Weekend,300,9.134615384615383,95.47177338918812,95.47177338918812,52.30319438690175,86.33715800457273,True,False
46,2024-09-17,22,Weekday,10,95.71106094808127,9.374935040638576,95.71106094808127,52.54299799435992,86.33612590744269,False,True
1,2026-07-22,14,Weekday,1763,5.475504322766571,91.81106430331452,91.81106430331452,48.643284313040546,86.33555998054796,True,False
133,2025-11-08,8,Weekend,350,2.403846153846154,88.73672720055572,88.73672720055572,45.57028667720094,86.33288104670956,True,False
133,2024-08-26,5,Weekday,123,9.942084942084941,96.27445060277341,96.27445060277341,53.10826777242918,86.33236566068847,True,False
133,2025-08-19,5,Weekday,123,9.942084942084941,96.27445060277341,96.27445060277341,53.10826777242918,86.33236566068847,True,False
66,2025-07-22,20,Weekday,1312,6.923076923076923,93.25368362809189,93.25368362809189,50.088380275584406,86.33060670501497,True,False
138,2025-01-03,20,Weekday,19,95.07874015748031,8.75258724921614,95.07874015748031,51.91566370334822,86.32615290826418,False,True
138,2025-01-29,20,Weekday,19,95.07874015748031,8.75258724921614,95.07874015748031,51.91566370334822,86.32615290826418,False,True
66,2025-02-03,14,Weekday,1700,4.798464491362764,91.12451315475717,91.12451315475717,47.961488823059966,86.3260486633944,True,False
66,2025-02-13,18,Weekday,1711,4.414587332053743,90.73973539228697,90.73973539228697,47.57716136217036,86.32514806023323,True,False
133,2024-12-24,7,Weekday,676,5.7915057915057915,92.1164462448866,92.1164462448866,48.9539760181962,86.3249404533808,True,False
118,2024-11-10,10,Weekend,51,94.20289855072464,7.878172085646312,94.20289855072464,51.040535318185476,86.32472646507833,False,True
138,2025-04-06,13,Weekend,26,90.09661835748793,3.772928369041109,90.09661835748793,46.93477336326452,86.32368998844682,False,True
138,2025-02-16,13,Weekend,26,90.09661835748793,3.772928369041109,90.09661835748793,46.93477336326452,86.32368998844682,False,True
84,2025-07-02,16,Weekday,1881,3.2692307692307696,89.59132560774414,89.59132560774414,46.430278188487456,86.32209483851337,True,False
24,2024-09-02,6,Weekday,336,8.092485549132949,94.41385453146825,94.41385453146825,51.253170040300596,86.3213689823353,True,False
133,2024-09-02,5,Weekday,70,1.3513513513513513,87.67172033039316,87.67172033039316,44.511535840872256,86.3203689790418,True,False
118,2024-09-24,16,Weekday,74,92.98076923076923,6.661829891271939,92.98076923076923,49.82129956102058,86.31893933949729,False,True
118,2026-04-23,16,Weekday,74,92.98076923076923,6.661829891271939,92.98076923076923,49.82129956102058,86.31893933949729,False,True
118,2025-03-14,16,Weekday,74,92.98076923076923,6.661829891271939,92.98076923076923,49.82129956102058,86.31893933949729,False,True
118,2025-03-04,16,Weekday,74,92.98076923076923,6.661829891271939,92.98076923076923,49.82129956102058,86.31893933949729,False,True
3,2026-03-26,20,Weekday,1020,3.262955854126679,89.58132672090497,89.58132672090497,46.42214128751582,86.3183708667783,True,False
84,2026-07-05,7,Weekend,179,1.9230769230769231,88.23808098942749,88.23808098942749,45.080578956252204,86.31500406635057,True,False
24,2025-12-31,5,Weekday,69,1.0597302504816954,87.36979447475684,87.36979447475684,44.21476236261927,86.31006422427515,True,False
24,2025-01-27,5,Weekday,69,1.0597302504816954,87.36979447475684,87.36979447475684,44.21476236261927,86.31006422427515,True,False
133,2026-04-06,7,Weekday,574,3.861003861003861,90.17038007863695,90.17038007863695,47.01569196982041,86.30937621763309,True,False
84,2026-06-03,15,Weekday,1653,3.653846153846154,89.96224165341813,89.96224165341813,46.80804390363215,86.30839549957197,True,False
138,2026-01-23,20,Weekday,31,98.81889763779527,12.51101502141525,98.81889763779527,55.66495632960526,86.30788261638003,False,True
66,2025-03-16,15,Weekend,2174,4.368932038834951,90.67441512445752,90.67441512445752,47.52167358164624,86.30548308562257,True,False
4,2025-05-12,14,Weekday,2337,10.01926782273603,96.32282807407996,96.32282807407996,53.171047948407995,86.30356025134394,True,False
4,2025-02-23,13,Weekend,3023,10.679611650485436,96.98265148879057,96.98265148879057,53.831131569638,86.30303983830512,True,False
133,2024-11-24,8,Weekend,342,1.9230769230769231,88.22566239952366,88.22566239952366,45.07436966130029,86.30258547644674,True,False
124,2026-03-07,17,Weekend,21,89.5104895104895,3.2105052925903736,89.5104895104895,46.36049740153994,86.29998421789914,False,True
4,2024-09-09,10,Weekday,1262,9.633911368015415,95.93132690059637,95.93132690059637,52.7826191343059,86.29741553258096,True,False
138,2024-12-27,18,Weekday,21,89.84168865435356,3.5468693449149478,89.84168865435356,46.69427899963426,86.29481930943861,False,True
138,2026-01-21,18,Weekday,21,89.84168865435356,3.5468693449149478,89.84168865435356,46.69427899963426,86.29481930943861,False,True
138,2025-12-24,18,Weekday,21,89.84168865435356,3.5468693449149478,89.84168865435356,46.69427899963426,86.29481930943861,False,True
138,2024-10-22,18,Weekday,21,89.84168865435356,3.5468693449149478,89.84168865435356,46.69427899963426,86.29481930943861,False,True
138,2025-01-31,18,Weekday,21,89.84168865435356,3.5468693449149478,89.84168865435356,46.69427899963426,86.29481930943861,False,True
138,2025-01-22,18,Weekday,21,89.84168865435356,3.5468693449149478,89.84168865435356,46.69427899963426,86.29481930943861,False,True
138,2025-01-30,18,Weekday,21,89.84168865435356,3.5468693449149478,89.84168865435356,46.69427899963426,86.29481930943861,False,True
138,2026-03-20,18,Weekday,21,89.84168865435356,3.5468693449149478,89.84168865435356,46.69427899963426,86.29481930943861,False,True
4,2025-01-27,18,Weekday,1504,1.9230769230769231,88.21430007640649,88.21430007640649,45.068688499741704,86.29122315332957,True,False
1,2025-04-28,13,Weekday,2180,7.492795389048991,93.78354824014103,93.78354824014103,50.63817181459501,86.29075285109204,True,False
4,2024-08-21,11,Weekday,1744,10.597302504816955,96.88712871287129,96.88712871287129,53.74221560884412,86.28982620805434,True,False
188,2025-10-30,22,Weekday,6,92.19858156028369,5.909742864863741,92.19858156028369,49.054162212573715,86.28883869541994,False,True
188,2026-03-13,22,Weekday,6,92.19858156028369,5.909742864863741,92.19858156028369,49.054162212573715,86.28883869541994,False,True
188,2025-11-07,22,Weekday,6,92.19858156028369,5.909742864863741,92.19858156028369,49.054162212573715,86.28883869541994,False,True
188,2025-12-05,22,Weekday,6,92.19858156028369,5.909742864863741,92.19858156028369,49.054162212573715,86.28883869541994,False,True
188,2026-05-15,22,Weekday,6,92.19858156028369,5.909742864863741,92.19858156028369,49.054162212573715,86.28883869541994,False,True
84,2025-02-03,16,Weekday,1962,4.038461538461538,90.32081734878452,90.32081734878452,47.179639443623024,86.28235581032298,True,False
24,2025-02-23,7,Weekend,175,1.4634146341463417,87.74436465190504,87.74436465190504,44.603889643025695,86.2809500177587,True,False
35,2026-06-20,9,Weekend,935,10.096153846153847,96.3764880952381,96.3764880952381,53.23632097069597,86.28033424908426,True,False
1,2025-04-29,15,Weekday,1585,2.881844380403458,89.16136724960253,89.16136724960253,46.021605815003,86.27952286919907,True,False
66,2026-01-26,18,Weekday,1729,4.606525911708253,90.88450556963043,90.88450556963043,47.74551574066935,86.27797965792217,True,False
4,2024-10-22,16,Weekday,2148,5.780346820809249,92.05708720109722,92.05708720109722,48.91871701095323,86.27674038028798,True,False
66,2026-01-27,20,Weekday,973,2.5,88.7739000348382,88.7739000348382,45.6369500174191,86.2739000348382,True,False
66,2025-12-18,14,Weekday,1714,4.990403071017274,91.26063111040457,91.26063111040457,48.12551709071092,86.2702280393873,True,False
66,2025-06-30,19,Weekday,1584,7.115384615384615,93.38405590995896,93.38405590995896,50.24972026267179,86.26867129457435,True,False
133,2025-07-15,6,Weekday,422,10.231660231660232,96.49992914836332,96.49992914836332,53.365794690011775,86.2682689167031,True,False
4,2025-05-18,10,Weekend,1265,8.25242718446602,94.51576130055511,94.51576130055511,51.384094242510564,86.2633341160891,True,False
118,2025-10-14,6,Weekday,9,94.47791164658635,8.217777687807445,94.47791164658635,51.347844667196895,86.26013395877891,False,True
118,2025-11-20,6,Weekday,9,94.47791164658635,8.217777687807445,94.47791164658635,51.347844667196895,86.26013395877891,False,True
118,2025-10-28,6,Weekday,9,94.47791164658635,8.217777687807445,94.47791164658635,51.347844667196895,86.26013395877891,False,True
118,2025-04-07,6,Weekday,9,94.47791164658635,8.217777687807445,94.47791164658635,51.347844667196895,86.26013395877891,False,True
118,2025-02-03,6,Weekday,9,94.47791164658635,8.217777687807445,94.47791164658635,51.347844667196895,86.26013395877891,False,True
118,2025-03-13,6,Weekday,9,94.47791164658635,8.217777687807445,94.47791164658635,51.347844667196895,86.26013395877891,False,True
118,2025-07-25,6,Weekday,9,94.47791164658635,8.217777687807445,94.47791164658635,51.347844667196895,86.26013395877891,False,True
118,2025-07-22,6,Weekday,9,94.47791164658635,8.217777687807445,94.47791164658635,51.347844667196895,86.26013395877891,False,True
118,2025-12-17,6,Weekday,9,94.47791164658635,8.217777687807445,94.47791164658635,51.347844667196895,86.26013395877891,False,True
118,2025-09-17,6,Weekday,9,94.47791164658635,8.217777687807445,94.47791164658635,51.347844667196895,86.26013395877891,False,True
118,2025-11-06,6,Weekday,9,94.47791164658635,8.217777687807445,94.47791164658635,51.347844667196895,86.26013395877891,False,True
118,2025-12-22,6,Weekday,9,94.47791164658635,8.217777687807445,94.47791164658635,51.347844667196895,86.26013395877891,False,True
118,2025-12-11,6,Weekday,9,94.47791164658635,8.217777687807445,94.47791164658635,51.347844667196895,86.26013395877891,False,True
118,2024-12-06,6,Weekday,9,94.47791164658635,8.217777687807445,94.47791164658635,51.347844667196895,86.26013395877891,False,True
118,2025-09-02,6,Weekday,9,94.47791164658635,8.217777687807445,94.47791164658635,51.347844667196895,86.26013395877891,False,True
118,2026-02-24,6,Weekday,9,94.47791164658635,8.217777687807445,94.47791164658635,51.347844667196895,86.26013395877891,False,True
118,2025-09-03,6,Weekday,9,94.47791164658635,8.217777687807445,94.47791164658635,51.347844667196895,86.26013395877891,False,True
118,2026-02-19,6,Weekday,9,94.47791164658635,8.217777687807445,94.47791164658635,51.347844667196895,86.26013395877891,False,True
118,2025-01-16,6,Weekday,9,94.47791164658635,8.217777687807445,94.47791164658635,51.347844667196895,86.26013395877891,False,True
118,2024-10-11,6,Weekday,9,94.47791164658635,8.217777687807445,94.47791164658635,51.347844667196895,86.26013395877891,False,True
118,2025-09-25,6,Weekday,9,94.47791164658635,8.217777687807445,94.47791164658635,51.347844667196895,86.26013395877891,False,True
118,2024-10-17,6,Weekday,9,94.47791164658635,8.217777687807445,94.47791164658635,51.347844667196895,86.26013395877891,False,True
84,2026-08-03,15,Weekday,1600,3.076923076923077,89.3322734499205,89.3322734499205,46.20459826342179,86.25535037299743,True,False
4,2025-10-22,15,Weekday,2222,9.248554913294797,95.50377583465819,95.50377583465819,52.37616537397649,86.25522092136339,True,False
84,2026-06-04,15,Weekday,1493,1.7307692307692308,87.98489666136724,87.98489666136724,44.857832946068235,86.25412743059802,True,False
4,2024-10-09,13,Weekday,2714,11.175337186897881,97.42904113930318,97.42904113930318,54.30218916310053,86.2537039524053,True,False
84,2026-06-30,16,Weekday,1857,3.076923076923077,89.3299409648373,89.3299409648373,46.20343202088019,86.25301788791423,True,False
24,2025-01-06,6,Weekday,339,8.285163776493256,94.53430231381202,94.53430231381202,51.409733045152635,86.24913853731877,True,False
4,2024-10-14,12,Weekday,2617,10.982658959537572,97.2297524585947,97.2297524585947,54.10620570906614,86.24709349905713,True,False
118,2025-04-23,10,Weekday,42,91.32947976878613,5.084107705414991,91.32947976878613,48.20679373710056,86.24537206337114,False,True
118,2025-07-28,10,Weekday,42,91.32947976878613,5.084107705414991,91.32947976878613,48.20679373710056,86.24537206337114,False,True
118,2026-03-06,10,Weekday,42,91.32947976878613,5.084107705414991,91.32947976878613,48.20679373710056,86.24537206337114,False,True
71,2026-08-03,12,Weekday,103,96.06525911708253,9.820527534281814,96.06525911708253,52.94289332568217,86.24473158280072,False,True
71,2026-07-27,12,Weekday,103,96.06525911708253,9.820527534281814,96.06525911708253,52.94289332568217,86.24473158280072,False,True
4,2025-05-28,15,Weekday,2251,9.441233140655106,95.68461844197138,95.68461844197138,52.56292579131324,86.24338530131628,True,False
84,2026-01-17,7,Weekend,182,2.403846153846154,88.64452423698384,88.64452423698384,45.524185195415,86.24067808313768,True,False
84,2024-12-16,16,Weekday,1918,3.653846153846154,89.89445228487945,89.89445228487945,46.774149219362805,86.24060613103329,True,False
84,2026-01-04,9,Weekend,701,5.288461538461538,91.52529761904762,91.52529761904762,48.40687957875458,86.23683608058609,True,False
1,2025-10-27,14,Weekday,1782,5.763688760806916,91.99586678324458,91.99586678324458,48.87977777202575,86.23217802243767,True,False
124,2025-01-18,13,Weekend,21,89.33333333333333,3.101854153203758,89.33333333333333,46.217593743268544,86.23147918012957,False,True
66,2025-01-05,17,Weekend,1753,3.3980582524271843,89.6295186738566,89.6295186738566,46.51378846314189,86.2314604214294,True,False
4,2026-01-27,16,Weekday,1591,0.3853564547206166,86.61571488202907,86.61571488202907,43.500535668374845,86.23035842730845,True,False
184,2026-06-26,13,Weekday,1805,3.8062283737024223,90.0360488838711,90.0360488838711,46.921138628786764,86.22982051016868,True,False
84,2026-07-20,19,Weekday,1183,2.5961538461538463,88.82308723741417,88.82308723741417,45.709620541784005,86.22693339126033,True,False
84,2026-03-26,19,Weekday,1183,2.5961538461538463,88.82308723741417,88.82308723741417,45.709620541784005,86.22693339126033,True,False
84,2026-04-20,18,Weekday,1850,5.769230769230769,91.9913942172357,91.9913942172357,48.880312493233234,86.22216344800492,True,False
181,2026-07-20,1,Weekday,117,9.550561797752808,95.77136566971919,95.77136566971919,52.660963733736,86.22080387196638,True,False
84,2025-04-25,16,Weekday,1889,3.4615384615384617,89.68077282394799,89.68077282394799,46.57115564274323,86.21923436240952,True,False
84,2025-04-29,19,Weekday,1121,1.5384615384615385,87.75649099995937,87.75649099995937,44.64747626921045,86.21802946149784,True,False
133,2024-11-05,5,Weekday,69,1.1583011583011582,87.36979447475684,87.36979447475684,44.264047816529,86.21149331645569,True,False
4,2025-10-19,16,Weekend,2619,8.25242718446602,94.46329657168522,94.46329657168522,51.35786187807562,86.2108693872192,True,False
35,2024-12-23,9,Weekday,1098,6.142034548944338,92.35140120188017,92.35140120188017,49.24671787541225,86.20936665293583,True,False
124,2025-03-04,18,Weekday,23,90.04524886877829,3.8364096996018824,90.04524886877829,46.94082928419009,86.2088391691764,False,True
4,2024-10-14,16,Weekday,2160,5.973025048169557,92.18131944582481,92.18131944582481,49.077172246997186,86.20829439765525,True,False
138,2026-01-13,14,Weekday,25,89.49903660886321,3.295644225419283,89.49903660886321,46.397340417141244,86.20339238344393,False,True
138,2025-12-17,14,Weekday,25,89.49903660886321,3.295644225419283,89.49903660886321,46.397340417141244,86.20339238344393,False,True
138,2026-03-19,14,Weekday,25,89.49903660886321,3.295644225419283,89.49903660886321,46.397340417141244,86.20339238344393,False,True
138,2026-04-20,14,Weekday,25,89.49903660886321,3.295644225419283,89.49903660886321,46.397340417141244,86.20339238344393,False,True
138,2026-04-06,14,Weekday,25,89.49903660886321,3.295644225419283,89.49903660886321,46.397340417141244,86.20339238344393,False,True
138,2025-03-10,14,Weekday,25,89.49903660886321,3.295644225419283,89.49903660886321,46.397340417141244,86.20339238344393,False,True
138,2025-03-26,14,Weekday,25,89.49903660886321,3.295644225419283,89.49903660886321,46.397340417141244,86.20339238344393,False,True
138,2026-04-08,14,Weekday,25,89.49903660886321,3.295644225419283,89.49903660886321,46.397340417141244,86.20339238344393,False,True
138,2026-02-08,9,Weekend,14,89.32038834951457,3.1175595238095237,89.32038834951457,46.218973936662046,86.20282882570505,False,True
138,2026-03-15,9,Weekend,14,89.32038834951457,3.1175595238095237,89.32038834951457,46.218973936662046,86.20282882570505,False,True
138,2024-08-24,9,Weekend,14,89.32038834951457,3.1175595238095237,89.32038834951457,46.218973936662046,86.20282882570505,False,True
138,2025-11-30,9,Weekend,14,89.32038834951457,3.1175595238095237,89.32038834951457,46.218973936662046,86.20282882570505,False,True
138,2025-12-27,9,Weekend,14,89.32038834951457,3.1175595238095237,89.32038834951457,46.218973936662046,86.20282882570505,False,True
138,2025-03-15,9,Weekend,14,89.32038834951457,3.1175595238095237,89.32038834951457,46.218973936662046,86.20282882570505,False,True
138,2025-11-22,9,Weekend,14,89.32038834951457,3.1175595238095237,89.32038834951457,46.218973936662046,86.20282882570505,False,True
138,2026-02-15,9,Weekend,14,89.32038834951457,3.1175595238095237,89.32038834951457,46.218973936662046,86.20282882570505,False,True
138,2025-09-28,9,Weekend,14,89.32038834951457,3.1175595238095237,89.32038834951457,46.218973936662046,86.20282882570505,False,True
181,2026-07-13,0,Weekday,183,8.426966292134832,94.62732577342288,94.62732577342288,51.52714603277886,86.20035948128805,True,False
66,2024-11-06,15,Weekday,1878,6.333973128598848,92.53279014308427,92.53279014308427,49.433381635841556,86.19881701448543,True,False
4,2024-10-20,15,Weekend,2923,9.70873786407767,95.90711827206066,95.90711827206066,52.80792806806916,86.198380407983,True,False
66,2025-12-25,18,Weekday,1683,4.222648752399232,90.41802388707926,90.41802388707926,47.32033631973925,86.19537513468002,True,False
66,2025-06-16,18,Weekday,1806,5.3742802303262955,91.56914786665058,91.56914786665058,48.47171404848844,86.19486763632429,True,False
4,2025-05-04,14,Weekend,2890,9.70873786407767,95.90360243488674,95.90360243488674,52.8061701494822,86.19486457080907,True,False
4,2026-03-01,17,Weekend,2157,6.796116504854369,92.98981426003596,92.98981426003596,49.89296538244516,86.19369775518159,True,False
118,2025-01-16,16,Weekday,121,99.61538461538461,13.422051720368126,99.61538461538461,56.51871816787637,86.19333289501648,False,True
133,2026-07-08,7,Weekday,680,5.984555984555985,92.17701258985662,92.17701258985662,49.0807842872063,86.19245660530063,True,False
138,2025-04-17,0,Weekday,3,97.67441860465115,11.482990201475284,97.67441860465115,54.57870440306322,86.19142840317586,False,True
4,2024-10-15,18,Weekday,1510,2.1153846153846154,88.3067921341537,88.3067921341537,45.211088374769155,86.19140751876908,True,False
124,2025-01-08,6,Weekday,14,100.0,13.808983987530112,100.0,56.904491993765056,86.19101601246989,False,True
138,2025-01-15,6,Weekday,14,100.0,13.808983987530112,100.0,56.904491993765056,86.19101601246989,False,True
4,2025-05-26,18,Weekday,1523,2.307692307692308,88.49680299191701,88.49680299191701,45.40224764980466,86.1891106842247,True,False
66,2026-02-03,14,Weekday,1741,5.3742802303262955,91.56168031158096,91.56168031158096,48.467980270953625,86.18740008125467,True,False
84,2025-06-25,15,Weekday,1627,3.4615384615384617,89.64825119236885,89.64825119236885,46.55489482695366,86.18671273083038,True,False
66,2025-02-06,14,Weekday,1759,5.566218809980806,91.75145060011128,91.75145060011128,48.65883470504605,86.18523179013047,True,False
71,2026-03-17,17,Weekday,90,93.42359767891682,7.244185352460159,93.42359767891682,50.33389151568849,86.17941232645666,False,True
3,2025-02-03,20,Weekday,999,3.071017274472169,89.24524048609545,89.24524048609545,46.15812888028381,86.17422321162329,True,False
118,2026-02-21,8,Weekend,20,92.512077294686,6.3386920710528925,92.512077294686,49.42538468286944,86.1733852236331,False,True
118,2024-12-21,8,Weekend,20,92.512077294686,6.3386920710528925,92.512077294686,49.42538468286944,86.1733852236331,False,True
66,2026-06-04,20,Weekday,958,2.307692307692308,88.47572596676025,88.47572596676025,45.39170913722628,86.16803365906794,True,False
138,2024-11-02,15,Weekend,26,89.66346153846155,3.499276699755574,89.66346153846155,46.58136911910856,86.16418483870598,False,True
138,2025-08-10,15,Weekend,26,89.66346153846155,3.499276699755574,89.66346153846155,46.58136911910856,86.16418483870598,False,True
118,2026-01-15,13,Weekday,54,91.4423076923077,5.278586566838988,91.4423076923077,48.36044712957334,86.16372112546871,False,True
118,2026-07-09,13,Weekday,54,91.4423076923077,5.278586566838988,91.4423076923077,48.36044712957334,86.16372112546871,False,True
118,2026-01-20,13,Weekday,54,91.4423076923077,5.278586566838988,91.4423076923077,48.36044712957334,86.16372112546871,False,True
118,2026-04-09,13,Weekday,54,91.4423076923077,5.278586566838988,91.4423076923077,48.36044712957334,86.16372112546871,False,True
118,2024-10-31,13,Weekday,54,91.4423076923077,5.278586566838988,91.4423076923077,48.36044712957334,86.16372112546871,False,True
118,2025-02-26,13,Weekday,54,91.4423076923077,5.278586566838988,91.4423076923077,48.36044712957334,86.16372112546871,False,True
66,2026-07-28,20,Weekday,1314,7.115384615384615,93.27417669119004,93.27417669119004,50.194780653287324,86.15879207580542,True,False
24,2026-02-19,5,Weekday,108,8.766859344894026,94.9244107054282,94.9244107054282,51.845635025161116,86.15755136053417,True,False
24,2026-01-07,5,Weekday,108,8.766859344894026,94.9244107054282,94.9244107054282,51.845635025161116,86.15755136053417,True,False
1,2025-06-03,12,Weekday,1773,4.322766570605188,90.48024219878505,90.48024219878505,47.401504384695116,86.15747562817987,True,False
35,2024-11-24,8,Weekend,320,0.4807692307692308,86.63540736330258,86.63540736330258,43.5580882970359,86.15463813253335,True,False
84,2026-07-20,16,Weekday,1969,4.230769230769231,90.38144268421158,90.38144268421158,47.3061059574904,86.15067345344235,True,False
3,2024-11-25,20,Weekday,1022,3.45489443378119,89.60386909031293,89.60386909031293,46.52938176204706,86.14897465653173,True,False
4,2025-05-02,14,Weekday,2344,10.211946050096339,96.3566091725618,96.3566091725618,53.284277611329074,86.14466312246546,True,False
66,2026-05-27,15,Weekday,1505,2.015355086372361,88.15878378378378,88.15878378378378,45.08706943507807,86.14342869741141,True,False
66,2025-08-15,15,Weekday,1505,2.015355086372361,88.15878378378378,88.15878378378378,45.08706943507807,86.14342869741141,True,False
4,2024-08-24,11,Weekend,2032,10.194174757281553,96.33566225657798,96.33566225657798,53.26491850692977,86.14148749929642,True,False
66,2026-08-05,18,Weekday,1757,4.990403071017274,91.12779989544376,91.12779989544376,48.05910148323051,86.13739682442649,True,False
1,2026-06-30,13,Weekday,1596,1.1527377521613833,87.2828648959138,87.2828648959138,44.217801324037595,86.13012714375242,True,False
138,2024-11-12,11,Weekday,23,88.7065637065637,2.5792079207920793,88.7065637065637,45.64288581367789,86.12735578577161,False,True
138,2025-06-20,11,Weekday,23,88.7065637065637,2.5792079207920793,88.7065637065637,45.64288581367789,86.12735578577161,False,True
138,2026-07-09,11,Weekday,23,88.7065637065637,2.5792079207920793,88.7065637065637,45.64288581367789,86.12735578577161,False,True
138,2024-10-31,11,Weekday,23,88.7065637065637,2.5792079207920793,88.7065637065637,45.64288581367789,86.12735578577161,False,True
138,2024-10-03,11,Weekday,23,88.7065637065637,2.5792079207920793,88.7065637065637,45.64288581367789,86.12735578577161,False,True
138,2025-10-16,11,Weekday,23,88.7065637065637,2.5792079207920793,88.7065637065637,45.64288581367789,86.12735578577161,False,True
4,2025-05-13,10,Weekday,1264,9.826589595375722,95.94816825503754,95.94816825503754,52.88737892520663,86.12157865966182,True,False
35,2024-12-31,9,Weekday,1106,6.333973128598848,92.45552448384602,92.45552448384602,49.39474880622243,86.12155135524718,True,False
138,2025-12-28,11,Weekend,23,89.66346153846155,3.542936425350577,89.66346153846155,46.60319898190606,86.12052511311097,False,True
138,2026-06-20,11,Weekend,23,89.66346153846155,3.542936425350577,89.66346153846155,46.60319898190606,86.12052511311097,False,True
1,2025-04-18,13,Weekday,1613,1.440922190201729,87.55917364866204,87.55917364866204,44.500047919431886,86.1182514584603,True,False
66,2024-11-25,14,Weekday,1717,5.182341650671785,91.30037357920673,91.30037357920673,48.24135761493926,86.11803192853495,True,False
3,2026-07-12,20,Weekend,1165,3.8461538461538463,89.95989098575615,89.95989098575615,46.90302241595499,86.1137371396023,True,False
133,2026-07-03,6,Weekday,424,10.424710424710424,96.53636713293791,96.53636713293791,53.48053877882417,86.11165670822749,True,False
3,2025-01-27,20,Weekday,1032,3.6468330134357005,89.75654241039408,89.75654241039408,46.701687711914886,86.10970939695838,True,False
4,2026-06-22,18,Weekday,1418,0.9615384615384616,87.07121888446535,87.07121888446535,44.01637867300191,86.10968042292689,True,False
4,2024-10-11,11,Weekday,1745,10.789980732177264,96.89207920792079,96.89207920792079,53.84102997004903,86.10209847574352,True,False
1,2024-09-16,12,Weekday,1902,5.763688760806916,91.8653659694877,91.8653659694877,48.814527365147306,86.10167720868078,True,False
84,2025-01-27,18,Weekday,1368,0.19230769230769232,86.29207383279045,86.29207383279045,43.24219076254907,86.09976614048276,True,False
66,2024-09-19,18,Weekday,1730,4.798464491362764,90.89656975107572,90.89656975107572,47.84751712121924,86.09810525971295,True,False
71,2026-05-09,14,Weekend,22,89.42307692307693,3.3255164155273924,89.42307692307693,46.37429666930216,86.09756050754955,False,True
35,2026-06-26,9,Weekday,1121,6.525911708253358,92.62212173499137,92.62212173499137,49.574016721622364,86.096210026738,True,False
133,2025-06-25,7,Weekday,687,6.177606177606178,92.26835855276222,92.26835855276222,49.2229823651842,86.09075237515604,True,False
66,2026-02-03,19,Weekday,1586,7.307692307692308,93.39827719312503,93.39827719312503,50.352984750408666,86.09058488543272,True,False
4,2026-05-19,15,Weekday,2257,9.633911368015415,95.72038950715421,95.72038950715421,52.677150437584814,86.08647813913879,True,False
4,2024-10-20,18,Weekend,1557,2.912621359223301,88.99772784650341,88.99772784650341,45.95517460286335,86.08510648728011,True,False
124,2026-03-08,19,Weekend,42,97.14285714285714,11.058230683090706,97.14285714285714,54.10054391297392,86.08462645976644,False,True
4,2024-08-28,18,Weekday,1446,1.3461538461538463,87.4301282824627,87.4301282824627,44.38814106430827,86.08397443630886,True,False
66,2025-09-02,14,Weekday,1765,5.758157389635317,91.84087115491614,91.84087115491614,48.79951427227573,86.08271376528083,True,False
71,2025-02-02,16,Weekend,30,89.90384615384616,3.8225460352312988,89.90384615384616,46.86319609453873,86.08130011861486,False,True
4,2024-09-01,14,Weekend,2961,10.194174757281553,96.27532182416925,96.27532182416925,53.234748290725406,86.0811470668877,True,False
4,2024-09-03,13,Weekday,2720,11.368015414258188,97.44884821835323,97.44884821835323,54.40843181630571,86.08083280409505,True,False
3,2025-04-28,20,Weekday,1061,4.126679462571977,90.20636514539828,90.20636514539828,47.166522303985126,86.07968568282631,True,False
3,2026-06-01,20,Weekday,1061,4.126679462571977,90.20636514539828,90.20636514539828,47.166522303985126,86.07968568282631,True,False
4,2024-09-10,16,Weekday,2166,6.165703275529865,92.2439324971675,92.2439324971675,49.204817886348685,86.07822922163764,True,False
165,2025-01-24,9,Weekday,79,98.06201550387597,11.985085579421273,98.06201550387597,55.02355054164862,86.0769299244547,False,True
165,2025-12-04,9,Weekday,79,98.06201550387597,11.985085579421273,98.06201550387597,55.02355054164862,86.0769299244547,False,True
165,2025-03-14,9,Weekday,79,98.06201550387597,11.985085579421273,98.06201550387597,55.02355054164862,86.0769299244547,False,True
4,2024-11-11,12,Weekday,2621,11.175337186897881,97.25151868927716,97.25151868927716,54.21342793808752,86.07618150237928,True,False
46,2026-08-05,22,Weekday,9,94.5823927765237,8.509156671586256,94.5823927765237,51.54577472405498,86.07323610493745,False,True
46,2025-10-08,22,Weekday,9,94.5823927765237,8.509156671586256,94.5823927765237,51.54577472405498,86.07323610493745,False,True
46,2024-08-29,22,Weekday,9,94.5823927765237,8.509156671586256,94.5823927765237,51.54577472405498,86.07323610493745,False,True
46,2026-01-30,22,Weekday,9,94.5823927765237,8.509156671586256,94.5823927765237,51.54577472405498,86.07323610493745,False,True
46,2025-10-14,22,Weekday,9,94.5823927765237,8.509156671586256,94.5823927765237,51.54577472405498,86.07323610493745,False,True
46,2025-10-28,22,Weekday,9,94.5823927765237,8.509156671586256,94.5823927765237,51.54577472405498,86.07323610493745,False,True
46,2025-01-10,22,Weekday,9,94.5823927765237,8.509156671586256,94.5823927765237,51.54577472405498,86.07323610493745,False,True
46,2024-08-30,22,Weekday,9,94.5823927765237,8.509156671586256,94.5823927765237,51.54577472405498,86.07323610493745,False,True
46,2024-11-14,22,Weekday,9,94.5823927765237,8.509156671586256,94.5823927765237,51.54577472405498,86.07323610493745,False,True
35,2026-05-03,9,Weekend,685,4.807692307692308,90.88045634920636,90.88045634920636,47.84407432844933,86.07276404151405,True,False
84,2026-08-04,15,Weekday,1494,1.9230769230769231,87.99483306836248,87.99483306836248,44.9589549957197,86.07175614528556,True,False
165,2025-06-26,9,Weekday,82,98.74031007751938,12.670315939786994,98.74031007751938,55.705313008653185,86.0699941377324,False,True
165,2024-11-29,9,Weekday,82,98.74031007751938,12.670315939786994,98.74031007751938,55.705313008653185,86.0699941377324,False,True
165,2025-11-17,9,Weekday,82,98.74031007751938,12.670315939786994,98.74031007751938,55.705313008653185,86.0699941377324,False,True
165,2026-06-25,9,Weekday,82,98.74031007751938,12.670315939786994,98.74031007751938,55.705313008653185,86.0699941377324,False,True
1,2026-08-03,15,Weekday,1617,3.45821325648415,89.52404610492846,89.52404610492846,46.49112968070631,86.0658328484443,True,False
1,2024-12-25,13,Weekday,1628,1.729106628242075,87.79487788935766,87.79487788935766,44.76199225879987,86.06577126111559,True,False
35,2025-07-20,7,Weekend,306,9.615384615384617,95.67873528825055,95.67873528825055,52.64705995181758,86.06335067286594,True,False
1,2024-08-28,13,Weekday,2186,7.780979827089338,93.84296947729118,93.84296947729118,50.81197465219026,86.06198965020184,True,False
165,2025-02-28,9,Weekday,84,99.2248062015504,13.163166141092006,99.2248062015504,56.1939861713212,86.06164006045839,False,True
1,2025-02-03,15,Weekday,1592,3.170028818443804,89.22992845786963,89.22992845786963,46.19997863815672,86.05989963942582,True,False
35,2026-05-07,9,Weekday,911,2.8790786948176583,88.9341742527915,88.9341742527915,45.90662647380458,86.05509555797383,True,False
35,2024-10-20,8,Weekend,682,12.01923076923077,98.07234295921405,98.07234295921405,55.045786864222414,86.05311218998328,True,False
4,2024-08-27,18,Weekday,1528,2.5,88.55310250532835,88.55310250532835,45.52655125266418,86.05310250532835,True,False
66,2024-09-02,16,Weekday,2001,4.606525911708253,90.65872905444354,90.65872905444354,47.63262748307589,86.0522031427353,True,False
66,2025-04-29,21,Weekday,902,4.230769230769231,90.27930412424575,90.27930412424575,47.25503667750749,86.04853489347653,True,False
124,2026-03-10,18,Weekday,21,89.59276018099548,3.5468693449149478,89.59276018099548,46.56981476295522,86.04589083608053,False,True
84,2025-06-16,18,Weekday,1851,5.961538461538462,92.00647444404231,92.00647444404231,48.98400645279039,86.04493598250384,True,False
84,2026-07-31,9,Weekday,940,3.653846153846154,89.6977449872077,89.6977449872077,46.67579557052693,86.04389883336154,True,False
4,2024-09-08,12,Weekend,2713,11.165048543689322,97.20790803686454,97.20790803686454,54.18647829027693,86.04285949317521,True,False
84,2026-06-30,15,Weekday,1536,2.5,88.53636724960255,88.53636724960255,45.518183624801274,86.03636724960255,True,False
184,2026-08-04,13,Weekday,1941,5.536332179930796,91.57010715629767,91.57010715629767,48.55321966811423,86.03377497636687,True,False
66,2024-09-02,19,Weekday,1178,2.6923076923076925,88.72455406119215,88.72455406119215,45.70843087674992,86.03224636888446,True,False
66,2025-09-01,15,Weekday,1880,6.525911708253358,92.55266295707473,92.55266295707473,49.539287332664045,86.02675124882137,True,False
46,2025-10-18,23,Weekend,9,98.55072463768117,12.524282039166273,98.55072463768117,55.53750333842372,86.0264425985149,False,True
118,2025-01-13,15,Weekday,53,91.82692307692307,5.80087440381558,91.82692307692307,48.813898740369325,86.02604867310748,False,True
118,2025-01-17,15,Weekday,53,91.82692307692307,5.80087440381558,91.82692307692307,48.813898740369325,86.02604867310748,False,True
66,2025-06-10,20,Weekday,1319,7.307692307692308,93.33053261470991,93.33053261470991,50.31911246120111,86.0228403070176,True,False
1,2025-07-02,15,Weekday,1374,0.5763688760806917,86.5987678855326,86.5987678855326,43.587568380806644,86.0223990094519,True,False
24,2026-01-11,6,Weekend,95,1.4634146341463417,87.4857969218056,87.4857969218056,44.474605777975974,86.02238228765925,True,False
184,2026-05-07,13,Weekday,1880,4.844290657439446,90.8649751421158,90.8649751421158,47.85463289977762,86.02068448467635,True,False
124,2025-01-15,12,Weekday,23,87.78625954198473,1.766032807645883,87.78625954198473,44.77614617481531,86.02022673433885,False,True
124,2025-04-09,12,Weekday,23,87.78625954198473,1.766032807645883,87.78625954198473,44.77614617481531,86.02022673433885,False,True
124,2025-04-01,12,Weekday,23,87.78625954198473,1.766032807645883,87.78625954198473,44.77614617481531,86.02022673433885,False,True
124,2026-01-06,12,Weekday,23,87.78625954198473,1.766032807645883,87.78625954198473,44.77614617481531,86.02022673433885,False,True
124,2025-05-06,12,Weekday,23,87.78625954198473,1.766032807645883,87.78625954198473,44.77614617481531,86.02022673433885,False,True
124,2025-02-18,12,Weekday,23,87.78625954198473,1.766032807645883,87.78625954198473,44.77614617481531,86.02022673433885,False,True
124,2025-04-23,12,Weekday,23,87.78625954198473,1.766032807645883,87.78625954198473,44.77614617481531,86.02022673433885,False,True
118,2025-08-16,10,Weekend,50,93.71980676328504,7.702220459952419,93.71980676328504,50.711013611618725,86.01758630333262,False,True
84,2025-12-25,15,Weekday,1661,4.038461538461538,90.05564387917329,90.05564387917329,47.04705270881741,86.01718234071176,True,False
84,2026-07-21,15,Weekday,1661,4.038461538461538,90.05564387917329,90.05564387917329,47.04705270881741,86.01718234071176,True,False
84,2026-06-22,15,Weekday,1661,4.038461538461538,90.05564387917329,90.05564387917329,47.04705270881741,86.01718234071176,True,False
118,2025-02-14,11,Weekday,44,90.86538461538461,4.848514851485149,90.86538461538461,47.85694973343488,86.01686976389946,False,True
118,2026-06-26,11,Weekday,44,90.86538461538461,4.848514851485149,90.86538461538461,47.85694973343488,86.01686976389946,False,True
133,2025-04-13,8,Weekend,388,4.807692307692308,90.82316165525454,90.82316165525454,47.81542698147342,86.01546934756223,True,False
3,2025-03-20,20,Weekday,1038,3.8387715930902107,89.85285980695534,89.85285980695534,46.845815700022776,86.01408821386512,True,False
66,2025-01-27,21,Weekday,834,2.980769230769231,88.99371721234994,88.99371721234994,45.98724322155958,86.01294798158071,True,False
66,2025-06-09,21,Weekday,834,2.980769230769231,88.99371721234994,88.99371721234994,45.98724322155958,86.01294798158071,True,False
66,2025-06-03,18,Weekday,1807,5.566218809980806,91.57819600273454,91.57819600273454,48.57220740635768,86.01197719275373,True,False
66,2025-08-26,19,Weekday,1596,7.5,93.5110316525131,93.5110316525131,50.50551582625655,86.0110316525131,True,False
35,2024-12-24,9,Weekday,897,2.495201535508637,88.50478967097042,88.50478967097042,45.49999560323953,86.00958813546178,True,False
66,2026-01-09,18,Weekday,1614,3.6468330134357005,89.65496441066475,89.65496441066475,46.65089871205022,86.00813139722905,True,False
66,2025-01-19,17,Weekend,2075,6.310679611650485,92.31825444377871,92.31825444377871,49.3144670277146,86.00757483212823,True,False
165,2025-10-31,9,Weekday,85,99.4186046511628,13.41306201781004,99.4186046511628,56.415833334486415,86.00554263335276,False,True
71,2025-08-06,12,Weekday,102,95.68138195777351,9.684983279577338,95.68138195777351,52.683182618675424,85.99639867819617,False,True
71,2026-07-23,12,Weekday,102,95.68138195777351,9.684983279577338,95.68138195777351,52.683182618675424,85.99639867819617,False,True
24,2026-01-07,6,Weekday,340,8.574181117533719,94.56871596591024,94.56871596591024,51.57144854172198,85.99453484837653,True,False
24,2025-01-07,6,Weekday,340,8.574181117533719,94.56871596591024,94.56871596591024,51.57144854172198,85.99453484837653,True,False
184,2026-07-27,13,Weekday,1845,4.498269896193772,90.4906213480698,90.4906213480698,47.494445622131785,85.99235145187602,True,False
4,2024-09-16,16,Weekday,2175,6.358381502890173,92.35027529865431,92.35027529865431,49.35432840077224,85.99189379576414,True,False
184,2026-08-05,13,Weekday,1815,4.1522491349480966,90.14399746469388,90.14399746469388,47.14812329982099,85.99174832974579,True,False
133,2024-12-24,5,Weekday,124,10.328185328185329,96.31973948111884,96.31973948111884,53.323962404652086,85.99155415293352,True,False
133,2025-07-17,5,Weekday,124,10.328185328185329,96.31973948111884,96.31973948111884,53.323962404652086,85.99155415293352,True,False
118,2026-07-19,7,Weekend,15,97.96954314720813,11.978854977059646,97.96954314720813,54.974199062133884,85.99068817014849,False,True
84,2025-06-25,19,Weekday,1186,2.8846153846153846,88.87387753443582,88.87387753443582,45.8792464595256,85.98926214982043,True,False
84,2025-07-02,15,Weekday,1516,2.307692307692308,88.29391891891892,88.29391891891892,45.30080561330561,85.98622661122661,True,False
71,2026-04-27,13,Weekday,64,92.11538461538461,6.132271673896251,92.11538461538461,49.123828144640434,85.98311294148836,False,True
71,2025-03-28,13,Weekday,64,92.11538461538461,6.132271673896251,92.11538461538461,49.123828144640434,85.98311294148836,False,True
71,2026-08-03,13,Weekday,64,92.11538461538461,6.132271673896251,92.11538461538461,49.123828144640434,85.98311294148836,False,True
66,2025-02-03,18,Weekday,1646,4.030710172744722,90.01085776330075,90.01085776330075,47.020783968022734,85.98014759055603,True,False
4,2026-06-01,18,Weekday,1451,1.5384615384615385,87.51658824948727,87.51658824948727,44.5275248939744,85.97812671102574,True,False
3,2025-02-03,21,Weekday,827,2.8790786948176583,88.85686441205134,88.85686441205134,45.8679715534345,85.97778571723367,True,False
1,2025-06-25,12,Weekday,1678,3.170028818443804,89.14656588242278,89.14656588242278,46.158297350433294,85.97653706397897,True,False
66,2024-09-11,21,Weekday,818,2.6923076923076925,88.66609990254422,88.66609990254422,45.679203797425956,85.97379221023652,True,False
66,2025-07-27,17,Weekend,1895,4.854368932038835,90.8278410225684,90.8278410225684,47.84110497730362,85.97347209052957,True,False
165,2025-06-26,13,Weekday,119,98.93410852713178,12.961752530354348,98.93410852713178,55.947930528743065,85.97235599677744,False,True
165,2024-10-03,13,Weekday,119,98.93410852713178,12.961752530354348,98.93410852713178,55.947930528743065,85.97235599677744,False,True
84,2026-07-28,16,Weekday,1970,4.423076923076923,90.39336897970543,90.39336897970543,47.408222951391174,85.97029205662851,True,False
4,2024-09-09,18,Weekday,1421,1.153846153846154,87.11847026179274,87.11847026179274,44.13615820781945,85.96462410794658,True,False
66,2025-02-12,14,Weekday,1773,5.950095969289827,91.91141403703999,91.91141403703999,48.93075500316491,85.96131806775016,True,False
71,2024-11-24,9,Weekend,26,91.06280193236715,5.101686507936508,91.06280193236715,48.08224422015183,85.96111542443064,False,True
71,2025-08-10,9,Weekend,26,91.06280193236715,5.101686507936508,91.06280193236715,48.08224422015183,85.96111542443064,False,True
66,2025-06-16,20,Weekday,917,1.7307692307692308,87.69084165010143,87.69084165010143,44.71080544043533,85.9600724193322,True,False
124,2025-01-20,20,Weekday,17,93.86792452830188,7.912371662192348,93.86792452830188,50.89014809524711,85.95555286610954,False,True
124,2026-01-16,20,Weekday,17,93.86792452830188,7.912371662192348,93.86792452830188,50.89014809524711,85.95555286610954,False,True
3,2026-02-17,21,Weekday,801,2.3032629558541267,88.25761502892571,88.25761502892571,45.28043899238992,85.95435207307159,True,False
66,2026-03-02,18,Weekday,1758,5.182341650671785,91.13584268307395,91.13584268307395,48.15909216687287,85.95350103240216,True,False
133,2025-09-19,7,Weekday,690,6.370656370656371,92.3219746614242,92.3219746614242,49.34631551604029,85.95131829076783,True,False
24,2025-09-26,5,Weekday,67,0.7707129094412332,86.72065388513877,86.72065388513877,43.74568339729,85.94994097569754,True,False
84,2026-05-07,9,Weekday,928,3.4615384615384617,89.40619979770334,89.40619979770334,46.4338691296209,85.94466133616487,True,False
124,2026-01-06,11,Weekday,13,87.56756756756758,1.6237623762376239,87.56756756756758,44.5956649719026,85.94380519132996,False,True
124,2025-10-09,11,Weekday,13,87.56756756756758,1.6237623762376239,87.56756756756758,44.5956649719026,85.94380519132996,False,True
124,2025-03-27,11,Weekday,13,87.56756756756758,1.6237623762376239,87.56756756756758,44.5956649719026,85.94380519132996,False,True
124,2025-01-02,11,Weekday,13,87.56756756756758,1.6237623762376239,87.56756756756758,44.5956649719026,85.94380519132996,False,True
124,2025-05-09,11,Weekday,13,87.56756756756758,1.6237623762376239,87.56756756756758,44.5956649719026,85.94380519132996,False,True
124,2026-05-21,11,Weekday,13,87.56756756756758,1.6237623762376239,87.56756756756758,44.5956649719026,85.94380519132996,False,True
124,2026-01-30,11,Weekday,13,87.56756756756758,1.6237623762376239,87.56756756756758,44.5956649719026,85.94380519132996,False,True
124,2026-01-26,11,Weekday,13,87.56756756756758,1.6237623762376239,87.56756756756758,44.5956649719026,85.94380519132996,False,True
124,2025-05-05,11,Weekday,13,87.56756756756758,1.6237623762376239,87.56756756756758,44.5956649719026,85.94380519132996,False,True
124,2026-03-08,20,Weekend,13,92.22222222222223,6.278603383555305,92.22222222222223,49.25041280288877,85.94361883866692,False,True
124,2026-01-17,20,Weekend,13,92.22222222222223,6.278603383555305,92.22222222222223,49.25041280288877,85.94361883866692,False,True
84,2026-03-26,15,Weekday,1545,2.6923076923076925,88.63573131955485,88.63573131955485,45.66401950593127,85.94342362724716,True,False
133,2025-06-22,8,Weekend,377,4.326923076923077,90.26992160365188,90.26992160365188,47.29842234028748,85.9429985267288,True,False
4,2025-05-28,10,Weekday,1265,10.01926782273603,95.9620376057538,95.9620376057538,52.990652714244916,85.94276978301778,True,False
133,2025-06-19,6,Weekday,425,10.617760617760617,96.55863479017795,96.55863479017795,53.588197703969286,85.94087417241732,True,False
46,2025-10-10,22,Weekday,11,96.16252821670429,10.22200511360093,96.16252821670429,53.19226666515261,85.94052310310336,False,True
46,2025-10-02,22,Weekday,11,96.16252821670429,10.22200511360093,96.16252821670429,53.19226666515261,85.94052310310336,False,True
46,2025-09-15,22,Weekday,11,96.16252821670429,10.22200511360093,96.16252821670429,53.19226666515261,85.94052310310336,False,True
188,2026-06-13,21,Weekend,8,91.78082191780823,5.841486261448792,91.78082191780823,48.81115408962851,85.93933565635943,False,True
3,2026-07-28,21,Weekday,816,2.6871401151631478,88.6246293569992,88.6246293569992,45.65588473608117,85.93748924183605,True,False
4,2024-10-16,11,Weekday,1750,10.982658959537572,96.91881188118812,96.91881188118812,53.95073542036285,85.93615292165055,True,False
133,2026-07-26,8,Weekend,368,3.8461538461538463,89.77374218517416,89.77374218517416,46.809948015664,85.92758833902032,True,False
35,2025-11-23,8,Weekend,323,0.9615384615384616,86.88845886672621,86.88845886672621,43.92499866413234,85.92692040518774,True,False
84,2026-05-25,15,Weekday,1497,2.1153846153846154,88.04153418124007,88.04153418124007,45.07845939831234,85.92614956585545,True,False
4,2025-09-15,15,Weekday,2261,9.826589595375722,95.75218600953896,95.75218600953896,52.78938780245734,85.92559641416324,True,False
66,2026-01-12,18,Weekday,1819,5.758157389635317,91.6807415450195,91.6807415450195,48.71944946732741,85.92258415538419,True,False
4,2025-10-26,18,Weekend,1631,3.8834951456310676,89.8056046452916,89.8056046452916,46.844549895461334,85.92210949966052,True,False
1,2026-08-03,12,Weekday,1915,6.051873198847262,91.9722183746562,91.9722183746562,49.01204578675173,85.92034517580893,True,False
4,2025-02-02,18,Weekend,1588,3.3980582524271843,89.31835395102247,89.31835395102247,46.35820610172483,85.92029569859528,True,False
1,2025-11-08,15,Weekend,1862,2.158273381294964,88.07801666084701,88.07801666084701,45.11814502107099,85.91974327955205,True,False
4,2025-07-02,14,Weekday,1333,0.1926782273603083,86.11100071536444,86.11100071536444,43.15183947136237,85.91832248800414,True,False
84,2026-07-02,15,Weekday,1558,2.8846153846153846,88.80266295707472,88.80266295707472,45.84363917084505,85.91804757245933,True,False
66,2025-09-16,16,Weekday,2026,4.990403071017274,90.9022242541096,90.9022242541096,47.94631366256343,85.91182118309233,True,False
66,2025-01-09,16,Weekday,2006,4.798464491362764,90.70742809437675,90.70742809437675,47.75294629286976,85.90896360301399,True,False
84,2026-05-27,15,Weekday,1446,1.5384615384615385,87.44534976152623,87.44534976152623,44.49190564999388,85.9068882230647,True,False
1,2025-11-08,11,Weekend,1539,5.714285714285714,91.62083147514988,91.62083147514988,48.667558594717796,85.90654576086418,True,False
124,2026-01-19,17,Weekday,16,87.46478873239437,1.5588627365153898,87.46478873239437,44.51182573445488,85.90592599587897,False,True
124,2025-08-20,17,Weekday,16,87.46478873239437,1.5588627365153898,87.46478873239437,44.51182573445488,85.90592599587897,False,True
124,2025-04-30,17,Weekday,16,87.46478873239437,1.5588627365153898,87.46478873239437,44.51182573445488,85.90592599587897,False,True
124,2025-01-06,17,Weekday,16,87.46478873239437,1.5588627365153898,87.46478873239437,44.51182573445488,85.90592599587897,False,True
124,2026-01-14,17,Weekday,16,87.46478873239437,1.5588627365153898,87.46478873239437,44.51182573445488,85.90592599587897,False,True
124,2025-02-20,17,Weekday,16,87.46478873239437,1.5588627365153898,87.46478873239437,44.51182573445488,85.90592599587897,False,True
66,2025-02-11,14,Weekday,1828,6.525911708253358,92.4300532549082,92.4300532549082,49.47798248158078,85.90414154665484,True,False
71,2026-02-23,17,Weekday,89,93.03675048355899,7.133761763594039,93.03675048355899,50.085256123576514,85.90298871996495,False,True
71,2026-04-22,17,Weekday,89,93.03675048355899,7.133761763594039,93.03675048355899,50.085256123576514,85.90298871996495,False,True
71,2026-05-29,17,Weekday,89,93.03675048355899,7.133761763594039,93.03675048355899,50.085256123576514,85.90298871996495,False,True
35,2024-08-17,9,Weekend,947,10.576923076923077,96.47817460317461,96.47817460317461,53.527548840048844,85.90125152625153,True,False
71,2025-11-23,18,Weekend,31,92.3076923076923,6.407472860388791,92.3076923076923,49.35758258404055,85.90021944730351,False,True
66,2026-02-12,20,Weekday,1327,7.5,93.39815972293378,93.39815972293378,50.44907986146689,85.89815972293378,True,False
71,2024-08-24,11,Weekend,25,89.66346153846155,3.765918438134879,89.66346153846155,46.71468998829821,85.89754310032667,False,True
71,2026-01-17,11,Weekend,25,89.66346153846155,3.765918438134879,89.66346153846155,46.71468998829821,85.89754310032667,False,True
4,2025-02-04,12,Weekday,2623,11.368015414258188,97.26536992698419,97.26536992698419,54.316692670621194,85.897354512726,True,False
66,2024-12-05,14,Weekday,1788,6.142034548944338,92.03560925204674,92.03560925204674,49.08882190049554,85.8935747031024,True,False
4,2024-11-11,13,Weekday,2721,11.560693641618498,97.45379998811575,97.45379998811575,54.50724681486712,85.89310634649725,True,False
35,2025-12-22,9,Weekday,1127,6.813819577735125,92.70641201086849,92.70641201086849,49.76011579430181,85.89259243313336,True,False
35,2026-07-10,9,Weekday,1127,6.813819577735125,92.70641201086849,92.70641201086849,49.76011579430181,85.89259243313336,True,False
66,2025-01-21,15,Weekday,1887,6.71785028790787,92.61029411764706,92.61029411764706,49.66407220277746,85.8924438297392,True,False
35,2024-10-18,9,Weekday,900,2.6871401151631478,88.57916344380318,88.57916344380318,45.633151779483164,85.89202332864004,True,False
24,2026-01-11,7,Weekend,168,0.975609756097561,86.86664671853181,86.86664671853181,43.92112823731468,85.89103696243426,True,False
66,2026-01-27,21,Weekday,904,4.423076923076923,90.3135173243204,90.3135173243204,47.36829712369866,85.89044040124348,True,False
84,2025-01-03,9,Weekday,919,3.2692307692307696,89.15828722159418,89.15828722159418,46.213758995412476,85.8890564523634,True,False
4,2024-09-16,18,Weekday,1530,2.6923076923076925,88.58125226203401,88.58125226203401,45.63677997717085,85.88894456972632,True,False
1,2026-08-04,15,Weekday,1386,0.8645533141210375,86.75178855325915,86.75178855325915,43.80817093369009,85.8872352391381,True,False
71,2026-05-14,14,Weekday,101,99.8073217726397,13.920793259677291,99.8073217726397,56.864057516158496,85.8865285129624,False,True
66,2024-09-11,20,Weekday,922,1.9230769230769231,87.80867676291575,87.80867676291575,44.865876842996336,85.88559983983883,True,False
24,2025-06-29,6,Weekend,110,4.878048780487805,90.76283441793204,90.76283441793204,47.82044159920992,85.88478563744424,True,False
66,2025-06-24,14,Weekday,1805,6.333973128598848,92.21743104681663,92.21743104681663,49.275702087707735,85.88345791821779,True,False
3,2025-04-21,20,Weekday,1066,4.414587332053743,90.2965346230301,90.2965346230301,47.35556097754192,85.88194729097636,True,False
4,2026-08-04,14,Weekday,2347,10.500963391136802,96.3824417772832,96.3824417772832,53.441702584210006,85.8814783861464,True,False
4,2024-09-12,14,Weekday,2347,10.500963391136802,96.3824417772832,96.3824417772832,53.441702584210006,85.8814783861464,True,False
66,2024-09-08,17,Weekend,1521,1.4563106796116505,87.33772718194528,87.33772718194528,44.397018930778465,85.88141650233364,True,False
84,2026-05-31,10,Weekend,1061,5.288461538461538,91.16772402854878,91.16772402854878,48.228092783505154,85.87926249008724,True,False
138,2024-12-07,16,Weekend,25,89.1826923076923,3.3085483307550274,89.1826923076923,46.24562031922367,85.87414397693728,False,True
138,2024-11-03,16,Weekend,25,89.1826923076923,3.3085483307550274,89.1826923076923,46.24562031922367,85.87414397693728,False,True
138,2025-06-21,16,Weekend,25,89.1826923076923,3.3085483307550274,89.1826923076923,46.24562031922367,85.87414397693728,False,True
138,2025-02-22,16,Weekend,25,89.1826923076923,3.3085483307550274,89.1826923076923,46.24562031922367,85.87414397693728,False,True
84,2025-03-10,9,Weekday,941,3.8461538461538463,89.71856964360087,89.71856964360087,46.782361744877356,85.87241579744703,True,False
84,2026-07-25,7,Weekend,183,2.8846153846153846,88.75673249551167,88.75673249551167,45.82067394006353,85.87211711089628,True,False
3,2025-03-24,20,Weekday,972,2.8790786948176583,88.74930835912043,88.74930835912043,45.81419352696905,85.87022966430277,True,False
84,2026-02-11,19,Weekday,1190,3.076923076923077,88.94498395026615,88.94498395026615,46.010953513594615,85.86806087334307,True,False
3,2026-01-03,0,Weekend,472,5.288461538461538,91.15519625571747,91.15519625571747,48.2218288970895,85.86673471725594,True,False
84,2025-06-25,18,Weekday,1852,6.153846153846154,92.01954397394137,92.01954397394137,49.086695063893764,85.8656978200952,True,False
3,2025-04-28,21,Weekday,805,2.495201535508637,88.35921786551101,88.35921786551101,45.42720970050983,85.86401633000237,True,False
1,2025-10-26,14,Weekend,1877,2.142857142857143,88.00269434188205,88.00269434188205,45.07277574236959,85.85983719902491,True,False
84,2026-07-24,9,Weekday,948,4.038461538461538,89.8950833977906,89.8950833977906,46.96677246812607,85.85662185932907,True,False
71,2024-12-11,12,Weekday,131,99.61612284069098,13.760215287808933,99.61612284069098,56.688169064249955,85.85590755288204,False,True
138,2024-10-27,2,Weekend,3,98.0,12.144994636101858,98.0,55.07249731805093,85.85500536389814,False,True
138,2025-12-14,2,Weekend,3,98.0,12.144994636101858,98.0,55.07249731805093,85.85500536389814,False,True
4,2026-06-01,15,Weekday,1333,0.1926782273603083,86.04729729729729,86.04729729729729,43.1199877623288,85.85461906993699,True,False
66,2025-05-17,15,Weekend,2177,4.854368932038835,90.70683892851798,90.70683892851798,47.78060393027841,85.85246999647914,True,False
4,2024-10-19,13,Weekend,3036,11.165048543689322,97.01744792961176,97.01744792961176,54.09124823665054,85.85239938592244,True,False
133,2024-12-31,7,Weekday,695,6.563706563706563,92.4133206243298,92.4133206243298,49.48851359401818,85.84961406062324,True,False
1,2025-04-18,15,Weekday,1412,1.1527377521613833,87.00218600953895,87.00218600953895,44.077461880850166,85.84944825737756,True,False
3,2025-05-19,21,Weekday,830,3.071017274472169,88.91699670309163,88.91699670309163,45.9940069887819,85.84597942861946,True,False
66,2024-09-09,21,Weekday,841,3.2692307692307696,89.11398179443052,89.11398179443052,46.191606281830644,85.84475102519974,True,False
66,2025-01-13,19,Weekday,1598,7.6923076923076925,93.53642680102394,93.53642680102394,50.614367246665815,85.84411910871624,True,False
66,2025-02-06,15,Weekday,1900,6.90978886756238,92.7494038155803,92.7494038155803,49.82959634157134,85.83961494801791,True,False
118,2026-01-19,16,Weekday,124,99.8076923076923,13.968673597169493,99.8076923076923,56.8881829524309,85.83901871052281,False,True
133,2025-04-18,7,Weekday,522,2.7027027027027026,88.54104610985345,88.54104610985345,45.62187440627808,85.83834340715075,True,False
84,2026-08-04,16,Weekday,1978,4.615384615384616,90.45300045717465,90.45300045717465,47.53419253627963,85.83761584179004,True,False
181,2026-07-03,2,Weekday,67,8.98876404494382,94.82614674393479,94.82614674393479,51.9074553944393,85.83738269899096,True,False
181,2025-07-23,2,Weekday,67,8.98876404494382,94.82614674393479,94.82614674393479,51.9074553944393,85.83738269899096,True,False
181,2025-07-21,2,Weekday,67,8.98876404494382,94.82614674393479,94.82614674393479,51.9074553944393,85.83738269899096,True,False
66,2024-12-16,18,Weekday,1539,2.8790786948176583,88.71596895483975,88.71596895483975,45.79752382482871,85.83689026002209,True,False
138,2025-01-31,20,Weekday,16,93.30708661417323,7.470746152427403,93.30708661417323,50.38891638330032,85.83634046174582,False,True
138,2025-01-01,20,Weekday,16,93.30708661417323,7.470746152427403,93.30708661417323,50.38891638330032,85.83634046174582,False,True
138,2026-01-01,20,Weekday,16,93.30708661417323,7.470746152427403,93.30708661417323,50.38891638330032,85.83634046174582,False,True
4,2024-08-12,18,Weekday,1455,1.7307692307692308,87.56685567217598,87.56685567217598,44.6488124514726,85.83608644140675,True,False
133,2024-08-25,6,Weekend,164,10.096153846153847,95.92759012498708,95.92759012498708,53.011871985570465,85.83143627883322,True,False
66,2025-06-24,18,Weekday,1615,3.8387715930902107,89.66903928901758,89.66903928901758,46.753905441053895,85.83026769592736,True,False
188,2026-05-01,0,Weekday,3,97.31182795698925,11.482990201475284,97.31182795698925,54.39740907923227,85.82883775551396,False,True
188,2026-04-23,0,Weekday,3,97.31182795698925,11.482990201475284,97.31182795698925,54.39740907923227,85.82883775551396,False,True
188,2026-05-04,0,Weekday,3,97.31182795698925,11.482990201475284,97.31182795698925,54.39740907923227,85.82883775551396,False,True
188,2026-04-30,0,Weekday,3,97.31182795698925,11.482990201475284,97.31182795698925,54.39740907923227,85.82883775551396,False,True
188,2026-04-24,0,Weekday,3,97.31182795698925,11.482990201475284,97.31182795698925,54.39740907923227,85.82883775551396,False,True
188,2026-07-20,0,Weekday,3,97.31182795698925,11.482990201475284,97.31182795698925,54.39740907923227,85.82883775551396,False,True
84,2025-07-22,19,Weekday,1199,3.2692307692307696,89.09735484133111,89.09735484133111,46.18329280528094,85.82812407210034,True,False
133,2024-09-14,8,Weekend,394,5.288461538461538,91.11342661506401,91.11342661506401,48.200944076762774,85.82496507660248,True,False
4,2025-01-12,17,Weekend,2174,7.281553398058252,93.10465348512083,93.10465348512083,50.19310344158954,85.82310008706258,True,False
133,2024-09-27,7,Weekday,516,2.5096525096525095,88.32956034790898,88.32956034790898,45.419606428780746,85.81990783825647,True,False
138,2025-10-11,10,Weekend,18,89.02439024390245,3.2067803330689926,89.02439024390245,46.11558528848572,85.81760991083345,False,True
138,2025-04-05,10,Weekend,18,89.02439024390245,3.2067803330689926,89.02439024390245,46.11558528848572,85.81760991083345,False,True
138,2024-09-29,10,Weekend,18,89.02439024390245,3.2067803330689926,89.02439024390245,46.11558528848572,85.81760991083345,False,True
138,2026-03-07,10,Weekend,18,89.02439024390245,3.2067803330689926,89.02439024390245,46.11558528848572,85.81760991083345,False,True
138,2025-09-28,10,Weekend,18,89.02439024390245,3.2067803330689926,89.02439024390245,46.11558528848572,85.81760991083345,False,True
138,2024-11-16,10,Weekend,18,89.02439024390245,3.2067803330689926,89.02439024390245,46.11558528848572,85.81760991083345,False,True
138,2025-08-17,10,Weekend,18,89.02439024390245,3.2067803330689926,89.02439024390245,46.11558528848572,85.81760991083345,False,True
138,2026-02-14,10,Weekend,18,89.02439024390245,3.2067803330689926,89.02439024390245,46.11558528848572,85.81760991083345,False,True
46,2025-05-31,23,Weekend,10,99.27536231884058,13.45881241140337,99.27536231884058,56.367087365121975,85.8165499074372,False,True
1,2025-05-28,14,Weekday,1785,6.195965417867435,92.01176377076544,92.01176377076544,49.10386459431644,85.815798352898,True,False
1,2025-09-04,14,Weekday,1785,6.195965417867435,92.01176377076544,92.01176377076544,49.10386459431644,85.815798352898,True,False
165,2024-12-12,13,Weekday,122,99.2248062015504,13.409392516885536,99.2248062015504,56.31709935921796,85.81541368466486,False,True
1,2025-02-02,15,Weekend,2103,4.316546762589928,90.13069287175138,90.13069287175138,47.22361981717065,85.81414610916146,True,False
84,2026-03-26,14,Weekday,1510,3.076923076923077,88.88999284635561,88.88999284635561,45.983457961639346,85.81306976943253,True,False
1,2025-08-31,15,Weekend,2013,3.597122302158273,89.40739262732579,89.40739262732579,46.50225746474203,85.81027032516752,True,False
4,2025-06-25,15,Weekday,2271,10.01926782273603,95.82571542130366,95.82571542130366,52.92249162201984,85.80644759856763,True,False
4,2024-09-18,16,Weekday,2176,6.551059730250482,92.35723230435906,92.35723230435906,49.45414601730477,85.80617257410857,True,False
1,2025-05-07,13,Weekday,2189,8.069164265129682,93.87268009586627,93.87268009586627,50.97092218049798,85.80351583073659,True,False
181,2025-06-11,1,Weekday,119,10.112359550561797,95.91540389254514,95.91540389254514,53.01388172155347,85.80304434198335,True,False
181,2026-07-22,1,Weekday,119,10.112359550561797,95.91540389254514,95.91540389254514,53.01388172155347,85.80304434198335,True,False
181,2026-07-13,1,Weekday,119,10.112359550561797,95.91540389254514,95.91540389254514,53.01388172155347,85.80304434198335,True,False
84,2026-06-28,9,Weekend,702,5.769230769230769,91.56994047619048,91.56994047619048,48.66958562271063,85.80070970695971,True,False
1,2025-01-27,15,Weekday,1619,3.7463976945244957,89.54391891891892,89.54391891891892,46.645158306721704,85.79752122439443,True,False
84,2025-07-22,14,Weekday,1482,2.6923076923076925,88.48958747317384,88.48958747317384,45.59094758274077,85.79727978086615,True,False
24,2025-03-10,5,Weekday,110,9.344894026974952,95.14115033750997,95.14115033750997,52.24302218224246,85.79625631053501,True,False
24,2025-01-02,5,Weekday,110,9.344894026974952,95.14115033750997,95.14115033750997,52.24302218224246,85.79625631053501,True,False
24,2024-12-31,5,Weekday,110,9.344894026974952,95.14115033750997,95.14115033750997,52.24302218224246,85.79625631053501,True,False
24,2026-01-27,5,Weekday,110,9.344894026974952,95.14115033750997,95.14115033750997,52.24302218224246,85.79625631053501,True,False
4,2026-01-27,18,Weekday,1536,2.8846153846153846,88.67877106205012,88.67877106205012,45.78169322333275,85.79415567743473,True,False
24,2025-11-30,7,Weekend,218,5.853658536585367,91.64671853181727,91.64671853181727,48.75018853420132,85.7930599952319,True,False
3,2024-12-16,20,Weekday,1114,5.182341650671785,90.97280570526877,90.97280570526877,48.07757367797028,85.79046405459698,True,False
4,2026-01-24,16,Weekend,2626,8.737864077669903,94.52817006836669,94.52817006836669,51.633017073018294,85.7903059906968,True,False
3,2026-02-08,20,Weekend,1178,4.326923076923077,90.11672751581222,90.11672751581222,47.22182529636765,85.78980443888913,True,False
84,2026-06-28,10,Weekend,959,2.403846153846154,88.19141554321966,88.19141554321966,45.29763084853291,85.7875693893735,True,False
124,2026-03-14,18,Weekend,30,92.02127659574468,6.238323655642515,92.02127659574468,49.1298001256936,85.78295294010216,False,True
124,2025-10-18,18,Weekend,30,92.02127659574468,6.238323655642515,92.02127659574468,49.1298001256936,85.78295294010216,False,True
84,2026-08-02,10,Weekend,973,2.8846153846153846,88.66475019825535,88.66475019825535,45.77468279143537,85.78013481363996,True,False
3,2025-05-28,20,Weekday,1072,4.606525911708253,90.38567944750702,90.38567944750702,47.49610267960763,85.77915353579877,True,False
66,2025-06-03,16,Weekday,1948,4.414587332053743,90.19161581426782,90.19161581426782,47.30310157316078,85.77702848221408,True,False
124,2025-01-19,19,Weekend,23,92.85714285714286,7.082866741321389,92.85714285714286,49.97000479923213,85.77427611582146,False,True
66,2026-01-13,20,Weekday,1333,7.6923076923076925,93.46271287169293,93.46271287169293,50.57751028200031,85.77040517938524,True,False
4,2024-09-11,10,Weekday,1267,10.211946050096339,95.98086029601157,95.98086029601157,53.09640317305396,85.76891424591523,True,False
71,2026-04-05,13,Weekend,27,89.61352657004831,3.845006710742158,89.61352657004831,46.72926664039523,85.76851985930615,False,True
71,2025-07-06,13,Weekend,27,89.61352657004831,3.845006710742158,89.61352657004831,46.72926664039523,85.76851985930615,False,True
4,2026-06-14,15,Weekend,2933,10.194174757281553,95.96198932508605,95.96198932508605,53.078082041183805,85.76781456780449,True,False
133,2025-08-27,6,Weekday,427,10.81081081081081,96.57584161622705,96.57584161622705,53.69332621351893,85.76503080541625,True,False
4,2025-05-04,11,Weekend,2050,10.679611650485436,96.44219810713047,96.44219810713047,53.56090487880795,85.76258645664502,True,False
66,2025-11-10,20,Weekday,926,2.1153846153846154,87.87732852429453,87.87732852429453,44.99635656983957,85.76194390890991,True,False
66,2025-07-22,21,Weekday,908,4.615384615384616,90.37364961536069,90.37364961536069,47.49451711537265,85.75826499997608,True,False
4,2025-11-23,12,Weekend,2752,11.650485436893204,97.40610444950947,97.40610444950947,54.52829494320134,85.75561901261626,True,False
165,2025-11-14,13,Weekday,118,98.54651162790698,12.7924020044764,98.54651162790698,55.66945681619169,85.75410962343058,False,True
165,2025-03-07,13,Weekday,118,98.54651162790698,12.7924020044764,98.54651162790698,55.66945681619169,85.75410962343058,False,True
133,2025-07-19,7,Weekend,285,9.134615384615383,94.8882904448434,94.8882904448434,52.0114529147294,85.75367506022802,True,False
133,2025-06-29,7,Weekend,285,9.134615384615383,94.8882904448434,94.8882904448434,52.0114529147294,85.75367506022802,True,False
133,2024-10-06,7,Weekend,285,9.134615384615383,94.8882904448434,94.8882904448434,52.0114529147294,85.75367506022802,True,False
66,2026-05-25,15,Weekday,1912,7.1017274472168905,92.8537360890302,92.8537360890302,49.97773176812355,85.75200864181332,True,False
3,2026-06-04,21,Weekday,835,3.262955854126679,89.01445248512245,89.01445248512245,46.13870416962456,85.75149663099577,True,False
4,2025-05-28,11,Weekday,1751,11.175337186897881,96.92574257425743,96.92574257425743,54.05053988057765,85.75040538735955,True,False
3,2024-10-22,20,Weekday,1096,4.990403071017274,90.74020943910486,90.74020943910486,47.865306255061064,85.74980636808759,True,False
66,2026-07-22,18,Weekday,1823,5.950095969289827,91.69984316564121,91.69984316564121,48.82496956746552,85.74974719635138,True,False
124,2025-09-27,17,Weekend,20,88.81118881118881,3.065708008787697,88.81118881118881,45.938448409988254,85.74548080240112,False,True
4,2024-09-30,18,Weekday,1546,3.076923076923077,88.81348775485584,88.81348775485584,45.94520541588946,85.73656467793276,True,False
71,2026-01-21,12,Weekday,101,95.29750479846449,9.562300888457962,95.29750479846449,52.42990284346122,85.73520391000653,False,True
71,2026-06-25,12,Weekday,101,95.29750479846449,9.562300888457962,95.29750479846449,52.42990284346122,85.73520391000653,False,True
4,2025-05-12,13,Weekday,2733,11.753371868978805,97.48846237645334,97.48846237645334,54.62091712271607,85.73509050747454,True,False
66,2025-06-07,17,Weekend,1604,2.4271844660194173,88.15907729179149,88.15907729179149,45.29313087890545,85.73189282577208,True,False
66,2025-01-14,16,Weekday,2027,5.182341650671785,90.9121628336878,90.9121628336878,48.047252242179795,85.72982118301601,True,False
84,2024-09-14,10,Weekend,1000,3.8461538461538463,89.57176843774782,89.57176843774782,46.70896114195083,85.72561459159398,True,False
66,2024-12-20,14,Weekday,1829,6.71785028790787,92.4429695572689,92.4429695572689,49.58040992258838,85.72511926936103,True,False
84,2026-07-02,16,Weekday,1672,1.7307692307692308,87.4545309984297,87.4545309984297,44.592650114599465,85.72376176766048,True,False
66,2026-02-22,17,Weekend,2096,6.796116504854369,92.51797483523067,92.51797483523067,49.65704567004252,85.7218583303763,True,False
84,2024-12-16,18,Weekday,1856,6.346153846153846,92.06679535126875,92.06679535126875,49.206474598711296,85.72064150511491,True,False
66,2025-08-31,17,Weekend,1553,1.9417475728155338,87.66227281805472,87.66227281805472,44.80201019543512,85.72052524523919,True,False
184,2026-08-04,12,Weekday,1658,3.1141868512110724,88.83392365989276,88.83392365989276,45.97405525555192,85.71973680868169,True,False
1,2025-10-22,12,Weekday,1923,6.340057636887608,92.05928329738607,92.05928329738607,49.19967046713684,85.71922566049847,True,False
46,2026-03-15,23,Weekend,5,93.47826086956522,7.7623772772615105,93.47826086956522,50.62031907341336,85.71588359230371,False,True
46,2024-08-31,23,Weekend,5,93.47826086956522,7.7623772772615105,93.47826086956522,50.62031907341336,85.71588359230371,False,True
46,2024-11-16,23,Weekend,5,93.47826086956522,7.7623772772615105,93.47826086956522,50.62031907341336,85.71588359230371,False,True
46,2025-11-15,23,Weekend,5,93.47826086956522,7.7623772772615105,93.47826086956522,50.62031907341336,85.71588359230371,False,True
46,2025-08-10,23,Weekend,5,93.47826086956522,7.7623772772615105,93.47826086956522,50.62031907341336,85.71588359230371,False,True
165,2025-11-07,12,Weekday,125,98.64341085271317,12.93013039950927,98.64341085271317,55.78677062611122,85.71328045320391,False,True
118,2026-01-21,8,Weekday,59,93.36538461538461,7.654306291292184,93.36538461538461,50.5098454533384,85.71107832409243,False,True
118,2024-11-19,8,Weekday,59,93.36538461538461,7.654306291292184,93.36538461538461,50.5098454533384,85.71107832409243,False,True
118,2024-12-05,8,Weekday,59,93.36538461538461,7.654306291292184,93.36538461538461,50.5098454533384,85.71107832409243,False,True
118,2025-01-28,8,Weekday,59,93.36538461538461,7.654306291292184,93.36538461538461,50.5098454533384,85.71107832409243,False,True
118,2025-04-08,8,Weekday,59,93.36538461538461,7.654306291292184,93.36538461538461,50.5098454533384,85.71107832409243,False,True
118,2026-01-29,8,Weekday,59,93.36538461538461,7.654306291292184,93.36538461538461,50.5098454533384,85.71107832409243,False,True
118,2024-08-15,8,Weekday,59,93.36538461538461,7.654306291292184,93.36538461538461,50.5098454533384,85.71107832409243,False,True
118,2025-05-20,8,Weekday,59,93.36538461538461,7.654306291292184,93.36538461538461,50.5098454533384,85.71107832409243,False,True
118,2025-05-08,8,Weekday,59,93.36538461538461,7.654306291292184,93.36538461538461,50.5098454533384,85.71107832409243,False,True
118,2025-10-02,8,Weekday,59,93.36538461538461,7.654306291292184,93.36538461538461,50.5098454533384,85.71107832409243,False,True
181,2026-07-28,0,Weekday,184,8.98876404494382,94.69888803258834,94.69888803258834,51.84382603876608,85.71012398764452,True,False
181,2026-02-05,0,Weekday,184,8.98876404494382,94.69888803258834,94.69888803258834,51.84382603876608,85.71012398764452,True,False
181,2025-06-18,0,Weekday,184,8.98876404494382,94.69888803258834,94.69888803258834,51.84382603876608,85.71012398764452,True,False
184,2025-11-04,13,Weekday,1943,5.88235294117647,91.59090458930021,91.59090458930021,48.736628765238336,85.70855164812374,True,False
133,2025-01-27,7,Weekday,506,2.3166023166023164,88.02374995035545,88.02374995035545,45.17017613347888,85.70714763375314,True,False
1,2024-09-14,13,Weekend,2119,5.0,90.70437938062335,90.70437938062335,47.852189690311675,85.70437938062335,True,False
66,2026-06-30,16,Weekday,1921,4.222648752399232,89.92327416565624,89.92327416565624,47.07296145902774,85.700625413257,True,False
3,2025-05-26,21,Weekday,843,3.45489443378119,89.15441557633692,89.15441557633692,46.304655005059054,85.69952114255572,True,False
66,2025-02-03,16,Weekday,1897,4.030710172744722,89.72847800592339,89.72847800592339,46.879594089334056,85.69776783317867,True,False
3,2025-03-24,21,Weekday,784,2.111324376199616,87.80869637340079,87.80869637340079,44.960010374800206,85.69737199720117,True,False
66,2025-06-23,20,Weekday,895,1.5384615384615385,87.23384634301289,87.23384634301289,44.38615394073721,85.69538480455135,True,False
66,2025-06-25,21,Weekday,843,3.4615384615384617,89.15441557633692,89.15441557633692,46.30797701893769,85.69287711479845,True,False
84,2026-06-03,14,Weekday,1516,3.2692307692307696,88.96152929019951,88.96152929019951,46.11538002971514,85.69229852096873,True,False
118,2024-12-29,10,Weekend,49,93.23671497584542,7.546094369547977,93.23671497584542,50.391404672696694,85.69062060629744,False,True
133,2026-07-24,7,Weekday,698,6.756756756756757,92.44707891496883,92.44707891496883,49.60191783586279,85.69032215821207,True,False
133,2025-11-04,7,Weekday,523,2.8957528957528957,88.58473330950395,88.58473330950395,45.74024310262842,85.68898041375105,True,False
84,2026-07-03,9,Weekday,953,4.326923076923077,90.01507308462745,90.01507308462745,47.17099808077526,85.68815000770437,True,False
84,2026-06-29,9,Weekday,953,4.326923076923077,90.01507308462745,90.01507308462745,47.17099808077526,85.68815000770437,True,False
84,2026-08-04,19,Weekday,1201,3.4615384615384617,89.14814513835277,89.14814513835277,46.30484179994562,85.6866066768143,True,False
4,2025-04-20,14,Weekend,2989,10.679611650485436,96.3651332202375,96.3651332202375,53.52237243536147,85.68552156975205,True,False
46,2024-11-16,21,Weekend,12,94.29347826086956,8.612614487926727,94.29347826086956,51.45304637439814,85.68086377294284,False,True
46,2025-12-28,21,Weekend,12,94.29347826086956,8.612614487926727,94.29347826086956,51.45304637439814,85.68086377294284,False,True
66,2026-06-04,21,Weekday,776,1.9230769230769231,87.60238040931428,87.60238040931428,44.7627286661956,85.67930348623736,True,False
24,2024-11-04,6,Weekday,345,9.05587668593449,94.73471122897224,94.73471122897224,51.89529395745337,85.67883454303775,True,False
24,2026-01-05,6,Weekday,345,9.05587668593449,94.73471122897224,94.73471122897224,51.89529395745337,85.67883454303775,True,False
24,2026-01-14,6,Weekday,345,9.05587668593449,94.73471122897224,94.73471122897224,51.89529395745337,85.67883454303775,True,False
133,2025-09-26,7,Weekday,531,3.1853281853281854,88.86174987092417,88.86174987092417,46.02353902812618,85.67642168559598,True,False
133,2025-12-26,7,Weekday,531,3.1853281853281854,88.86174987092417,88.86174987092417,46.02353902812618,85.67642168559598,True,False
66,2026-06-01,18,Weekday,1557,3.262955854126679,88.93714561467004,88.93714561467004,46.10005073439836,85.67418976054337,True,False
66,2026-01-28,19,Weekday,1600,7.884615384615384,93.55775872577303,93.55775872577303,50.72118705519421,85.67314334115764,True,False
35,2026-08-05,9,Weekday,1132,7.1017274472168905,92.768885980048,92.768885980048,49.93530671363244,85.66715853283111,True,False
84,2024-11-05,16,Weekday,1979,4.807692307692308,90.4698960424576,90.4698960424576,47.638794175074956,85.6622037347653,True,False
66,2025-04-25,18,Weekday,1540,3.071017274472169,88.73305987855392,88.73305987855392,45.90203857651304,85.66204260408175,True,False
184,2026-06-26,12,Weekday,1636,2.768166089965398,88.4292696440232,88.4292696440232,45.5987178669943,85.66110355405779,True,False
184,2026-06-01,12,Weekday,1676,3.4602076124567476,89.1178740328868,89.1178740328868,46.28904082267177,85.65766642043006,True,False
71,2025-06-27,14,Weekday,36,90.07707129094412,4.420356092520468,90.07707129094412,47.24871369173229,85.65671519842365,False,True
71,2025-06-25,14,Weekday,36,90.07707129094412,4.420356092520468,90.07707129094412,47.24871369173229,85.65671519842365,False,True
71,2025-04-30,14,Weekday,36,90.07707129094412,4.420356092520468,90.07707129094412,47.24871369173229,85.65671519842365,False,True
71,2024-08-27,14,Weekday,36,90.07707129094412,4.420356092520468,90.07707129094412,47.24871369173229,85.65671519842365,False,True
35,2025-07-05,7,Weekend,308,10.096153846153847,95.75104727707959,95.75104727707959,52.92360056161672,85.65489343092574,True,False
3,2025-02-17,21,Weekday,850,3.6468330134357005,89.30163601302176,89.30163601302176,46.47423451322873,85.65480299958607,True,False
133,2025-07-09,5,Weekday,125,10.714285714285714,96.36610666609157,96.36610666609157,53.54019619018864,85.65182095180586,True,False
133,2025-08-01,5,Weekday,125,10.714285714285714,96.36610666609157,96.36610666609157,53.54019619018864,85.65182095180586,True,False
71,2025-02-11,15,Weekday,36,89.98073217726397,4.330286168521463,89.98073217726397,47.15550917289272,85.6504460087425,False,True
71,2025-11-24,15,Weekday,36,89.98073217726397,4.330286168521463,89.98073217726397,47.15550917289272,85.6504460087425,False,True
71,2026-02-13,15,Weekday,36,89.98073217726397,4.330286168521463,89.98073217726397,47.15550917289272,85.6504460087425,False,True
71,2026-03-05,15,Weekday,36,89.98073217726397,4.330286168521463,89.98073217726397,47.15550917289272,85.6504460087425,False,True
71,2024-11-22,15,Weekday,36,89.98073217726397,4.330286168521463,89.98073217726397,47.15550917289272,85.6504460087425,False,True
71,2025-07-25,15,Weekday,36,89.98073217726397,4.330286168521463,89.98073217726397,47.15550917289272,85.6504460087425,False,True
71,2024-12-04,15,Weekday,36,89.98073217726397,4.330286168521463,89.98073217726397,47.15550917289272,85.6504460087425,False,True
71,2024-12-27,15,Weekday,36,89.98073217726397,4.330286168521463,89.98073217726397,47.15550917289272,85.6504460087425,False,True
71,2024-09-13,15,Weekday,36,89.98073217726397,4.330286168521463,89.98073217726397,47.15550917289272,85.6504460087425,False,True
71,2025-03-17,15,Weekday,36,89.98073217726397,4.330286168521463,89.98073217726397,47.15550917289272,85.6504460087425,False,True
71,2024-11-01,15,Weekday,36,89.98073217726397,4.330286168521463,89.98073217726397,47.15550917289272,85.6504460087425,False,True
71,2024-08-30,15,Weekday,36,89.98073217726397,4.330286168521463,89.98073217726397,47.15550917289272,85.6504460087425,False,True
71,2025-02-12,15,Weekday,36,89.98073217726397,4.330286168521463,89.98073217726397,47.15550917289272,85.6504460087425,False,True
66,2025-09-01,14,Weekday,1842,6.90978886756238,92.55921627851522,92.55921627851522,49.7345025730388,85.64942741095284,True,False
84,2026-07-13,15,Weekday,1662,4.423076923076923,90.07154213036566,90.07154213036566,47.24730952672129,85.64846520728874,True,False
84,2024-09-08,17,Weekend,1454,0.9615384615384616,86.6087477531456,86.6087477531456,43.78514310734203,85.64720929160713,True,False
118,2025-02-19,16,Weekday,73,92.21153846153847,6.564431811405513,92.21153846153847,49.38798513647199,85.64710665013295,False,True
118,2025-02-06,16,Weekday,73,92.21153846153847,6.564431811405513,92.21153846153847,49.38798513647199,85.64710665013295,False,True
118,2025-07-25,16,Weekday,73,92.21153846153847,6.564431811405513,92.21153846153847,49.38798513647199,85.64710665013295,False,True
118,2025-12-10,16,Weekday,73,92.21153846153847,6.564431811405513,92.21153846153847,49.38798513647199,85.64710665013295,False,True
4,2024-09-04,16,Weekday,2180,6.74373795761079,92.39002961696714,92.39002961696714,49.566883787288965,85.64629165935635,True,False
84,2024-09-02,15,Weekday,1681,4.615384615384616,90.26033386327505,90.26033386327505,47.43785923932983,85.64494924789044,True,False
4,2024-09-23,18,Weekday,1555,3.2692307692307696,88.91402260023324,88.91402260023324,46.091626684732006,85.64479183100246,True,False
165,2024-11-19,9,Weekday,78,97.38372093023256,11.74014795422542,97.38372093023256,54.56193444222899,85.64357297600714,False,True
165,2026-01-28,9,Weekday,78,97.38372093023256,11.74014795422542,97.38372093023256,54.56193444222899,85.64357297600714,False,True
165,2024-11-08,9,Weekday,78,97.38372093023256,11.74014795422542,97.38372093023256,54.56193444222899,85.64357297600714,False,True
165,2024-11-06,9,Weekday,78,97.38372093023256,11.74014795422542,97.38372093023256,54.56193444222899,85.64357297600714,False,True
1,2025-09-07,13,Weekend,2043,4.285714285714286,89.92891584232241,89.92891584232241,47.10731506401835,85.64320155660812,True,False
84,2026-07-27,14,Weekday,1485,2.8846153846153846,88.52734281853589,88.52734281853589,45.705979101575636,85.6427274339205,True,False
24,2026-02-08,6,Weekend,114,5.853658536585367,91.49364735048032,91.49364735048032,48.67365294353284,85.63998881389494,True,False
3,2025-06-08,0,Weekend,404,1.9230769230769231,87.56249335177108,87.56249335177108,44.742785137424,85.63941642869416,True,False
84,2026-03-26,16,Weekday,1627,1.3461538461538463,86.9834423264227,86.9834423264227,44.16479808628827,85.63728848026886,True,False
35,2024-08-11,8,Weekend,688,12.5,98.13436538652377,98.13436538652377,55.317182693261884,85.63436538652377,True,False
138,2025-03-24,13,Weekday,37,89.34740882917467,3.7158080297898466,89.34740882917467,46.531608429482255,85.63160079938483,False,True
138,2025-09-17,13,Weekday,37,89.34740882917467,3.7158080297898466,89.34740882917467,46.531608429482255,85.63160079938483,False,True
138,2024-11-20,13,Weekday,37,89.34740882917467,3.7158080297898466,89.34740882917467,46.531608429482255,85.63160079938483,False,True
138,2025-12-15,13,Weekday,37,89.34740882917467,3.7158080297898466,89.34740882917467,46.531608429482255,85.63160079938483,False,True
138,2025-01-28,13,Weekday,37,89.34740882917467,3.7158080297898466,89.34740882917467,46.531608429482255,85.63160079938483,False,True
138,2026-02-02,13,Weekday,37,89.34740882917467,3.7158080297898466,89.34740882917467,46.531608429482255,85.63160079938483,False,True
4,2024-08-22,15,Weekday,2275,10.211946050096339,95.84260731319554,95.84260731319554,53.027276681645944,85.6306612630992,True,False
46,2024-10-16,23,Weekday,8,98.9501312335958,13.319512554458779,98.9501312335958,56.13482189402729,85.63061867913702,False,True
46,2025-10-28,23,Weekday,8,98.9501312335958,13.319512554458779,98.9501312335958,56.13482189402729,85.63061867913702,False,True
46,2026-03-05,23,Weekday,8,98.9501312335958,13.319512554458779,98.9501312335958,56.13482189402729,85.63061867913702,False,True
3,2025-11-10,20,Weekday,1075,4.798464491362764,90.4276902268582,90.4276902268582,47.613077359110484,85.62922573549544,True,False
84,2026-01-02,9,Weekday,891,2.6923076923076925,88.31935106404077,88.31935106404077,45.505829378174234,85.62704337173308,True,False
66,2024-09-19,15,Weekday,1918,7.293666026871401,92.92031001589825,92.92031001589825,50.10698802138483,85.62664398902685,True,False
66,2025-06-23,21,Weekday,849,3.653846153846154,89.27779044933337,89.27779044933337,46.46581830158976,85.6239442954872,True,False
71,2026-03-24,12,Weekday,134,99.80806142034548,14.184656786117102,99.80806142034548,56.99635910323129,85.62340463422838,False,True
66,2025-01-10,16,Weekday,2036,5.3742802303262955,90.99465304418692,90.99465304418692,48.184466637256605,85.62037281386063,True,False
3,2025-11-08,19,Weekend,1333,2.8846153846153846,88.50402117479386,88.50402117479386,45.694318279704625,85.61940579017848,True,False
3,2025-01-23,20,Weekday,1115,5.3742802303262955,90.992274115212,90.992274115212,48.183277172769145,85.6179938848857,True,False
66,2026-01-13,19,Weekday,1615,8.076923076923077,93.6948925277315,93.6948925277315,50.88590780232729,85.61796945080842,True,False
3,2024-10-19,0,Weekend,478,5.769230769230769,91.38655462184873,91.38655462184873,48.57789269553975,85.61732385261796,True,False
118,2026-01-13,10,Weekday,41,90.5587668593449,4.941451526619247,90.5587668593449,47.75010919298207,85.61731533272565,False,True
118,2026-02-19,10,Weekday,41,90.5587668593449,4.941451526619247,90.5587668593449,47.75010919298207,85.61731533272565,False,True
118,2025-10-02,10,Weekday,41,90.5587668593449,4.941451526619247,90.5587668593449,47.75010919298207,85.61731533272565,False,True
118,2024-12-10,10,Weekday,41,90.5587668593449,4.941451526619247,90.5587668593449,47.75010919298207,85.61731533272565,False,True
118,2025-06-12,10,Weekday,41,90.5587668593449,4.941451526619247,90.5587668593449,47.75010919298207,85.61731533272565,False,True
1,2024-09-29,14,Weekend,2187,5.0,90.61720387186908,90.61720387186908,47.80860193593454,85.61720387186908,True,False
133,2024-12-26,7,Weekday,499,2.1235521235521233,87.7397831526272,87.7397831526272,44.931667638089664,85.61623102907507,True,False
165,2024-10-31,13,Weekday,117,98.25581395348837,12.639887495790997,98.25581395348837,55.447850724639686,85.61592645769737,False,True
4,2024-08-13,12,Weekday,2624,11.657032755298651,97.27031679759385,97.27031679759385,54.463674776446254,85.61328404229519,True,False
4,2025-10-27,12,Weekday,2624,11.657032755298651,97.27031679759385,97.27031679759385,54.463674776446254,85.61328404229519,True,False
3,2025-04-29,21,Weekday,759,1.5355086372360844,87.14827793559624,87.14827793559624,44.341893286416166,85.61276929836015,True,False
124,2025-08-31,8,Weekend,7,88.28125,2.6694452714101415,88.28125,45.47534763570507,85.61180472858986,False,True
124,2025-11-30,8,Weekend,7,88.28125,2.6694452714101415,88.28125,45.47534763570507,85.61180472858986,False,True
124,2025-01-11,8,Weekend,7,88.28125,2.6694452714101415,88.28125,45.47534763570507,85.61180472858986,False,True
124,2025-02-09,8,Weekend,7,88.28125,2.6694452714101415,88.28125,45.47534763570507,85.61180472858986,False,True
124,2025-12-13,8,Weekend,7,88.28125,2.6694452714101415,88.28125,45.47534763570507,85.61180472858986,False,True
3,2025-06-25,21,Weekday,857,3.8387715930902107,89.44781968606797,89.44781968606797,46.643295639579094,85.60904809297776,True,False
133,2026-07-09,7,Weekday,706,6.94980694980695,92.55728980499623,92.55728980499623,49.75354837740159,85.60748285518928,True,False
84,2026-01-09,15,Weekday,1406,1.3461538461538463,86.9525039745628,86.9525039745628,44.14932891035832,85.60635012840896,True,False
84,2026-08-04,14,Weekday,1428,2.1153846153846154,87.72156426357205,87.72156426357205,44.91847443947833,85.60617964818744,True,False
84,2026-07-28,18,Weekday,1868,6.538461538461539,92.14320183375558,92.14320183375558,49.34083168610856,85.60474029529405,True,False
66,2024-09-20,18,Weekday,1566,3.45489443378119,89.05778742912294,89.05778742912294,46.256340931452065,85.60289299534175,True,False
66,2025-12-25,16,Weekday,1831,3.45489443378119,89.05762388439445,89.05762388439445,46.25625915908782,85.60272945061325,True,False
66,2025-08-31,15,Weekend,1915,2.912621359223301,88.51199680750237,88.51199680750237,45.71230908336283,85.59937544827908,True,False
66,2025-06-25,15,Weekday,1437,1.727447216890595,87.32213831478536,87.32213831478536,44.52479276583798,85.59469109789477,True,False
66,2025-08-26,20,Weekday,1334,7.884615384615384,93.47808266901654,93.47808266901654,50.681349026815965,85.59346728440116,True,False
71,2025-03-08,9,Weekend,24,90.33816425120773,4.747023809523809,90.33816425120773,47.54259403036577,85.59114044168392,False,True
118,2024-08-15,12,Weekday,51,89.8076923076923,4.21770188178958,89.8076923076923,47.01269709474094,85.58999042590273,False,True
118,2026-04-06,12,Weekday,51,89.8076923076923,4.21770188178958,89.8076923076923,47.01269709474094,85.58999042590273,False,True
118,2025-02-21,12,Weekday,51,89.8076923076923,4.21770188178958,89.8076923076923,47.01269709474094,85.58999042590273,False,True
118,2024-11-26,12,Weekday,51,89.8076923076923,4.21770188178958,89.8076923076923,47.01269709474094,85.58999042590273,False,True
118,2025-12-19,12,Weekday,51,89.8076923076923,4.21770188178958,89.8076923076923,47.01269709474094,85.58999042590273,False,True
66,2025-02-01,15,Weekend,2264,5.825242718446602,91.4151743403003,91.4151743403003,48.62020852937345,85.5899316218537,True,False
4,2024-08-10,10,Weekend,1271,8.980582524271846,94.5702815226011,94.5702815226011,51.77543202343648,85.58969899832925,True,False
4,2025-06-15,10,Weekend,1271,8.980582524271846,94.5702815226011,94.5702815226011,51.77543202343648,85.58969899832925,True,False
66,2026-05-25,21,Weekday,909,4.807692307692308,90.39542165177184,90.39542165177184,47.601556979732074,85.58772934407953,True,False
133,2024-08-08,6,Weekday,428,11.003861003861005,96.59102410979979,96.59102410979979,53.7974425568304,85.58716310593879,True,False
66,2025-11-10,21,Weekday,865,4.038461538461538,89.62510626827296,89.62510626827296,46.831783903367246,85.58664472981143,True,False
66,2025-06-16,21,Weekday,780,2.1153846153846154,87.6998361913451,87.6998361913451,44.907610403364856,85.58445157596049,True,False
66,2024-09-11,18,Weekday,1825,6.142034548944338,91.72598222543934,91.72598222543934,48.93400838719184,85.583947676495,True,False
84,2026-04-06,9,Weekday,902,3.076923076923077,88.6555205172448,88.6555205172448,45.86622179708394,85.57859744032172,True,False
24,2026-04-25,6,Weekend,111,5.365853658536586,90.94360086767897,90.94360086767897,48.15472726310777,85.57774720914239,True,False
1,2025-10-27,12,Weekday,1939,6.628242074927954,92.20571066743179,92.20571066743179,49.41697637117987,85.57746859250383,True,False
124,2025-07-27,14,Weekend,20,88.63636363636364,3.0635665103283105,88.63636363636364,45.84996507334598,85.57279712603533,False,True
124,2025-07-06,14,Weekend,20,88.63636363636364,3.0635665103283105,88.63636363636364,45.84996507334598,85.57279712603533,False,True
124,2025-07-27,12,Weekend,22,88.66666666666667,3.0943414924189874,88.66666666666667,45.88050407954283,85.57232517424768,False,True
124,2025-10-05,12,Weekend,22,88.66666666666667,3.0943414924189874,88.66666666666667,45.88050407954283,85.57232517424768,False,True
124,2025-05-11,12,Weekend,22,88.66666666666667,3.0943414924189874,88.66666666666667,45.88050407954283,85.57232517424768,False,True
4,2024-09-25,18,Weekday,1564,3.4615384615384617,89.03265371777859,89.03265371777859,46.24709608965853,85.57111525624012,True,False
71,2026-05-23,8,Weekend,16,90.82125603864735,5.252059144586683,90.82125603864735,48.036657591617015,85.56919689406067,False,True
71,2025-08-02,8,Weekend,16,90.82125603864735,5.252059144586683,90.82125603864735,48.036657591617015,85.56919689406067,False,True
71,2025-07-12,8,Weekend,16,90.82125603864735,5.252059144586683,90.82125603864735,48.036657591617015,85.56919689406067,False,True
71,2024-10-13,15,Weekend,27,89.13043478260869,3.5616301691026084,89.13043478260869,46.34603247585565,85.56880461350607,False,True
71,2024-08-11,15,Weekend,27,89.13043478260869,3.5616301691026084,89.13043478260869,46.34603247585565,85.56880461350607,False,True
84,2025-08-31,17,Weekend,1405,0.4807692307692308,86.04953065708008,86.04953065708008,43.265149943924655,85.56876142631086,True,False
66,2026-01-23,16,Weekday,2048,5.566218809980806,91.13478701623964,91.13478701623964,48.350502913110226,85.56856820625883,True,False
1,2025-05-26,15,Weekday,1624,4.034582132564841,89.60254372019078,89.60254372019078,46.81856292637781,85.56796158762594,True,False
4,2024-09-17,11,Weekday,1752,11.368015414258188,96.93366336633663,96.93366336633663,54.150839390297406,85.56564795207845,True,False
1,2025-11-03,12,Weekday,1637,2.881844380403458,88.44707837821794,88.44707837821794,45.6644613793107,85.56523399781447,True,False
4,2024-10-07,18,Weekday,1359,0.576923076923077,86.13926086781677,86.13926086781677,43.35809197236993,85.5623377908937,True,False
4,2024-12-16,13,Weekday,2736,11.946050096339114,97.50232733178838,97.50232733178838,54.72418871406374,85.55627723544927,True,False
35,2026-01-09,9,Weekday,1138,7.293666026871401,92.84821800440292,92.84821800440292,50.070942015637165,85.55455197753152,True,False
1,2025-10-22,13,Weekday,2194,8.357348703170029,93.90932319210886,93.90932319210886,51.133335947639445,85.55197448893882,True,False
84,2026-01-09,16,Weekday,1638,1.5384615384615385,87.0887912699517,87.0887912699517,44.313626404206616,85.55032973149017,True,False
188,2025-10-26,0,Weekend,3,90.38461538461539,4.834592064673971,90.38461538461539,47.60960372464468,85.55002331994142,False,True
188,2025-11-29,0,Weekend,3,90.38461538461539,4.834592064673971,90.38461538461539,47.60960372464468,85.55002331994142,False,True
124,2025-09-16,8,Weekday,9,86.8731563421829,1.3263099418685396,86.8731563421829,44.09973314202572,85.54684640031435,False,True
124,2025-02-14,8,Weekday,9,86.8731563421829,1.3263099418685396,86.8731563421829,44.09973314202572,85.54684640031435,False,True
124,2025-10-17,8,Weekday,9,86.8731563421829,1.3263099418685396,86.8731563421829,44.09973314202572,85.54684640031435,False,True
124,2026-01-08,8,Weekday,9,86.8731563421829,1.3263099418685396,86.8731563421829,44.09973314202572,85.54684640031435,False,True
124,2025-05-06,8,Weekday,9,86.8731563421829,1.3263099418685396,86.8731563421829,44.09973314202572,85.54684640031435,False,True
124,2026-01-21,8,Weekday,9,86.8731563421829,1.3263099418685396,86.8731563421829,44.09973314202572,85.54684640031435,False,True
124,2025-04-04,8,Weekday,9,86.8731563421829,1.3263099418685396,86.8731563421829,44.09973314202572,85.54684640031435,False,True
124,2026-01-05,8,Weekday,9,86.8731563421829,1.3263099418685396,86.8731563421829,44.09973314202572,85.54684640031435,False,True
124,2025-12-10,8,Weekday,9,86.8731563421829,1.3263099418685396,86.8731563421829,44.09973314202572,85.54684640031435,False,True
124,2025-08-19,8,Weekday,9,86.8731563421829,1.3263099418685396,86.8731563421829,44.09973314202572,85.54684640031435,False,True
124,2025-01-08,8,Weekday,9,86.8731563421829,1.3263099418685396,86.8731563421829,44.09973314202572,85.54684640031435,False,True
124,2025-02-24,8,Weekday,9,86.8731563421829,1.3263099418685396,86.8731563421829,44.09973314202572,85.54684640031435,False,True
124,2025-08-04,8,Weekday,9,86.8731563421829,1.3263099418685396,86.8731563421829,44.09973314202572,85.54684640031435,False,True
124,2025-02-03,8,Weekday,9,86.8731563421829,1.3263099418685396,86.8731563421829,44.09973314202572,85.54684640031435,False,True
124,2025-10-08,8,Weekday,9,86.8731563421829,1.3263099418685396,86.8731563421829,44.09973314202572,85.54684640031435,False,True
124,2025-09-19,8,Weekday,9,86.8731563421829,1.3263099418685396,86.8731563421829,44.09973314202572,85.54684640031435,False,True
66,2025-11-04,21,Weekday,786,2.307692307692308,87.85431397350033,87.85431397350033,45.081003140596316,85.54662166580802,True,False
84,2025-01-05,10,Weekend,1029,4.807692307692308,90.35239888977003,90.35239888977003,47.58004559873117,85.54470658207772,True,False
66,2025-06-25,16,Weekday,1803,3.262955854126679,88.80717167902364,88.80717167902364,46.035063766575156,85.54421582489697,True,False
46,2025-10-30,22,Weekday,12,96.61399548532731,11.070114536346063,96.61399548532731,53.84205501083669,85.54388094898124,False,True
84,2026-01-27,14,Weekday,1413,1.9230769230769231,87.46621890151816,87.46621890151816,44.69464791229754,85.54314197844124,True,False
24,2024-12-26,5,Weekday,65,0.5780346820809248,86.12111540037525,86.12111540037525,43.349575041228086,85.54308071829432,True,False
3,2025-02-04,20,Weekday,1124,5.566218809980806,91.1080599217165,91.1080599217165,48.33713936584866,85.54184111173569,True,False
3,2026-03-26,21,Weekday,764,1.727447216890595,87.26854251767682,87.26854251767682,44.49799486728371,85.54109530078622,True,False
66,2026-03-26,21,Weekday,764,1.7307692307692308,87.26854251767682,87.26854251767682,44.49965587422302,85.5377732869076,True,False
184,2026-06-04,13,Weekday,1960,6.228373702422145,91.76421653098818,91.76421653098818,48.99629511670516,85.53584282856603,True,False
84,2026-01-27,19,Weekday,1203,3.653846153846154,89.18776157002966,89.18776157002966,46.42080386193791,85.5339154161835,True,False
124,2025-01-08,20,Weekday,28,97.16981132075472,11.63903518658934,97.16981132075472,54.40442325367203,85.53077613416538,False,True
188,2026-03-21,9,Weekend,56,98.21428571428571,12.683531746031745,98.21428571428571,55.44890873015873,85.53075396825396,False,True
188,2026-02-07,9,Weekend,56,98.21428571428571,12.683531746031745,98.21428571428571,55.44890873015873,85.53075396825396,False,True
66,2026-01-19,14,Weekday,1848,7.1017274472168905,92.63174628407917,92.63174628407917,49.86673686564803,85.53001883686228,True,False
84,2025-06-15,10,Weekend,1067,5.769230769230769,91.2990681998414,91.2990681998414,48.53414948453609,85.52983743061063,True,False
4,2024-08-08,16,Weekday,2190,6.9364161849710975,92.46556282176151,92.46556282176151,49.7009895033663,85.52914663679041,True,False
84,2024-11-05,9,Weekday,959,4.615384615384616,90.1439876242042,90.1439876242042,47.37968611979441,85.52860300881959,True,False
66,2025-01-27,18,Weekday,1504,2.6871401151631478,88.21430007640649,88.21430007640649,45.45072009578482,85.52715996124334,True,False
1,2024-09-01,11,Weekend,1463,5.0,90.52574203458698,90.52574203458698,47.76287101729349,85.52574203458698,True,False
84,2025-01-01,16,Weekday,1985,5.0,90.52257051422211,90.52257051422211,47.761285257111055,85.52257051422211,True,False
71,2025-08-03,10,Weekend,21,89.1826923076923,3.6602894528152263,89.1826923076923,46.421490880253764,85.52240285487709,False,True
71,2025-08-30,10,Weekend,21,89.1826923076923,3.6602894528152263,89.1826923076923,46.421490880253764,85.52240285487709,False,True
71,2026-04-11,10,Weekend,21,89.1826923076923,3.6602894528152263,89.1826923076923,46.421490880253764,85.52240285487709,False,True
71,2026-03-14,10,Weekend,21,89.1826923076923,3.6602894528152263,89.1826923076923,46.421490880253764,85.52240285487709,False,True
184,2025-11-03,13,Weekday,1666,2.768166089965398,88.28708380375147,88.28708380375147,45.52762494685844,85.51891771378607,True,False
66,2025-08-26,18,Weekday,1879,6.71785028790787,92.23066714923392,92.23066714923392,49.474258718570894,85.51281686132606,True,False
84,2024-11-30,10,Weekend,1010,4.326923076923077,89.83941316415543,89.83941316415543,47.083168120539256,85.51249008723235,True,False
4,2024-08-19,18,Weekday,1341,0.38461538461538464,85.89697189045722,85.89697189045722,43.140793637536305,85.51235650584184,True,False
3,2025-06-23,21,Weekday,748,1.3435700575815739,86.85591058950381,86.85591058950381,44.09974032354269,85.51234053192223,True,False
66,2024-09-11,16,Weekday,1859,3.8387715930902107,89.35081198195154,89.35081198195154,46.594791787520876,85.51204038886132,True,False
4,2024-09-16,14,Weekday,2349,10.886319845857418,96.39635164136396,96.39635164136396,53.64133574361069,85.51003179550655,True,False
4,2026-08-05,14,Weekday,2349,10.886319845857418,96.39635164136396,96.39635164136396,53.64133574361069,85.51003179550655,True,False
4,2025-06-25,10,Weekday,1270,10.500963391136802,96.00859899744407,96.00859899744407,53.25478119429044,85.50763560630726,True,False
4,2024-08-08,10,Weekday,1270,10.500963391136802,96.00859899744407,96.00859899744407,53.25478119429044,85.50763560630726,True,False
4,2024-10-13,17,Weekend,2195,7.766990291262135,93.274415817855,93.274415817855,50.52070305455857,85.50742552659287,True,False
188,2026-05-23,8,Weekend,33,97.61904761904762,12.111739605041183,97.61904761904762,54.8653936120444,85.50730801400644,False,True
4,2024-09-22,17,Weekend,2281,8.25242718446602,93.75873776712602,93.75873776712602,51.00558247579602,85.50631058266,True,False
24,2025-01-06,7,Weekday,725,7.321772639691715,92.82735613010841,92.82735613010841,50.074564384900064,85.5055834904167,True,False
46,2024-08-30,23,Weekday,7,97.50656167979002,12.004083093048218,97.50656167979002,54.755322386419124,85.5024785867418,False,True
46,2026-04-07,23,Weekday,7,97.50656167979002,12.004083093048218,97.50656167979002,54.755322386419124,85.5024785867418,False,True
46,2026-03-12,23,Weekday,7,97.50656167979002,12.004083093048218,97.50656167979002,54.755322386419124,85.5024785867418,False,True
46,2024-11-14,23,Weekday,7,97.50656167979002,12.004083093048218,97.50656167979002,54.755322386419124,85.5024785867418,False,True
46,2025-03-06,23,Weekday,7,97.50656167979002,12.004083093048218,97.50656167979002,54.755322386419124,85.5024785867418,False,True
46,2026-08-05,23,Weekday,7,97.50656167979002,12.004083093048218,97.50656167979002,54.755322386419124,85.5024785867418,False,True
46,2024-08-28,23,Weekday,7,97.50656167979002,12.004083093048218,97.50656167979002,54.755322386419124,85.5024785867418,False,True
46,2025-10-03,23,Weekday,7,97.50656167979002,12.004083093048218,97.50656167979002,54.755322386419124,85.5024785867418,False,True
66,2025-01-08,15,Weekday,1925,7.485604606525912,92.98589030206678,92.98589030206678,50.235747454296344,85.50028569554087,True,False
35,2025-08-31,9,Weekend,955,11.057692307692307,96.55505952380953,96.55505952380953,53.80637591575092,85.49736721611723,True,False
84,2026-05-25,9,Weekday,893,2.8846153846153846,88.38182503322028,88.38182503322028,45.633220208917834,85.4972096486049,True,False
84,2025-06-21,7,Weekend,184,3.3653846153846154,88.86146020347098,88.86146020347098,46.1134224094278,85.49607558808637,True,False
24,2025-08-14,5,Weekday,112,9.826589595375722,95.32230585089177,95.32230585089177,52.574447723133744,85.49571625551604,True,False
3,2024-09-02,19,Weekday,1285,4.798464491362764,90.29295843322092,90.29295843322092,47.54571146229184,85.49449394185815,True,False
165,2024-11-04,9,Weekday,88,99.6124031007752,14.119117034568928,99.6124031007752,56.86576006767206,85.49328606620627,False,True
84,2025-01-27,14,Weekday,1374,1.3461538461538463,86.83630077100389,86.83630077100389,44.091227308578866,85.49014692485005,True,False
84,2026-04-09,15,Weekday,1684,4.807692307692308,90.2970985691574,90.2970985691574,47.55239543842485,85.48940626146509,True,False
118,2025-12-27,9,Weekend,47,95.41062801932367,9.923115079365079,95.41062801932367,52.66687154934437,85.48751293995859,False,True
118,2024-08-31,9,Weekend,47,95.41062801932367,9.923115079365079,95.41062801932367,52.66687154934437,85.48751293995859,False,True
71,2025-09-03,13,Weekday,63,91.53846153846153,6.052053003743538,91.53846153846153,48.795257271102535,85.486408534718,False,True
71,2026-08-06,13,Weekday,63,91.53846153846153,6.052053003743538,91.53846153846153,48.795257271102535,85.486408534718,False,True
71,2026-02-17,13,Weekday,63,91.53846153846153,6.052053003743538,91.53846153846153,48.795257271102535,85.486408534718,False,True
3,2026-01-27,20,Weekday,942,2.6871401151631478,88.17345328606267,88.17345328606267,45.43029670061291,85.48631317089952,True,False
3,2025-05-12,20,Weekday,1135,5.758157389635317,91.24433879131914,91.24433879131914,48.501248090477226,85.48618140168382,True,False
4,2026-07-12,18,Weekend,1633,4.368932038834951,89.85357233021965,89.85357233021965,47.1112521845273,85.4846402913847,True,False
24,2025-01-10,7,Weekday,751,7.7071290944123305,93.19075419992852,93.19075419992852,50.44894164717043,85.48362510551618,True,False
66,2025-04-21,21,Weekday,851,3.8461538461538463,89.32548157671015,89.32548157671015,46.58581771143199,85.4793277305563,True,False
84,2026-07-20,14,Weekday,1432,2.307692307692308,87.78415865193546,87.78415865193546,45.04592547981388,85.47646634424315,True,False
84,2026-08-03,9,Weekday,965,4.807692307692308,90.28381031712976,90.28381031712976,47.545751312411035,85.47611800943746,True,False
124,2025-08-30,7,Weekend,6,89.58333333333334,4.109315778974667,89.58333333333334,46.846324556154,85.47401755435868,False,True
84,2025-07-28,19,Weekday,1210,3.8461538461538463,89.31981634228597,89.31981634228597,46.58298509421991,85.47366249613214,True,False
165,2024-08-23,12,Weekday,128,98.83720930232558,13.364465639036746,98.83720930232558,56.100837470681164,85.47274366328882,False,True
66,2025-02-02,16,Weekend,1808,2.912621359223301,88.38265382504117,88.38265382504117,45.647637592132234,85.47003246581788,True,False
71,2026-03-02,12,Weekday,100,94.91362763915548,9.444565367948236,94.91362763915548,52.17909650355186,85.46906227120724,False,True
71,2025-10-15,12,Weekday,100,94.91362763915548,9.444565367948236,94.91362763915548,52.17909650355186,85.46906227120724,False,True
84,2026-06-09,16,Weekday,2001,5.1923076923076925,90.65872905444354,90.65872905444354,47.92551837337562,85.46642136213585,True,False
3,2025-01-12,20,Weekend,1190,4.807692307692308,90.27356404586826,90.27356404586826,47.54062817678028,85.46587173817595,True,False
66,2026-01-30,16,Weekday,1777,3.071017274472169,88.53684231449641,88.53684231449641,45.80392979448429,85.46582504002424,True,False
3,2026-02-11,21,Weekday,768,1.9193857965451053,87.38362328156427,87.38362328156427,44.651504539054685,85.46423748501917,True,False
3,2025-05-05,21,Weekday,859,4.030710172744722,89.49032699525162,89.49032699525162,46.76051858399817,85.4596168225069,True,False
1,2024-09-19,15,Weekday,1650,4.46685878962536,89.92647058823529,89.92647058823529,47.196664688930326,85.45961179860993,True,False
1,2025-02-04,15,Weekday,1650,4.46685878962536,89.92647058823529,89.92647058823529,47.196664688930326,85.45961179860993,True,False
66,2025-01-21,19,Weekday,1619,8.269230769230768,93.72638251188494,93.72638251188494,50.997806640557855,85.45715174265416,True,False
3,2024-10-17,19,Weekday,1221,4.030710172744722,89.48539271057658,89.48539271057658,46.75805144166065,85.45468253783186,True,False
4,2026-06-10,15,Weekday,2278,10.404624277456648,95.85751192368839,95.85751192368839,53.13106810057252,85.45288764623174,True,False
184,2026-06-04,12,Weekday,1707,4.1522491349480966,89.60167797851079,89.60167797851079,46.87696355672944,85.4494288435627,True,False
133,2025-07-10,7,Weekday,709,7.142857142857142,92.59204098653639,92.59204098653639,49.867449064696764,85.44918384367925,True,False
1,2026-07-12,14,Weekend,2324,6.428571428571428,91.87705817782657,91.87705817782657,49.152814803199,85.44848674925514,True,False
165,2024-09-30,13,Weekday,115,97.77131782945736,12.323964584942658,97.77131782945736,55.04764120720001,85.4473532445147,False,True
165,2024-09-20,13,Weekday,115,97.77131782945736,12.323964584942658,97.77131782945736,55.04764120720001,85.4473532445147,False,True
165,2025-04-09,13,Weekday,115,97.77131782945736,12.323964584942658,97.77131782945736,55.04764120720001,85.4473532445147,False,True
165,2024-11-20,13,Weekday,115,97.77131782945736,12.323964584942658,97.77131782945736,55.04764120720001,85.4473532445147,False,True
84,2026-01-09,18,Weekday,1872,6.730769230769231,92.17637833273012,92.17637833273012,49.453573781749675,85.4456091019609,True,False
188,2025-12-20,22,Weekend,6,91.26984126984127,5.826530081639021,91.26984126984127,48.54818567574014,85.44331118820224,False,True
188,2026-05-02,22,Weekend,6,91.26984126984127,5.826530081639021,91.26984126984127,48.54818567574014,85.44331118820224,False,True
188,2026-05-16,22,Weekend,6,91.26984126984127,5.826530081639021,91.26984126984127,48.54818567574014,85.44331118820224,False,True
188,2025-11-01,22,Weekend,6,91.26984126984127,5.826530081639021,91.26984126984127,48.54818567574014,85.44331118820224,False,True
66,2026-03-02,16,Weekday,1834,3.6468330134357005,89.0894273390447,89.0894273390447,46.3681301762402,85.44259432560901,True,False
84,2026-07-26,9,Weekend,710,6.490384615384616,91.9295634920635,91.9295634920635,49.20997405372405,85.43917887667888,True,False
84,2025-07-06,9,Weekend,710,6.490384615384616,91.9295634920635,91.9295634920635,49.20997405372405,85.43917887667888,True,False
66,2026-01-07,20,Weekday,1337,8.076923076923077,93.51599483574809,93.51599483574809,50.796458956335584,85.43907175882501,True,False
35,2025-12-31,9,Weekday,1145,7.485604606525912,92.92457507784455,92.92457507784455,50.20508984218523,85.43897047131864,True,False
1,2026-06-30,14,Weekday,1327,0.5763688760806917,86.00866385819887,86.00866385819887,43.29251636713978,85.43229498211818,True,False
3,2025-04-19,0,Weekend,488,6.25,91.68173598553345,91.68173598553345,48.965867992766725,85.43173598553345,True,False
184,2025-08-29,12,Weekday,1684,3.8062283737024223,89.23560955339653,89.23560955339653,46.52091896354948,85.4293811796941,True,False
4,2024-10-14,18,Weekday,1568,3.653846153846154,89.0819157920135,89.0819157920135,46.36788097292983,85.42806963816734,True,False
188,2026-02-08,10,Weekend,76,98.80952380952381,13.38223632038065,98.80952380952381,56.09588006495223,85.42728748914315,False,True
1,2025-01-04,14,Weekend,2242,5.714285714285714,91.14110368226724,91.14110368226724,48.427694698276476,85.42681796798153,True,False
124,2025-05-29,14,Weekday,13,87.0757180156658,1.6503060170097765,87.0757180156658,44.36301201633779,85.42541199865602,False,True
124,2025-02-18,14,Weekday,13,87.0757180156658,1.6503060170097765,87.0757180156658,44.36301201633779,85.42541199865602,False,True
124,2025-04-11,14,Weekday,13,87.0757180156658,1.6503060170097765,87.0757180156658,44.36301201633779,85.42541199865602,False,True
124,2026-01-28,14,Weekday,13,87.0757180156658,1.6503060170097765,87.0757180156658,44.36301201633779,85.42541199865602,False,True
124,2025-05-21,14,Weekday,13,87.0757180156658,1.6503060170097765,87.0757180156658,44.36301201633779,85.42541199865602,False,True
124,2025-05-15,14,Weekday,13,87.0757180156658,1.6503060170097765,87.0757180156658,44.36301201633779,85.42541199865602,False,True
124,2025-07-23,14,Weekday,13,87.0757180156658,1.6503060170097765,87.0757180156658,44.36301201633779,85.42541199865602,False,True
124,2026-04-06,14,Weekday,13,87.0757180156658,1.6503060170097765,87.0757180156658,44.36301201633779,85.42541199865602,False,True
124,2025-04-08,14,Weekday,13,87.0757180156658,1.6503060170097765,87.0757180156658,44.36301201633779,85.42541199865602,False,True
124,2025-01-02,14,Weekday,13,87.0757180156658,1.6503060170097765,87.0757180156658,44.36301201633779,85.42541199865602,False,True
84,2025-02-04,14,Weekday,1517,3.5576923076923075,88.98239408632064,88.98239408632064,46.27004319700647,85.42470177862833,True,False
84,2026-08-03,14,Weekday,1517,3.5576923076923075,88.98239408632064,88.98239408632064,46.27004319700647,85.42470177862833,True,False
4,2026-02-15,13,Weekend,3046,11.650485436893204,97.07212805090222,97.07212805090222,54.361306743897714,85.42164261400902,True,False
1,2024-08-21,13,Weekday,2214,8.645533141210375,94.06579911660428,94.06579911660428,51.35566612890733,85.4202659753939,True,False
66,2025-10-26,15,Weekend,2186,5.339805825242718,90.75672170399561,90.75672170399561,48.048263764619165,85.41691587875289,True,False
66,2026-06-10,18,Weekday,1827,6.333973128598848,91.75011058832992,91.75011058832992,49.04204185846438,85.41613745973108,True,False
66,2026-02-09,21,Weekday,910,5.0,90.41097310635121,90.41097310635121,47.705486553175604,85.41097310635121,True,False
84,2026-05-07,14,Weekday,1441,2.5,87.9083538669422,87.9083538669422,45.2041769334711,85.4083538669422,True,False
118,2025-07-30,9,Weekday,46,90.65510597302506,5.246821760774281,90.65510597302506,47.95096386689967,85.40828421225078,False,True
118,2026-02-11,9,Weekday,46,90.65510597302506,5.246821760774281,90.65510597302506,47.95096386689967,85.40828421225078,False,True
118,2025-08-08,9,Weekday,46,90.65510597302506,5.246821760774281,90.65510597302506,47.95096386689967,85.40828421225078,False,True
118,2024-10-31,9,Weekday,46,90.65510597302506,5.246821760774281,90.65510597302506,47.95096386689967,85.40828421225078,False,True
118,2026-01-29,9,Weekday,46,90.65510597302506,5.246821760774281,90.65510597302506,47.95096386689967,85.40828421225078,False,True
118,2025-12-09,9,Weekday,46,90.65510597302506,5.246821760774281,90.65510597302506,47.95096386689967,85.40828421225078,False,True
118,2025-09-16,9,Weekday,46,90.65510597302506,5.246821760774281,90.65510597302506,47.95096386689967,85.40828421225078,False,True
118,2026-07-01,9,Weekday,46,90.65510597302506,5.246821760774281,90.65510597302506,47.95096386689967,85.40828421225078,False,True
118,2025-07-24,9,Weekday,46,90.65510597302506,5.246821760774281,90.65510597302506,47.95096386689967,85.40828421225078,False,True
118,2025-09-04,9,Weekday,46,90.65510597302506,5.246821760774281,90.65510597302506,47.95096386689967,85.40828421225078,False,True
71,2025-11-07,16,Weekday,55,90.5587668593449,5.153153511300165,90.5587668593449,47.85596018532253,85.40561334804474,False,True
71,2025-08-06,16,Weekday,55,90.5587668593449,5.153153511300165,90.5587668593449,47.85596018532253,85.40561334804474,False,True
71,2026-07-15,16,Weekday,55,90.5587668593449,5.153153511300165,90.5587668593449,47.85596018532253,85.40561334804474,False,True
71,2026-01-19,16,Weekday,55,90.5587668593449,5.153153511300165,90.5587668593449,47.85596018532253,85.40561334804474,False,True
71,2026-03-19,16,Weekday,55,90.5587668593449,5.153153511300165,90.5587668593449,47.85596018532253,85.40561334804474,False,True
71,2026-07-21,16,Weekday,55,90.5587668593449,5.153153511300165,90.5587668593449,47.85596018532253,85.40561334804474,False,True
71,2025-05-02,16,Weekday,55,90.5587668593449,5.153153511300165,90.5587668593449,47.85596018532253,85.40561334804474,False,True
71,2024-09-30,16,Weekday,55,90.5587668593449,5.153153511300165,90.5587668593449,47.85596018532253,85.40561334804474,False,True
71,2026-03-05,16,Weekday,55,90.5587668593449,5.153153511300165,90.5587668593449,47.85596018532253,85.40561334804474,False,True
133,2025-06-15,8,Weekend,395,5.769230769230769,91.17296814528133,91.17296814528133,48.47109945725605,85.40373737605056,True,False
118,2024-11-04,14,Weekday,54,91.53846153846153,6.135243621333757,91.53846153846153,48.836852579897645,85.40321791712778,False,True
118,2025-03-13,14,Weekday,54,91.53846153846153,6.135243621333757,91.53846153846153,48.836852579897645,85.40321791712778,False,True
118,2025-06-24,14,Weekday,54,91.53846153846153,6.135243621333757,91.53846153846153,48.836852579897645,85.40321791712778,False,True
118,2025-03-04,14,Weekday,54,91.53846153846153,6.135243621333757,91.53846153846153,48.836852579897645,85.40321791712778,False,True
118,2025-08-25,14,Weekday,54,91.53846153846153,6.135243621333757,91.53846153846153,48.836852579897645,85.40321791712778,False,True
118,2025-01-23,14,Weekday,54,91.53846153846153,6.135243621333757,91.53846153846153,48.836852579897645,85.40321791712778,False,True
118,2025-06-09,14,Weekday,54,91.53846153846153,6.135243621333757,91.53846153846153,48.836852579897645,85.40321791712778,False,True
118,2024-11-22,14,Weekday,54,91.53846153846153,6.135243621333757,91.53846153846153,48.836852579897645,85.40321791712778,False,True
118,2024-10-11,14,Weekday,54,91.53846153846153,6.135243621333757,91.53846153846153,48.836852579897645,85.40321791712778,False,True
118,2025-08-22,14,Weekday,54,91.53846153846153,6.135243621333757,91.53846153846153,48.836852579897645,85.40321791712778,False,True
118,2025-01-14,14,Weekday,54,91.53846153846153,6.135243621333757,91.53846153846153,48.836852579897645,85.40321791712778,False,True
1,2025-08-31,14,Weekend,1749,1.4285714285714286,86.83015667099092,86.83015667099092,44.129364049781174,85.40158524241949,True,False
138,2024-12-21,17,Weekend,18,88.16425120772948,2.7636309167165964,88.16425120772948,45.463941062223036,85.40062029101288,False,True
138,2025-12-07,17,Weekend,18,88.16425120772948,2.7636309167165964,88.16425120772948,45.463941062223036,85.40062029101288,False,True
4,2024-09-13,13,Weekday,2747,12.138728323699421,97.53897042803098,97.53897042803098,54.8388493758652,85.40024210433155,True,False
24,2025-01-24,7,Weekday,759,7.89980732177264,93.29997219905476,93.29997219905476,50.5998897604137,85.40016487728212,True,False
4,2025-10-26,13,Weekend,1615,0.48543689320388345,85.8850723268877,85.8850723268877,43.18525461004579,85.39963543368381,True,False
4,2024-09-02,18,Weekday,1360,0.7692307692307693,86.16338923070737,86.16338923070737,43.46630999996907,85.3941584614766,True,False
4,2024-10-21,18,Weekday,1681,5.0,90.39389552418868,90.39389552418868,47.69694776209434,85.39389552418868,True,False
66,2025-12-21,17,Weekend,2116,7.281553398058252,92.6752546434991,92.6752546434991,49.978404020778676,85.39370124544085,True,False
84,2026-07-28,10,Weekday,870,1.7307692307692308,87.12329852786749,87.12329852786749,44.42703387931836,85.39252929709826,True,False
66,2025-06-24,21,Weekday,944,5.5769230769230775,90.96875194393182,90.96875194393182,48.27283751042745,85.39182886700874,True,False
140,2026-03-19,23,Weekday,2,88.88888888888889,3.4990423673520934,88.88888888888889,46.19396562812049,85.3898465215368,False,True
140,2026-03-24,23,Weekday,2,88.88888888888889,3.4990423673520934,88.88888888888889,46.19396562812049,85.3898465215368,False,True
140,2026-08-03,23,Weekday,2,88.88888888888889,3.4990423673520934,88.88888888888889,46.19396562812049,85.3898465215368,False,True
1,2025-08-26,14,Weekday,1786,6.628242074927954,92.01772514108576,92.01772514108576,49.32298360800686,85.38948306615781,True,False
66,2025-05-28,21,Weekday,787,2.5,87.88852717357497,87.88852717357497,45.194263586787486,85.38852717357497,True,False
66,2025-12-18,16,Weekday,2049,5.758157389635317,91.14571945377567,91.14571945377567,48.45193842170549,85.38756206414035,True,False
84,2026-05-17,10,Weekend,976,3.3653846153846154,88.7514869151467,88.7514869151467,46.058435765265656,85.38610229976209,True,False
66,2025-02-02,15,Weekend,1942,3.3980582524271843,88.78385793385544,88.78385793385544,46.09095809314132,85.38579968142825,True,False
3,2025-05-19,20,Weekday,1143,5.950095969289827,91.33553292210587,91.33553292210587,48.64281444569785,85.38543695281604,True,False
24,2025-12-23,7,Weekday,704,7.129094412331407,92.51360260534572,92.51360260534572,49.82134850883857,85.38450819301431,True,False
118,2025-09-25,11,Weekday,43,90.09615384615385,4.712871287128713,90.09615384615385,47.40451256664128,85.38328255902515,False,True
118,2025-07-23,11,Weekday,43,90.09615384615385,4.712871287128713,90.09615384615385,47.40451256664128,85.38328255902515,False,True
118,2024-10-29,11,Weekday,43,90.09615384615385,4.712871287128713,90.09615384615385,47.40451256664128,85.38328255902515,False,True
118,2025-07-08,11,Weekday,43,90.09615384615385,4.712871287128713,90.09615384615385,47.40451256664128,85.38328255902515,False,True
118,2025-12-12,11,Weekday,43,90.09615384615385,4.712871287128713,90.09615384615385,47.40451256664128,85.38328255902515,False,True
118,2025-11-20,11,Weekday,43,90.09615384615385,4.712871287128713,90.09615384615385,47.40451256664128,85.38328255902515,False,True
1,2025-08-15,15,Weekday,1683,4.899135446685879,90.28120031796503,90.28120031796503,47.59016788232545,85.38206487127916,True,False
4,2025-05-29,11,Weekday,1753,11.560693641618498,96.94059405940594,96.94059405940594,54.25064385051222,85.37990041778744,True,False
4,2024-10-17,16,Weekday,2196,7.129094412331407,92.50730485598999,92.50730485598999,49.8181996341607,85.37821044365857,True,False
84,2026-07-20,15,Weekday,1690,5.0,90.37360890302067,90.37360890302067,47.68680445151033,85.37360890302067,True,False
84,2025-12-25,10,Weekday,864,1.5384615384615385,86.90832359176557,86.90832359176557,44.22339256511355,85.36986205330403,True,False
84,2026-06-30,9,Weekday,975,5.096153846153846,90.46528232284167,90.46528232284167,47.78071808449776,85.36912847668783,True,False
84,2026-06-01,9,Weekday,975,5.096153846153846,90.46528232284167,90.46528232284167,47.78071808449776,85.36912847668783,True,False
24,2025-01-17,7,Weekday,729,7.514450867052023,92.8829580205727,92.8829580205727,50.19870444381236,85.36850715352068,True,False
66,2025-09-16,18,Weekday,1883,6.90978886756238,92.27791852656131,92.27791852656131,49.593853697061846,85.36812965899892,True,False
118,2026-01-25,7,Weekend,16,98.47715736040608,13.110911629762617,98.47715736040608,55.79403449508435,85.36624573064347,False,True
66,2025-07-22,14,Weekday,1851,7.293666026871401,92.65956601224067,92.65956601224067,49.97661601955604,85.36589998536927,True,False
4,2024-09-22,15,Weekend,2951,10.679611650485436,96.04429590462414,96.04429590462414,53.36195377755479,85.3646842541387,True,False
4,2024-09-03,18,Weekday,1578,3.8461538461538463,89.2065790002815,89.2065790002815,46.52636642321767,85.36042515412765,True,False
24,2025-07-20,7,Weekend,219,6.341463414634147,91.69658886894075,91.69658886894075,49.01902614178745,85.3551254543066,True,False
3,2025-01-15,19,Weekday,1227,4.222648752399232,89.57579943927512,89.57579943927512,46.89922409583718,85.35315068687588,True,False
4,2024-08-26,18,Weekday,1320,0.19230769230769232,85.54409458318253,85.54409458318253,42.86820113774511,85.35178689087483,True,False
84,2026-06-04,17,Weekday,2211,4.615384615384616,89.96637551978671,89.96637551978671,47.29088006758566,85.3509909044021,True,False
84,2026-05-27,14,Weekday,1535,3.8461538461538463,89.19302917097211,89.19302917097211,46.519591508562975,85.34687532481827,True,False
30,2026-07-26,4,Weekend,91,6.25,91.5933674075835,91.5933674075835,48.92168370379175,85.3433674075835,True,False
4,2026-07-12,16,Weekend,2632,9.223300970873787,94.56559708568292,94.56559708568292,51.89444902827836,85.34229611480913,True,False
184,2026-06-01,13,Weekday,1626,2.422145328719723,87.76219620892508,87.76219620892508,45.0921707688224,85.34005088020535,True,False
4,2026-06-22,12,Weekday,2627,11.946050096339114,97.28416803530087,97.28416803530087,54.61510906581999,85.33811793896174,True,False
71,2025-12-13,12,Weekend,28,89.1826923076923,3.845010405311664,89.1826923076923,46.51385135650199,85.33768190238064,False,True
71,2025-08-10,12,Weekend,28,89.1826923076923,3.845010405311664,89.1826923076923,46.51385135650199,85.33768190238064,False,True
71,2026-07-04,12,Weekend,28,89.1826923076923,3.845010405311664,89.1826923076923,46.51385135650199,85.33768190238064,False,True
71,2026-04-25,12,Weekend,28,89.1826923076923,3.845010405311664,89.1826923076923,46.51385135650199,85.33768190238064,False,True
71,2026-04-05,12,Weekend,28,89.1826923076923,3.845010405311664,89.1826923076923,46.51385135650199,85.33768190238064,False,True
71,2026-05-16,12,Weekend,28,89.1826923076923,3.845010405311664,89.1826923076923,46.51385135650199,85.33768190238064,False,True
71,2024-08-24,12,Weekend,28,89.1826923076923,3.845010405311664,89.1826923076923,46.51385135650199,85.33768190238064,False,True
71,2025-09-20,12,Weekend,28,89.1826923076923,3.845010405311664,89.1826923076923,46.51385135650199,85.33768190238064,False,True
84,2026-08-05,14,Weekday,1549,4.038461538461538,89.37385740402193,89.37385740402193,46.70615947124173,85.3353958655604,True,False
84,2026-05-07,16,Weekday,2007,5.384615384615385,90.7193543898706,90.7193543898706,48.051984887242995,85.33473900525522,True,False
35,2026-05-22,9,Weekday,1152,7.677543186180421,93.00886535372166,93.00886535372166,50.34320426995104,85.33132216754124,True,False
3,2026-06-01,19,Weekday,1287,4.990403071017274,90.31936938767218,90.31936938767218,47.654886229344726,85.32896631665491,True,False
84,2026-06-30,18,Weekday,1881,6.923076923076923,92.25077411830941,92.25077411830941,49.586925520693164,85.32769719523249,True,False
66,2024-11-25,15,Weekday,1927,7.677543186180421,93.00377583465819,93.00377583465819,50.3406595104193,85.32623264847777,True,False
71,2026-03-23,17,Weekday,88,92.3597678916828,7.034281052903841,92.3597678916828,49.697024472293315,85.32548683877896,False,True
71,2026-01-15,17,Weekday,88,92.3597678916828,7.034281052903841,92.3597678916828,49.697024472293315,85.32548683877896,False,True
71,2026-04-15,17,Weekday,88,92.3597678916828,7.034281052903841,92.3597678916828,49.697024472293315,85.32548683877896,False,True
71,2026-02-18,17,Weekday,88,92.3597678916828,7.034281052903841,92.3597678916828,49.697024472293315,85.32548683877896,False,True
84,2024-12-25,14,Weekday,1376,1.5384615384615385,86.86312693744536,86.86312693744536,44.200794237953446,85.32466539898383,True,False
84,2025-07-02,19,Weekday,1213,4.038461538461538,89.36248019178417,89.36248019178417,46.70047086512285,85.32401865332264,True,False
1,2025-01-01,12,Weekday,1943,6.9164265129683,92.24033876169935,92.24033876169935,49.578382637333824,85.32391224873105,True,False
84,2026-08-05,10,Weekday,944,4.423076923076923,89.74361514533098,89.74361514533098,47.08334603420395,85.32053822225406,True,False
133,2026-07-03,7,Weekday,714,7.335907335907336,92.65558600420985,92.65558600420985,49.995746670058594,85.31967866830252,True,False
84,2026-01-09,17,Weekday,1942,1.5384615384615385,86.85660850361116,86.85660850361116,44.197535021036344,85.31814696514962,True,False
4,2024-08-29,16,Weekday,2210,7.321772639691715,92.63948796438012,92.63948796438012,49.98063030203592,85.31771532468841,True,False
3,2026-06-16,21,Weekday,861,4.222648752399232,89.5380181226284,89.5380181226284,46.88033343751382,85.31536937022916,True,False
3,2025-08-12,21,Weekday,729,0.9596928982725527,86.27428618823481,86.27428618823481,43.61698954325368,85.31459328996226,True,False
133,2025-08-28,5,Weekday,126,11.1003861003861,96.41463046431883,96.41463046431883,53.75750828235247,85.31424436393273,True,False
133,2025-01-31,5,Weekday,126,11.1003861003861,96.41463046431883,96.41463046431883,53.75750828235247,85.31424436393273,True,False
133,2025-07-21,6,Weekday,429,11.293436293436294,96.60721876961072,96.60721876961072,53.95032753152351,85.31378247617442,True,False
133,2025-06-26,6,Weekday,429,11.293436293436294,96.60721876961072,96.60721876961072,53.95032753152351,85.31378247617442,True,False
181,2026-06-02,2,Weekday,68,9.691011235955056,94.99803555642863,94.99803555642863,52.344523396191846,85.30702432047357,True,False
181,2026-08-04,2,Weekday,68,9.691011235955056,94.99803555642863,94.99803555642863,52.344523396191846,85.30702432047357,True,False
184,2026-05-18,13,Weekday,1970,6.5743944636678195,91.8810782973835,91.8810782973835,49.227736380525656,85.30668383371568,True,False
24,2025-01-09,6,Weekday,348,9.53757225433526,94.84098868398145,94.84098868398145,52.189280469158355,85.30341642964619,True,False
24,2025-01-08,6,Weekday,348,9.53757225433526,94.84098868398145,94.84098868398145,52.189280469158355,85.30341642964619,True,False
3,2025-01-04,0,Weekend,407,2.403846153846154,87.70609509626635,87.70609509626635,45.05497062505626,85.30224894242019,True,False
84,2026-06-22,10,Weekday,910,3.2692307692307696,88.5706643418993,88.5706643418993,45.91994755556504,85.30143357266853,True,False
4,2024-08-08,15,Weekday,2283,10.597302504816955,95.89825119236885,95.89825119236885,53.2477768485929,85.3009486875519,True,False
66,2025-01-20,18,Weekday,1834,6.525911708253358,91.82651707081675,91.82651707081675,49.176214389535055,85.30060536256339,True,False
66,2025-01-08,19,Weekday,1623,8.461538461538462,93.76091991385965,93.76091991385965,51.11122918769906,85.29938145232119,True,False
66,2025-01-05,16,Weekend,1730,2.4271844660194173,87.72393832027547,87.72393832027547,45.07556139314744,85.29675385425605,True,False
84,2026-06-15,10,Weekday,955,4.807692307692308,90.10223692813695,90.10223692813695,47.45496461791463,85.29454462044464,True,False
66,2026-01-21,20,Weekday,1343,8.269230769230768,93.56210422771892,93.56210422771892,50.915667498474846,85.29287345848815,True,False
118,2025-06-27,13,Weekday,53,90.48076923076923,5.1924257729712595,90.48076923076923,47.836597501870244,85.28834345779796,False,True
118,2026-01-16,13,Weekday,53,90.48076923076923,5.1924257729712595,90.48076923076923,47.836597501870244,85.28834345779796,False,True
118,2026-01-22,13,Weekday,53,90.48076923076923,5.1924257729712595,90.48076923076923,47.836597501870244,85.28834345779796,False,True
118,2025-11-13,13,Weekday,53,90.48076923076923,5.1924257729712595,90.48076923076923,47.836597501870244,85.28834345779796,False,True
4,2026-03-15,11,Weekend,2051,11.165048543689322,96.44963084088994,96.44963084088994,53.80733969228963,85.28458229720061,True,False
184,2026-06-08,12,Weekday,1718,4.498269896193772,89.77976532045828,89.77976532045828,47.13901760832603,85.2814954242645,True,False
84,2025-11-04,9,Weekday,873,2.5,87.77989329842725,87.77989329842725,45.13994664921363,85.27989329842725,True,False
66,2026-01-24,15,Weekend,1814,2.4271844660194173,87.70638998353868,87.70638998353868,45.06678722477905,85.27920551751927,True,False
4,2024-09-07,12,Weekend,2753,12.135922330097088,97.41353681498364,97.41353681498364,54.774729572540366,85.27761448488656,True,False
24,2026-01-16,7,Weekday,683,6.9364161849710975,92.2137495531991,92.2137495531991,49.575082869085094,85.277333368228,True,False
4,2024-10-24,13,Weekday,2763,12.33140655105973,97.60829520470617,97.60829520470617,54.96985087788295,85.27688865364644,True,False
84,2026-01-09,14,Weekday,1384,1.7307692307692308,87.00421270169304,87.00421270169304,44.36749096623113,85.27344347092381,True,False
66,2025-06-25,14,Weekday,1408,2.111324376199616,87.38375327875367,87.38375327875367,44.747538827476646,85.27242890255405,True,False
3,2025-07-27,19,Weekend,1347,3.3653846153846154,88.63636363636364,88.63636363636364,46.00087412587413,85.27097902097903,True,False
1,2025-01-05,15,Weekend,1871,2.877697841726619,88.1478525465157,88.1478525465157,45.512775194121154,85.27015470478908,True,False
30,2026-01-31,4,Weekend,88,5.769230769230769,91.03767978129086,91.03767978129086,48.40345527526082,85.26844901206009,True,False
118,2024-11-17,8,Weekend,19,91.30434782608695,6.038503522873871,91.30434782608695,48.67142567448041,85.26584430321309,False,True
118,2025-01-19,8,Weekend,19,91.30434782608695,6.038503522873871,91.30434782608695,48.67142567448041,85.26584430321309,False,True
118,2025-07-13,8,Weekend,19,91.30434782608695,6.038503522873871,91.30434782608695,48.67142567448041,85.26584430321309,False,True
84,2026-06-13,17,Weekend,1462,1.4423076923076923,86.70611144397843,86.70611144397843,44.07420956814306,85.26380375167074,True,False
165,2024-11-15,12,Weekday,124,98.06201550387597,12.798543641292518,98.06201550387597,55.43027957258424,85.26347186258346,False,True
165,2025-01-31,12,Weekday,124,98.06201550387597,12.798543641292518,98.06201550387597,55.43027957258424,85.26347186258346,False,True
165,2025-06-27,12,Weekday,124,98.06201550387597,12.798543641292518,98.06201550387597,55.43027957258424,85.26347186258346,False,True
165,2025-11-21,12,Weekday,124,98.06201550387597,12.798543641292518,98.06201550387597,55.43027957258424,85.26347186258346,False,True
165,2025-10-17,12,Weekday,124,98.06201550387597,12.798543641292518,98.06201550387597,55.43027957258424,85.26347186258346,False,True
123,2025-02-18,9,Weekday,68,94.6911196911197,9.428611094583605,94.6911196911197,52.05986539285165,85.2625085965361,False,True
123,2025-04-24,9,Weekday,68,94.6911196911197,9.428611094583605,94.6911196911197,52.05986539285165,85.2625085965361,False,True
84,2026-06-04,14,Weekday,1348,1.153846153846154,86.41602416342103,86.41602416342103,43.784935158633594,85.26217800957487,True,False
66,2025-05-23,16,Weekday,1741,2.8790786948176583,88.14029298932596,88.14029298932596,45.50968584207181,85.26121429450829,True,False
133,2025-02-16,8,Weekend,315,0.9615384615384616,86.22109754887367,86.22109754887367,43.59131800520607,85.2595590873352,True,False
133,2025-08-30,8,Weekend,321,1.4423076923076923,86.69991068770467,86.69991068770467,44.07110919000618,85.25760299539698,True,False
118,2025-03-06,16,Weekday,72,91.73076923076923,6.478960027032936,91.73076923076923,49.10486462890108,85.25180920373629,False,True
66,2025-07-02,21,Weekday,912,5.1923076923076925,90.44207601550998,90.44207601550998,47.81719185390884,85.24976832320229,True,False
84,2025-04-18,16,Weekday,2018,5.5769230769230775,90.8256971913574,90.8256971913574,48.20131013414024,85.24877411443433,True,False
138,2024-12-05,20,Weekday,15,92.32283464566929,7.07420538147837,92.32283464566929,49.69852001357383,85.24862926419092,False,True
138,2025-12-19,20,Weekday,15,92.32283464566929,7.07420538147837,92.32283464566929,49.69852001357383,85.24862926419092,False,True
66,2024-11-13,13,Weekday,1757,4.222648752399232,89.4705567769921,89.4705567769921,46.84660276469567,85.24790802459286,True,False
4,2026-07-29,14,Weekday,2351,11.175337186897881,96.42317780780542,96.42317780780542,53.79925749735165,85.24784062090754,True,False
4,2025-02-03,18,Weekday,1685,5.1923076923076925,90.43813085615474,90.43813085615474,47.81521927423122,85.24582316384705,True,False
118,2025-04-10,15,Weekday,52,90.96153846153847,5.716414944356121,90.96153846153847,48.33897670294729,85.24512351718235,False,True
118,2026-04-17,15,Weekday,52,90.96153846153847,5.716414944356121,90.96153846153847,48.33897670294729,85.24512351718235,False,True
118,2025-08-08,15,Weekday,52,90.96153846153847,5.716414944356121,90.96153846153847,48.33897670294729,85.24512351718235,False,True
118,2025-07-25,15,Weekday,52,90.96153846153847,5.716414944356121,90.96153846153847,48.33897670294729,85.24512351718235,False,True
118,2026-02-13,15,Weekday,52,90.96153846153847,5.716414944356121,90.96153846153847,48.33897670294729,85.24512351718235,False,True
118,2025-05-16,15,Weekday,52,90.96153846153847,5.716414944356121,90.96153846153847,48.33897670294729,85.24512351718235,False,True
118,2025-04-24,15,Weekday,52,90.96153846153847,5.716414944356121,90.96153846153847,48.33897670294729,85.24512351718235,False,True
84,2026-05-18,18,Weekday,1895,7.115384615384615,92.36035709977078,92.36035709977078,49.7378708575777,85.24497248438617,True,False
188,2026-01-17,21,Weekend,7,90.41095890410958,5.167568692756037,90.41095890410958,47.789263798432806,85.24339021135354,False,True
84,2026-08-03,10,Weekday,871,1.9230769230769231,87.16490658001625,87.16490658001625,44.543991751546585,85.24182965693933,True,False
84,2025-09-07,10,Weekend,1076,6.25,91.48988897700238,91.48988897700238,48.86994448850119,85.23988897700238,True,False
66,2026-01-12,14,Weekday,1858,7.485604606525912,92.7241475240442,92.7241475240442,50.104876065285055,85.23854291751829,True,False
24,2025-12-19,7,Weekday,762,8.092485549132949,93.32876603518805,93.32876603518805,50.7106257921605,85.23628048605511,True,False
84,2026-03-01,17,Weekend,1550,2.403846153846154,87.63730776912323,87.63730776912323,45.02057696148469,85.23346161527706,True,False
133,2025-10-05,8,Weekend,401,6.25,91.48308028182991,91.48308028182991,48.86654014091496,85.23308028182991,True,False
124,2025-08-04,9,Weekday,10,86.82719546742209,1.5955653398385592,86.82719546742209,44.21138040363032,85.23163012758353,False,True
124,2025-05-15,9,Weekday,10,86.82719546742209,1.5955653398385592,86.82719546742209,44.21138040363032,85.23163012758353,False,True
124,2025-03-28,9,Weekday,10,86.82719546742209,1.5955653398385592,86.82719546742209,44.21138040363032,85.23163012758353,False,True
124,2025-04-17,9,Weekday,10,86.82719546742209,1.5955653398385592,86.82719546742209,44.21138040363032,85.23163012758353,False,True
124,2025-09-17,9,Weekday,10,86.82719546742209,1.5955653398385592,86.82719546742209,44.21138040363032,85.23163012758353,False,True
124,2025-08-27,9,Weekday,10,86.82719546742209,1.5955653398385592,86.82719546742209,44.21138040363032,85.23163012758353,False,True
124,2025-07-03,9,Weekday,10,86.82719546742209,1.5955653398385592,86.82719546742209,44.21138040363032,85.23163012758353,False,True
124,2025-08-07,9,Weekday,10,86.82719546742209,1.5955653398385592,86.82719546742209,44.21138040363032,85.23163012758353,False,True
124,2025-05-01,9,Weekday,10,86.82719546742209,1.5955653398385592,86.82719546742209,44.21138040363032,85.23163012758353,False,True
124,2025-02-12,9,Weekday,10,86.82719546742209,1.5955653398385592,86.82719546742209,44.21138040363032,85.23163012758353,False,True
124,2026-01-05,9,Weekday,10,86.82719546742209,1.5955653398385592,86.82719546742209,44.21138040363032,85.23163012758353,False,True
124,2025-12-26,9,Weekday,10,86.82719546742209,1.5955653398385592,86.82719546742209,44.21138040363032,85.23163012758353,False,True
124,2025-12-03,9,Weekday,10,86.82719546742209,1.5955653398385592,86.82719546742209,44.21138040363032,85.23163012758353,False,True
124,2025-05-22,9,Weekday,10,86.82719546742209,1.5955653398385592,86.82719546742209,44.21138040363032,85.23163012758353,False,True
35,2026-06-27,7,Weekend,310,10.576923076923077,95.80839816477159,95.80839816477159,53.192660620847334,85.23147508784851,True,False
123,2025-03-05,9,Weekday,70,95.07722007722008,9.846095872751432,95.07722007722008,52.461657974985755,85.23112420446864,False,True
123,2026-01-21,9,Weekday,70,95.07722007722008,9.846095872751432,95.07722007722008,52.461657974985755,85.23112420446864,False,True
124,2025-04-02,13,Weekday,23,87.22358722358723,1.9925921524352803,87.22358722358723,44.608089688011255,85.23099507115195,False,True
124,2025-03-25,13,Weekday,23,87.22358722358723,1.9925921524352803,87.22358722358723,44.608089688011255,85.23099507115195,False,True
124,2025-10-14,13,Weekday,23,87.22358722358723,1.9925921524352803,87.22358722358723,44.608089688011255,85.23099507115195,False,True
124,2025-05-13,13,Weekday,23,87.22358722358723,1.9925921524352803,87.22358722358723,44.608089688011255,85.23099507115195,False,True
124,2025-01-22,13,Weekday,23,87.22358722358723,1.9925921524352803,87.22358722358723,44.608089688011255,85.23099507115195,False,True
124,2025-02-11,13,Weekday,23,87.22358722358723,1.9925921524352803,87.22358722358723,44.608089688011255,85.23099507115195,False,True
124,2025-09-23,13,Weekday,23,87.22358722358723,1.9925921524352803,87.22358722358723,44.608089688011255,85.23099507115195,False,True
124,2025-09-16,13,Weekday,23,87.22358722358723,1.9925921524352803,87.22358722358723,44.608089688011255,85.23099507115195,False,True
124,2025-05-15,13,Weekday,23,87.22358722358723,1.9925921524352803,87.22358722358723,44.608089688011255,85.23099507115195,False,True
35,2025-09-22,9,Weekday,1159,7.869481765834934,93.0991055314254,93.0991055314254,50.484293648630164,85.22962376559046,True,False
84,2026-06-11,10,Weekday,947,4.615384615384616,89.84367260406967,89.84367260406967,47.22952860972714,85.22828798868505,True,False
24,2025-01-02,6,Weekday,277,6.358381502890173,91.58484989574688,91.58484989574688,48.97161569931853,85.22646839285672,True,False
84,2025-01-27,15,Weekday,1355,1.153846153846154,86.379173290938,86.379173290938,43.76650972239208,85.22532713709184,True,False
1,2024-09-14,11,Weekend,1541,6.428571428571428,91.65303998810762,91.65303998810762,49.040805708339526,85.22446855953619,True,False
84,2025-03-10,17,Weekday,2216,4.807692307692308,90.03203278884224,90.03203278884224,47.419862548267275,85.22434048114994,True,False
66,2025-01-06,14,Weekday,1393,1.9193857965451053,87.1413242190605,87.1413242190605,44.5303550078028,85.2219384225154,True,False
71,2026-06-09,12,Weekday,99,94.52975047984646,9.310999861487623,94.52975047984646,51.92037517066704,85.21875061835883,False,True
71,2026-05-12,12,Weekday,99,94.52975047984646,9.310999861487623,94.52975047984646,51.92037517066704,85.21875061835883,False,True
24,2025-12-22,5,Weekday,113,10.211946050096339,95.43013651361902,95.43013651361902,52.82104128185768,85.21819046352267,True,False
24,2026-07-08,5,Weekday,113,10.211946050096339,95.43013651361902,95.43013651361902,52.82104128185768,85.21819046352267,True,False
24,2025-01-28,5,Weekday,113,10.211946050096339,95.43013651361902,95.43013651361902,52.82104128185768,85.21819046352267,True,False
1,2024-08-20,11,Weekday,1143,3.45821325648415,88.67524752475248,88.67524752475248,46.06673039061832,85.21703426826832,True,False
66,2026-01-18,15,Weekend,2280,6.310679611650485,91.52741058512495,91.52741058512495,48.91904509838772,85.21673097347447,True,False
3,2025-06-16,21,Weekday,732,1.1516314779270633,86.36759491571112,86.36759491571112,43.759613196819096,85.21596343778405,True,False
66,2025-01-04,15,Weekend,1970,3.8834951456310676,89.0981194193645,89.0981194193645,46.490807282497784,85.21462427373342,True,False
4,2024-09-08,17,Weekend,1379,0.48543689320388345,85.70001997203914,85.70001997203914,43.09272843262151,85.21458307883526,True,False
84,2024-12-26,17,Weekday,2061,3.076923076923077,88.2911203517638,88.2911203517638,45.68402171434344,85.21419727484071,True,False
66,2025-01-31,15,Weekday,1935,7.869481765834934,93.08326709062004,93.08326709062004,50.47637442822749,85.2137853247851,True,False
66,2025-08-31,16,Weekend,1835,3.3980582524271843,88.60971106342632,88.60971106342632,46.003884657926754,85.21165281099913,True,False
1,2025-08-31,13,Weekend,2146,5.714285714285714,90.92558532584381,90.92558532584381,48.31993552006476,85.2112996115581,True,False
4,2024-10-21,11,Weekday,1759,11.753371868978805,96.96336633663365,96.96336633663365,54.35836910280623,85.20999446765485,True,False
66,2025-06-30,21,Weekday,921,5.384615384615385,90.59344350674932,90.59344350674932,47.989029445682355,85.20882812213394,True,False
84,2026-07-13,10,Weekday,935,4.230769230769231,89.43948009748172,89.43948009748172,46.83512466412547,85.2087108667125,True,False
84,2025-02-03,15,Weekday,1693,5.1923076923076925,90.40043720190779,90.40043720190779,47.79637244710774,85.2081295096001,True,False
66,2025-01-15,16,Weekday,2050,5.950095969289827,91.1576457492695,91.1576457492695,48.55387085927967,85.20754977997967,True,False
3,2025-01-15,20,Weekday,1144,6.142034548944338,91.34885341311966,91.34885341311966,48.745443981032,85.20681886417532,True,False
84,2025-06-16,19,Weekday,1061,1.3461538461538463,86.5527609605461,86.5527609605461,43.94945740334997,85.20660711439226,True,False
24,2026-01-09,6,Weekday,280,6.551059730250482,91.7559059899998,91.7559059899998,49.153482860125145,85.20484625974932,True,False
66,2025-02-06,16,Weekday,2073,6.142034548944338,91.34647876125544,91.34647876125544,48.74425665509989,85.2044442123111,True,False
3,2025-11-16,20,Weekend,1041,2.8846153846153846,88.08813698771019,88.08813698771019,45.486376186162786,85.2035216030948,True,False
124,2025-09-07,17,Weekend,19,88.11188811188812,2.908428200519273,88.11188811188812,45.510158156203694,85.20345991136885,False,True
66,2026-01-13,18,Weekday,1887,7.1017274472168905,92.30506293481321,92.30506293481321,49.70339519101505,85.20333548759632,True,False
66,2025-01-27,16,Weekday,1699,2.495201535508637,87.69603848218013,87.69603848218013,45.095620008844385,85.20083694667149,True,False
4,2025-06-16,18,Weekday,1595,4.230769230769231,89.42976635701935,89.42976635701935,46.830267793894286,85.19899712625012,True,False
118,2025-04-25,13,Weekday,131,100.0,14.80381088200923,100.0,57.401905441004615,85.19618911799077,False,True
165,2026-06-26,9,Weekday,77,96.70542635658916,11.51008508359612,96.70542635658916,54.10775572009264,85.19534127299303,False,True
165,2025-05-23,9,Weekday,77,96.70542635658916,11.51008508359612,96.70542635658916,54.10775572009264,85.19534127299303,False,True
165,2024-11-11,9,Weekday,77,96.70542635658916,11.51008508359612,96.70542635658916,54.10775572009264,85.19534127299303,False,True
188,2026-02-28,22,Weekend,18,100.0,14.809422286932557,100.0,57.40471114346628,85.19057771306744,False,True
4,2024-08-20,18,Weekday,1579,4.038461538461538,89.22668596935698,89.22668596935698,46.632573753909256,85.18822443089545,True,False
3,2024-10-22,19,Weekday,1293,5.182341650671785,90.37015968469385,90.37015968469385,47.77625066768282,85.18781803402206,True,False
24,2025-12-29,6,Weekday,273,6.165703275529865,91.35306382720299,91.35306382720299,48.759383551366426,85.18736055167312,True,False
4,2024-09-11,18,Weekday,1644,4.807692307692308,89.99276149113282,89.99276149113282,47.400226899412566,85.18506918344052,True,False
1,2025-09-02,13,Weekday,2217,8.93371757925072,94.11531681422942,94.11531681422942,51.52451719674007,85.18159923497869,True,False
4,2024-11-07,12,Weekday,2637,12.138728323699421,97.31582800720264,97.31582800720264,54.72727816545103,85.17709968350322,True,False
35,2025-12-25,9,Weekday,865,2.3032629558541267,87.47942325618294,87.47942325618294,44.89134310601853,85.17616030032882,True,False
181,2026-08-04,1,Weekday,120,10.814606741573034,95.98917956765114,95.98917956765114,53.40189315461208,85.1745728260781,True,False
181,2026-06-04,1,Weekday,120,10.814606741573034,95.98917956765114,95.98917956765114,53.40189315461208,85.1745728260781,True,False
184,2026-04-03,12,Weekday,1736,4.844290657439446,90.01622573559966,90.01622573559966,47.43025819651955,85.17193507816022,True,False
84,2025-01-27,19,Weekday,1215,4.230769230769231,89.39904920563976,89.39904920563976,46.81490921820449,85.16827997487053,True,False
35,2024-09-01,8,Weekend,690,12.980769230769232,98.14676987198571,98.14676987198571,55.56376955137747,85.16600064121648,True,False
3,2026-06-04,19,Weekday,1364,5.950095969289827,91.11474543903132,91.11474543903132,48.53242070416058,85.16464946974149,True,False
84,2025-06-14,7,Weekend,190,4.326923076923077,89.48733293437063,89.48733293437063,46.907128005646854,85.16040985744755,True,False
124,2025-01-12,19,Weekend,19,91.42857142857143,6.268451593199634,91.42857142857143,48.84851151088553,85.1601198353718,False,True
1,2025-10-26,15,Weekend,2108,5.0359712230215825,90.1955404798723,90.1955404798723,47.61575585144694,85.15956925685073,True,False
84,2026-07-29,14,Weekday,1550,4.230769230769231,89.3897543915428,89.3897543915428,46.81026181115601,85.15898516077357,True,False
84,2026-05-26,10,Weekday,957,5.0,90.15870499891027,90.15870499891027,47.57935249945513,85.15870499891027,True,False
71,2025-03-01,17,Weekend,90,100.0,14.841721589774314,100.0,57.420860794887155,85.15827841022569,False,True
84,2026-08-06,10,Weekday,874,2.1153846153846154,87.27090804620475,87.27090804620475,44.69314633079468,85.15552343082014,True,False
84,2025-11-04,17,Weekday,2090,3.4615384615384617,88.61542746861385,88.61542746861385,46.038482965076156,85.15388900707538,True,False
84,2026-08-05,17,Weekday,2230,5.0,90.15140964167048,90.15140964167048,47.57570482083524,85.15140964167048,True,False
84,2025-12-25,17,Weekday,1944,1.7307692307692308,86.8814786812837,86.8814786812837,44.30612395602646,85.15070945051447,True,False
4,2024-10-08,16,Weekday,2212,7.514450867052023,92.66433441332565,92.66433441332565,50.089392640188834,85.14988354627363,True,False
3,2025-11-03,21,Weekday,867,4.5105566218809985,89.65620917743173,89.65620917743173,47.083382899656364,85.14565255555074,True,False
3,2025-02-04,21,Weekday,867,4.5105566218809985,89.65620917743173,89.65620917743173,47.083382899656364,85.14565255555074,True,False
66,2024-11-25,19,Weekday,1647,8.846153846153847,93.99150786233797,93.99150786233797,51.41883085424591,85.14535401618411,True,False
3,2025-01-23,19,Weekday,1326,5.566218809980806,90.71147048067937,90.71147048067937,48.13884464533009,85.14525167069856,True,False
71,2024-10-12,9,Weekend,22,89.61352657004831,4.469246031746032,89.61352657004831,47.04138630089717,85.14428053830227,False,True
71,2025-06-28,9,Weekend,22,89.61352657004831,4.469246031746032,89.61352657004831,47.04138630089717,85.14428053830227,False,True
66,2025-01-13,14,Weekday,1870,7.677543186180421,92.82151657260948,92.82151657260948,50.24952987939495,85.14397338642907,True,False
66,2025-02-03,21,Weekday,947,5.865384615384615,91.00918572583822,91.00918572583822,48.43728517061142,85.14380111045361,True,False
66,2025-01-06,21,Weekday,947,5.865384615384615,91.00918572583822,91.00918572583822,48.43728517061142,85.14380111045361,True,False
66,2026-02-02,19,Weekday,1628,8.653846153846153,93.79647312177481,93.79647312177481,51.22515963781048,85.14262696792866,True,False
138,2026-04-27,12,Weekday,36,88.17307692307692,3.0324316837168808,88.17307692307692,45.6027543033969,85.14064523936004,False,True
138,2025-02-21,12,Weekday,36,88.17307692307692,3.0324316837168808,88.17307692307692,45.6027543033969,85.14064523936004,False,True
138,2026-06-09,12,Weekday,36,88.17307692307692,3.0324316837168808,88.17307692307692,45.6027543033969,85.14064523936004,False,True
138,2026-01-23,12,Weekday,36,88.17307692307692,3.0324316837168808,88.17307692307692,45.6027543033969,85.14064523936004,False,True
138,2026-04-23,12,Weekday,36,88.17307692307692,3.0324316837168808,88.17307692307692,45.6027543033969,85.14064523936004,False,True
138,2025-11-20,12,Weekday,36,88.17307692307692,3.0324316837168808,88.17307692307692,45.6027543033969,85.14064523936004,False,True
138,2026-03-25,12,Weekday,36,88.17307692307692,3.0324316837168808,88.17307692307692,45.6027543033969,85.14064523936004,False,True
138,2026-04-16,12,Weekday,36,88.17307692307692,3.0324316837168808,88.17307692307692,45.6027543033969,85.14064523936004,False,True
138,2026-01-19,12,Weekday,36,88.17307692307692,3.0324316837168808,88.17307692307692,45.6027543033969,85.14064523936004,False,True
138,2025-11-21,12,Weekday,36,88.17307692307692,3.0324316837168808,88.17307692307692,45.6027543033969,85.14064523936004,False,True
138,2026-02-05,12,Weekday,36,88.17307692307692,3.0324316837168808,88.17307692307692,45.6027543033969,85.14064523936004,False,True
138,2025-10-14,12,Weekday,36,88.17307692307692,3.0324316837168808,88.17307692307692,45.6027543033969,85.14064523936004,False,True
3,2026-06-04,20,Weekday,914,2.495201535508637,87.63448572658156,87.63448572658156,45.0648436310451,85.13928419107292,True,False
84,2024-12-16,17,Weekday,2383,6.346153846153846,91.48445116491912,91.48445116491912,48.91530250553648,85.13829731876528,True,False
3,2025-07-02,20,Weekday,906,2.3032629558541267,87.44082628030412,87.44082628030412,44.87204461807912,85.13756332445,True,False
133,2026-06-08,7,Weekday,477,1.7374517374517375,86.87497517772748,86.87497517772748,44.30621345758961,85.13752344027574,True,False
133,2025-04-21,7,Weekday,468,1.3513513513513513,86.48774772627984,86.48774772627984,43.919549538815595,85.13639637492848,True,False
84,2024-10-18,16,Weekday,2026,5.769230769230769,90.9022242541096,90.9022242541096,48.335727511670186,85.13299348487882,True,False
46,2025-11-11,22,Weekday,13,97.06546275395034,11.932774856050054,97.06546275395034,54.4991188050002,85.13268789790028,False,True
46,2025-02-21,22,Weekday,13,97.06546275395034,11.932774856050054,97.06546275395034,54.4991188050002,85.13268789790028,False,True
46,2026-03-10,22,Weekday,13,97.06546275395034,11.932774856050054,97.06546275395034,54.4991188050002,85.13268789790028,False,True
165,2024-11-20,12,Weekday,132,99.03100775193798,13.898727664879198,99.03100775193798,56.46486770840859,85.13228008705877,False,True
4,2025-06-23,10,Weekday,1271,10.886319845857418,96.01850567652711,96.01850567652711,53.452412761192264,85.1321858306697,True,False
4,2024-10-22,10,Weekday,1271,10.886319845857418,96.01850567652711,96.01850567652711,53.452412761192264,85.1321858306697,True,False
1,2025-09-07,11,Weekend,1401,4.285714285714286,89.41578712650514,89.41578712650514,46.850750706109714,85.13007284079085,True,False
165,2024-09-09,13,Weekday,114,97.28682170542635,12.160556182779725,97.28682170542635,54.72368894410304,85.12626552264662,False,True
84,2026-06-15,21,Weekday,748,1.7307692307692308,86.85591058950381,86.85591058950381,44.29333991013652,85.12514135873458,True,False
66,2025-01-05,15,Weekend,1732,1.9417475728155338,87.06539631865117,87.06539631865117,44.50357194573335,85.12364874583564,True,False
124,2025-01-10,10,Weekday,12,86.80555555555556,1.6821541082998155,86.80555555555556,44.243854831927685,85.12340144725574,False,True
124,2026-01-22,10,Weekday,12,86.80555555555556,1.6821541082998155,86.80555555555556,44.243854831927685,85.12340144725574,False,True
124,2025-06-05,10,Weekday,12,86.80555555555556,1.6821541082998155,86.80555555555556,44.243854831927685,85.12340144725574,False,True
124,2026-03-11,10,Weekday,12,86.80555555555556,1.6821541082998155,86.80555555555556,44.243854831927685,85.12340144725574,False,True
124,2026-01-14,10,Weekday,12,86.80555555555556,1.6821541082998155,86.80555555555556,44.243854831927685,85.12340144725574,False,True
124,2026-01-09,10,Weekday,12,86.80555555555556,1.6821541082998155,86.80555555555556,44.243854831927685,85.12340144725574,False,True
84,2026-07-27,10,Weekday,894,2.8846153846153846,88.00796496998277,88.00796496998277,45.446290177299076,85.12334958536738,True,False
84,2025-06-08,7,Weekend,185,3.8461538461538463,88.96868142828646,88.96868142828646,46.40741763722015,85.12252758213262,True,False
1,2025-01-12,14,Weekend,2031,4.285714285714286,89.4072447859495,89.4072447859495,46.8464795358319,85.12153050023521,True,False
66,2026-01-12,16,Weekday,2083,6.333973128598848,91.45480927865789,91.45480927865789,48.894391203628366,85.12083615005905,True,False
4,2025-05-19,15,Weekday,2284,10.789980732177264,95.91017488076312,95.91017488076312,53.350077806470196,85.12019414858585,True,False
66,2025-06-16,19,Weekday,1113,2.5,87.61732558612003,87.61732558612003,45.058662793060016,85.11732558612003,True,False
84,2026-01-07,16,Weekday,1560,1.153846153846154,86.26985231270746,86.26985231270746,43.71184923327681,85.1160061588613,True,False
71,2024-12-01,13,Weekend,26,88.88888888888889,3.772928369041109,88.88888888888889,46.330908628965,85.11596051984777,False,True
84,2025-12-31,9,Weekday,977,5.384615384615385,90.49999008349695,90.49999008349695,47.94230273405617,85.11537469888157,True,False
66,2026-01-30,13,Weekday,1762,4.414587332053743,89.52700695228475,89.52700695228475,46.970797142169246,85.11241962023101,True,False
66,2026-05-06,20,Weekday,1344,8.461538461538462,93.5733754124229,93.5733754124229,51.017456936980686,85.11183695088444,True,False
1,2025-01-06,14,Weekday,1787,6.9164265129683,92.0256736348462,92.0256736348462,49.47105007390725,85.1092471218779,True,False
84,2026-06-15,14,Weekday,1561,4.423076923076923,89.52984659407043,89.52984659407043,46.97646175857368,85.10676967099351,True,False
84,2026-04-06,17,Weekday,2022,2.6923076923076925,87.7967012196335,87.7967012196335,45.2445044559706,85.10439352732581,True,False
4,2025-07-27,18,Weekend,1642,4.854368932038835,89.95708154506438,89.95708154506438,47.40572523855161,85.10271261302555,True,False
1,2025-09-04,12,Weekday,1949,7.204610951008646,92.30167995725904,92.30167995725904,49.75314545413384,85.0970690062504,True,False
84,2025-04-18,17,Weekday,1953,1.9230769230769231,87.01876206203617,87.01876206203617,44.47091949255655,85.09568513895925,True,False
123,2025-10-29,9,Weekday,67,94.3050193050193,9.210448027607544,94.3050193050193,51.75773366631342,85.09457127741176,False,True
123,2025-12-26,9,Weekday,67,94.3050193050193,9.210448027607544,94.3050193050193,51.75773366631342,85.09457127741176,False,True
24,2026-07-08,7,Weekday,766,8.285163776493256,93.37940347114659,93.37940347114659,50.83228362381992,85.09423969465334,True,False
4,2024-09-04,18,Weekday,1688,5.384615384615385,90.47834479430571,90.47834479430571,47.93148008946055,85.09372940969033,True,False
84,2025-04-18,9,Weekday,863,2.307692307692308,87.400091231828,87.400091231828,44.85389176976015,85.0923989241357,True,False
66,2024-12-16,16,Weekday,1709,2.6871401151631478,87.77753483472142,87.77753483472142,45.232337474942284,85.09039471955828,True,False
123,2025-12-03,9,Weekday,72,95.36679536679536,10.27845540548581,95.36679536679536,52.82262538614059,85.08833996130954,False,True
3,2025-01-27,19,Weekday,1228,4.5105566218809985,89.5961155580838,89.5961155580838,47.053336089982395,85.0855589362028,True,False
3,2025-02-13,19,Weekday,1228,4.5105566218809985,89.5961155580838,89.5961155580838,47.053336089982395,85.0855589362028,True,False
165,2025-03-31,12,Weekday,135,99.4186046511628,14.336031026772464,99.4186046511628,56.87731783896763,85.08257362439033,False,True
3,2024-10-26,0,Weekend,491,6.730769230769231,91.81204127220508,91.81204127220508,49.27140525148715,85.08127204143585,True,False
118,2026-01-22,16,Weekday,130,100.0,14.920789520761693,100.0,57.460394760380844,85.07921047923831,False,True
35,2026-07-08,9,Weekday,1163,8.061420345489443,93.1397631939073,93.1397631939073,50.60059176969837,85.07834284841786,True,False
24,2026-01-20,6,Weekday,350,9.826589595375722,94.9037429907488,94.9037429907488,52.36516629306226,85.07715339537307,True,False
84,2026-06-02,10,Weekday,961,5.1923076923076925,90.26866913673199,90.26866913673199,47.73048841451984,85.0763614444243,True,False
84,2026-01-01,10,Weekday,913,3.5576923076923075,88.63307642012245,88.63307642012245,46.09538436390738,85.07538411243014,True,False
84,2026-07-20,10,Weekday,913,3.5576923076923075,88.63307642012245,88.63307642012245,46.09538436390738,85.07538411243014,True,False
71,2025-07-28,12,Weekday,97,94.14587332053743,9.07256069810238,94.14587332053743,51.609217009319906,85.07331262243505,False,True
71,2025-11-18,12,Weekday,97,94.14587332053743,9.07256069810238,94.14587332053743,51.609217009319906,85.07331262243505,False,True
66,2026-02-06,15,Weekday,1942,8.061420345489443,93.13294912559618,93.13294912559618,50.59718473554281,85.07152878010675,True,False
133,2024-11-27,7,Weekday,716,7.625482625482626,92.69629453115692,92.69629453115692,50.16088857831977,85.0708119056743,True,False
133,2025-11-11,7,Weekday,716,7.625482625482626,92.69629453115692,92.69629453115692,50.16088857831977,85.0708119056743,True,False
4,2024-09-23,17,Weekday,1886,1.1560693641618496,86.2259007978353,86.2259007978353,43.69098508099857,85.06983143367344,True,False
84,2026-01-26,17,Weekday,1966,2.1153846153846154,87.1848948488888,87.1848948488888,44.65013973213671,85.06951023350419,True,False
165,2024-12-04,13,Weekday,112,96.89922480620154,11.829777962643849,96.89922480620154,54.364501384422695,85.0694468435577,False,True
165,2025-01-17,13,Weekday,112,96.89922480620154,11.829777962643849,96.89922480620154,54.364501384422695,85.0694468435577,False,True
165,2025-01-31,13,Weekday,112,96.89922480620154,11.829777962643849,96.89922480620154,54.364501384422695,85.0694468435577,False,True
1,2025-08-26,15,Weekday,1693,5.3314121037463975,90.40043720190779,90.40043720190779,47.8659246528271,85.06902509816139,True,False
1,2025-04-28,15,Weekday,1693,5.3314121037463975,90.40043720190779,90.40043720190779,47.8659246528271,85.06902509816139,True,False
4,2025-06-30,14,Weekday,2353,11.368015414258188,96.43410698672602,96.43410698672602,53.90106120049211,85.06609157246783,True,False
84,2026-05-07,18,Weekday,1897,7.307692307692308,92.37342662966984,92.37342662966984,49.84055946868107,85.06573432197753,True,False
30,2026-01-03,4,Weekend,92,6.730769230769231,91.79543563532629,91.79543563532629,49.263102433047756,85.06466640455706,True,False
84,2025-06-09,20,Weekday,903,2.307692307692308,87.37217451892533,87.37217451892533,44.83993341330882,85.06448221123303,True,False
4,2024-10-18,17,Weekday,2019,2.697495183044316,87.76188297089195,87.76188297089195,45.22968907696813,85.06438778784764,True,False
24,2026-06-07,7,Weekend,222,6.829268292682928,91.89357670057849,91.89357670057849,49.36142249663071,85.06430840789557,True,False
124,2025-04-02,18,Weekday,20,88.46153846153845,3.398077773756384,88.46153846153845,45.92980811764742,85.06346068778207,False,True
124,2025-01-23,18,Weekday,20,88.46153846153845,3.398077773756384,88.46153846153845,45.92980811764742,85.06346068778207,False,True
124,2025-01-21,18,Weekday,20,88.46153846153845,3.398077773756384,88.46153846153845,45.92980811764742,85.06346068778207,False,True
124,2026-03-13,18,Weekday,20,88.46153846153845,3.398077773756384,88.46153846153845,45.92980811764742,85.06346068778207,False,True
