Location_ID,Window15,observed_rows,observed_total,first_record,last_record,zero_row_window
1,2026-08-07 23:45:00,4,24.0,2026-08-07 23:56:00,2026-08-07 23:59:00,False
1,2026-08-08 00:00:00,12,40.0,2026-08-08 00:00:00,2026-08-08 00:14:00,False
1,2026-08-08 00:15:00,9,30.0,2026-08-08 00:15:00,2026-08-08 00:29:00,False
1,2026-08-08 00:30:00,11,36.0,2026-08-08 00:31:00,2026-08-08 00:44:00,False
1,2026-08-08 00:45:00,7,17.0,2026-08-08 00:48:00,2026-08-08 00:57:00,False
1,2026-08-08 01:00:00,9,29.0,2026-08-08 01:01:00,2026-08-08 01:13:00,False
1,2026-08-08 01:15:00,10,23.0,2026-08-08 01:15:00,2026-08-08 01:28:00,False
1,2026-08-08 01:30:00,9,27.0,2026-08-08 01:31:00,2026-08-08 01:44:00,False
1,2026-08-08 01:45:00,8,28.0,2026-08-08 01:46:00,2026-08-08 01:56:00,False
1,2026-08-08 02:00:00,9,27.0,2026-08-08 02:03:00,2026-08-08 02:14:00,False
1,2026-08-08 02:15:00,12,22.0,2026-08-08 02:15:00,2026-08-08 02:29:00,False
1,2026-08-08 02:30:00,2,3.0,2026-08-08 02:30:00,2026-08-08 02:42:00,False
1,2026-08-08 02:45:00,6,10.0,2026-08-08 02:51:00,2026-08-08 02:59:00,False
1,2026-08-08 03:00:00,7,20.0,2026-08-08 03:04:00,2026-08-08 03:14:00,False
1,2026-08-08 03:15:00,2,2.0,2026-08-08 03:25:00,2026-08-08 03:29:00,False
1,2026-08-08 03:30:00,6,13.0,2026-08-08 03:31:00,2026-08-08 03:39:00,False
1,2026-08-08 03:45:00,1,1.0,2026-08-08 03:50:00,2026-08-08 03:50:00,False
1,2026-08-08 04:00:00,3,5.0,2026-08-08 04:09:00,2026-08-08 04:13:00,False
1,2026-08-08 04:15:00,3,10.0,2026-08-08 04:16:00,2026-08-08 04:20:00,False
1,2026-08-08 04:30:00,1,1.0,2026-08-08 04:44:00,2026-08-08 04:44:00,False
1,2026-08-08 04:45:00,1,1.0,2026-08-08 04:47:00,2026-08-08 04:47:00,False
1,2026-08-08 05:00:00,1,1.0,2026-08-08 05:08:00,2026-08-08 05:08:00,False
1,2026-08-08 05:15:00,1,2.0,2026-08-08 05:28:00,2026-08-08 05:28:00,False
1,2026-08-08 05:30:00,6,8.0,2026-08-08 05:30:00,2026-08-08 05:44:00,False
1,2026-08-08 05:45:00,2,2.0,2026-08-08 05:49:00,2026-08-08 05:58:00,False
1,2026-08-08 06:00:00,3,4.0,2026-08-08 06:00:00,2026-08-08 06:12:00,False
1,2026-08-08 06:15:00,5,6.0,2026-08-08 06:17:00,2026-08-08 06:27:00,False
1,2026-08-08 06:30:00,3,3.0,2026-08-08 06:34:00,2026-08-08 06:36:00,False
1,2026-08-08 06:45:00,5,5.0,2026-08-08 06:47:00,2026-08-08 06:59:00,False
1,2026-08-08 07:00:00,6,8.0,2026-08-08 07:01:00,2026-08-08 07:13:00,False
1,2026-08-08 07:15:00,8,16.0,2026-08-08 07:18:00,2026-08-08 07:29:00,False
1,2026-08-08 07:30:00,8,18.0,2026-08-08 07:30:00,2026-08-08 07:44:00,False
1,2026-08-08 07:45:00,11,24.0,2026-08-08 07:45:00,2026-08-08 07:59:00,False
1,2026-08-08 08:00:00,13,23.0,2026-08-08 08:01:00,2026-08-08 08:14:00,False
1,2026-08-08 08:15:00,14,38.0,2026-08-08 08:15:00,2026-08-08 08:29:00,False
1,2026-08-08 08:30:00,15,73.0,2026-08-08 08:30:00,2026-08-08 08:44:00,False
1,2026-08-08 08:45:00,15,113.0,2026-08-08 08:45:00,2026-08-08 08:59:00,False
1,2026-08-08 09:00:00,15,81.0,2026-08-08 09:00:00,2026-08-08 09:14:00,False
1,2026-08-08 09:15:00,15,114.0,2026-08-08 09:15:00,2026-08-08 09:29:00,False
1,2026-08-08 09:30:00,15,144.0,2026-08-08 09:30:00,2026-08-08 09:44:00,False
1,2026-08-08 09:45:00,15,212.0,2026-08-08 09:45:00,2026-08-08 09:59:00,False
1,2026-08-08 10:00:00,15,172.0,2026-08-08 10:00:00,2026-08-08 10:14:00,False
1,2026-08-08 10:15:00,15,239.0,2026-08-08 10:15:00,2026-08-08 10:29:00,False
1,2026-08-08 10:30:00,15,282.0,2026-08-08 10:30:00,2026-08-08 10:44:00,False
1,2026-08-08 10:45:00,15,382.0,2026-08-08 10:45:00,2026-08-08 10:59:00,False
1,2026-08-08 11:00:00,15,404.0,2026-08-08 11:00:00,2026-08-08 11:14:00,False
1,2026-08-08 11:15:00,15,457.0,2026-08-08 11:15:00,2026-08-08 11:29:00,False
1,2026-08-08 11:30:00,15,500.0,2026-08-08 11:30:00,2026-08-08 11:44:00,False
1,2026-08-08 11:45:00,15,556.0,2026-08-08 11:45:00,2026-08-08 11:59:00,False
1,2026-08-08 12:00:00,15,554.0,2026-08-08 12:00:00,2026-08-08 12:14:00,False
1,2026-08-08 12:15:00,15,628.0,2026-08-08 12:15:00,2026-08-08 12:29:00,False
1,2026-08-08 12:30:00,15,583.0,2026-08-08 12:30:00,2026-08-08 12:44:00,False
1,2026-08-08 12:45:00,15,611.0,2026-08-08 12:45:00,2026-08-08 12:59:00,False
1,2026-08-08 13:00:00,15,665.0,2026-08-08 13:00:00,2026-08-08 13:14:00,False
1,2026-08-08 13:15:00,15,667.0,2026-08-08 13:15:00,2026-08-08 13:29:00,False
1,2026-08-08 13:30:00,15,699.0,2026-08-08 13:30:00,2026-08-08 13:44:00,False
1,2026-08-08 13:45:00,15,637.0,2026-08-08 13:45:00,2026-08-08 13:59:00,False
1,2026-08-08 14:00:00,15,765.0,2026-08-08 14:00:00,2026-08-08 14:14:00,False
1,2026-08-08 14:15:00,15,800.0,2026-08-08 14:15:00,2026-08-08 14:29:00,False
1,2026-08-08 14:30:00,15,772.0,2026-08-08 14:30:00,2026-08-08 14:44:00,False
1,2026-08-08 14:45:00,15,764.0,2026-08-08 14:45:00,2026-08-08 14:59:00,False
1,2026-08-08 15:00:00,15,779.0,2026-08-08 15:00:00,2026-08-08 15:14:00,False
1,2026-08-08 15:15:00,15,782.0,2026-08-08 15:15:00,2026-08-08 15:29:00,False
1,2026-08-08 15:30:00,15,758.0,2026-08-08 15:30:00,2026-08-08 15:44:00,False
1,2026-08-08 15:45:00,15,682.0,2026-08-08 15:45:00,2026-08-08 15:59:00,False
1,2026-08-08 16:00:00,15,716.0,2026-08-08 16:00:00,2026-08-08 16:14:00,False
1,2026-08-08 16:15:00,15,739.0,2026-08-08 16:15:00,2026-08-08 16:29:00,False
1,2026-08-08 16:30:00,15,814.0,2026-08-08 16:30:00,2026-08-08 16:44:00,False
1,2026-08-08 16:45:00,15,741.0,2026-08-08 16:45:00,2026-08-08 16:59:00,False
1,2026-08-08 17:00:00,15,697.0,2026-08-08 17:00:00,2026-08-08 17:14:00,False
1,2026-08-08 17:15:00,15,675.0,2026-08-08 17:15:00,2026-08-08 17:29:00,False
1,2026-08-08 17:30:00,15,550.0,2026-08-08 17:30:00,2026-08-08 17:44:00,False
1,2026-08-08 17:45:00,15,535.0,2026-08-08 17:45:00,2026-08-08 17:59:00,False
1,2026-08-08 18:00:00,15,501.0,2026-08-08 18:00:00,2026-08-08 18:14:00,False
1,2026-08-08 18:15:00,15,476.0,2026-08-08 18:15:00,2026-08-08 18:29:00,False
1,2026-08-08 18:30:00,15,314.0,2026-08-08 18:30:00,2026-08-08 18:44:00,False
1,2026-08-08 18:45:00,15,345.0,2026-08-08 18:45:00,2026-08-08 18:59:00,False
1,2026-08-08 19:00:00,15,427.0,2026-08-08 19:00:00,2026-08-08 19:14:00,False
1,2026-08-08 19:15:00,15,266.0,2026-08-08 19:15:00,2026-08-08 19:29:00,False
1,2026-08-08 19:30:00,15,225.0,2026-08-08 19:30:00,2026-08-08 19:44:00,False
1,2026-08-08 19:45:00,15,182.0,2026-08-08 19:45:00,2026-08-08 19:59:00,False
1,2026-08-08 20:00:00,15,217.0,2026-08-08 20:00:00,2026-08-08 20:14:00,False
1,2026-08-08 20:15:00,15,206.0,2026-08-08 20:15:00,2026-08-08 20:29:00,False
1,2026-08-08 20:30:00,15,121.0,2026-08-08 20:30:00,2026-08-08 20:44:00,False
1,2026-08-08 20:45:00,15,143.0,2026-08-08 20:45:00,2026-08-08 20:59:00,False
1,2026-08-08 21:00:00,15,125.0,2026-08-08 21:00:00,2026-08-08 21:14:00,False
1,2026-08-08 21:15:00,15,115.0,2026-08-08 21:15:00,2026-08-08 21:29:00,False
1,2026-08-08 21:30:00,4,31.0,2026-08-08 21:30:00,2026-08-08 21:33:00,False
2,2026-08-07 23:45:00,5,18.0,2026-08-07 23:55:00,2026-08-07 23:59:00,False
2,2026-08-08 00:00:00,9,34.0,2026-08-08 00:00:00,2026-08-08 00:14:00,False
2,2026-08-08 00:15:00,11,31.0,2026-08-08 00:15:00,2026-08-08 00:28:00,False
2,2026-08-08 00:30:00,10,31.0,2026-08-08 00:30:00,2026-08-08 00:44:00,False
2,2026-08-08 00:45:00,11,29.0,2026-08-08 00:46:00,2026-08-08 00:59:00,False
2,2026-08-08 01:00:00,11,31.0,2026-08-08 01:01:00,2026-08-08 01:14:00,False
2,2026-08-08 01:15:00,11,31.0,2026-08-08 01:17:00,2026-08-08 01:29:00,False
2,2026-08-08 01:30:00,8,16.0,2026-08-08 01:30:00,2026-08-08 01:44:00,False
2,2026-08-08 01:45:00,5,8.0,2026-08-08 01:45:00,2026-08-08 01:58:00,False
2,2026-08-08 02:00:00,9,19.0,2026-08-08 02:00:00,2026-08-08 02:12:00,False
2,2026-08-08 02:15:00,10,26.0,2026-08-08 02:16:00,2026-08-08 02:28:00,False
2,2026-08-08 02:30:00,6,11.0,2026-08-08 02:31:00,2026-08-08 02:44:00,False
2,2026-08-08 02:45:00,5,10.0,2026-08-08 02:45:00,2026-08-08 02:59:00,False
2,2026-08-08 03:00:00,6,14.0,2026-08-08 03:03:00,2026-08-08 03:12:00,False
2,2026-08-08 03:15:00,3,3.0,2026-08-08 03:15:00,2026-08-08 03:29:00,False
2,2026-08-08 03:30:00,4,6.0,2026-08-08 03:30:00,2026-08-08 03:41:00,False
2,2026-08-08 03:45:00,1,1.0,2026-08-08 03:52:00,2026-08-08 03:52:00,False
2,2026-08-08 04:00:00,0,,,,True
2,2026-08-08 04:15:00,4,4.0,2026-08-08 04:17:00,2026-08-08 04:29:00,False
2,2026-08-08 04:30:00,2,5.0,2026-08-08 04:35:00,2026-08-08 04:36:00,False
2,2026-08-08 04:45:00,0,,,,True
2,2026-08-08 05:00:00,2,2.0,2026-08-08 05:00:00,2026-08-08 05:07:00,False
2,2026-08-08 05:15:00,1,1.0,2026-08-08 05:16:00,2026-08-08 05:16:00,False
2,2026-08-08 05:30:00,2,2.0,2026-08-08 05:30:00,2026-08-08 05:35:00,False
2,2026-08-08 05:45:00,3,4.0,2026-08-08 05:53:00,2026-08-08 05:59:00,False
2,2026-08-08 06:00:00,4,5.0,2026-08-08 06:00:00,2026-08-08 06:10:00,False
2,2026-08-08 06:15:00,1,2.0,2026-08-08 06:26:00,2026-08-08 06:26:00,False
2,2026-08-08 06:30:00,7,11.0,2026-08-08 06:31:00,2026-08-08 06:44:00,False
2,2026-08-08 06:45:00,2,3.0,2026-08-08 06:47:00,2026-08-08 06:53:00,False
2,2026-08-08 07:00:00,9,14.0,2026-08-08 07:00:00,2026-08-08 07:13:00,False
2,2026-08-08 07:15:00,9,18.0,2026-08-08 07:15:00,2026-08-08 07:26:00,False
2,2026-08-08 07:30:00,5,8.0,2026-08-08 07:31:00,2026-08-08 07:44:00,False
2,2026-08-08 07:45:00,10,24.0,2026-08-08 07:46:00,2026-08-08 07:59:00,False
2,2026-08-08 08:00:00,6,8.0,2026-08-08 08:00:00,2026-08-08 08:14:00,False
2,2026-08-08 08:15:00,15,40.0,2026-08-08 08:15:00,2026-08-08 08:29:00,False
2,2026-08-08 08:30:00,13,39.0,2026-08-08 08:30:00,2026-08-08 08:44:00,False
2,2026-08-08 08:45:00,15,47.0,2026-08-08 08:45:00,2026-08-08 08:59:00,False
2,2026-08-08 09:00:00,14,57.0,2026-08-08 09:00:00,2026-08-08 09:14:00,False
2,2026-08-08 09:15:00,15,74.0,2026-08-08 09:15:00,2026-08-08 09:29:00,False
2,2026-08-08 09:30:00,15,171.0,2026-08-08 09:30:00,2026-08-08 09:44:00,False
2,2026-08-08 09:45:00,15,136.0,2026-08-08 09:45:00,2026-08-08 09:59:00,False
2,2026-08-08 10:00:00,15,154.0,2026-08-08 10:00:00,2026-08-08 10:14:00,False
2,2026-08-08 10:15:00,15,201.0,2026-08-08 10:15:00,2026-08-08 10:29:00,False
2,2026-08-08 10:30:00,15,233.0,2026-08-08 10:30:00,2026-08-08 10:44:00,False
2,2026-08-08 10:45:00,15,223.0,2026-08-08 10:45:00,2026-08-08 10:59:00,False
2,2026-08-08 11:00:00,15,263.0,2026-08-08 11:00:00,2026-08-08 11:14:00,False
2,2026-08-08 11:15:00,15,273.0,2026-08-08 11:15:00,2026-08-08 11:29:00,False
2,2026-08-08 11:30:00,15,361.0,2026-08-08 11:30:00,2026-08-08 11:44:00,False
2,2026-08-08 11:45:00,15,320.0,2026-08-08 11:45:00,2026-08-08 11:59:00,False
2,2026-08-08 12:00:00,15,367.0,2026-08-08 12:00:00,2026-08-08 12:14:00,False
2,2026-08-08 12:15:00,15,446.0,2026-08-08 12:15:00,2026-08-08 12:29:00,False
2,2026-08-08 12:30:00,15,431.0,2026-08-08 12:30:00,2026-08-08 12:44:00,False
2,2026-08-08 12:45:00,15,415.0,2026-08-08 12:45:00,2026-08-08 12:59:00,False
2,2026-08-08 13:00:00,15,452.0,2026-08-08 13:00:00,2026-08-08 13:14:00,False
2,2026-08-08 13:15:00,15,451.0,2026-08-08 13:15:00,2026-08-08 13:29:00,False
2,2026-08-08 13:30:00,15,505.0,2026-08-08 13:30:00,2026-08-08 13:44:00,False
2,2026-08-08 13:45:00,15,474.0,2026-08-08 13:45:00,2026-08-08 13:59:00,False
2,2026-08-08 14:00:00,15,436.0,2026-08-08 14:00:00,2026-08-08 14:14:00,False
2,2026-08-08 14:15:00,15,511.0,2026-08-08 14:15:00,2026-08-08 14:29:00,False
2,2026-08-08 14:30:00,15,488.0,2026-08-08 14:30:00,2026-08-08 14:44:00,False
2,2026-08-08 14:45:00,15,533.0,2026-08-08 14:45:00,2026-08-08 14:59:00,False
2,2026-08-08 15:00:00,15,561.0,2026-08-08 15:00:00,2026-08-08 15:14:00,False
2,2026-08-08 15:15:00,15,520.0,2026-08-08 15:15:00,2026-08-08 15:29:00,False
2,2026-08-08 15:30:00,15,543.0,2026-08-08 15:30:00,2026-08-08 15:44:00,False
2,2026-08-08 15:45:00,15,509.0,2026-08-08 15:45:00,2026-08-08 15:59:00,False
2,2026-08-08 16:00:00,15,484.0,2026-08-08 16:00:00,2026-08-08 16:14:00,False
2,2026-08-08 16:15:00,15,511.0,2026-08-08 16:15:00,2026-08-08 16:29:00,False
2,2026-08-08 16:30:00,15,532.0,2026-08-08 16:30:00,2026-08-08 16:44:00,False
2,2026-08-08 16:45:00,15,569.0,2026-08-08 16:45:00,2026-08-08 16:59:00,False
2,2026-08-08 17:00:00,15,444.0,2026-08-08 17:00:00,2026-08-08 17:14:00,False
2,2026-08-08 17:15:00,15,455.0,2026-08-08 17:15:00,2026-08-08 17:29:00,False
2,2026-08-08 17:30:00,15,399.0,2026-08-08 17:30:00,2026-08-08 17:44:00,False
2,2026-08-08 17:45:00,15,426.0,2026-08-08 17:45:00,2026-08-08 17:59:00,False
2,2026-08-08 18:00:00,15,369.0,2026-08-08 18:00:00,2026-08-08 18:14:00,False
2,2026-08-08 18:15:00,15,366.0,2026-08-08 18:15:00,2026-08-08 18:29:00,False
2,2026-08-08 18:30:00,15,297.0,2026-08-08 18:30:00,2026-08-08 18:44:00,False
2,2026-08-08 18:45:00,15,283.0,2026-08-08 18:45:00,2026-08-08 18:59:00,False
2,2026-08-08 19:00:00,15,243.0,2026-08-08 19:00:00,2026-08-08 19:14:00,False
2,2026-08-08 19:15:00,15,180.0,2026-08-08 19:15:00,2026-08-08 19:29:00,False
2,2026-08-08 19:30:00,14,169.0,2026-08-08 19:30:00,2026-08-08 19:44:00,False
2,2026-08-08 19:45:00,15,159.0,2026-08-08 19:45:00,2026-08-08 19:59:00,False
2,2026-08-08 20:00:00,15,169.0,2026-08-08 20:00:00,2026-08-08 20:14:00,False
2,2026-08-08 20:15:00,15,138.0,2026-08-08 20:15:00,2026-08-08 20:29:00,False
2,2026-08-08 20:30:00,14,158.0,2026-08-08 20:30:00,2026-08-08 20:44:00,False
2,2026-08-08 20:45:00,14,132.0,2026-08-08 20:45:00,2026-08-08 20:59:00,False
2,2026-08-08 21:00:00,14,138.0,2026-08-08 21:00:00,2026-08-08 21:14:00,False
2,2026-08-08 21:15:00,15,106.0,2026-08-08 21:15:00,2026-08-08 21:29:00,False
2,2026-08-08 21:30:00,4,26.0,2026-08-08 21:30:00,2026-08-08 21:33:00,False
3,2026-08-07 23:45:00,5,81.0,2026-08-07 23:55:00,2026-08-07 23:59:00,False
3,2026-08-08 00:00:00,15,214.0,2026-08-08 00:00:00,2026-08-08 00:14:00,False
3,2026-08-08 00:15:00,15,206.0,2026-08-08 00:15:00,2026-08-08 00:29:00,False
3,2026-08-08 00:30:00,15,199.0,2026-08-08 00:30:00,2026-08-08 00:44:00,False
3,2026-08-08 00:45:00,15,125.0,2026-08-08 00:45:00,2026-08-08 00:59:00,False
3,2026-08-08 01:00:00,15,149.0,2026-08-08 01:00:00,2026-08-08 01:14:00,False
3,2026-08-08 01:15:00,15,139.0,2026-08-08 01:15:00,2026-08-08 01:29:00,False
3,2026-08-08 01:30:00,13,118.0,2026-08-08 01:30:00,2026-08-08 01:43:00,False
3,2026-08-08 01:45:00,13,117.0,2026-08-08 01:45:00,2026-08-08 01:57:00,False
3,2026-08-08 02:00:00,15,138.0,2026-08-08 02:00:00,2026-08-08 02:14:00,False
3,2026-08-08 02:15:00,15,88.0,2026-08-08 02:15:00,2026-08-08 02:29:00,False
3,2026-08-08 02:30:00,14,83.0,2026-08-08 02:31:00,2026-08-08 02:44:00,False
3,2026-08-08 02:45:00,15,94.0,2026-08-08 02:45:00,2026-08-08 02:59:00,False
3,2026-08-08 03:00:00,14,87.0,2026-08-08 03:00:00,2026-08-08 03:14:00,False
3,2026-08-08 03:15:00,14,41.0,2026-08-08 03:15:00,2026-08-08 03:29:00,False
3,2026-08-08 03:30:00,11,44.0,2026-08-08 03:32:00,2026-08-08 03:43:00,False
3,2026-08-08 03:45:00,9,22.0,2026-08-08 03:45:00,2026-08-08 03:59:00,False
3,2026-08-08 04:00:00,5,6.0,2026-08-08 04:00:00,2026-08-08 04:11:00,False
3,2026-08-08 04:15:00,11,33.0,2026-08-08 04:15:00,2026-08-08 04:28:00,False
3,2026-08-08 04:30:00,9,20.0,2026-08-08 04:30:00,2026-08-08 04:44:00,False
3,2026-08-08 04:45:00,9,26.0,2026-08-08 04:45:00,2026-08-08 04:58:00,False
3,2026-08-08 05:00:00,8,12.0,2026-08-08 05:01:00,2026-08-08 05:14:00,False
3,2026-08-08 05:15:00,7,18.0,2026-08-08 05:15:00,2026-08-08 05:25:00,False
3,2026-08-08 05:30:00,8,12.0,2026-08-08 05:30:00,2026-08-08 05:42:00,False
3,2026-08-08 05:45:00,6,6.0,2026-08-08 05:45:00,2026-08-08 05:59:00,False
3,2026-08-08 06:00:00,9,13.0,2026-08-08 06:01:00,2026-08-08 06:14:00,False
3,2026-08-08 06:15:00,8,12.0,2026-08-08 06:18:00,2026-08-08 06:29:00,False
3,2026-08-08 06:30:00,7,11.0,2026-08-08 06:33:00,2026-08-08 06:44:00,False
3,2026-08-08 06:45:00,10,17.0,2026-08-08 06:45:00,2026-08-08 06:59:00,False
3,2026-08-08 07:00:00,11,23.0,2026-08-08 07:01:00,2026-08-08 07:14:00,False
3,2026-08-08 07:15:00,10,14.0,2026-08-08 07:15:00,2026-08-08 07:28:00,False
3,2026-08-08 07:30:00,13,27.0,2026-08-08 07:30:00,2026-08-08 07:44:00,False
3,2026-08-08 07:45:00,13,28.0,2026-08-08 07:45:00,2026-08-08 07:59:00,False
3,2026-08-08 08:00:00,15,54.0,2026-08-08 08:00:00,2026-08-08 08:14:00,False
3,2026-08-08 08:15:00,14,59.0,2026-08-08 08:15:00,2026-08-08 08:29:00,False
3,2026-08-08 08:30:00,15,73.0,2026-08-08 08:30:00,2026-08-08 08:44:00,False
3,2026-08-08 08:45:00,15,69.0,2026-08-08 08:45:00,2026-08-08 08:59:00,False
3,2026-08-08 09:00:00,13,76.0,2026-08-08 09:00:00,2026-08-08 09:14:00,False
3,2026-08-08 09:15:00,15,118.0,2026-08-08 09:15:00,2026-08-08 09:29:00,False
3,2026-08-08 09:30:00,15,130.0,2026-08-08 09:30:00,2026-08-08 09:44:00,False
3,2026-08-08 09:45:00,15,146.0,2026-08-08 09:45:00,2026-08-08 09:59:00,False
3,2026-08-08 10:00:00,15,176.0,2026-08-08 10:00:00,2026-08-08 10:14:00,False
3,2026-08-08 10:15:00,15,228.0,2026-08-08 10:15:00,2026-08-08 10:29:00,False
3,2026-08-08 10:30:00,15,286.0,2026-08-08 10:30:00,2026-08-08 10:44:00,False
3,2026-08-08 10:45:00,15,288.0,2026-08-08 10:45:00,2026-08-08 10:59:00,False
3,2026-08-08 11:00:00,15,317.0,2026-08-08 11:00:00,2026-08-08 11:14:00,False
3,2026-08-08 11:15:00,15,376.0,2026-08-08 11:15:00,2026-08-08 11:29:00,False
3,2026-08-08 11:30:00,15,412.0,2026-08-08 11:30:00,2026-08-08 11:44:00,False
3,2026-08-08 11:45:00,15,420.0,2026-08-08 11:45:00,2026-08-08 11:59:00,False
3,2026-08-08 12:00:00,15,511.0,2026-08-08 12:00:00,2026-08-08 12:14:00,False
3,2026-08-08 12:15:00,15,521.0,2026-08-08 12:15:00,2026-08-08 12:29:00,False
3,2026-08-08 12:30:00,15,510.0,2026-08-08 12:30:00,2026-08-08 12:44:00,False
3,2026-08-08 12:45:00,15,593.0,2026-08-08 12:45:00,2026-08-08 12:59:00,False
3,2026-08-08 13:00:00,15,623.0,2026-08-08 13:00:00,2026-08-08 13:14:00,False
3,2026-08-08 13:15:00,15,653.0,2026-08-08 13:15:00,2026-08-08 13:29:00,False
3,2026-08-08 13:30:00,15,705.0,2026-08-08 13:30:00,2026-08-08 13:44:00,False
3,2026-08-08 13:45:00,15,722.0,2026-08-08 13:45:00,2026-08-08 13:59:00,False
3,2026-08-08 14:00:00,15,796.0,2026-08-08 14:00:00,2026-08-08 14:14:00,False
3,2026-08-08 14:15:00,15,740.0,2026-08-08 14:15:00,2026-08-08 14:29:00,False
3,2026-08-08 14:30:00,15,764.0,2026-08-08 14:30:00,2026-08-08 14:44:00,False
3,2026-08-08 14:45:00,15,799.0,2026-08-08 14:45:00,2026-08-08 14:59:00,False
3,2026-08-08 15:00:00,15,798.0,2026-08-08 15:00:00,2026-08-08 15:14:00,False
3,2026-08-08 15:15:00,15,766.0,2026-08-08 15:15:00,2026-08-08 15:29:00,False
3,2026-08-08 15:30:00,15,822.0,2026-08-08 15:30:00,2026-08-08 15:44:00,False
3,2026-08-08 15:45:00,15,872.0,2026-08-08 15:45:00,2026-08-08 15:59:00,False
3,2026-08-08 16:00:00,15,793.0,2026-08-08 16:00:00,2026-08-08 16:14:00,False
3,2026-08-08 16:15:00,15,781.0,2026-08-08 16:15:00,2026-08-08 16:29:00,False
3,2026-08-08 16:30:00,15,889.0,2026-08-08 16:30:00,2026-08-08 16:44:00,False
3,2026-08-08 16:45:00,15,837.0,2026-08-08 16:45:00,2026-08-08 16:59:00,False
3,2026-08-08 17:00:00,15,856.0,2026-08-08 17:00:00,2026-08-08 17:14:00,False
3,2026-08-08 17:15:00,15,834.0,2026-08-08 17:15:00,2026-08-08 17:29:00,False
3,2026-08-08 17:30:00,15,849.0,2026-08-08 17:30:00,2026-08-08 17:44:00,False
3,2026-08-08 17:45:00,15,893.0,2026-08-08 17:45:00,2026-08-08 17:59:00,False
3,2026-08-08 18:00:00,15,846.0,2026-08-08 18:00:00,2026-08-08 18:14:00,False
3,2026-08-08 18:15:00,15,632.0,2026-08-08 18:15:00,2026-08-08 18:29:00,False
3,2026-08-08 18:30:00,15,545.0,2026-08-08 18:30:00,2026-08-08 18:44:00,False
3,2026-08-08 18:45:00,15,549.0,2026-08-08 18:45:00,2026-08-08 18:59:00,False
3,2026-08-08 19:00:00,15,594.0,2026-08-08 19:00:00,2026-08-08 19:14:00,False
3,2026-08-08 19:15:00,15,567.0,2026-08-08 19:15:00,2026-08-08 19:29:00,False
3,2026-08-08 19:30:00,15,733.0,2026-08-08 19:30:00,2026-08-08 19:44:00,False
3,2026-08-08 19:45:00,15,814.0,2026-08-08 19:45:00,2026-08-08 19:59:00,False
3,2026-08-08 20:00:00,15,755.0,2026-08-08 20:00:00,2026-08-08 20:14:00,False
3,2026-08-08 20:15:00,15,660.0,2026-08-08 20:15:00,2026-08-08 20:29:00,False
3,2026-08-08 20:30:00,15,603.0,2026-08-08 20:30:00,2026-08-08 20:44:00,False
3,2026-08-08 20:45:00,15,508.0,2026-08-08 20:45:00,2026-08-08 20:59:00,False
3,2026-08-08 21:00:00,15,558.0,2026-08-08 21:00:00,2026-08-08 21:14:00,False
3,2026-08-08 21:15:00,15,462.0,2026-08-08 21:15:00,2026-08-08 21:29:00,False
3,2026-08-08 21:30:00,5,152.0,2026-08-08 21:30:00,2026-08-08 21:34:00,False
4,2026-08-07 23:45:00,5,62.0,2026-08-07 23:55:00,2026-08-07 23:59:00,False
4,2026-08-08 00:00:00,15,142.0,2026-08-08 00:00:00,2026-08-08 00:14:00,False
4,2026-08-08 00:15:00,15,165.0,2026-08-08 00:15:00,2026-08-08 00:29:00,False
4,2026-08-08 00:30:00,15,154.0,2026-08-08 00:30:00,2026-08-08 00:44:00,False
4,2026-08-08 00:45:00,15,139.0,2026-08-08 00:45:00,2026-08-08 00:59:00,False
4,2026-08-08 01:00:00,15,178.0,2026-08-08 01:00:00,2026-08-08 01:14:00,False
4,2026-08-08 01:15:00,15,420.0,2026-08-08 01:15:00,2026-08-08 01:29:00,False
4,2026-08-08 01:30:00,15,170.0,2026-08-08 01:30:00,2026-08-08 01:44:00,False
4,2026-08-08 01:45:00,13,63.0,2026-08-08 01:46:00,2026-08-08 01:59:00,False
4,2026-08-08 02:00:00,14,94.0,2026-08-08 02:00:00,2026-08-08 02:14:00,False
4,2026-08-08 02:15:00,12,53.0,2026-08-08 02:16:00,2026-08-08 02:29:00,False
4,2026-08-08 02:30:00,13,33.0,2026-08-08 02:30:00,2026-08-08 02:44:00,False
4,2026-08-08 02:45:00,12,53.0,2026-08-08 02:45:00,2026-08-08 02:59:00,False
4,2026-08-08 03:00:00,10,47.0,2026-08-08 03:00:00,2026-08-08 03:14:00,False
4,2026-08-08 03:15:00,13,31.0,2026-08-08 03:15:00,2026-08-08 03:29:00,False
4,2026-08-08 03:30:00,11,27.0,2026-08-08 03:30:00,2026-08-08 03:43:00,False
4,2026-08-08 03:45:00,7,14.0,2026-08-08 03:45:00,2026-08-08 03:58:00,False
4,2026-08-08 04:00:00,7,9.0,2026-08-08 04:00:00,2026-08-08 04:14:00,False
4,2026-08-08 04:15:00,10,26.0,2026-08-08 04:15:00,2026-08-08 04:29:00,False
4,2026-08-08 04:30:00,11,34.0,2026-08-08 04:30:00,2026-08-08 04:44:00,False
4,2026-08-08 04:45:00,9,16.0,2026-08-08 04:47:00,2026-08-08 04:59:00,False
4,2026-08-08 05:00:00,6,13.0,2026-08-08 05:00:00,2026-08-08 05:13:00,False
4,2026-08-08 05:15:00,8,11.0,2026-08-08 05:15:00,2026-08-08 05:29:00,False
4,2026-08-08 05:30:00,6,11.0,2026-08-08 05:30:00,2026-08-08 05:44:00,False
4,2026-08-08 05:45:00,10,14.0,2026-08-08 05:46:00,2026-08-08 05:59:00,False
4,2026-08-08 06:00:00,10,15.0,2026-08-08 06:02:00,2026-08-08 06:14:00,False
4,2026-08-08 06:15:00,9,13.0,2026-08-08 06:15:00,2026-08-08 06:29:00,False
4,2026-08-08 06:30:00,12,31.0,2026-08-08 06:30:00,2026-08-08 06:44:00,False
4,2026-08-08 06:45:00,10,21.0,2026-08-08 06:46:00,2026-08-08 06:59:00,False
4,2026-08-08 07:00:00,11,27.0,2026-08-08 07:00:00,2026-08-08 07:14:00,False
4,2026-08-08 07:15:00,14,47.0,2026-08-08 07:15:00,2026-08-08 07:29:00,False
4,2026-08-08 07:30:00,14,41.0,2026-08-08 07:30:00,2026-08-08 07:44:00,False
4,2026-08-08 07:45:00,13,56.0,2026-08-08 07:45:00,2026-08-08 07:59:00,False
4,2026-08-08 08:00:00,14,59.0,2026-08-08 08:00:00,2026-08-08 08:14:00,False
4,2026-08-08 08:15:00,15,79.0,2026-08-08 08:15:00,2026-08-08 08:29:00,False
4,2026-08-08 08:30:00,15,120.0,2026-08-08 08:30:00,2026-08-08 08:44:00,False
4,2026-08-08 08:45:00,15,145.0,2026-08-08 08:45:00,2026-08-08 08:59:00,False
4,2026-08-08 09:00:00,15,173.0,2026-08-08 09:00:00,2026-08-08 09:14:00,False
4,2026-08-08 09:15:00,15,209.0,2026-08-08 09:15:00,2026-08-08 09:29:00,False
4,2026-08-08 09:30:00,15,299.0,2026-08-08 09:30:00,2026-08-08 09:44:00,False
4,2026-08-08 09:45:00,15,346.0,2026-08-08 09:45:00,2026-08-08 09:59:00,False
4,2026-08-08 10:00:00,15,314.0,2026-08-08 10:00:00,2026-08-08 10:14:00,False
4,2026-08-08 10:15:00,15,479.0,2026-08-08 10:15:00,2026-08-08 10:29:00,False
4,2026-08-08 10:30:00,15,453.0,2026-08-08 10:30:00,2026-08-08 10:44:00,False
4,2026-08-08 10:45:00,15,508.0,2026-08-08 10:45:00,2026-08-08 10:59:00,False
4,2026-08-08 11:00:00,15,573.0,2026-08-08 11:00:00,2026-08-08 11:14:00,False
4,2026-08-08 11:15:00,15,676.0,2026-08-08 11:15:00,2026-08-08 11:29:00,False
4,2026-08-08 11:30:00,15,675.0,2026-08-08 11:30:00,2026-08-08 11:44:00,False
4,2026-08-08 11:45:00,15,728.0,2026-08-08 11:45:00,2026-08-08 11:59:00,False
4,2026-08-08 12:00:00,15,735.0,2026-08-08 12:00:00,2026-08-08 12:14:00,False
4,2026-08-08 12:15:00,15,838.0,2026-08-08 12:15:00,2026-08-08 12:29:00,False
4,2026-08-08 12:30:00,15,898.0,2026-08-08 12:30:00,2026-08-08 12:44:00,False
4,2026-08-08 12:45:00,15,811.0,2026-08-08 12:45:00,2026-08-08 12:59:00,False
4,2026-08-08 13:00:00,15,848.0,2026-08-08 13:00:00,2026-08-08 13:14:00,False
4,2026-08-08 13:15:00,15,904.0,2026-08-08 13:15:00,2026-08-08 13:29:00,False
4,2026-08-08 13:30:00,15,849.0,2026-08-08 13:30:00,2026-08-08 13:44:00,False
4,2026-08-08 13:45:00,15,890.0,2026-08-08 13:45:00,2026-08-08 13:59:00,False
4,2026-08-08 14:00:00,15,868.0,2026-08-08 14:00:00,2026-08-08 14:14:00,False
4,2026-08-08 14:15:00,15,893.0,2026-08-08 14:15:00,2026-08-08 14:29:00,False
4,2026-08-08 14:30:00,15,959.0,2026-08-08 14:30:00,2026-08-08 14:44:00,False
4,2026-08-08 14:45:00,15,957.0,2026-08-08 14:45:00,2026-08-08 14:59:00,False
4,2026-08-08 15:00:00,15,1012.0,2026-08-08 15:00:00,2026-08-08 15:14:00,False
4,2026-08-08 15:15:00,15,1147.0,2026-08-08 15:15:00,2026-08-08 15:29:00,False
4,2026-08-08 15:30:00,15,935.0,2026-08-08 15:30:00,2026-08-08 15:44:00,False
4,2026-08-08 15:45:00,15,966.0,2026-08-08 15:45:00,2026-08-08 15:59:00,False
4,2026-08-08 16:00:00,15,942.0,2026-08-08 16:00:00,2026-08-08 16:14:00,False
4,2026-08-08 16:15:00,15,1036.0,2026-08-08 16:15:00,2026-08-08 16:29:00,False
4,2026-08-08 16:30:00,15,1131.0,2026-08-08 16:30:00,2026-08-08 16:44:00,False
4,2026-08-08 16:45:00,15,1066.0,2026-08-08 16:45:00,2026-08-08 16:59:00,False
4,2026-08-08 17:00:00,15,999.0,2026-08-08 17:00:00,2026-08-08 17:14:00,False
4,2026-08-08 17:15:00,15,949.0,2026-08-08 17:15:00,2026-08-08 17:29:00,False
4,2026-08-08 17:30:00,15,988.0,2026-08-08 17:30:00,2026-08-08 17:44:00,False
4,2026-08-08 17:45:00,15,1161.0,2026-08-08 17:45:00,2026-08-08 17:59:00,False
4,2026-08-08 18:00:00,15,970.0,2026-08-08 18:00:00,2026-08-08 18:14:00,False
4,2026-08-08 18:15:00,15,780.0,2026-08-08 18:15:00,2026-08-08 18:29:00,False
4,2026-08-08 18:30:00,15,865.0,2026-08-08 18:30:00,2026-08-08 18:44:00,False
4,2026-08-08 18:45:00,15,744.0,2026-08-08 18:45:00,2026-08-08 18:59:00,False
4,2026-08-08 19:00:00,14,710.0,2026-08-08 19:00:00,2026-08-08 19:14:00,False
4,2026-08-08 19:15:00,15,731.0,2026-08-08 19:15:00,2026-08-08 19:29:00,False
4,2026-08-08 19:30:00,15,625.0,2026-08-08 19:30:00,2026-08-08 19:44:00,False
4,2026-08-08 19:45:00,15,637.0,2026-08-08 19:45:00,2026-08-08 19:59:00,False
4,2026-08-08 20:00:00,15,620.0,2026-08-08 20:00:00,2026-08-08 20:14:00,False
4,2026-08-08 20:15:00,15,636.0,2026-08-08 20:15:00,2026-08-08 20:29:00,False
4,2026-08-08 20:30:00,15,578.0,2026-08-08 20:30:00,2026-08-08 20:44:00,False
4,2026-08-08 20:45:00,15,520.0,2026-08-08 20:45:00,2026-08-08 20:59:00,False
4,2026-08-08 21:00:00,15,570.0,2026-08-08 21:00:00,2026-08-08 21:14:00,False
4,2026-08-08 21:15:00,15,498.0,2026-08-08 21:15:00,2026-08-08 21:29:00,False
4,2026-08-08 21:30:00,5,135.0,2026-08-08 21:30:00,2026-08-08 21:34:00,False
5,2026-08-07 23:45:00,1,28.0,2026-08-07 23:55:00,2026-08-07 23:55:00,False
5,2026-08-08 00:00:00,3,87.0,2026-08-08 00:00:00,2026-08-08 00:10:00,False
5,2026-08-08 00:15:00,3,112.0,2026-08-08 00:15:00,2026-08-08 00:25:00,False
5,2026-08-08 00:30:00,3,65.0,2026-08-08 00:30:00,2026-08-08 00:40:00,False
5,2026-08-08 00:45:00,3,52.0,2026-08-08 00:45:00,2026-08-08 00:55:00,False
5,2026-08-08 01:00:00,3,58.0,2026-08-08 01:00:00,2026-08-08 01:10:00,False
5,2026-08-08 01:15:00,3,40.0,2026-08-08 01:15:00,2026-08-08 01:25:00,False
5,2026-08-08 01:30:00,3,51.0,2026-08-08 01:30:00,2026-08-08 01:40:00,False
5,2026-08-08 01:45:00,3,12.0,2026-08-08 01:45:00,2026-08-08 01:55:00,False
5,2026-08-08 02:00:00,3,24.0,2026-08-08 02:00:00,2026-08-08 02:10:00,False
5,2026-08-08 02:15:00,3,33.0,2026-08-08 02:15:00,2026-08-08 02:25:00,False
5,2026-08-08 02:30:00,3,24.0,2026-08-08 02:30:00,2026-08-08 02:40:00,False
5,2026-08-08 02:45:00,3,24.0,2026-08-08 02:45:00,2026-08-08 02:55:00,False
5,2026-08-08 03:00:00,3,19.0,2026-08-08 03:00:00,2026-08-08 03:10:00,False
5,2026-08-08 03:15:00,2,7.0,2026-08-08 03:20:00,2026-08-08 03:25:00,False
5,2026-08-08 03:30:00,3,14.0,2026-08-08 03:30:00,2026-08-08 03:40:00,False
5,2026-08-08 03:45:00,2,15.0,2026-08-08 03:45:00,2026-08-08 03:50:00,False
5,2026-08-08 04:00:00,3,13.0,2026-08-08 04:00:00,2026-08-08 04:10:00,False
5,2026-08-08 04:15:00,3,13.0,2026-08-08 04:15:00,2026-08-08 04:25:00,False
5,2026-08-08 04:30:00,3,11.0,2026-08-08 04:30:00,2026-08-08 04:40:00,False
5,2026-08-08 04:45:00,3,9.0,2026-08-08 04:45:00,2026-08-08 04:55:00,False
5,2026-08-08 05:00:00,2,3.0,2026-08-08 05:00:00,2026-08-08 05:05:00,False
5,2026-08-08 05:15:00,3,11.0,2026-08-08 05:15:00,2026-08-08 05:25:00,False
5,2026-08-08 05:30:00,3,17.0,2026-08-08 05:30:00,2026-08-08 05:40:00,False
5,2026-08-08 05:45:00,3,17.0,2026-08-08 05:45:00,2026-08-08 05:55:00,False
5,2026-08-08 06:00:00,3,21.0,2026-08-08 06:00:00,2026-08-08 06:10:00,False
5,2026-08-08 06:15:00,3,16.0,2026-08-08 06:15:00,2026-08-08 06:25:00,False
5,2026-08-08 06:30:00,3,30.0,2026-08-08 06:30:00,2026-08-08 06:40:00,False
5,2026-08-08 06:45:00,3,19.0,2026-08-08 06:45:00,2026-08-08 06:55:00,False
5,2026-08-08 07:00:00,3,26.0,2026-08-08 07:00:00,2026-08-08 07:10:00,False
5,2026-08-08 07:15:00,3,35.0,2026-08-08 07:15:00,2026-08-08 07:25:00,False
5,2026-08-08 07:30:00,3,54.0,2026-08-08 07:30:00,2026-08-08 07:40:00,False
5,2026-08-08 07:45:00,3,71.0,2026-08-08 07:45:00,2026-08-08 07:55:00,False
5,2026-08-08 08:00:00,3,65.0,2026-08-08 08:00:00,2026-08-08 08:10:00,False
5,2026-08-08 08:15:00,3,85.0,2026-08-08 08:15:00,2026-08-08 08:25:00,False
5,2026-08-08 08:30:00,3,99.0,2026-08-08 08:30:00,2026-08-08 08:40:00,False
5,2026-08-08 08:45:00,3,119.0,2026-08-08 08:45:00,2026-08-08 08:55:00,False
5,2026-08-08 09:00:00,3,118.0,2026-08-08 09:00:00,2026-08-08 09:10:00,False
5,2026-08-08 09:15:00,3,138.0,2026-08-08 09:15:00,2026-08-08 09:25:00,False
5,2026-08-08 09:30:00,3,224.0,2026-08-08 09:30:00,2026-08-08 09:40:00,False
5,2026-08-08 09:45:00,3,283.0,2026-08-08 09:45:00,2026-08-08 09:55:00,False
5,2026-08-08 10:00:00,3,322.0,2026-08-08 10:00:00,2026-08-08 10:10:00,False
5,2026-08-08 10:15:00,3,309.0,2026-08-08 10:15:00,2026-08-08 10:25:00,False
5,2026-08-08 10:30:00,3,355.0,2026-08-08 10:30:00,2026-08-08 10:40:00,False
5,2026-08-08 10:45:00,3,351.0,2026-08-08 10:45:00,2026-08-08 10:55:00,False
5,2026-08-08 11:00:00,3,412.0,2026-08-08 11:00:00,2026-08-08 11:10:00,False
5,2026-08-08 11:15:00,3,430.0,2026-08-08 11:15:00,2026-08-08 11:25:00,False
5,2026-08-08 11:30:00,3,481.0,2026-08-08 11:30:00,2026-08-08 11:40:00,False
5,2026-08-08 11:45:00,3,533.0,2026-08-08 11:45:00,2026-08-08 11:55:00,False
5,2026-08-08 12:00:00,3,537.0,2026-08-08 12:00:00,2026-08-08 12:10:00,False
5,2026-08-08 12:15:00,3,577.0,2026-08-08 12:15:00,2026-08-08 12:25:00,False
5,2026-08-08 12:30:00,3,610.0,2026-08-08 12:30:00,2026-08-08 12:40:00,False
5,2026-08-08 12:45:00,3,527.0,2026-08-08 12:45:00,2026-08-08 12:55:00,False
5,2026-08-08 13:00:00,3,735.0,2026-08-08 13:00:00,2026-08-08 13:10:00,False
5,2026-08-08 13:15:00,3,837.0,2026-08-08 13:15:00,2026-08-08 13:25:00,False
5,2026-08-08 13:30:00,3,1046.0,2026-08-08 13:30:00,2026-08-08 13:40:00,False
5,2026-08-08 13:45:00,3,703.0,2026-08-08 13:45:00,2026-08-08 13:55:00,False
5,2026-08-08 14:00:00,3,542.0,2026-08-08 14:00:00,2026-08-08 14:10:00,False
5,2026-08-08 14:15:00,3,527.0,2026-08-08 14:15:00,2026-08-08 14:25:00,False
5,2026-08-08 14:30:00,3,628.0,2026-08-08 14:30:00,2026-08-08 14:40:00,False
5,2026-08-08 14:45:00,3,674.0,2026-08-08 14:45:00,2026-08-08 14:55:00,False
5,2026-08-08 15:00:00,3,621.0,2026-08-08 15:00:00,2026-08-08 15:10:00,False
5,2026-08-08 15:15:00,3,644.0,2026-08-08 15:15:00,2026-08-08 15:25:00,False
5,2026-08-08 15:30:00,3,609.0,2026-08-08 15:30:00,2026-08-08 15:40:00,False
5,2026-08-08 15:45:00,3,711.0,2026-08-08 15:45:00,2026-08-08 15:55:00,False
5,2026-08-08 16:00:00,3,675.0,2026-08-08 16:00:00,2026-08-08 16:10:00,False
5,2026-08-08 16:15:00,3,1583.0,2026-08-08 16:15:00,2026-08-08 16:25:00,False
5,2026-08-08 16:30:00,3,800.0,2026-08-08 16:30:00,2026-08-08 16:40:00,False
5,2026-08-08 16:45:00,3,753.0,2026-08-08 16:45:00,2026-08-08 16:55:00,False
5,2026-08-08 17:00:00,3,757.0,2026-08-08 17:00:00,2026-08-08 17:10:00,False
5,2026-08-08 17:15:00,3,622.0,2026-08-08 17:15:00,2026-08-08 17:25:00,False
5,2026-08-08 17:30:00,3,683.0,2026-08-08 17:30:00,2026-08-08 17:40:00,False
5,2026-08-08 17:45:00,3,642.0,2026-08-08 17:45:00,2026-08-08 17:55:00,False
5,2026-08-08 18:00:00,3,600.0,2026-08-08 18:00:00,2026-08-08 18:10:00,False
5,2026-08-08 18:15:00,3,266.0,2026-08-08 18:15:00,2026-08-08 18:25:00,False
5,2026-08-08 18:30:00,3,304.0,2026-08-08 18:30:00,2026-08-08 18:40:00,False
5,2026-08-08 18:45:00,3,424.0,2026-08-08 18:45:00,2026-08-08 18:55:00,False
5,2026-08-08 19:00:00,3,347.0,2026-08-08 19:00:00,2026-08-08 19:10:00,False
5,2026-08-08 19:15:00,3,303.0,2026-08-08 19:15:00,2026-08-08 19:25:00,False
5,2026-08-08 19:30:00,3,263.0,2026-08-08 19:30:00,2026-08-08 19:40:00,False
5,2026-08-08 19:45:00,3,290.0,2026-08-08 19:45:00,2026-08-08 19:55:00,False
5,2026-08-08 20:00:00,3,355.0,2026-08-08 20:00:00,2026-08-08 20:10:00,False
5,2026-08-08 20:15:00,3,318.0,2026-08-08 20:15:00,2026-08-08 20:25:00,False
5,2026-08-08 20:30:00,3,210.0,2026-08-08 20:30:00,2026-08-08 20:40:00,False
5,2026-08-08 20:45:00,3,311.0,2026-08-08 20:45:00,2026-08-08 20:55:00,False
5,2026-08-08 21:00:00,3,337.0,2026-08-08 21:00:00,2026-08-08 21:10:00,False
5,2026-08-08 21:15:00,3,205.0,2026-08-08 21:15:00,2026-08-08 21:25:00,False
5,2026-08-08 21:30:00,0,,,,True
6,2026-08-07 23:45:00,3,17.0,2026-08-07 23:55:00,2026-08-07 23:59:00,False
6,2026-08-08 00:00:00,15,60.0,2026-08-08 00:00:00,2026-08-08 00:14:00,False
6,2026-08-08 00:15:00,9,24.0,2026-08-08 00:16:00,2026-08-08 00:28:00,False
6,2026-08-08 00:30:00,12,36.0,2026-08-08 00:31:00,2026-08-08 00:44:00,False
6,2026-08-08 00:45:00,9,27.0,2026-08-08 00:46:00,2026-08-08 00:57:00,False
6,2026-08-08 01:00:00,10,26.0,2026-08-08 01:00:00,2026-08-08 01:14:00,False
6,2026-08-08 01:15:00,5,7.0,2026-08-08 01:16:00,2026-08-08 01:24:00,False
6,2026-08-08 01:30:00,8,10.0,2026-08-08 01:31:00,2026-08-08 01:42:00,False
6,2026-08-08 01:45:00,6,12.0,2026-08-08 01:45:00,2026-08-08 01:59:00,False
6,2026-08-08 02:00:00,6,11.0,2026-08-08 02:01:00,2026-08-08 02:12:00,False
6,2026-08-08 02:15:00,7,8.0,2026-08-08 02:15:00,2026-08-08 02:29:00,False
6,2026-08-08 02:30:00,8,15.0,2026-08-08 02:33:00,2026-08-08 02:44:00,False
6,2026-08-08 02:45:00,4,4.0,2026-08-08 02:48:00,2026-08-08 02:59:00,False
6,2026-08-08 03:00:00,4,4.0,2026-08-08 03:00:00,2026-08-08 03:13:00,False
6,2026-08-08 03:15:00,4,5.0,2026-08-08 03:23:00,2026-08-08 03:28:00,False
6,2026-08-08 03:30:00,5,6.0,2026-08-08 03:35:00,2026-08-08 03:44:00,False
6,2026-08-08 03:45:00,5,11.0,2026-08-08 03:52:00,2026-08-08 03:59:00,False
6,2026-08-08 04:00:00,5,8.0,2026-08-08 04:02:00,2026-08-08 04:12:00,False
6,2026-08-08 04:15:00,5,8.0,2026-08-08 04:17:00,2026-08-08 04:29:00,False
6,2026-08-08 04:30:00,1,1.0,2026-08-08 04:40:00,2026-08-08 04:40:00,False
6,2026-08-08 04:45:00,9,13.0,2026-08-08 04:45:00,2026-08-08 04:59:00,False
6,2026-08-08 05:00:00,2,2.0,2026-08-08 05:10:00,2026-08-08 05:13:00,False
6,2026-08-08 05:15:00,6,11.0,2026-08-08 05:15:00,2026-08-08 05:29:00,False
6,2026-08-08 05:30:00,6,18.0,2026-08-08 05:30:00,2026-08-08 05:44:00,False
6,2026-08-08 05:45:00,7,17.0,2026-08-08 05:45:00,2026-08-08 05:58:00,False
6,2026-08-08 06:00:00,9,22.0,2026-08-08 06:01:00,2026-08-08 06:14:00,False
6,2026-08-08 06:15:00,9,18.0,2026-08-08 06:15:00,2026-08-08 06:29:00,False
6,2026-08-08 06:30:00,13,47.0,2026-08-08 06:30:00,2026-08-08 06:44:00,False
6,2026-08-08 06:45:00,11,30.0,2026-08-08 06:45:00,2026-08-08 06:59:00,False
6,2026-08-08 07:00:00,11,31.0,2026-08-08 07:00:00,2026-08-08 07:14:00,False
6,2026-08-08 07:15:00,10,43.0,2026-08-08 07:15:00,2026-08-08 07:28:00,False
6,2026-08-08 07:30:00,8,30.0,2026-08-08 07:30:00,2026-08-08 07:44:00,False
6,2026-08-08 07:45:00,8,17.0,2026-08-08 07:47:00,2026-08-08 07:59:00,False
6,2026-08-08 08:00:00,13,29.0,2026-08-08 08:00:00,2026-08-08 08:14:00,False
6,2026-08-08 08:15:00,13,46.0,2026-08-08 08:15:00,2026-08-08 08:29:00,False
6,2026-08-08 08:30:00,14,38.0,2026-08-08 08:30:00,2026-08-08 08:44:00,False
6,2026-08-08 08:45:00,13,42.0,2026-08-08 08:45:00,2026-08-08 08:59:00,False
6,2026-08-08 09:00:00,12,49.0,2026-08-08 09:00:00,2026-08-08 09:13:00,False
6,2026-08-08 09:15:00,15,69.0,2026-08-08 09:15:00,2026-08-08 09:29:00,False
6,2026-08-08 09:30:00,11,36.0,2026-08-08 09:32:00,2026-08-08 09:43:00,False
6,2026-08-08 09:45:00,12,31.0,2026-08-08 09:47:00,2026-08-08 09:59:00,False
6,2026-08-08 10:00:00,14,60.0,2026-08-08 10:00:00,2026-08-08 10:14:00,False
6,2026-08-08 10:15:00,14,59.0,2026-08-08 10:15:00,2026-08-08 10:29:00,False
6,2026-08-08 10:30:00,13,57.0,2026-08-08 10:30:00,2026-08-08 10:44:00,False
6,2026-08-08 10:45:00,15,83.0,2026-08-08 10:45:00,2026-08-08 10:59:00,False
6,2026-08-08 11:00:00,14,82.0,2026-08-08 11:00:00,2026-08-08 11:14:00,False
6,2026-08-08 11:15:00,14,64.0,2026-08-08 11:15:00,2026-08-08 11:29:00,False
6,2026-08-08 11:30:00,15,108.0,2026-08-08 11:30:00,2026-08-08 11:44:00,False
6,2026-08-08 11:45:00,14,109.0,2026-08-08 11:45:00,2026-08-08 11:59:00,False
6,2026-08-08 12:00:00,15,86.0,2026-08-08 12:00:00,2026-08-08 12:14:00,False
6,2026-08-08 12:15:00,14,72.0,2026-08-08 12:15:00,2026-08-08 12:29:00,False
6,2026-08-08 12:30:00,15,108.0,2026-08-08 12:30:00,2026-08-08 12:44:00,False
6,2026-08-08 12:45:00,15,84.0,2026-08-08 12:45:00,2026-08-08 12:59:00,False
6,2026-08-08 13:00:00,13,77.0,2026-08-08 13:00:00,2026-08-08 13:13:00,False
6,2026-08-08 13:15:00,14,84.0,2026-08-08 13:15:00,2026-08-08 13:29:00,False
6,2026-08-08 13:30:00,14,96.0,2026-08-08 13:30:00,2026-08-08 13:43:00,False
6,2026-08-08 13:45:00,15,81.0,2026-08-08 13:45:00,2026-08-08 13:59:00,False
6,2026-08-08 14:00:00,14,121.0,2026-08-08 14:00:00,2026-08-08 14:13:00,False
6,2026-08-08 14:15:00,15,85.0,2026-08-08 14:15:00,2026-08-08 14:29:00,False
6,2026-08-08 14:30:00,15,98.0,2026-08-08 14:30:00,2026-08-08 14:44:00,False
6,2026-08-08 14:45:00,15,132.0,2026-08-08 14:45:00,2026-08-08 14:59:00,False
6,2026-08-08 15:00:00,15,151.0,2026-08-08 15:00:00,2026-08-08 15:14:00,False
6,2026-08-08 15:15:00,15,178.0,2026-08-08 15:15:00,2026-08-08 15:29:00,False
6,2026-08-08 15:30:00,15,141.0,2026-08-08 15:30:00,2026-08-08 15:44:00,False
6,2026-08-08 15:45:00,15,97.0,2026-08-08 15:45:00,2026-08-08 15:59:00,False
6,2026-08-08 16:00:00,15,137.0,2026-08-08 16:00:00,2026-08-08 16:14:00,False
6,2026-08-08 16:15:00,15,171.0,2026-08-08 16:15:00,2026-08-08 16:29:00,False
6,2026-08-08 16:30:00,15,158.0,2026-08-08 16:30:00,2026-08-08 16:44:00,False
6,2026-08-08 16:45:00,15,146.0,2026-08-08 16:45:00,2026-08-08 16:59:00,False
6,2026-08-08 17:00:00,15,165.0,2026-08-08 17:00:00,2026-08-08 17:14:00,False
6,2026-08-08 17:15:00,14,131.0,2026-08-08 17:15:00,2026-08-08 17:29:00,False
6,2026-08-08 17:30:00,15,169.0,2026-08-08 17:30:00,2026-08-08 17:44:00,False
6,2026-08-08 17:45:00,15,146.0,2026-08-08 17:45:00,2026-08-08 17:59:00,False
6,2026-08-08 18:00:00,15,144.0,2026-08-08 18:00:00,2026-08-08 18:14:00,False
6,2026-08-08 18:15:00,15,120.0,2026-08-08 18:15:00,2026-08-08 18:29:00,False
6,2026-08-08 18:30:00,15,135.0,2026-08-08 18:30:00,2026-08-08 18:44:00,False
6,2026-08-08 18:45:00,14,100.0,2026-08-08 18:45:00,2026-08-08 18:59:00,False
6,2026-08-08 19:00:00,15,130.0,2026-08-08 19:00:00,2026-08-08 19:14:00,False
6,2026-08-08 19:15:00,15,71.0,2026-08-08 19:15:00,2026-08-08 19:29:00,False
6,2026-08-08 19:30:00,14,84.0,2026-08-08 19:30:00,2026-08-08 19:44:00,False
6,2026-08-08 19:45:00,14,68.0,2026-08-08 19:46:00,2026-08-08 19:59:00,False
6,2026-08-08 20:00:00,14,61.0,2026-08-08 20:00:00,2026-08-08 20:14:00,False
6,2026-08-08 20:15:00,14,60.0,2026-08-08 20:15:00,2026-08-08 20:29:00,False
6,2026-08-08 20:30:00,13,65.0,2026-08-08 20:30:00,2026-08-08 20:44:00,False
6,2026-08-08 20:45:00,15,88.0,2026-08-08 20:45:00,2026-08-08 20:59:00,False
6,2026-08-08 21:00:00,14,86.0,2026-08-08 21:00:00,2026-08-08 21:14:00,False
6,2026-08-08 21:15:00,13,61.0,2026-08-08 21:15:00,2026-08-08 21:29:00,False
6,2026-08-08 21:30:00,2,7.0,2026-08-08 21:30:00,2026-08-08 21:32:00,False
8,2026-08-07 23:45:00,0,,,,True
8,2026-08-08 00:00:00,0,,,,True
8,2026-08-08 00:15:00,0,,,,True
8,2026-08-08 00:30:00,0,,,,True
8,2026-08-08 00:45:00,0,,,,True
8,2026-08-08 01:00:00,0,,,,True
8,2026-08-08 01:15:00,0,,,,True
8,2026-08-08 01:30:00,1,1.0,2026-08-08 01:31:00,2026-08-08 01:31:00,False
8,2026-08-08 01:45:00,0,,,,True
8,2026-08-08 02:00:00,0,,,,True
8,2026-08-08 02:15:00,0,,,,True
8,2026-08-08 02:30:00,0,,,,True
8,2026-08-08 02:45:00,0,,,,True
8,2026-08-08 03:00:00,0,,,,True
8,2026-08-08 03:15:00,1,1.0,2026-08-08 03:21:00,2026-08-08 03:21:00,False
8,2026-08-08 03:30:00,0,,,,True
8,2026-08-08 03:45:00,0,,,,True
8,2026-08-08 04:00:00,0,,,,True
8,2026-08-08 04:15:00,0,,,,True
8,2026-08-08 04:30:00,0,,,,True
8,2026-08-08 04:45:00,0,,,,True
8,2026-08-08 05:00:00,0,,,,True
8,2026-08-08 05:15:00,0,,,,True
8,2026-08-08 05:30:00,0,,,,True
8,2026-08-08 05:45:00,0,,,,True
8,2026-08-08 06:00:00,1,1.0,2026-08-08 06:00:00,2026-08-08 06:00:00,False
8,2026-08-08 06:15:00,0,,,,True
8,2026-08-08 06:30:00,1,1.0,2026-08-08 06:36:00,2026-08-08 06:36:00,False
8,2026-08-08 06:45:00,6,8.0,2026-08-08 06:47:00,2026-08-08 06:58:00,False
8,2026-08-08 07:00:00,9,14.0,2026-08-08 07:02:00,2026-08-08 07:14:00,False
8,2026-08-08 07:15:00,12,32.0,2026-08-08 07:16:00,2026-08-08 07:29:00,False
8,2026-08-08 07:30:00,14,45.0,2026-08-08 07:31:00,2026-08-08 07:44:00,False
8,2026-08-08 07:45:00,11,37.0,2026-08-08 07:45:00,2026-08-08 07:59:00,False
8,2026-08-08 08:00:00,10,37.0,2026-08-08 08:00:00,2026-08-08 08:14:00,False
8,2026-08-08 08:15:00,13,52.0,2026-08-08 08:16:00,2026-08-08 08:29:00,False
8,2026-08-08 08:30:00,15,70.0,2026-08-08 08:30:00,2026-08-08 08:44:00,False
8,2026-08-08 08:45:00,14,85.0,2026-08-08 08:45:00,2026-08-08 08:59:00,False
8,2026-08-08 09:00:00,13,77.0,2026-08-08 09:00:00,2026-08-08 09:14:00,False
8,2026-08-08 09:15:00,15,68.0,2026-08-08 09:15:00,2026-08-08 09:29:00,False
8,2026-08-08 09:30:00,15,73.0,2026-08-08 09:30:00,2026-08-08 09:44:00,False
8,2026-08-08 09:45:00,14,81.0,2026-08-08 09:45:00,2026-08-08 09:59:00,False
8,2026-08-08 10:00:00,13,76.0,2026-08-08 10:00:00,2026-08-08 10:14:00,False
8,2026-08-08 10:15:00,15,79.0,2026-08-08 10:15:00,2026-08-08 10:29:00,False
8,2026-08-08 10:30:00,15,95.0,2026-08-08 10:30:00,2026-08-08 10:44:00,False
8,2026-08-08 10:45:00,15,94.0,2026-08-08 10:45:00,2026-08-08 10:59:00,False
8,2026-08-08 11:00:00,15,93.0,2026-08-08 11:00:00,2026-08-08 11:14:00,False
8,2026-08-08 11:15:00,15,122.0,2026-08-08 11:15:00,2026-08-08 11:29:00,False
8,2026-08-08 11:30:00,15,123.0,2026-08-08 11:30:00,2026-08-08 11:44:00,False
8,2026-08-08 11:45:00,15,144.0,2026-08-08 11:45:00,2026-08-08 11:59:00,False
8,2026-08-08 12:00:00,15,131.0,2026-08-08 12:00:00,2026-08-08 12:14:00,False
8,2026-08-08 12:15:00,15,103.0,2026-08-08 12:15:00,2026-08-08 12:29:00,False
8,2026-08-08 12:30:00,15,143.0,2026-08-08 12:30:00,2026-08-08 12:44:00,False
8,2026-08-08 12:45:00,15,94.0,2026-08-08 12:45:00,2026-08-08 12:59:00,False
8,2026-08-08 13:00:00,15,116.0,2026-08-08 13:00:00,2026-08-08 13:14:00,False
8,2026-08-08 13:15:00,15,105.0,2026-08-08 13:15:00,2026-08-08 13:29:00,False
8,2026-08-08 13:30:00,14,118.0,2026-08-08 13:30:00,2026-08-08 13:44:00,False
8,2026-08-08 13:45:00,15,159.0,2026-08-08 13:45:00,2026-08-08 13:59:00,False
8,2026-08-08 14:00:00,15,133.0,2026-08-08 14:00:00,2026-08-08 14:14:00,False
8,2026-08-08 14:15:00,15,154.0,2026-08-08 14:15:00,2026-08-08 14:29:00,False
8,2026-08-08 14:30:00,15,140.0,2026-08-08 14:30:00,2026-08-08 14:44:00,False
8,2026-08-08 14:45:00,15,158.0,2026-08-08 14:45:00,2026-08-08 14:59:00,False
8,2026-08-08 15:00:00,15,170.0,2026-08-08 15:00:00,2026-08-08 15:14:00,False
8,2026-08-08 15:15:00,15,146.0,2026-08-08 15:15:00,2026-08-08 15:29:00,False
8,2026-08-08 15:30:00,15,156.0,2026-08-08 15:30:00,2026-08-08 15:44:00,False
8,2026-08-08 15:45:00,15,136.0,2026-08-08 15:45:00,2026-08-08 15:59:00,False
8,2026-08-08 16:00:00,15,149.0,2026-08-08 16:00:00,2026-08-08 16:14:00,False
8,2026-08-08 16:15:00,15,126.0,2026-08-08 16:15:00,2026-08-08 16:29:00,False
8,2026-08-08 16:30:00,15,110.0,2026-08-08 16:30:00,2026-08-08 16:44:00,False
8,2026-08-08 16:45:00,14,113.0,2026-08-08 16:45:00,2026-08-08 16:58:00,False
8,2026-08-08 17:00:00,15,104.0,2026-08-08 17:00:00,2026-08-08 17:14:00,False
8,2026-08-08 17:15:00,15,101.0,2026-08-08 17:15:00,2026-08-08 17:29:00,False
8,2026-08-08 17:30:00,15,87.0,2026-08-08 17:30:00,2026-08-08 17:44:00,False
8,2026-08-08 17:45:00,14,90.0,2026-08-08 17:45:00,2026-08-08 17:59:00,False
8,2026-08-08 18:00:00,7,17.0,2026-08-08 18:02:00,2026-08-08 18:10:00,False
8,2026-08-08 18:15:00,8,9.0,2026-08-08 18:15:00,2026-08-08 18:28:00,False
8,2026-08-08 18:30:00,5,9.0,2026-08-08 18:31:00,2026-08-08 18:41:00,False
8,2026-08-08 18:45:00,4,4.0,2026-08-08 18:45:00,2026-08-08 18:59:00,False
8,2026-08-08 19:00:00,1,1.0,2026-08-08 19:12:00,2026-08-08 19:12:00,False
8,2026-08-08 19:15:00,2,2.0,2026-08-08 19:25:00,2026-08-08 19:28:00,False
8,2026-08-08 19:30:00,2,2.0,2026-08-08 19:35:00,2026-08-08 19:37:00,False
8,2026-08-08 19:45:00,3,5.0,2026-08-08 19:52:00,2026-08-08 19:59:00,False
8,2026-08-08 20:00:00,2,3.0,2026-08-08 20:07:00,2026-08-08 20:09:00,False
8,2026-08-08 20:15:00,2,2.0,2026-08-08 20:17:00,2026-08-08 20:22:00,False
8,2026-08-08 20:30:00,0,,,,True
8,2026-08-08 20:45:00,2,2.0,2026-08-08 20:50:00,2026-08-08 20:55:00,False
8,2026-08-08 21:00:00,2,2.0,2026-08-08 21:01:00,2026-08-08 21:02:00,False
8,2026-08-08 21:15:00,3,3.0,2026-08-08 21:20:00,2026-08-08 21:29:00,False
8,2026-08-08 21:30:00,0,,,,True
9,2026-08-07 23:45:00,1,1.0,2026-08-07 23:59:00,2026-08-07 23:59:00,False
9,2026-08-08 00:00:00,6,12.0,2026-08-08 00:02:00,2026-08-08 00:10:00,False
9,2026-08-08 00:15:00,3,7.0,2026-08-08 00:22:00,2026-08-08 00:27:00,False
9,2026-08-08 00:30:00,1,1.0,2026-08-08 00:36:00,2026-08-08 00:36:00,False
9,2026-08-08 00:45:00,1,1.0,2026-08-08 00:59:00,2026-08-08 00:59:00,False
9,2026-08-08 01:00:00,4,6.0,2026-08-08 01:01:00,2026-08-08 01:06:00,False
9,2026-08-08 01:15:00,1,1.0,2026-08-08 01:15:00,2026-08-08 01:15:00,False
9,2026-08-08 01:30:00,3,4.0,2026-08-08 01:33:00,2026-08-08 01:41:00,False
9,2026-08-08 01:45:00,2,2.0,2026-08-08 01:50:00,2026-08-08 01:53:00,False
9,2026-08-08 02:00:00,3,6.0,2026-08-08 02:02:00,2026-08-08 02:05:00,False
9,2026-08-08 02:15:00,2,3.0,2026-08-08 02:19:00,2026-08-08 02:25:00,False
9,2026-08-08 02:30:00,0,,,,True
9,2026-08-08 02:45:00,2,4.0,2026-08-08 02:50:00,2026-08-08 02:58:00,False
9,2026-08-08 03:00:00,0,,,,True
9,2026-08-08 03:15:00,3,3.0,2026-08-08 03:16:00,2026-08-08 03:21:00,False
9,2026-08-08 03:30:00,1,2.0,2026-08-08 03:35:00,2026-08-08 03:35:00,False
9,2026-08-08 03:45:00,2,3.0,2026-08-08 03:52:00,2026-08-08 03:59:00,False
9,2026-08-08 04:00:00,3,3.0,2026-08-08 04:01:00,2026-08-08 04:13:00,False
9,2026-08-08 04:15:00,1,1.0,2026-08-08 04:17:00,2026-08-08 04:17:00,False
9,2026-08-08 04:30:00,3,3.0,2026-08-08 04:30:00,2026-08-08 04:37:00,False
9,2026-08-08 04:45:00,1,1.0,2026-08-08 04:48:00,2026-08-08 04:48:00,False
9,2026-08-08 05:00:00,1,1.0,2026-08-08 05:11:00,2026-08-08 05:11:00,False
9,2026-08-08 05:15:00,4,4.0,2026-08-08 05:17:00,2026-08-08 05:23:00,False
9,2026-08-08 05:30:00,0,,,,True
9,2026-08-08 05:45:00,4,10.0,2026-08-08 05:48:00,2026-08-08 05:59:00,False
9,2026-08-08 06:00:00,2,4.0,2026-08-08 06:03:00,2026-08-08 06:06:00,False
9,2026-08-08 06:15:00,5,6.0,2026-08-08 06:16:00,2026-08-08 06:29:00,False
9,2026-08-08 06:30:00,4,7.0,2026-08-08 06:30:00,2026-08-08 06:43:00,False
9,2026-08-08 06:45:00,8,11.0,2026-08-08 06:45:00,2026-08-08 06:58:00,False
9,2026-08-08 07:00:00,10,16.0,2026-08-08 07:00:00,2026-08-08 07:14:00,False
9,2026-08-08 07:15:00,9,11.0,2026-08-08 07:15:00,2026-08-08 07:27:00,False
9,2026-08-08 07:30:00,4,8.0,2026-08-08 07:35:00,2026-08-08 07:43:00,False
9,2026-08-08 07:45:00,12,19.0,2026-08-08 07:45:00,2026-08-08 07:59:00,False
9,2026-08-08 08:00:00,10,19.0,2026-08-08 08:01:00,2026-08-08 08:14:00,False
9,2026-08-08 08:15:00,8,13.0,2026-08-08 08:16:00,2026-08-08 08:25:00,False
9,2026-08-08 08:30:00,9,18.0,2026-08-08 08:30:00,2026-08-08 08:44:00,False
9,2026-08-08 08:45:00,11,21.0,2026-08-08 08:46:00,2026-08-08 08:59:00,False
9,2026-08-08 09:00:00,11,24.0,2026-08-08 09:00:00,2026-08-08 09:14:00,False
9,2026-08-08 09:15:00,8,17.0,2026-08-08 09:20:00,2026-08-08 09:29:00,False
9,2026-08-08 09:30:00,11,18.0,2026-08-08 09:30:00,2026-08-08 09:43:00,False
9,2026-08-08 09:45:00,7,13.0,2026-08-08 09:46:00,2026-08-08 09:58:00,False
9,2026-08-08 10:00:00,11,34.0,2026-08-08 10:00:00,2026-08-08 10:14:00,False
9,2026-08-08 10:15:00,14,29.0,2026-08-08 10:15:00,2026-08-08 10:29:00,False
9,2026-08-08 10:30:00,12,39.0,2026-08-08 10:32:00,2026-08-08 10:44:00,False
9,2026-08-08 10:45:00,9,33.0,2026-08-08 10:46:00,2026-08-08 10:59:00,False
9,2026-08-08 11:00:00,13,39.0,2026-08-08 11:00:00,2026-08-08 11:14:00,False
9,2026-08-08 11:15:00,10,26.0,2026-08-08 11:15:00,2026-08-08 11:29:00,False
9,2026-08-08 11:30:00,12,34.0,2026-08-08 11:30:00,2026-08-08 11:44:00,False
9,2026-08-08 11:45:00,12,37.0,2026-08-08 11:45:00,2026-08-08 11:59:00,False
9,2026-08-08 12:00:00,12,34.0,2026-08-08 12:00:00,2026-08-08 12:14:00,False
9,2026-08-08 12:15:00,11,32.0,2026-08-08 12:15:00,2026-08-08 12:29:00,False
9,2026-08-08 12:30:00,12,40.0,2026-08-08 12:30:00,2026-08-08 12:44:00,False
9,2026-08-08 12:45:00,14,39.0,2026-08-08 12:45:00,2026-08-08 12:59:00,False
9,2026-08-08 13:00:00,12,29.0,2026-08-08 13:00:00,2026-08-08 13:14:00,False
9,2026-08-08 13:15:00,13,32.0,2026-08-08 13:16:00,2026-08-08 13:29:00,False
9,2026-08-08 13:30:00,11,54.0,2026-08-08 13:30:00,2026-08-08 13:43:00,False
9,2026-08-08 13:45:00,13,36.0,2026-08-08 13:45:00,2026-08-08 13:59:00,False
9,2026-08-08 14:00:00,13,38.0,2026-08-08 14:02:00,2026-08-08 14:14:00,False
9,2026-08-08 14:15:00,11,27.0,2026-08-08 14:16:00,2026-08-08 14:29:00,False
9,2026-08-08 14:30:00,13,46.0,2026-08-08 14:30:00,2026-08-08 14:44:00,False
9,2026-08-08 14:45:00,14,32.0,2026-08-08 14:45:00,2026-08-08 14:59:00,False
9,2026-08-08 15:00:00,11,26.0,2026-08-08 15:00:00,2026-08-08 15:14:00,False
9,2026-08-08 15:15:00,13,47.0,2026-08-08 15:15:00,2026-08-08 15:29:00,False
9,2026-08-08 15:30:00,13,50.0,2026-08-08 15:30:00,2026-08-08 15:44:00,False
9,2026-08-08 15:45:00,11,41.0,2026-08-08 15:45:00,2026-08-08 15:59:00,False
9,2026-08-08 16:00:00,11,28.0,2026-08-08 16:00:00,2026-08-08 16:14:00,False
9,2026-08-08 16:15:00,14,76.0,2026-08-08 16:15:00,2026-08-08 16:29:00,False
9,2026-08-08 16:30:00,15,69.0,2026-08-08 16:30:00,2026-08-08 16:44:00,False
9,2026-08-08 16:45:00,15,57.0,2026-08-08 16:45:00,2026-08-08 16:59:00,False
9,2026-08-08 17:00:00,13,37.0,2026-08-08 17:00:00,2026-08-08 17:14:00,False
9,2026-08-08 17:15:00,14,40.0,2026-08-08 17:15:00,2026-08-08 17:29:00,False
9,2026-08-08 17:30:00,13,39.0,2026-08-08 17:30:00,2026-08-08 17:44:00,False
9,2026-08-08 17:45:00,11,41.0,2026-08-08 17:45:00,2026-08-08 17:59:00,False
9,2026-08-08 18:00:00,12,35.0,2026-08-08 18:00:00,2026-08-08 18:14:00,False
9,2026-08-08 18:15:00,11,27.0,2026-08-08 18:17:00,2026-08-08 18:29:00,False
9,2026-08-08 18:30:00,12,28.0,2026-08-08 18:30:00,2026-08-08 18:44:00,False
9,2026-08-08 18:45:00,8,16.0,2026-08-08 18:45:00,2026-08-08 18:59:00,False
9,2026-08-08 19:00:00,8,15.0,2026-08-08 19:00:00,2026-08-08 19:10:00,False
9,2026-08-08 19:15:00,8,17.0,2026-08-08 19:15:00,2026-08-08 19:28:00,False
9,2026-08-08 19:30:00,8,23.0,2026-08-08 19:32:00,2026-08-08 19:44:00,False
9,2026-08-08 19:45:00,5,17.0,2026-08-08 19:47:00,2026-08-08 19:55:00,False
9,2026-08-08 20:00:00,8,16.0,2026-08-08 20:01:00,2026-08-08 20:14:00,False
9,2026-08-08 20:15:00,8,17.0,2026-08-08 20:16:00,2026-08-08 20:29:00,False
9,2026-08-08 20:30:00,5,7.0,2026-08-08 20:32:00,2026-08-08 20:43:00,False
9,2026-08-08 20:45:00,7,11.0,2026-08-08 20:45:00,2026-08-08 20:58:00,False
9,2026-08-08 21:00:00,7,22.0,2026-08-08 21:01:00,2026-08-08 21:12:00,False
9,2026-08-08 21:15:00,9,24.0,2026-08-08 21:16:00,2026-08-08 21:29:00,False
9,2026-08-08 21:30:00,3,7.0,2026-08-08 21:30:00,2026-08-08 21:33:00,False
10,2026-08-07 23:45:00,0,,,,True
10,2026-08-08 00:00:00,4,10.0,2026-08-08 00:01:00,2026-08-08 00:08:00,False
10,2026-08-08 00:15:00,0,,,,True
10,2026-08-08 00:30:00,1,1.0,2026-08-08 00:37:00,2026-08-08 00:37:00,False
10,2026-08-08 00:45:00,3,3.0,2026-08-08 00:47:00,2026-08-08 00:59:00,False
10,2026-08-08 01:00:00,2,3.0,2026-08-08 01:05:00,2026-08-08 01:06:00,False
10,2026-08-08 01:15:00,2,2.0,2026-08-08 01:20:00,2026-08-08 01:22:00,False
10,2026-08-08 01:30:00,1,2.0,2026-08-08 01:33:00,2026-08-08 01:33:00,False
10,2026-08-08 01:45:00,1,1.0,2026-08-08 01:50:00,2026-08-08 01:50:00,False
10,2026-08-08 02:00:00,2,2.0,2026-08-08 02:03:00,2026-08-08 02:12:00,False
10,2026-08-08 02:15:00,0,,,,True
10,2026-08-08 02:30:00,0,,,,True
10,2026-08-08 02:45:00,1,1.0,2026-08-08 02:55:00,2026-08-08 02:55:00,False
10,2026-08-08 03:00:00,0,,,,True
10,2026-08-08 03:15:00,1,1.0,2026-08-08 03:17:00,2026-08-08 03:17:00,False
10,2026-08-08 03:30:00,2,2.0,2026-08-08 03:31:00,2026-08-08 03:32:00,False
10,2026-08-08 03:45:00,0,,,,True
10,2026-08-08 04:00:00,0,,,,True
10,2026-08-08 04:15:00,0,,,,True
10,2026-08-08 04:30:00,0,,,,True
10,2026-08-08 04:45:00,1,1.0,2026-08-08 04:54:00,2026-08-08 04:54:00,False
10,2026-08-08 05:00:00,0,,,,True
10,2026-08-08 05:15:00,0,,,,True
10,2026-08-08 05:30:00,3,4.0,2026-08-08 05:31:00,2026-08-08 05:44:00,False
10,2026-08-08 05:45:00,0,,,,True
10,2026-08-08 06:00:00,1,2.0,2026-08-08 06:06:00,2026-08-08 06:06:00,False
10,2026-08-08 06:15:00,1,1.0,2026-08-08 06:15:00,2026-08-08 06:15:00,False
10,2026-08-08 06:30:00,3,3.0,2026-08-08 06:32:00,2026-08-08 06:40:00,False
10,2026-08-08 06:45:00,1,1.0,2026-08-08 06:46:00,2026-08-08 06:46:00,False
10,2026-08-08 07:00:00,1,1.0,2026-08-08 07:08:00,2026-08-08 07:08:00,False
10,2026-08-08 07:15:00,3,4.0,2026-08-08 07:15:00,2026-08-08 07:26:00,False
10,2026-08-08 07:30:00,5,8.0,2026-08-08 07:30:00,2026-08-08 07:44:00,False
10,2026-08-08 07:45:00,6,7.0,2026-08-08 07:51:00,2026-08-08 07:59:00,False
10,2026-08-08 08:00:00,6,9.0,2026-08-08 08:00:00,2026-08-08 08:11:00,False
10,2026-08-08 08:15:00,7,11.0,2026-08-08 08:15:00,2026-08-08 08:28:00,False
10,2026-08-08 08:30:00,6,13.0,2026-08-08 08:31:00,2026-08-08 08:44:00,False
10,2026-08-08 08:45:00,7,19.0,2026-08-08 08:45:00,2026-08-08 08:59:00,False
10,2026-08-08 09:00:00,7,13.0,2026-08-08 09:00:00,2026-08-08 09:12:00,False
10,2026-08-08 09:15:00,7,13.0,2026-08-08 09:16:00,2026-08-08 09:26:00,False
10,2026-08-08 09:30:00,11,22.0,2026-08-08 09:31:00,2026-08-08 09:42:00,False
10,2026-08-08 09:45:00,9,15.0,2026-08-08 09:45:00,2026-08-08 09:58:00,False
10,2026-08-08 10:00:00,12,22.0,2026-08-08 10:00:00,2026-08-08 10:13:00,False
10,2026-08-08 10:15:00,9,17.0,2026-08-08 10:15:00,2026-08-08 10:29:00,False
10,2026-08-08 10:30:00,8,14.0,2026-08-08 10:32:00,2026-08-08 10:44:00,False
10,2026-08-08 10:45:00,14,30.0,2026-08-08 10:45:00,2026-08-08 10:59:00,False
10,2026-08-08 11:00:00,8,20.0,2026-08-08 11:03:00,2026-08-08 11:12:00,False
10,2026-08-08 11:15:00,10,34.0,2026-08-08 11:17:00,2026-08-08 11:28:00,False
10,2026-08-08 11:30:00,8,11.0,2026-08-08 11:30:00,2026-08-08 11:44:00,False
10,2026-08-08 11:45:00,11,20.0,2026-08-08 11:45:00,2026-08-08 11:58:00,False
10,2026-08-08 12:00:00,5,17.0,2026-08-08 12:01:00,2026-08-08 12:14:00,False
10,2026-08-08 12:15:00,10,20.0,2026-08-08 12:15:00,2026-08-08 12:28:00,False
10,2026-08-08 12:30:00,13,32.0,2026-08-08 12:31:00,2026-08-08 12:44:00,False
10,2026-08-08 12:45:00,13,37.0,2026-08-08 12:47:00,2026-08-08 12:59:00,False
10,2026-08-08 13:00:00,11,26.0,2026-08-08 13:00:00,2026-08-08 13:13:00,False
10,2026-08-08 13:15:00,10,26.0,2026-08-08 13:15:00,2026-08-08 13:29:00,False
10,2026-08-08 13:30:00,7,15.0,2026-08-08 13:30:00,2026-08-08 13:41:00,False
10,2026-08-08 13:45:00,8,15.0,2026-08-08 13:45:00,2026-08-08 13:57:00,False
10,2026-08-08 14:00:00,8,15.0,2026-08-08 14:01:00,2026-08-08 14:11:00,False
10,2026-08-08 14:15:00,8,15.0,2026-08-08 14:15:00,2026-08-08 14:28:00,False
10,2026-08-08 14:30:00,10,22.0,2026-08-08 14:31:00,2026-08-08 14:42:00,False
10,2026-08-08 14:45:00,6,15.0,2026-08-08 14:47:00,2026-08-08 14:59:00,False
10,2026-08-08 15:00:00,2,8.0,2026-08-08 15:03:00,2026-08-08 15:14:00,False
10,2026-08-08 15:15:00,11,25.0,2026-08-08 15:15:00,2026-08-08 15:29:00,False
10,2026-08-08 15:30:00,4,5.0,2026-08-08 15:31:00,2026-08-08 15:36:00,False
10,2026-08-08 15:45:00,10,18.0,2026-08-08 15:45:00,2026-08-08 15:59:00,False
10,2026-08-08 16:00:00,10,38.0,2026-08-08 16:00:00,2026-08-08 16:14:00,False
10,2026-08-08 16:15:00,9,22.0,2026-08-08 16:16:00,2026-08-08 16:29:00,False
10,2026-08-08 16:30:00,12,25.0,2026-08-08 16:31:00,2026-08-08 16:44:00,False
10,2026-08-08 16:45:00,9,27.0,2026-08-08 16:45:00,2026-08-08 16:59:00,False
10,2026-08-08 17:00:00,9,16.0,2026-08-08 17:00:00,2026-08-08 17:13:00,False
10,2026-08-08 17:15:00,10,24.0,2026-08-08 17:15:00,2026-08-08 17:29:00,False
10,2026-08-08 17:30:00,10,17.0,2026-08-08 17:30:00,2026-08-08 17:44:00,False
10,2026-08-08 17:45:00,10,18.0,2026-08-08 17:47:00,2026-08-08 17:59:00,False
10,2026-08-08 18:00:00,11,27.0,2026-08-08 18:01:00,2026-08-08 18:13:00,False
10,2026-08-08 18:15:00,12,33.0,2026-08-08 18:15:00,2026-08-08 18:28:00,False
10,2026-08-08 18:30:00,9,23.0,2026-08-08 18:30:00,2026-08-08 18:44:00,False
10,2026-08-08 18:45:00,10,27.0,2026-08-08 18:45:00,2026-08-08 18:59:00,False
10,2026-08-08 19:00:00,7,18.0,2026-08-08 19:02:00,2026-08-08 19:10:00,False
10,2026-08-08 19:15:00,9,27.0,2026-08-08 19:15:00,2026-08-08 19:29:00,False
10,2026-08-08 19:30:00,8,18.0,2026-08-08 19:30:00,2026-08-08 19:43:00,False
10,2026-08-08 19:45:00,5,11.0,2026-08-08 19:49:00,2026-08-08 19:57:00,False
10,2026-08-08 20:00:00,6,10.0,2026-08-08 20:00:00,2026-08-08 20:11:00,False
10,2026-08-08 20:15:00,6,11.0,2026-08-08 20:16:00,2026-08-08 20:26:00,False
10,2026-08-08 20:30:00,5,9.0,2026-08-08 20:34:00,2026-08-08 20:44:00,False
10,2026-08-08 20:45:00,6,10.0,2026-08-08 20:45:00,2026-08-08 20:58:00,False
10,2026-08-08 21:00:00,3,5.0,2026-08-08 21:03:00,2026-08-08 21:13:00,False
10,2026-08-08 21:15:00,7,19.0,2026-08-08 21:16:00,2026-08-08 21:27:00,False
10,2026-08-08 21:30:00,1,3.0,2026-08-08 21:31:00,2026-08-08 21:31:00,False
11,2026-08-07 23:45:00,2,3.0,2026-08-07 23:55:00,2026-08-07 23:56:00,False
11,2026-08-08 00:00:00,6,10.0,2026-08-08 00:00:00,2026-08-08 00:11:00,False
11,2026-08-08 00:15:00,4,6.0,2026-08-08 00:15:00,2026-08-08 00:28:00,False
11,2026-08-08 00:30:00,5,6.0,2026-08-08 00:30:00,2026-08-08 00:40:00,False
11,2026-08-08 00:45:00,6,11.0,2026-08-08 00:45:00,2026-08-08 00:54:00,False
11,2026-08-08 01:00:00,2,3.0,2026-08-08 01:00:00,2026-08-08 01:10:00,False
11,2026-08-08 01:15:00,3,5.0,2026-08-08 01:19:00,2026-08-08 01:25:00,False
11,2026-08-08 01:30:00,2,2.0,2026-08-08 01:33:00,2026-08-08 01:40:00,False
11,2026-08-08 01:45:00,0,,,,True
11,2026-08-08 02:00:00,1,1.0,2026-08-08 02:01:00,2026-08-08 02:01:00,False
11,2026-08-08 02:15:00,0,,,,True
11,2026-08-08 02:30:00,0,,,,True
11,2026-08-08 02:45:00,0,,,,True
11,2026-08-08 03:00:00,2,2.0,2026-08-08 03:00:00,2026-08-08 03:08:00,False
11,2026-08-08 03:15:00,0,,,,True
11,2026-08-08 03:30:00,1,1.0,2026-08-08 03:40:00,2026-08-08 03:40:00,False
11,2026-08-08 03:45:00,0,,,,True
11,2026-08-08 04:00:00,0,,,,True
11,2026-08-08 04:15:00,1,1.0,2026-08-08 04:27:00,2026-08-08 04:27:00,False
11,2026-08-08 04:30:00,0,,,,True
11,2026-08-08 04:45:00,0,,,,True
11,2026-08-08 05:00:00,0,,,,True
11,2026-08-08 05:15:00,0,,,,True
11,2026-08-08 05:30:00,1,1.0,2026-08-08 05:42:00,2026-08-08 05:42:00,False
11,2026-08-08 05:45:00,4,4.0,2026-08-08 05:50:00,2026-08-08 05:59:00,False
11,2026-08-08 06:00:00,0,,,,True
11,2026-08-08 06:15:00,3,3.0,2026-08-08 06:23:00,2026-08-08 06:26:00,False
11,2026-08-08 06:30:00,3,6.0,2026-08-08 06:30:00,2026-08-08 06:44:00,False
11,2026-08-08 06:45:00,4,5.0,2026-08-08 06:45:00,2026-08-08 06:55:00,False
11,2026-08-08 07:00:00,6,8.0,2026-08-08 07:00:00,2026-08-08 07:10:00,False
11,2026-08-08 07:15:00,7,16.0,2026-08-08 07:15:00,2026-08-08 07:28:00,False
11,2026-08-08 07:30:00,11,21.0,2026-08-08 07:31:00,2026-08-08 07:44:00,False
11,2026-08-08 07:45:00,9,20.0,2026-08-08 07:45:00,2026-08-08 07:59:00,False
11,2026-08-08 08:00:00,13,32.0,2026-08-08 08:00:00,2026-08-08 08:14:00,False
11,2026-08-08 08:15:00,9,25.0,2026-08-08 08:15:00,2026-08-08 08:29:00,False
11,2026-08-08 08:30:00,13,41.0,2026-08-08 08:30:00,2026-08-08 08:44:00,False
11,2026-08-08 08:45:00,11,34.0,2026-08-08 08:45:00,2026-08-08 08:59:00,False
11,2026-08-08 09:00:00,9,24.0,2026-08-08 09:00:00,2026-08-08 09:12:00,False
11,2026-08-08 09:15:00,12,39.0,2026-08-08 09:15:00,2026-08-08 09:29:00,False
11,2026-08-08 09:30:00,15,43.0,2026-08-08 09:30:00,2026-08-08 09:44:00,False
11,2026-08-08 09:45:00,12,40.0,2026-08-08 09:45:00,2026-08-08 09:59:00,False
11,2026-08-08 10:00:00,14,36.0,2026-08-08 10:00:00,2026-08-08 10:14:00,False
11,2026-08-08 10:15:00,11,47.0,2026-08-08 10:15:00,2026-08-08 10:29:00,False
11,2026-08-08 10:30:00,12,30.0,2026-08-08 10:30:00,2026-08-08 10:43:00,False
11,2026-08-08 10:45:00,14,59.0,2026-08-08 10:45:00,2026-08-08 10:59:00,False
11,2026-08-08 11:00:00,14,63.0,2026-08-08 11:00:00,2026-08-08 11:14:00,False
11,2026-08-08 11:15:00,12,63.0,2026-08-08 11:15:00,2026-08-08 11:29:00,False
11,2026-08-08 11:30:00,15,91.0,2026-08-08 11:30:00,2026-08-08 11:43:00,False
11,2026-08-08 11:45:00,12,47.0,2026-08-08 11:45:00,2026-08-08 11:59:00,False
11,2026-08-08 12:00:00,13,72.0,2026-08-08 12:00:00,2026-08-08 12:14:00,False
11,2026-08-08 12:15:00,13,63.0,2026-08-08 12:15:00,2026-08-08 12:29:00,False
11,2026-08-08 12:30:00,10,46.0,2026-08-08 12:30:00,2026-08-08 12:41:00,False
11,2026-08-08 12:45:00,12,62.0,2026-08-08 12:45:00,2026-08-08 12:57:00,False
11,2026-08-08 13:00:00,13,57.0,2026-08-08 13:00:00,2026-08-08 13:14:00,False
11,2026-08-08 13:15:00,11,54.0,2026-08-08 13:15:00,2026-08-08 13:29:00,False
11,2026-08-08 13:30:00,14,50.0,2026-08-08 13:30:00,2026-08-08 13:44:00,False
11,2026-08-08 13:45:00,14,57.0,2026-08-08 13:45:00,2026-08-08 13:59:00,False
11,2026-08-08 14:00:00,16,71.0,2026-08-08 14:00:00,2026-08-08 14:14:00,False
11,2026-08-08 14:15:00,14,83.0,2026-08-08 14:15:00,2026-08-08 14:29:00,False
11,2026-08-08 14:30:00,14,102.0,2026-08-08 14:30:00,2026-08-08 14:44:00,False
11,2026-08-08 14:45:00,10,62.0,2026-08-08 14:45:00,2026-08-08 14:59:00,False
11,2026-08-08 15:00:00,16,79.0,2026-08-08 15:00:00,2026-08-08 15:14:00,False
11,2026-08-08 15:15:00,14,66.0,2026-08-08 15:15:00,2026-08-08 15:29:00,False
11,2026-08-08 15:30:00,13,81.0,2026-08-08 15:30:00,2026-08-08 15:43:00,False
11,2026-08-08 15:45:00,11,80.0,2026-08-08 15:45:00,2026-08-08 15:58:00,False
11,2026-08-08 16:00:00,9,50.0,2026-08-08 16:00:00,2026-08-08 16:14:00,False
11,2026-08-08 16:15:00,14,77.0,2026-08-08 16:15:00,2026-08-08 16:29:00,False
11,2026-08-08 16:30:00,14,77.0,2026-08-08 16:30:00,2026-08-08 16:43:00,False
11,2026-08-08 16:45:00,14,121.0,2026-08-08 16:45:00,2026-08-08 16:59:00,False
11,2026-08-08 17:00:00,14,86.0,2026-08-08 17:00:00,2026-08-08 17:14:00,False
11,2026-08-08 17:15:00,12,67.0,2026-08-08 17:15:00,2026-08-08 17:29:00,False
11,2026-08-08 17:30:00,12,70.0,2026-08-08 17:30:00,2026-08-08 17:44:00,False
11,2026-08-08 17:45:00,9,56.0,2026-08-08 17:45:00,2026-08-08 17:57:00,False
11,2026-08-08 18:00:00,13,46.0,2026-08-08 18:00:00,2026-08-08 18:14:00,False
11,2026-08-08 18:15:00,8,25.0,2026-08-08 18:15:00,2026-08-08 18:25:00,False
11,2026-08-08 18:30:00,6,8.0,2026-08-08 18:30:00,2026-08-08 18:40:00,False
11,2026-08-08 18:45:00,1,1.0,2026-08-08 18:55:00,2026-08-08 18:55:00,False
11,2026-08-08 19:00:00,3,12.0,2026-08-08 19:05:00,2026-08-08 19:10:00,False
11,2026-08-08 19:15:00,4,10.0,2026-08-08 19:15:00,2026-08-08 19:25:00,False
11,2026-08-08 19:30:00,7,22.0,2026-08-08 19:30:00,2026-08-08 19:42:00,False
11,2026-08-08 19:45:00,6,14.0,2026-08-08 19:45:00,2026-08-08 19:57:00,False
11,2026-08-08 20:00:00,3,8.0,2026-08-08 20:00:00,2026-08-08 20:05:00,False
11,2026-08-08 20:15:00,3,12.0,2026-08-08 20:15:00,2026-08-08 20:22:00,False
11,2026-08-08 20:30:00,3,8.0,2026-08-08 20:31:00,2026-08-08 20:40:00,False
11,2026-08-08 20:45:00,4,9.0,2026-08-08 20:45:00,2026-08-08 20:55:00,False
11,2026-08-08 21:00:00,0,,,,True
11,2026-08-08 21:15:00,5,11.0,2026-08-08 21:15:00,2026-08-08 21:25:00,False
11,2026-08-08 21:30:00,3,3.0,2026-08-08 21:30:00,2026-08-08 21:34:00,False
12,2026-08-07 23:45:00,0,,,,True
12,2026-08-08 00:00:00,3,4.0,2026-08-08 00:06:00,2026-08-08 00:13:00,False
12,2026-08-08 00:15:00,5,10.0,2026-08-08 00:15:00,2026-08-08 00:29:00,False
12,2026-08-08 00:30:00,4,5.0,2026-08-08 00:30:00,2026-08-08 00:41:00,False
12,2026-08-08 00:45:00,4,7.0,2026-08-08 00:49:00,2026-08-08 00:56:00,False
12,2026-08-08 01:00:00,1,1.0,2026-08-08 01:12:00,2026-08-08 01:12:00,False
12,2026-08-08 01:15:00,2,2.0,2026-08-08 01:17:00,2026-08-08 01:22:00,False
12,2026-08-08 01:30:00,1,1.0,2026-08-08 01:39:00,2026-08-08 01:39:00,False
12,2026-08-08 01:45:00,0,,,,True
12,2026-08-08 02:00:00,0,,,,True
12,2026-08-08 02:15:00,0,,,,True
12,2026-08-08 02:30:00,2,2.0,2026-08-08 02:31:00,2026-08-08 02:39:00,False
12,2026-08-08 02:45:00,0,,,,True
12,2026-08-08 03:00:00,0,,,,True
12,2026-08-08 03:15:00,0,,,,True
12,2026-08-08 03:30:00,0,,,,True
12,2026-08-08 03:45:00,0,,,,True
12,2026-08-08 04:00:00,0,,,,True
12,2026-08-08 04:15:00,1,1.0,2026-08-08 04:18:00,2026-08-08 04:18:00,False
12,2026-08-08 04:30:00,0,,,,True
12,2026-08-08 04:45:00,0,,,,True
12,2026-08-08 05:00:00,0,,,,True
12,2026-08-08 05:15:00,0,,,,True
12,2026-08-08 05:30:00,0,,,,True
12,2026-08-08 05:45:00,0,,,,True
12,2026-08-08 06:00:00,1,1.0,2026-08-08 06:13:00,2026-08-08 06:13:00,False
12,2026-08-08 06:15:00,0,,,,True
12,2026-08-08 06:30:00,2,2.0,2026-08-08 06:32:00,2026-08-08 06:35:00,False
12,2026-08-08 06:45:00,0,,,,True
12,2026-08-08 07:00:00,8,10.0,2026-08-08 07:04:00,2026-08-08 07:14:00,False
12,2026-08-08 07:15:00,8,15.0,2026-08-08 07:15:00,2026-08-08 07:29:00,False
12,2026-08-08 07:30:00,14,32.0,2026-08-08 07:30:00,2026-08-08 07:44:00,False
12,2026-08-08 07:45:00,12,23.0,2026-08-08 07:45:00,2026-08-08 07:59:00,False
12,2026-08-08 08:00:00,13,43.0,2026-08-08 08:00:00,2026-08-08 08:14:00,False
12,2026-08-08 08:15:00,13,39.0,2026-08-08 08:15:00,2026-08-08 08:29:00,False
12,2026-08-08 08:30:00,11,38.0,2026-08-08 08:30:00,2026-08-08 08:43:00,False
12,2026-08-08 08:45:00,13,40.0,2026-08-08 08:45:00,2026-08-08 08:58:00,False
12,2026-08-08 09:00:00,12,41.0,2026-08-08 09:00:00,2026-08-08 09:14:00,False
12,2026-08-08 09:15:00,14,49.0,2026-08-08 09:15:00,2026-08-08 09:29:00,False
12,2026-08-08 09:30:00,15,72.0,2026-08-08 09:30:00,2026-08-08 09:44:00,False
12,2026-08-08 09:45:00,15,58.0,2026-08-08 09:45:00,2026-08-08 09:59:00,False
12,2026-08-08 10:00:00,15,79.0,2026-08-08 10:00:00,2026-08-08 10:14:00,False
12,2026-08-08 10:15:00,14,62.0,2026-08-08 10:16:00,2026-08-08 10:29:00,False
12,2026-08-08 10:30:00,15,61.0,2026-08-08 10:30:00,2026-08-08 10:44:00,False
12,2026-08-08 10:45:00,15,104.0,2026-08-08 10:45:00,2026-08-08 10:59:00,False
12,2026-08-08 11:00:00,15,110.0,2026-08-08 11:00:00,2026-08-08 11:14:00,False
12,2026-08-08 11:15:00,15,82.0,2026-08-08 11:15:00,2026-08-08 11:29:00,False
12,2026-08-08 11:30:00,15,132.0,2026-08-08 11:30:00,2026-08-08 11:44:00,False
12,2026-08-08 11:45:00,14,66.0,2026-08-08 11:45:00,2026-08-08 11:59:00,False
12,2026-08-08 12:00:00,15,101.0,2026-08-08 12:00:00,2026-08-08 12:14:00,False
12,2026-08-08 12:15:00,15,97.0,2026-08-08 12:15:00,2026-08-08 12:29:00,False
12,2026-08-08 12:30:00,15,83.0,2026-08-08 12:30:00,2026-08-08 12:44:00,False
12,2026-08-08 12:45:00,13,100.0,2026-08-08 12:45:00,2026-08-08 12:59:00,False
12,2026-08-08 13:00:00,15,98.0,2026-08-08 13:00:00,2026-08-08 13:14:00,False
12,2026-08-08 13:15:00,14,94.0,2026-08-08 13:15:00,2026-08-08 13:29:00,False
12,2026-08-08 13:30:00,14,82.0,2026-08-08 13:30:00,2026-08-08 13:44:00,False
12,2026-08-08 13:45:00,15,80.0,2026-08-08 13:45:00,2026-08-08 13:59:00,False
12,2026-08-08 14:00:00,15,102.0,2026-08-08 14:00:00,2026-08-08 14:14:00,False
12,2026-08-08 14:15:00,15,141.0,2026-08-08 14:15:00,2026-08-08 14:29:00,False
12,2026-08-08 14:30:00,14,120.0,2026-08-08 14:30:00,2026-08-08 14:43:00,False
12,2026-08-08 14:45:00,15,124.0,2026-08-08 14:45:00,2026-08-08 14:59:00,False
12,2026-08-08 15:00:00,15,125.0,2026-08-08 15:00:00,2026-08-08 15:14:00,False
12,2026-08-08 15:15:00,15,138.0,2026-08-08 15:15:00,2026-08-08 15:29:00,False
12,2026-08-08 15:30:00,14,91.0,2026-08-08 15:30:00,2026-08-08 15:43:00,False
12,2026-08-08 15:45:00,15,103.0,2026-08-08 15:45:00,2026-08-08 15:59:00,False
12,2026-08-08 16:00:00,15,122.0,2026-08-08 16:00:00,2026-08-08 16:14:00,False
12,2026-08-08 16:15:00,15,119.0,2026-08-08 16:15:00,2026-08-08 16:29:00,False
12,2026-08-08 16:30:00,15,118.0,2026-08-08 16:30:00,2026-08-08 16:44:00,False
12,2026-08-08 16:45:00,15,197.0,2026-08-08 16:45:00,2026-08-08 16:59:00,False
12,2026-08-08 17:00:00,15,118.0,2026-08-08 17:00:00,2026-08-08 17:14:00,False
12,2026-08-08 17:15:00,15,143.0,2026-08-08 17:15:00,2026-08-08 17:29:00,False
12,2026-08-08 17:30:00,15,104.0,2026-08-08 17:30:00,2026-08-08 17:44:00,False
12,2026-08-08 17:45:00,12,66.0,2026-08-08 17:46:00,2026-08-08 17:58:00,False
12,2026-08-08 18:00:00,13,36.0,2026-08-08 18:00:00,2026-08-08 18:14:00,False
12,2026-08-08 18:15:00,8,15.0,2026-08-08 18:15:00,2026-08-08 18:29:00,False
12,2026-08-08 18:30:00,5,7.0,2026-08-08 18:30:00,2026-08-08 18:41:00,False
12,2026-08-08 18:45:00,2,2.0,2026-08-08 18:52:00,2026-08-08 18:57:00,False
12,2026-08-08 19:00:00,6,6.0,2026-08-08 19:00:00,2026-08-08 19:13:00,False
12,2026-08-08 19:15:00,5,5.0,2026-08-08 19:20:00,2026-08-08 19:29:00,False
12,2026-08-08 19:30:00,6,10.0,2026-08-08 19:33:00,2026-08-08 19:44:00,False
12,2026-08-08 19:45:00,6,13.0,2026-08-08 19:46:00,2026-08-08 19:59:00,False
12,2026-08-08 20:00:00,10,26.0,2026-08-08 20:00:00,2026-08-08 20:13:00,False
12,2026-08-08 20:15:00,5,10.0,2026-08-08 20:15:00,2026-08-08 20:25:00,False
12,2026-08-08 20:30:00,2,4.0,2026-08-08 20:37:00,2026-08-08 20:40:00,False
12,2026-08-08 20:45:00,6,12.0,2026-08-08 20:45:00,2026-08-08 20:52:00,False
12,2026-08-08 21:00:00,1,1.0,2026-08-08 21:04:00,2026-08-08 21:04:00,False
12,2026-08-08 21:15:00,4,5.0,2026-08-08 21:20:00,2026-08-08 21:27:00,False
12,2026-08-08 21:30:00,3,3.0,2026-08-08 21:31:00,2026-08-08 21:33:00,False
14,2026-08-07 23:45:00,3,6.0,2026-08-07 23:55:00,2026-08-07 23:58:00,False
14,2026-08-08 00:00:00,3,3.0,2026-08-08 00:05:00,2026-08-08 00:12:00,False
14,2026-08-08 00:15:00,5,8.0,2026-08-08 00:15:00,2026-08-08 00:29:00,False
14,2026-08-08 00:30:00,3,6.0,2026-08-08 00:37:00,2026-08-08 00:41:00,False
14,2026-08-08 00:45:00,3,3.0,2026-08-08 00:45:00,2026-08-08 00:56:00,False
14,2026-08-08 01:00:00,2,2.0,2026-08-08 01:08:00,2026-08-08 01:12:00,False
14,2026-08-08 01:15:00,3,3.0,2026-08-08 01:18:00,2026-08-08 01:27:00,False
14,2026-08-08 01:30:00,2,2.0,2026-08-08 01:30:00,2026-08-08 01:32:00,False
14,2026-08-08 01:45:00,1,1.0,2026-08-08 01:56:00,2026-08-08 01:56:00,False
14,2026-08-08 02:00:00,2,2.0,2026-08-08 02:06:00,2026-08-08 02:13:00,False
14,2026-08-08 02:15:00,1,2.0,2026-08-08 02:29:00,2026-08-08 02:29:00,False
14,2026-08-08 02:30:00,1,2.0,2026-08-08 02:36:00,2026-08-08 02:36:00,False
14,2026-08-08 02:45:00,0,,,,True
14,2026-08-08 03:00:00,0,,,,True
14,2026-08-08 03:15:00,0,,,,True
14,2026-08-08 03:30:00,0,,,,True
14,2026-08-08 03:45:00,1,1.0,2026-08-08 03:49:00,2026-08-08 03:49:00,False
14,2026-08-08 04:00:00,0,,,,True
14,2026-08-08 04:15:00,0,,,,True
14,2026-08-08 04:30:00,0,,,,True
14,2026-08-08 04:45:00,2,2.0,2026-08-08 04:47:00,2026-08-08 04:49:00,False
14,2026-08-08 05:00:00,0,,,,True
14,2026-08-08 05:15:00,0,,,,True
14,2026-08-08 05:30:00,0,,,,True
14,2026-08-08 05:45:00,0,,,,True
14,2026-08-08 06:00:00,0,,,,True
14,2026-08-08 06:15:00,1,1.0,2026-08-08 06:21:00,2026-08-08 06:21:00,False
14,2026-08-08 06:30:00,2,2.0,2026-08-08 06:32:00,2026-08-08 06:34:00,False
14,2026-08-08 06:45:00,0,,,,True
14,2026-08-08 07:00:00,6,10.0,2026-08-08 07:05:00,2026-08-08 07:14:00,False
14,2026-08-08 07:15:00,9,13.0,2026-08-08 07:15:00,2026-08-08 07:29:00,False
14,2026-08-08 07:30:00,10,23.0,2026-08-08 07:30:00,2026-08-08 07:44:00,False
14,2026-08-08 07:45:00,8,12.0,2026-08-08 07:46:00,2026-08-08 07:59:00,False
14,2026-08-08 08:00:00,10,34.0,2026-08-08 08:05:00,2026-08-08 08:14:00,False
14,2026-08-08 08:15:00,14,40.0,2026-08-08 08:15:00,2026-08-08 08:29:00,False
14,2026-08-08 08:30:00,14,48.0,2026-08-08 08:30:00,2026-08-08 08:44:00,False
14,2026-08-08 08:45:00,14,100.0,2026-08-08 08:45:00,2026-08-08 08:59:00,False
14,2026-08-08 09:00:00,10,50.0,2026-08-08 09:05:00,2026-08-08 09:14:00,False
14,2026-08-08 09:15:00,14,79.0,2026-08-08 09:15:00,2026-08-08 09:29:00,False
14,2026-08-08 09:30:00,15,75.0,2026-08-08 09:30:00,2026-08-08 09:44:00,False
14,2026-08-08 09:45:00,15,75.0,2026-08-08 09:45:00,2026-08-08 09:59:00,False
14,2026-08-08 10:00:00,10,49.0,2026-08-08 10:05:00,2026-08-08 10:14:00,False
14,2026-08-08 10:15:00,14,100.0,2026-08-08 10:15:00,2026-08-08 10:29:00,False
14,2026-08-08 10:30:00,15,114.0,2026-08-08 10:30:00,2026-08-08 10:44:00,False
14,2026-08-08 10:45:00,15,107.0,2026-08-08 10:45:00,2026-08-08 10:59:00,False
14,2026-08-08 11:00:00,10,63.0,2026-08-08 11:05:00,2026-08-08 11:14:00,False
14,2026-08-08 11:15:00,15,78.0,2026-08-08 11:15:00,2026-08-08 11:29:00,False
14,2026-08-08 11:30:00,14,100.0,2026-08-08 11:30:00,2026-08-08 11:44:00,False
14,2026-08-08 11:45:00,15,132.0,2026-08-08 11:45:00,2026-08-08 11:59:00,False
14,2026-08-08 12:00:00,9,63.0,2026-08-08 12:05:00,2026-08-08 12:14:00,False
14,2026-08-08 12:15:00,15,117.0,2026-08-08 12:15:00,2026-08-08 12:29:00,False
14,2026-08-08 12:30:00,15,137.0,2026-08-08 12:30:00,2026-08-08 12:44:00,False
14,2026-08-08 12:45:00,15,126.0,2026-08-08 12:45:00,2026-08-08 12:59:00,False
14,2026-08-08 13:00:00,10,91.0,2026-08-08 13:05:00,2026-08-08 13:14:00,False
14,2026-08-08 13:15:00,15,94.0,2026-08-08 13:15:00,2026-08-08 13:29:00,False
14,2026-08-08 13:30:00,14,82.0,2026-08-08 13:30:00,2026-08-08 13:44:00,False
14,2026-08-08 13:45:00,15,133.0,2026-08-08 13:45:00,2026-08-08 13:59:00,False
14,2026-08-08 14:00:00,10,85.0,2026-08-08 14:05:00,2026-08-08 14:14:00,False
14,2026-08-08 14:15:00,15,140.0,2026-08-08 14:15:00,2026-08-08 14:29:00,False
14,2026-08-08 14:30:00,15,112.0,2026-08-08 14:30:00,2026-08-08 14:44:00,False
14,2026-08-08 14:45:00,15,165.0,2026-08-08 14:45:00,2026-08-08 14:59:00,False
14,2026-08-08 15:00:00,10,107.0,2026-08-08 15:05:00,2026-08-08 15:14:00,False
14,2026-08-08 15:15:00,15,155.0,2026-08-08 15:15:00,2026-08-08 15:29:00,False
14,2026-08-08 15:30:00,15,170.0,2026-08-08 15:30:00,2026-08-08 15:44:00,False
14,2026-08-08 15:45:00,15,158.0,2026-08-08 15:45:00,2026-08-08 15:59:00,False
14,2026-08-08 16:00:00,10,128.0,2026-08-08 16:05:00,2026-08-08 16:14:00,False
14,2026-08-08 16:15:00,15,204.0,2026-08-08 16:15:00,2026-08-08 16:29:00,False
14,2026-08-08 16:30:00,15,189.0,2026-08-08 16:30:00,2026-08-08 16:44:00,False
14,2026-08-08 16:45:00,15,222.0,2026-08-08 16:45:00,2026-08-08 16:59:00,False
14,2026-08-08 17:00:00,10,115.0,2026-08-08 17:05:00,2026-08-08 17:14:00,False
14,2026-08-08 17:15:00,15,180.0,2026-08-08 17:15:00,2026-08-08 17:29:00,False
14,2026-08-08 17:30:00,15,122.0,2026-08-08 17:30:00,2026-08-08 17:44:00,False
14,2026-08-08 17:45:00,15,88.0,2026-08-08 17:45:00,2026-08-08 17:59:00,False
14,2026-08-08 18:00:00,10,38.0,2026-08-08 18:05:00,2026-08-08 18:14:00,False
14,2026-08-08 18:15:00,14,70.0,2026-08-08 18:15:00,2026-08-08 18:29:00,False
14,2026-08-08 18:30:00,11,28.0,2026-08-08 18:31:00,2026-08-08 18:44:00,False
14,2026-08-08 18:45:00,10,21.0,2026-08-08 18:46:00,2026-08-08 18:55:00,False
14,2026-08-08 19:00:00,4,5.0,2026-08-08 19:05:00,2026-08-08 19:10:00,False
14,2026-08-08 19:15:00,8,18.0,2026-08-08 19:16:00,2026-08-08 19:29:00,False
14,2026-08-08 19:30:00,9,17.0,2026-08-08 19:32:00,2026-08-08 19:44:00,False
14,2026-08-08 19:45:00,12,23.0,2026-08-08 19:46:00,2026-08-08 19:59:00,False
14,2026-08-08 20:00:00,10,28.0,2026-08-08 20:05:00,2026-08-08 20:14:00,False
14,2026-08-08 20:15:00,9,43.0,2026-08-08 20:15:00,2026-08-08 20:26:00,False
14,2026-08-08 20:30:00,6,11.0,2026-08-08 20:31:00,2026-08-08 20:43:00,False
14,2026-08-08 20:45:00,8,15.0,2026-08-08 20:45:00,2026-08-08 20:58:00,False
14,2026-08-08 21:00:00,0,,,,True
14,2026-08-08 21:15:00,0,,,,True
14,2026-08-08 21:30:00,0,,,,True
17,2026-08-07 23:45:00,3,6.0,2026-08-07 23:55:00,2026-08-07 23:58:00,False
17,2026-08-08 00:00:00,4,7.0,2026-08-08 00:01:00,2026-08-08 00:09:00,False
17,2026-08-08 00:15:00,4,8.0,2026-08-08 00:17:00,2026-08-08 00:27:00,False
17,2026-08-08 00:30:00,4,8.0,2026-08-08 00:34:00,2026-08-08 00:41:00,False
17,2026-08-08 00:45:00,4,7.0,2026-08-08 00:46:00,2026-08-08 00:59:00,False
17,2026-08-08 01:00:00,4,6.0,2026-08-08 01:00:00,2026-08-08 01:09:00,False
17,2026-08-08 01:15:00,5,7.0,2026-08-08 01:19:00,2026-08-08 01:26:00,False
17,2026-08-08 01:30:00,5,12.0,2026-08-08 01:31:00,2026-08-08 01:44:00,False
17,2026-08-08 01:45:00,2,5.0,2026-08-08 01:50:00,2026-08-08 01:54:00,False
17,2026-08-08 02:00:00,2,2.0,2026-08-08 02:10:00,2026-08-08 02:13:00,False
17,2026-08-08 02:15:00,0,,,,True
17,2026-08-08 02:30:00,4,6.0,2026-08-08 02:39:00,2026-08-08 02:43:00,False
17,2026-08-08 02:45:00,4,8.0,2026-08-08 02:46:00,2026-08-08 02:53:00,False
17,2026-08-08 03:00:00,3,3.0,2026-08-08 03:10:00,2026-08-08 03:14:00,False
17,2026-08-08 03:15:00,3,4.0,2026-08-08 03:15:00,2026-08-08 03:23:00,False
17,2026-08-08 03:30:00,1,1.0,2026-08-08 03:41:00,2026-08-08 03:41:00,False
17,2026-08-08 03:45:00,1,1.0,2026-08-08 03:53:00,2026-08-08 03:53:00,False
17,2026-08-08 04:00:00,2,3.0,2026-08-08 04:00:00,2026-08-08 04:05:00,False
17,2026-08-08 04:15:00,2,3.0,2026-08-08 04:28:00,2026-08-08 04:29:00,False
17,2026-08-08 04:30:00,5,9.0,2026-08-08 04:31:00,2026-08-08 04:41:00,False
17,2026-08-08 04:45:00,2,4.0,2026-08-08 04:52:00,2026-08-08 04:56:00,False
17,2026-08-08 05:00:00,1,1.0,2026-08-08 05:07:00,2026-08-08 05:07:00,False
17,2026-08-08 05:15:00,5,8.0,2026-08-08 05:17:00,2026-08-08 05:29:00,False
17,2026-08-08 05:30:00,6,6.0,2026-08-08 05:31:00,2026-08-08 05:42:00,False
17,2026-08-08 05:45:00,10,18.0,2026-08-08 05:45:00,2026-08-08 05:58:00,False
17,2026-08-08 06:00:00,8,19.0,2026-08-08 06:00:00,2026-08-08 06:11:00,False
17,2026-08-08 06:15:00,9,10.0,2026-08-08 06:15:00,2026-08-08 06:29:00,False
17,2026-08-08 06:30:00,6,6.0,2026-08-08 06:30:00,2026-08-08 06:44:00,False
17,2026-08-08 06:45:00,5,11.0,2026-08-08 06:46:00,2026-08-08 06:59:00,False
17,2026-08-08 07:00:00,12,22.0,2026-08-08 07:00:00,2026-08-08 07:14:00,False
17,2026-08-08 07:15:00,11,27.0,2026-08-08 07:18:00,2026-08-08 07:29:00,False
17,2026-08-08 07:30:00,10,26.0,2026-08-08 07:30:00,2026-08-08 07:44:00,False
17,2026-08-08 07:45:00,12,18.0,2026-08-08 07:45:00,2026-08-08 07:59:00,False
17,2026-08-08 08:00:00,12,33.0,2026-08-08 08:00:00,2026-08-08 08:13:00,False
17,2026-08-08 08:15:00,12,35.0,2026-08-08 08:15:00,2026-08-08 08:27:00,False
17,2026-08-08 08:30:00,15,66.0,2026-08-08 08:30:00,2026-08-08 08:44:00,False
17,2026-08-08 08:45:00,12,26.0,2026-08-08 08:45:00,2026-08-08 08:59:00,False
17,2026-08-08 09:00:00,12,35.0,2026-08-08 09:01:00,2026-08-08 09:14:00,False
17,2026-08-08 09:15:00,14,66.0,2026-08-08 09:15:00,2026-08-08 09:29:00,False
17,2026-08-08 09:30:00,14,58.0,2026-08-08 09:30:00,2026-08-08 09:44:00,False
17,2026-08-08 09:45:00,14,47.0,2026-08-08 09:45:00,2026-08-08 09:59:00,False
17,2026-08-08 10:00:00,15,60.0,2026-08-08 10:00:00,2026-08-08 10:14:00,False
17,2026-08-08 10:15:00,14,113.0,2026-08-08 10:15:00,2026-08-08 10:29:00,False
17,2026-08-08 10:30:00,15,101.0,2026-08-08 10:30:00,2026-08-08 10:44:00,False
17,2026-08-08 10:45:00,14,93.0,2026-08-08 10:45:00,2026-08-08 10:59:00,False
17,2026-08-08 11:00:00,14,62.0,2026-08-08 11:01:00,2026-08-08 11:14:00,False
17,2026-08-08 11:15:00,15,88.0,2026-08-08 11:15:00,2026-08-08 11:29:00,False
17,2026-08-08 11:30:00,15,100.0,2026-08-08 11:30:00,2026-08-08 11:44:00,False
17,2026-08-08 11:45:00,14,87.0,2026-08-08 11:45:00,2026-08-08 11:59:00,False
17,2026-08-08 12:00:00,15,109.0,2026-08-08 12:00:00,2026-08-08 12:14:00,False
17,2026-08-08 12:15:00,15,93.0,2026-08-08 12:15:00,2026-08-08 12:29:00,False
17,2026-08-08 12:30:00,14,78.0,2026-08-08 12:30:00,2026-08-08 12:44:00,False
17,2026-08-08 12:45:00,15,87.0,2026-08-08 12:45:00,2026-08-08 12:59:00,False
17,2026-08-08 13:00:00,15,93.0,2026-08-08 13:00:00,2026-08-08 13:14:00,False
17,2026-08-08 13:15:00,14,97.0,2026-08-08 13:15:00,2026-08-08 13:29:00,False
17,2026-08-08 13:30:00,15,81.0,2026-08-08 13:30:00,2026-08-08 13:44:00,False
17,2026-08-08 13:45:00,15,100.0,2026-08-08 13:45:00,2026-08-08 13:59:00,False
17,2026-08-08 14:00:00,15,109.0,2026-08-08 14:00:00,2026-08-08 14:14:00,False
17,2026-08-08 14:15:00,15,80.0,2026-08-08 14:15:00,2026-08-08 14:29:00,False
17,2026-08-08 14:30:00,15,98.0,2026-08-08 14:30:00,2026-08-08 14:44:00,False
17,2026-08-08 14:45:00,15,109.0,2026-08-08 14:45:00,2026-08-08 14:59:00,False
17,2026-08-08 15:00:00,15,114.0,2026-08-08 15:00:00,2026-08-08 15:14:00,False
17,2026-08-08 15:15:00,15,121.0,2026-08-08 15:15:00,2026-08-08 15:29:00,False
17,2026-08-08 15:30:00,15,114.0,2026-08-08 15:30:00,2026-08-08 15:44:00,False
17,2026-08-08 15:45:00,15,81.0,2026-08-08 15:45:00,2026-08-08 15:59:00,False
17,2026-08-08 16:00:00,15,121.0,2026-08-08 16:00:00,2026-08-08 16:14:00,False
17,2026-08-08 16:15:00,15,247.0,2026-08-08 16:15:00,2026-08-08 16:29:00,False
17,2026-08-08 16:30:00,15,156.0,2026-08-08 16:30:00,2026-08-08 16:44:00,False
17,2026-08-08 16:45:00,15,147.0,2026-08-08 16:45:00,2026-08-08 16:59:00,False
17,2026-08-08 17:00:00,15,99.0,2026-08-08 17:00:00,2026-08-08 17:14:00,False
17,2026-08-08 17:15:00,14,102.0,2026-08-08 17:15:00,2026-08-08 17:29:00,False
17,2026-08-08 17:30:00,15,142.0,2026-08-08 17:30:00,2026-08-08 17:44:00,False
17,2026-08-08 17:45:00,15,174.0,2026-08-08 17:45:00,2026-08-08 17:59:00,False
17,2026-08-08 18:00:00,15,161.0,2026-08-08 18:00:00,2026-08-08 18:14:00,False
17,2026-08-08 18:15:00,14,95.0,2026-08-08 18:15:00,2026-08-08 18:29:00,False
17,2026-08-08 18:30:00,14,82.0,2026-08-08 18:30:00,2026-08-08 18:44:00,False
17,2026-08-08 18:45:00,13,66.0,2026-08-08 18:45:00,2026-08-08 18:59:00,False
17,2026-08-08 19:00:00,13,81.0,2026-08-08 19:00:00,2026-08-08 19:14:00,False
17,2026-08-08 19:15:00,14,74.0,2026-08-08 19:15:00,2026-08-08 19:29:00,False
17,2026-08-08 19:30:00,12,58.0,2026-08-08 19:31:00,2026-08-08 19:43:00,False
17,2026-08-08 19:45:00,13,64.0,2026-08-08 19:45:00,2026-08-08 19:59:00,False
17,2026-08-08 20:00:00,14,82.0,2026-08-08 20:00:00,2026-08-08 20:14:00,False
17,2026-08-08 20:15:00,15,142.0,2026-08-08 20:15:00,2026-08-08 20:29:00,False
17,2026-08-08 20:30:00,14,90.0,2026-08-08 20:30:00,2026-08-08 20:44:00,False
17,2026-08-08 20:45:00,14,79.0,2026-08-08 20:45:00,2026-08-08 20:59:00,False
17,2026-08-08 21:00:00,12,31.0,2026-08-08 21:00:00,2026-08-08 21:14:00,False
17,2026-08-08 21:15:00,14,51.0,2026-08-08 21:15:00,2026-08-08 21:29:00,False
17,2026-08-08 21:30:00,3,9.0,2026-08-08 21:30:00,2026-08-08 21:34:00,False
18,2026-08-07 23:45:00,2,2.0,2026-08-07 23:55:00,2026-08-07 23:57:00,False
18,2026-08-08 00:00:00,1,1.0,2026-08-08 00:11:00,2026-08-08 00:11:00,False
18,2026-08-08 00:15:00,0,,,,True
18,2026-08-08 00:30:00,1,1.0,2026-08-08 00:33:00,2026-08-08 00:33:00,False
18,2026-08-08 00:45:00,1,1.0,2026-08-08 00:51:00,2026-08-08 00:51:00,False
18,2026-08-08 01:00:00,0,,,,True
18,2026-08-08 01:15:00,0,,,,True
18,2026-08-08 01:30:00,0,,,,True
18,2026-08-08 01:45:00,1,1.0,2026-08-08 01:58:00,2026-08-08 01:58:00,False
18,2026-08-08 02:00:00,0,,,,True
18,2026-08-08 02:15:00,0,,,,True
18,2026-08-08 02:30:00,0,,,,True
18,2026-08-08 02:45:00,0,,,,True
18,2026-08-08 03:00:00,0,,,,True
18,2026-08-08 03:15:00,0,,,,True
18,2026-08-08 03:30:00,0,,,,True
18,2026-08-08 03:45:00,0,,,,True
18,2026-08-08 04:00:00,0,,,,True
18,2026-08-08 04:15:00,0,,,,True
18,2026-08-08 04:30:00,0,,,,True
18,2026-08-08 04:45:00,0,,,,True
18,2026-08-08 05:00:00,0,,,,True
18,2026-08-08 05:15:00,0,,,,True
18,2026-08-08 05:30:00,0,,,,True
18,2026-08-08 05:45:00,0,,,,True
18,2026-08-08 06:00:00,1,1.0,2026-08-08 06:02:00,2026-08-08 06:02:00,False
18,2026-08-08 06:15:00,0,,,,True
18,2026-08-08 06:30:00,0,,,,True
18,2026-08-08 06:45:00,1,1.0,2026-08-08 06:53:00,2026-08-08 06:53:00,False
18,2026-08-08 07:00:00,3,3.0,2026-08-08 07:04:00,2026-08-08 07:13:00,False
18,2026-08-08 07:15:00,2,2.0,2026-08-08 07:25:00,2026-08-08 07:29:00,False
18,2026-08-08 07:30:00,4,5.0,2026-08-08 07:34:00,2026-08-08 07:43:00,False
18,2026-08-08 07:45:00,6,7.0,2026-08-08 07:47:00,2026-08-08 07:59:00,False
18,2026-08-08 08:00:00,9,15.0,2026-08-08 08:01:00,2026-08-08 08:14:00,False
18,2026-08-08 08:15:00,5,5.0,2026-08-08 08:15:00,2026-08-08 08:29:00,False
18,2026-08-08 08:30:00,7,16.0,2026-08-08 08:30:00,2026-08-08 08:42:00,False
18,2026-08-08 08:45:00,7,10.0,2026-08-08 08:45:00,2026-08-08 08:58:00,False
18,2026-08-08 09:00:00,9,23.0,2026-08-08 09:04:00,2026-08-08 09:14:00,False
18,2026-08-08 09:15:00,10,22.0,2026-08-08 09:15:00,2026-08-08 09:28:00,False
18,2026-08-08 09:30:00,14,37.0,2026-08-08 09:30:00,2026-08-08 09:44:00,False
18,2026-08-08 09:45:00,14,52.0,2026-08-08 09:45:00,2026-08-08 09:59:00,False
18,2026-08-08 10:00:00,12,35.0,2026-08-08 10:00:00,2026-08-08 10:12:00,False
18,2026-08-08 10:15:00,11,24.0,2026-08-08 10:16:00,2026-08-08 10:29:00,False
18,2026-08-08 10:30:00,13,30.0,2026-08-08 10:30:00,2026-08-08 10:44:00,False
18,2026-08-08 10:45:00,14,39.0,2026-08-08 10:45:00,2026-08-08 10:59:00,False
18,2026-08-08 11:00:00,11,32.0,2026-08-08 11:00:00,2026-08-08 11:14:00,False
18,2026-08-08 11:15:00,14,62.0,2026-08-08 11:15:00,2026-08-08 11:29:00,False
18,2026-08-08 11:30:00,13,45.0,2026-08-08 11:31:00,2026-08-08 11:44:00,False
18,2026-08-08 11:45:00,12,61.0,2026-08-08 11:45:00,2026-08-08 11:59:00,False
18,2026-08-08 12:00:00,15,63.0,2026-08-08 12:00:00,2026-08-08 12:14:00,False
18,2026-08-08 12:15:00,14,59.0,2026-08-08 12:15:00,2026-08-08 12:29:00,False
18,2026-08-08 12:30:00,15,63.0,2026-08-08 12:30:00,2026-08-08 12:44:00,False
18,2026-08-08 12:45:00,11,37.0,2026-08-08 12:45:00,2026-08-08 12:58:00,False
18,2026-08-08 13:00:00,14,74.0,2026-08-08 13:00:00,2026-08-08 13:14:00,False
18,2026-08-08 13:15:00,14,74.0,2026-08-08 13:15:00,2026-08-08 13:28:00,False
18,2026-08-08 13:30:00,11,49.0,2026-08-08 13:31:00,2026-08-08 13:44:00,False
18,2026-08-08 13:45:00,14,63.0,2026-08-08 13:45:00,2026-08-08 13:59:00,False
18,2026-08-08 14:00:00,14,48.0,2026-08-08 14:00:00,2026-08-08 14:14:00,False
18,2026-08-08 14:15:00,15,46.0,2026-08-08 14:15:00,2026-08-08 14:29:00,False
18,2026-08-08 14:30:00,13,34.0,2026-08-08 14:30:00,2026-08-08 14:44:00,False
18,2026-08-08 14:45:00,14,40.0,2026-08-08 14:45:00,2026-08-08 14:59:00,False
18,2026-08-08 15:00:00,10,25.0,2026-08-08 15:00:00,2026-08-08 15:14:00,False
18,2026-08-08 15:15:00,12,36.0,2026-08-08 15:15:00,2026-08-08 15:29:00,False
18,2026-08-08 15:30:00,14,45.0,2026-08-08 15:30:00,2026-08-08 15:44:00,False
18,2026-08-08 15:45:00,13,37.0,2026-08-08 15:45:00,2026-08-08 15:59:00,False
18,2026-08-08 16:00:00,13,38.0,2026-08-08 16:00:00,2026-08-08 16:14:00,False
18,2026-08-08 16:15:00,13,84.0,2026-08-08 16:15:00,2026-08-08 16:29:00,False
18,2026-08-08 16:30:00,15,86.0,2026-08-08 16:30:00,2026-08-08 16:44:00,False
18,2026-08-08 16:45:00,14,93.0,2026-08-08 16:45:00,2026-08-08 16:59:00,False
18,2026-08-08 17:00:00,13,60.0,2026-08-08 17:00:00,2026-08-08 17:14:00,False
18,2026-08-08 17:15:00,11,26.0,2026-08-08 17:16:00,2026-08-08 17:28:00,False
18,2026-08-08 17:30:00,11,23.0,2026-08-08 17:30:00,2026-08-08 17:44:00,False
18,2026-08-08 17:45:00,4,9.0,2026-08-08 17:45:00,2026-08-08 17:54:00,False
18,2026-08-08 18:00:00,8,9.0,2026-08-08 18:00:00,2026-08-08 18:11:00,False
18,2026-08-08 18:15:00,4,5.0,2026-08-08 18:18:00,2026-08-08 18:28:00,False
18,2026-08-08 18:30:00,3,6.0,2026-08-08 18:30:00,2026-08-08 18:44:00,False
18,2026-08-08 18:45:00,3,4.0,2026-08-08 18:45:00,2026-08-08 18:53:00,False
18,2026-08-08 19:00:00,1,2.0,2026-08-08 19:03:00,2026-08-08 19:03:00,False
18,2026-08-08 19:15:00,3,3.0,2026-08-08 19:15:00,2026-08-08 19:25:00,False
18,2026-08-08 19:30:00,2,2.0,2026-08-08 19:30:00,2026-08-08 19:42:00,False
18,2026-08-08 19:45:00,1,1.0,2026-08-08 19:48:00,2026-08-08 19:48:00,False
18,2026-08-08 20:00:00,3,4.0,2026-08-08 20:01:00,2026-08-08 20:14:00,False
18,2026-08-08 20:15:00,3,3.0,2026-08-08 20:21:00,2026-08-08 20:24:00,False
18,2026-08-08 20:30:00,1,1.0,2026-08-08 20:32:00,2026-08-08 20:32:00,False
18,2026-08-08 20:45:00,1,1.0,2026-08-08 20:52:00,2026-08-08 20:52:00,False
18,2026-08-08 21:00:00,4,5.0,2026-08-08 21:00:00,2026-08-08 21:13:00,False
18,2026-08-08 21:15:00,1,2.0,2026-08-08 21:17:00,2026-08-08 21:17:00,False
18,2026-08-08 21:30:00,1,1.0,2026-08-08 21:33:00,2026-08-08 21:33:00,False
19,2026-08-07 23:45:00,5,45.0,2026-08-07 23:55:00,2026-08-07 23:59:00,False
19,2026-08-08 00:00:00,15,134.0,2026-08-08 00:00:00,2026-08-08 00:14:00,False
19,2026-08-08 00:15:00,15,172.0,2026-08-08 00:15:00,2026-08-08 00:29:00,False
19,2026-08-08 00:30:00,15,135.0,2026-08-08 00:30:00,2026-08-08 00:44:00,False
19,2026-08-08 00:45:00,14,83.0,2026-08-08 00:45:00,2026-08-08 00:59:00,False
19,2026-08-08 01:00:00,15,70.0,2026-08-08 01:00:00,2026-08-08 01:14:00,False
19,2026-08-08 01:15:00,14,90.0,2026-08-08 01:15:00,2026-08-08 01:29:00,False
19,2026-08-08 01:30:00,14,61.0,2026-08-08 01:30:00,2026-08-08 01:44:00,False
19,2026-08-08 01:45:00,14,76.0,2026-08-08 01:45:00,2026-08-08 01:59:00,False
19,2026-08-08 02:00:00,13,56.0,2026-08-08 02:01:00,2026-08-08 02:14:00,False
19,2026-08-08 02:15:00,13,39.0,2026-08-08 02:15:00,2026-08-08 02:29:00,False
19,2026-08-08 02:30:00,9,28.0,2026-08-08 02:32:00,2026-08-08 02:43:00,False
19,2026-08-08 02:45:00,8,23.0,2026-08-08 02:46:00,2026-08-08 02:58:00,False
19,2026-08-08 03:00:00,8,17.0,2026-08-08 03:00:00,2026-08-08 03:13:00,False
19,2026-08-08 03:15:00,5,18.0,2026-08-08 03:15:00,2026-08-08 03:24:00,False
19,2026-08-08 03:30:00,6,14.0,2026-08-08 03:31:00,2026-08-08 03:43:00,False
19,2026-08-08 03:45:00,3,13.0,2026-08-08 03:51:00,2026-08-08 03:56:00,False
19,2026-08-08 04:00:00,4,9.0,2026-08-08 04:00:00,2026-08-08 04:07:00,False
19,2026-08-08 04:15:00,9,21.0,2026-08-08 04:15:00,2026-08-08 04:29:00,False
19,2026-08-08 04:30:00,6,7.0,2026-08-08 04:31:00,2026-08-08 04:42:00,False
19,2026-08-08 04:45:00,2,3.0,2026-08-08 04:58:00,2026-08-08 04:59:00,False
19,2026-08-08 05:00:00,2,2.0,2026-08-08 05:03:00,2026-08-08 05:12:00,False
19,2026-08-08 05:15:00,1,1.0,2026-08-08 05:27:00,2026-08-08 05:27:00,False
19,2026-08-08 05:30:00,3,4.0,2026-08-08 05:31:00,2026-08-08 05:38:00,False
19,2026-08-08 05:45:00,3,4.0,2026-08-08 05:49:00,2026-08-08 05:57:00,False
19,2026-08-08 06:00:00,0,,,,True
19,2026-08-08 06:15:00,4,4.0,2026-08-08 06:15:00,2026-08-08 06:27:00,False
19,2026-08-08 06:30:00,5,6.0,2026-08-08 06:34:00,2026-08-08 06:44:00,False
19,2026-08-08 06:45:00,4,4.0,2026-08-08 06:53:00,2026-08-08 06:58:00,False
19,2026-08-08 07:00:00,3,4.0,2026-08-08 07:01:00,2026-08-08 07:13:00,False
19,2026-08-08 07:15:00,6,10.0,2026-08-08 07:16:00,2026-08-08 07:29:00,False
19,2026-08-08 07:30:00,4,4.0,2026-08-08 07:30:00,2026-08-08 07:37:00,False
19,2026-08-08 07:45:00,7,10.0,2026-08-08 07:45:00,2026-08-08 07:57:00,False
19,2026-08-08 08:00:00,6,10.0,2026-08-08 08:02:00,2026-08-08 08:12:00,False
19,2026-08-08 08:15:00,9,13.0,2026-08-08 08:16:00,2026-08-08 08:29:00,False
19,2026-08-08 08:30:00,9,27.0,2026-08-08 08:30:00,2026-08-08 08:44:00,False
19,2026-08-08 08:45:00,10,23.0,2026-08-08 08:45:00,2026-08-08 08:59:00,False
19,2026-08-08 09:00:00,13,30.0,2026-08-08 09:00:00,2026-08-08 09:14:00,False
19,2026-08-08 09:15:00,11,23.0,2026-08-08 09:15:00,2026-08-08 09:28:00,False
19,2026-08-08 09:30:00,12,47.0,2026-08-08 09:30:00,2026-08-08 09:44:00,False
19,2026-08-08 09:45:00,14,38.0,2026-08-08 09:46:00,2026-08-08 09:59:00,False
19,2026-08-08 10:00:00,14,39.0,2026-08-08 10:00:00,2026-08-08 10:14:00,False
19,2026-08-08 10:15:00,15,89.0,2026-08-08 10:15:00,2026-08-08 10:29:00,False
19,2026-08-08 10:30:00,15,82.0,2026-08-08 10:30:00,2026-08-08 10:44:00,False
19,2026-08-08 10:45:00,15,114.0,2026-08-08 10:45:00,2026-08-08 10:59:00,False
19,2026-08-08 11:00:00,15,123.0,2026-08-08 11:00:00,2026-08-08 11:14:00,False
19,2026-08-08 11:15:00,15,155.0,2026-08-08 11:15:00,2026-08-08 11:29:00,False
19,2026-08-08 11:30:00,15,195.0,2026-08-08 11:30:00,2026-08-08 11:44:00,False
19,2026-08-08 11:45:00,15,200.0,2026-08-08 11:45:00,2026-08-08 11:59:00,False
19,2026-08-08 12:00:00,15,244.0,2026-08-08 12:00:00,2026-08-08 12:14:00,False
19,2026-08-08 12:15:00,15,272.0,2026-08-08 12:15:00,2026-08-08 12:29:00,False
19,2026-08-08 12:30:00,15,289.0,2026-08-08 12:30:00,2026-08-08 12:44:00,False
19,2026-08-08 12:45:00,15,289.0,2026-08-08 12:45:00,2026-08-08 12:59:00,False
19,2026-08-08 13:00:00,15,277.0,2026-08-08 13:00:00,2026-08-08 13:14:00,False
19,2026-08-08 13:15:00,15,332.0,2026-08-08 13:15:00,2026-08-08 13:29:00,False
19,2026-08-08 13:30:00,15,306.0,2026-08-08 13:30:00,2026-08-08 13:44:00,False
19,2026-08-08 13:45:00,15,335.0,2026-08-08 13:45:00,2026-08-08 13:59:00,False
19,2026-08-08 14:00:00,15,313.0,2026-08-08 14:00:00,2026-08-08 14:14:00,False
19,2026-08-08 14:15:00,15,344.0,2026-08-08 14:15:00,2026-08-08 14:29:00,False
19,2026-08-08 14:30:00,15,324.0,2026-08-08 14:30:00,2026-08-08 14:44:00,False
19,2026-08-08 14:45:00,15,320.0,2026-08-08 14:45:00,2026-08-08 14:59:00,False
19,2026-08-08 15:00:00,15,328.0,2026-08-08 15:00:00,2026-08-08 15:14:00,False
19,2026-08-08 15:15:00,15,311.0,2026-08-08 15:15:00,2026-08-08 15:29:00,False
19,2026-08-08 15:30:00,15,307.0,2026-08-08 15:30:00,2026-08-08 15:44:00,False
19,2026-08-08 15:45:00,15,267.0,2026-08-08 15:45:00,2026-08-08 15:59:00,False
19,2026-08-08 16:00:00,15,316.0,2026-08-08 16:00:00,2026-08-08 16:14:00,False
19,2026-08-08 16:15:00,15,288.0,2026-08-08 16:15:00,2026-08-08 16:29:00,False
19,2026-08-08 16:30:00,15,333.0,2026-08-08 16:30:00,2026-08-08 16:44:00,False
19,2026-08-08 16:45:00,15,373.0,2026-08-08 16:45:00,2026-08-08 16:59:00,False
19,2026-08-08 17:00:00,15,334.0,2026-08-08 17:00:00,2026-08-08 17:14:00,False
19,2026-08-08 17:15:00,15,398.0,2026-08-08 17:15:00,2026-08-08 17:29:00,False
19,2026-08-08 17:30:00,15,389.0,2026-08-08 17:30:00,2026-08-08 17:44:00,False
19,2026-08-08 17:45:00,15,419.0,2026-08-08 17:45:00,2026-08-08 17:59:00,False
19,2026-08-08 18:00:00,15,396.0,2026-08-08 18:00:00,2026-08-08 18:14:00,False
19,2026-08-08 18:15:00,15,487.0,2026-08-08 18:15:00,2026-08-08 18:29:00,False
19,2026-08-08 18:30:00,15,400.0,2026-08-08 18:30:00,2026-08-08 18:44:00,False
19,2026-08-08 18:45:00,15,404.0,2026-08-08 18:45:00,2026-08-08 18:59:00,False
19,2026-08-08 19:00:00,15,459.0,2026-08-08 19:00:00,2026-08-08 19:14:00,False
19,2026-08-08 19:15:00,15,391.0,2026-08-08 19:15:00,2026-08-08 19:29:00,False
19,2026-08-08 19:30:00,15,415.0,2026-08-08 19:30:00,2026-08-08 19:44:00,False
19,2026-08-08 19:45:00,15,394.0,2026-08-08 19:45:00,2026-08-08 19:59:00,False
19,2026-08-08 20:00:00,15,401.0,2026-08-08 20:00:00,2026-08-08 20:14:00,False
19,2026-08-08 20:15:00,15,403.0,2026-08-08 20:15:00,2026-08-08 20:29:00,False
19,2026-08-08 20:30:00,15,309.0,2026-08-08 20:30:00,2026-08-08 20:44:00,False
19,2026-08-08 20:45:00,15,356.0,2026-08-08 20:45:00,2026-08-08 20:59:00,False
19,2026-08-08 21:00:00,15,355.0,2026-08-08 21:00:00,2026-08-08 21:14:00,False
19,2026-08-08 21:15:00,15,249.0,2026-08-08 21:15:00,2026-08-08 21:29:00,False
19,2026-08-08 21:30:00,0,,,,True
20,2026-08-07 23:45:00,5,39.0,2026-08-07 23:55:00,2026-08-07 23:59:00,False
20,2026-08-08 00:00:00,15,108.0,2026-08-08 00:00:00,2026-08-08 00:14:00,False
20,2026-08-08 00:15:00,13,101.0,2026-08-08 00:15:00,2026-08-08 00:29:00,False
20,2026-08-08 00:30:00,12,76.0,2026-08-08 00:30:00,2026-08-08 00:44:00,False
20,2026-08-08 00:45:00,15,75.0,2026-08-08 00:45:00,2026-08-08 00:59:00,False
20,2026-08-08 01:00:00,13,71.0,2026-08-08 01:01:00,2026-08-08 01:14:00,False
20,2026-08-08 01:15:00,13,59.0,2026-08-08 01:15:00,2026-08-08 01:29:00,False
20,2026-08-08 01:30:00,11,54.0,2026-08-08 01:30:00,2026-08-08 01:44:00,False
20,2026-08-08 01:45:00,12,78.0,2026-08-08 01:45:00,2026-08-08 01:58:00,False
20,2026-08-08 02:00:00,10,37.0,2026-08-08 02:02:00,2026-08-08 02:14:00,False
20,2026-08-08 02:15:00,14,56.0,2026-08-08 02:15:00,2026-08-08 02:29:00,False
20,2026-08-08 02:30:00,14,62.0,2026-08-08 02:30:00,2026-08-08 02:44:00,False
20,2026-08-08 02:45:00,14,47.0,2026-08-08 02:45:00,2026-08-08 02:59:00,False
20,2026-08-08 03:00:00,11,25.0,2026-08-08 03:00:00,2026-08-08 03:13:00,False
20,2026-08-08 03:15:00,9,20.0,2026-08-08 03:15:00,2026-08-08 03:29:00,False
20,2026-08-08 03:30:00,11,20.0,2026-08-08 03:30:00,2026-08-08 03:43:00,False
20,2026-08-08 03:45:00,6,9.0,2026-08-08 03:47:00,2026-08-08 03:59:00,False
20,2026-08-08 04:00:00,6,7.0,2026-08-08 04:02:00,2026-08-08 04:14:00,False
20,2026-08-08 04:15:00,4,6.0,2026-08-08 04:19:00,2026-08-08 04:26:00,False
20,2026-08-08 04:30:00,3,3.0,2026-08-08 04:31:00,2026-08-08 04:43:00,False
20,2026-08-08 04:45:00,4,16.0,2026-08-08 04:46:00,2026-08-08 04:57:00,False
20,2026-08-08 05:00:00,0,,,,True
20,2026-08-08 05:15:00,2,3.0,2026-08-08 05:15:00,2026-08-08 05:28:00,False
20,2026-08-08 05:30:00,2,3.0,2026-08-08 05:32:00,2026-08-08 05:33:00,False
20,2026-08-08 05:45:00,2,3.0,2026-08-08 05:46:00,2026-08-08 05:59:00,False
20,2026-08-08 06:00:00,6,10.0,2026-08-08 06:01:00,2026-08-08 06:13:00,False
20,2026-08-08 06:15:00,4,4.0,2026-08-08 06:16:00,2026-08-08 06:28:00,False
20,2026-08-08 06:30:00,3,5.0,2026-08-08 06:30:00,2026-08-08 06:41:00,False
20,2026-08-08 06:45:00,2,3.0,2026-08-08 06:46:00,2026-08-08 06:59:00,False
20,2026-08-08 07:00:00,6,18.0,2026-08-08 07:00:00,2026-08-08 07:12:00,False
20,2026-08-08 07:15:00,7,11.0,2026-08-08 07:17:00,2026-08-08 07:29:00,False
20,2026-08-08 07:30:00,6,10.0,2026-08-08 07:30:00,2026-08-08 07:44:00,False
20,2026-08-08 07:45:00,6,9.0,2026-08-08 07:45:00,2026-08-08 07:59:00,False
20,2026-08-08 08:00:00,4,7.0,2026-08-08 08:06:00,2026-08-08 08:14:00,False
20,2026-08-08 08:15:00,4,15.0,2026-08-08 08:21:00,2026-08-08 08:28:00,False
20,2026-08-08 08:30:00,6,9.0,2026-08-08 08:30:00,2026-08-08 08:43:00,False
20,2026-08-08 08:45:00,7,27.0,2026-08-08 08:46:00,2026-08-08 08:59:00,False
20,2026-08-08 09:00:00,6,20.0,2026-08-08 09:00:00,2026-08-08 09:14:00,False
20,2026-08-08 09:15:00,12,50.0,2026-08-08 09:16:00,2026-08-08 09:29:00,False
20,2026-08-08 09:30:00,11,22.0,2026-08-08 09:30:00,2026-08-08 09:44:00,False
20,2026-08-08 09:45:00,11,22.0,2026-08-08 09:45:00,2026-08-08 09:59:00,False
20,2026-08-08 10:00:00,11,36.0,2026-08-08 10:01:00,2026-08-08 10:14:00,False
20,2026-08-08 10:15:00,14,61.0,2026-08-08 10:15:00,2026-08-08 10:29:00,False
20,2026-08-08 10:30:00,13,68.0,2026-08-08 10:30:00,2026-08-08 10:44:00,False
20,2026-08-08 10:45:00,15,59.0,2026-08-08 10:45:00,2026-08-08 10:59:00,False
20,2026-08-08 11:00:00,15,63.0,2026-08-08 11:00:00,2026-08-08 11:14:00,False
20,2026-08-08 11:15:00,14,79.0,2026-08-08 11:15:00,2026-08-08 11:29:00,False
20,2026-08-08 11:30:00,15,106.0,2026-08-08 11:30:00,2026-08-08 11:44:00,False
20,2026-08-08 11:45:00,15,134.0,2026-08-08 11:45:00,2026-08-08 11:59:00,False
20,2026-08-08 12:00:00,15,130.0,2026-08-08 12:00:00,2026-08-08 12:14:00,False
20,2026-08-08 12:15:00,15,125.0,2026-08-08 12:15:00,2026-08-08 12:29:00,False
20,2026-08-08 12:30:00,15,178.0,2026-08-08 12:30:00,2026-08-08 12:44:00,False
20,2026-08-08 12:45:00,15,204.0,2026-08-08 12:45:00,2026-08-08 12:59:00,False
20,2026-08-08 13:00:00,15,170.0,2026-08-08 13:00:00,2026-08-08 13:14:00,False
20,2026-08-08 13:15:00,15,207.0,2026-08-08 13:15:00,2026-08-08 13:29:00,False
20,2026-08-08 13:30:00,15,187.0,2026-08-08 13:30:00,2026-08-08 13:44:00,False
20,2026-08-08 13:45:00,15,221.0,2026-08-08 13:45:00,2026-08-08 13:59:00,False
20,2026-08-08 14:00:00,15,180.0,2026-08-08 14:00:00,2026-08-08 14:14:00,False
20,2026-08-08 14:15:00,15,130.0,2026-08-08 14:15:00,2026-08-08 14:29:00,False
20,2026-08-08 14:30:00,15,174.0,2026-08-08 14:30:00,2026-08-08 14:44:00,False
20,2026-08-08 14:45:00,15,182.0,2026-08-08 14:45:00,2026-08-08 14:59:00,False
20,2026-08-08 15:00:00,15,161.0,2026-08-08 15:00:00,2026-08-08 15:14:00,False
20,2026-08-08 15:15:00,15,175.0,2026-08-08 15:15:00,2026-08-08 15:29:00,False
20,2026-08-08 15:30:00,15,133.0,2026-08-08 15:30:00,2026-08-08 15:44:00,False
20,2026-08-08 15:45:00,15,131.0,2026-08-08 15:45:00,2026-08-08 15:59:00,False
20,2026-08-08 16:00:00,15,148.0,2026-08-08 16:00:00,2026-08-08 16:14:00,False
20,2026-08-08 16:15:00,15,160.0,2026-08-08 16:15:00,2026-08-08 16:29:00,False
20,2026-08-08 16:30:00,15,239.0,2026-08-08 16:30:00,2026-08-08 16:44:00,False
20,2026-08-08 16:45:00,15,202.0,2026-08-08 16:45:00,2026-08-08 16:59:00,False
20,2026-08-08 17:00:00,15,222.0,2026-08-08 17:00:00,2026-08-08 17:14:00,False
20,2026-08-08 17:15:00,15,238.0,2026-08-08 17:15:00,2026-08-08 17:29:00,False
20,2026-08-08 17:30:00,15,263.0,2026-08-08 17:30:00,2026-08-08 17:44:00,False
20,2026-08-08 17:45:00,15,282.0,2026-08-08 17:45:00,2026-08-08 17:59:00,False
20,2026-08-08 18:00:00,15,347.0,2026-08-08 18:00:00,2026-08-08 18:14:00,False
20,2026-08-08 18:15:00,15,306.0,2026-08-08 18:15:00,2026-08-08 18:29:00,False
20,2026-08-08 18:30:00,15,393.0,2026-08-08 18:30:00,2026-08-08 18:44:00,False
20,2026-08-08 18:45:00,15,345.0,2026-08-08 18:45:00,2026-08-08 18:59:00,False
20,2026-08-08 19:00:00,15,383.0,2026-08-08 19:00:00,2026-08-08 19:14:00,False
20,2026-08-08 19:15:00,15,366.0,2026-08-08 19:15:00,2026-08-08 19:29:00,False
20,2026-08-08 19:30:00,15,360.0,2026-08-08 19:30:00,2026-08-08 19:44:00,False
20,2026-08-08 19:45:00,15,319.0,2026-08-08 19:45:00,2026-08-08 19:59:00,False
20,2026-08-08 20:00:00,15,273.0,2026-08-08 20:00:00,2026-08-08 20:14:00,False
20,2026-08-08 20:15:00,15,367.0,2026-08-08 20:15:00,2026-08-08 20:29:00,False
20,2026-08-08 20:30:00,15,280.0,2026-08-08 20:30:00,2026-08-08 20:44:00,False
20,2026-08-08 20:45:00,15,281.0,2026-08-08 20:45:00,2026-08-08 20:59:00,False
20,2026-08-08 21:00:00,15,264.0,2026-08-08 21:00:00,2026-08-08 21:14:00,False
20,2026-08-08 21:15:00,15,186.0,2026-08-08 21:15:00,2026-08-08 21:29:00,False
20,2026-08-08 21:30:00,2,33.0,2026-08-08 21:30:00,2026-08-08 21:31:00,False
21,2026-08-07 23:45:00,1,14.0,2026-08-07 23:55:00,2026-08-07 23:55:00,False
21,2026-08-08 00:00:00,3,79.0,2026-08-08 00:00:00,2026-08-08 00:10:00,False
21,2026-08-08 00:15:00,3,85.0,2026-08-08 00:15:00,2026-08-08 00:25:00,False
21,2026-08-08 00:30:00,3,74.0,2026-08-08 00:30:00,2026-08-08 00:40:00,False
21,2026-08-08 00:45:00,3,54.0,2026-08-08 00:45:00,2026-08-08 00:55:00,False
21,2026-08-08 01:00:00,3,45.0,2026-08-08 01:00:00,2026-08-08 01:10:00,False
21,2026-08-08 01:15:00,3,52.0,2026-08-08 01:15:00,2026-08-08 01:25:00,False
21,2026-08-08 01:30:00,3,41.0,2026-08-08 01:30:00,2026-08-08 01:40:00,False
21,2026-08-08 01:45:00,3,52.0,2026-08-08 01:45:00,2026-08-08 01:55:00,False
21,2026-08-08 02:00:00,3,38.0,2026-08-08 02:00:00,2026-08-08 02:10:00,False
21,2026-08-08 02:15:00,3,30.0,2026-08-08 02:15:00,2026-08-08 02:25:00,False
21,2026-08-08 02:30:00,3,34.0,2026-08-08 02:30:00,2026-08-08 02:40:00,False
21,2026-08-08 02:45:00,3,14.0,2026-08-08 02:45:00,2026-08-08 02:55:00,False
21,2026-08-08 03:00:00,3,39.0,2026-08-08 03:00:00,2026-08-08 03:10:00,False
21,2026-08-08 03:15:00,3,18.0,2026-08-08 03:15:00,2026-08-08 03:25:00,False
21,2026-08-08 03:30:00,3,16.0,2026-08-08 03:30:00,2026-08-08 03:40:00,False
21,2026-08-08 03:45:00,3,19.0,2026-08-08 03:45:00,2026-08-08 03:55:00,False
21,2026-08-08 04:00:00,3,7.0,2026-08-08 04:00:00,2026-08-08 04:10:00,False
21,2026-08-08 04:15:00,2,2.0,2026-08-08 04:20:00,2026-08-08 04:25:00,False
21,2026-08-08 04:30:00,2,5.0,2026-08-08 04:30:00,2026-08-08 04:40:00,False
21,2026-08-08 04:45:00,3,15.0,2026-08-08 04:45:00,2026-08-08 04:55:00,False
21,2026-08-08 05:00:00,2,3.0,2026-08-08 05:05:00,2026-08-08 05:10:00,False
21,2026-08-08 05:15:00,2,15.0,2026-08-08 05:15:00,2026-08-08 05:20:00,False
21,2026-08-08 05:30:00,3,10.0,2026-08-08 05:30:00,2026-08-08 05:40:00,False
21,2026-08-08 05:45:00,3,5.0,2026-08-08 05:45:00,2026-08-08 05:55:00,False
21,2026-08-08 06:00:00,2,5.0,2026-08-08 06:00:00,2026-08-08 06:05:00,False
21,2026-08-08 06:15:00,1,2.0,2026-08-08 06:25:00,2026-08-08 06:25:00,False
21,2026-08-08 06:30:00,3,6.0,2026-08-08 06:30:00,2026-08-08 06:40:00,False
21,2026-08-08 06:45:00,3,9.0,2026-08-08 06:45:00,2026-08-08 06:55:00,False
21,2026-08-08 07:00:00,3,9.0,2026-08-08 07:00:00,2026-08-08 07:10:00,False
21,2026-08-08 07:15:00,3,10.0,2026-08-08 07:15:00,2026-08-08 07:25:00,False
21,2026-08-08 07:30:00,3,9.0,2026-08-08 07:30:00,2026-08-08 07:40:00,False
21,2026-08-08 07:45:00,3,20.0,2026-08-08 07:45:00,2026-08-08 07:55:00,False
21,2026-08-08 08:00:00,2,11.0,2026-08-08 08:05:00,2026-08-08 08:10:00,False
21,2026-08-08 08:15:00,3,17.0,2026-08-08 08:15:00,2026-08-08 08:25:00,False
21,2026-08-08 08:30:00,3,30.0,2026-08-08 08:30:00,2026-08-08 08:40:00,False
21,2026-08-08 08:45:00,3,38.0,2026-08-08 08:45:00,2026-08-08 08:55:00,False
21,2026-08-08 09:00:00,3,43.0,2026-08-08 09:00:00,2026-08-08 09:10:00,False
21,2026-08-08 09:15:00,3,33.0,2026-08-08 09:15:00,2026-08-08 09:25:00,False
21,2026-08-08 09:30:00,3,45.0,2026-08-08 09:30:00,2026-08-08 09:40:00,False
21,2026-08-08 09:45:00,3,65.0,2026-08-08 09:45:00,2026-08-08 09:55:00,False
21,2026-08-08 10:00:00,3,63.0,2026-08-08 10:00:00,2026-08-08 10:10:00,False
21,2026-08-08 10:15:00,3,80.0,2026-08-08 10:15:00,2026-08-08 10:25:00,False
21,2026-08-08 10:30:00,3,90.0,2026-08-08 10:30:00,2026-08-08 10:40:00,False
21,2026-08-08 10:45:00,3,107.0,2026-08-08 10:45:00,2026-08-08 10:55:00,False
21,2026-08-08 11:00:00,3,104.0,2026-08-08 11:00:00,2026-08-08 11:10:00,False
21,2026-08-08 11:15:00,3,154.0,2026-08-08 11:15:00,2026-08-08 11:25:00,False
21,2026-08-08 11:30:00,3,160.0,2026-08-08 11:30:00,2026-08-08 11:40:00,False
21,2026-08-08 11:45:00,3,184.0,2026-08-08 11:45:00,2026-08-08 11:55:00,False
21,2026-08-08 12:00:00,3,179.0,2026-08-08 12:00:00,2026-08-08 12:10:00,False
21,2026-08-08 12:15:00,3,213.0,2026-08-08 12:15:00,2026-08-08 12:25:00,False
21,2026-08-08 12:30:00,3,266.0,2026-08-08 12:30:00,2026-08-08 12:40:00,False
21,2026-08-08 12:45:00,3,280.0,2026-08-08 12:45:00,2026-08-08 12:55:00,False
21,2026-08-08 13:00:00,3,216.0,2026-08-08 13:00:00,2026-08-08 13:10:00,False
21,2026-08-08 13:15:00,3,279.0,2026-08-08 13:15:00,2026-08-08 13:25:00,False
21,2026-08-08 13:30:00,3,260.0,2026-08-08 13:30:00,2026-08-08 13:40:00,False
21,2026-08-08 13:45:00,3,254.0,2026-08-08 13:45:00,2026-08-08 13:55:00,False
21,2026-08-08 14:00:00,3,270.0,2026-08-08 14:00:00,2026-08-08 14:10:00,False
21,2026-08-08 14:15:00,3,260.0,2026-08-08 14:15:00,2026-08-08 14:25:00,False
21,2026-08-08 14:30:00,3,290.0,2026-08-08 14:30:00,2026-08-08 14:40:00,False
21,2026-08-08 14:45:00,3,265.0,2026-08-08 14:45:00,2026-08-08 14:55:00,False
21,2026-08-08 15:00:00,3,260.0,2026-08-08 15:00:00,2026-08-08 15:10:00,False
21,2026-08-08 15:15:00,3,254.0,2026-08-08 15:15:00,2026-08-08 15:25:00,False
21,2026-08-08 15:30:00,3,213.0,2026-08-08 15:30:00,2026-08-08 15:40:00,False
21,2026-08-08 15:45:00,3,220.0,2026-08-08 15:45:00,2026-08-08 15:55:00,False
21,2026-08-08 16:00:00,3,232.0,2026-08-08 16:00:00,2026-08-08 16:10:00,False
21,2026-08-08 16:15:00,3,253.0,2026-08-08 16:15:00,2026-08-08 16:25:00,False
21,2026-08-08 16:30:00,3,285.0,2026-08-08 16:30:00,2026-08-08 16:40:00,False
21,2026-08-08 16:45:00,3,347.0,2026-08-08 16:45:00,2026-08-08 16:55:00,False
21,2026-08-08 17:00:00,3,301.0,2026-08-08 17:00:00,2026-08-08 17:10:00,False
21,2026-08-08 17:15:00,3,303.0,2026-08-08 17:15:00,2026-08-08 17:25:00,False
21,2026-08-08 17:30:00,3,301.0,2026-08-08 17:30:00,2026-08-08 17:40:00,False
21,2026-08-08 17:45:00,3,284.0,2026-08-08 17:45:00,2026-08-08 17:55:00,False
21,2026-08-08 18:00:00,3,241.0,2026-08-08 18:00:00,2026-08-08 18:10:00,False
21,2026-08-08 18:15:00,3,303.0,2026-08-08 18:15:00,2026-08-08 18:25:00,False
21,2026-08-08 18:30:00,3,175.0,2026-08-08 18:30:00,2026-08-08 18:40:00,False
21,2026-08-08 18:45:00,3,235.0,2026-08-08 18:45:00,2026-08-08 18:55:00,False
21,2026-08-08 19:00:00,3,182.0,2026-08-08 19:00:00,2026-08-08 19:10:00,False
21,2026-08-08 19:15:00,3,209.0,2026-08-08 19:15:00,2026-08-08 19:25:00,False
21,2026-08-08 19:30:00,3,217.0,2026-08-08 19:30:00,2026-08-08 19:40:00,False
21,2026-08-08 19:45:00,3,216.0,2026-08-08 19:45:00,2026-08-08 19:55:00,False
21,2026-08-08 20:00:00,3,156.0,2026-08-08 20:00:00,2026-08-08 20:10:00,False
21,2026-08-08 20:15:00,3,180.0,2026-08-08 20:15:00,2026-08-08 20:25:00,False
21,2026-08-08 20:30:00,3,161.0,2026-08-08 20:30:00,2026-08-08 20:40:00,False
21,2026-08-08 20:45:00,3,150.0,2026-08-08 20:45:00,2026-08-08 20:55:00,False
21,2026-08-08 21:00:00,3,145.0,2026-08-08 21:00:00,2026-08-08 21:10:00,False
21,2026-08-08 21:15:00,3,145.0,2026-08-08 21:15:00,2026-08-08 21:25:00,False
21,2026-08-08 21:30:00,0,,,,True
23,2026-08-07 23:45:00,1,4.0,2026-08-07 23:55:00,2026-08-07 23:55:00,False
23,2026-08-08 00:00:00,3,15.0,2026-08-08 00:00:00,2026-08-08 00:10:00,False
23,2026-08-08 00:15:00,3,15.0,2026-08-08 00:15:00,2026-08-08 00:25:00,False
23,2026-08-08 00:30:00,3,17.0,2026-08-08 00:30:00,2026-08-08 00:40:00,False
23,2026-08-08 00:45:00,1,9.0,2026-08-08 00:50:00,2026-08-08 00:50:00,False
23,2026-08-08 01:00:00,3,13.0,2026-08-08 01:00:00,2026-08-08 01:10:00,False
23,2026-08-08 01:15:00,3,9.0,2026-08-08 01:15:00,2026-08-08 01:25:00,False
23,2026-08-08 01:30:00,3,20.0,2026-08-08 01:30:00,2026-08-08 01:40:00,False
23,2026-08-08 01:45:00,3,11.0,2026-08-08 01:45:00,2026-08-08 01:55:00,False
23,2026-08-08 02:00:00,2,4.0,2026-08-08 02:00:00,2026-08-08 02:05:00,False
23,2026-08-08 02:15:00,3,14.0,2026-08-08 02:15:00,2026-08-08 02:25:00,False
23,2026-08-08 02:30:00,1,3.0,2026-08-08 02:30:00,2026-08-08 02:30:00,False
23,2026-08-08 02:45:00,2,8.0,2026-08-08 02:45:00,2026-08-08 02:50:00,False
23,2026-08-08 03:00:00,1,2.0,2026-08-08 03:00:00,2026-08-08 03:00:00,False
23,2026-08-08 03:15:00,3,6.0,2026-08-08 03:15:00,2026-08-08 03:25:00,False
23,2026-08-08 03:30:00,1,3.0,2026-08-08 03:35:00,2026-08-08 03:35:00,False
23,2026-08-08 03:45:00,1,2.0,2026-08-08 03:55:00,2026-08-08 03:55:00,False
23,2026-08-08 04:00:00,1,2.0,2026-08-08 04:00:00,2026-08-08 04:00:00,False
23,2026-08-08 04:15:00,1,1.0,2026-08-08 04:15:00,2026-08-08 04:15:00,False
23,2026-08-08 04:30:00,2,5.0,2026-08-08 04:30:00,2026-08-08 04:35:00,False
23,2026-08-08 04:45:00,3,7.0,2026-08-08 04:45:00,2026-08-08 04:55:00,False
23,2026-08-08 05:00:00,0,,,,True
23,2026-08-08 05:15:00,2,3.0,2026-08-08 05:15:00,2026-08-08 05:20:00,False
23,2026-08-08 05:30:00,3,9.0,2026-08-08 05:30:00,2026-08-08 05:40:00,False
23,2026-08-08 05:45:00,3,3.0,2026-08-08 05:45:00,2026-08-08 05:55:00,False
23,2026-08-08 06:00:00,3,8.0,2026-08-08 06:00:00,2026-08-08 06:10:00,False
23,2026-08-08 06:15:00,3,15.0,2026-08-08 06:15:00,2026-08-08 06:25:00,False
23,2026-08-08 06:30:00,3,12.0,2026-08-08 06:30:00,2026-08-08 06:40:00,False
23,2026-08-08 06:45:00,3,13.0,2026-08-08 06:45:00,2026-08-08 06:55:00,False
23,2026-08-08 07:00:00,3,13.0,2026-08-08 07:00:00,2026-08-08 07:10:00,False
23,2026-08-08 07:15:00,3,22.0,2026-08-08 07:15:00,2026-08-08 07:25:00,False
23,2026-08-08 07:30:00,3,22.0,2026-08-08 07:30:00,2026-08-08 07:40:00,False
23,2026-08-08 07:45:00,3,29.0,2026-08-08 07:45:00,2026-08-08 07:55:00,False
23,2026-08-08 08:00:00,3,39.0,2026-08-08 08:00:00,2026-08-08 08:10:00,False
23,2026-08-08 08:15:00,3,45.0,2026-08-08 08:15:00,2026-08-08 08:25:00,False
23,2026-08-08 08:30:00,3,32.0,2026-08-08 08:30:00,2026-08-08 08:40:00,False
23,2026-08-08 08:45:00,3,36.0,2026-08-08 08:45:00,2026-08-08 08:55:00,False
23,2026-08-08 09:00:00,3,64.0,2026-08-08 09:00:00,2026-08-08 09:10:00,False
23,2026-08-08 09:15:00,3,62.0,2026-08-08 09:15:00,2026-08-08 09:25:00,False
23,2026-08-08 09:30:00,3,68.0,2026-08-08 09:30:00,2026-08-08 09:40:00,False
23,2026-08-08 09:45:00,3,68.0,2026-08-08 09:45:00,2026-08-08 09:55:00,False
23,2026-08-08 10:00:00,3,72.0,2026-08-08 10:00:00,2026-08-08 10:10:00,False
23,2026-08-08 10:15:00,3,63.0,2026-08-08 10:15:00,2026-08-08 10:25:00,False
23,2026-08-08 10:30:00,3,58.0,2026-08-08 10:30:00,2026-08-08 10:40:00,False
23,2026-08-08 10:45:00,3,77.0,2026-08-08 10:45:00,2026-08-08 10:55:00,False
23,2026-08-08 11:00:00,3,88.0,2026-08-08 11:00:00,2026-08-08 11:10:00,False
23,2026-08-08 11:15:00,3,111.0,2026-08-08 11:15:00,2026-08-08 11:25:00,False
23,2026-08-08 11:30:00,3,107.0,2026-08-08 11:30:00,2026-08-08 11:40:00,False
23,2026-08-08 11:45:00,3,93.0,2026-08-08 11:45:00,2026-08-08 11:55:00,False
23,2026-08-08 12:00:00,3,67.0,2026-08-08 12:00:00,2026-08-08 12:10:00,False
23,2026-08-08 12:15:00,3,100.0,2026-08-08 12:15:00,2026-08-08 12:25:00,False
23,2026-08-08 12:30:00,3,90.0,2026-08-08 12:30:00,2026-08-08 12:40:00,False
23,2026-08-08 12:45:00,3,95.0,2026-08-08 12:45:00,2026-08-08 12:55:00,False
23,2026-08-08 13:00:00,3,109.0,2026-08-08 13:00:00,2026-08-08 13:10:00,False
23,2026-08-08 13:15:00,3,69.0,2026-08-08 13:15:00,2026-08-08 13:25:00,False
23,2026-08-08 13:30:00,3,62.0,2026-08-08 13:30:00,2026-08-08 13:40:00,False
23,2026-08-08 13:45:00,3,51.0,2026-08-08 13:45:00,2026-08-08 13:55:00,False
23,2026-08-08 14:00:00,3,102.0,2026-08-08 14:00:00,2026-08-08 14:10:00,False
23,2026-08-08 14:15:00,3,64.0,2026-08-08 14:15:00,2026-08-08 14:25:00,False
23,2026-08-08 14:30:00,3,83.0,2026-08-08 14:30:00,2026-08-08 14:40:00,False
23,2026-08-08 14:45:00,3,77.0,2026-08-08 14:45:00,2026-08-08 14:55:00,False
23,2026-08-08 15:00:00,3,79.0,2026-08-08 15:00:00,2026-08-08 15:10:00,False
23,2026-08-08 15:15:00,3,82.0,2026-08-08 15:15:00,2026-08-08 15:25:00,False
23,2026-08-08 15:30:00,3,86.0,2026-08-08 15:30:00,2026-08-08 15:40:00,False
23,2026-08-08 15:45:00,3,101.0,2026-08-08 15:45:00,2026-08-08 15:55:00,False
23,2026-08-08 16:00:00,3,71.0,2026-08-08 16:00:00,2026-08-08 16:10:00,False
23,2026-08-08 16:15:00,3,102.0,2026-08-08 16:15:00,2026-08-08 16:25:00,False
23,2026-08-08 16:30:00,3,95.0,2026-08-08 16:30:00,2026-08-08 16:40:00,False
23,2026-08-08 16:45:00,3,121.0,2026-08-08 16:45:00,2026-08-08 16:55:00,False
23,2026-08-08 17:00:00,3,106.0,2026-08-08 17:00:00,2026-08-08 17:10:00,False
23,2026-08-08 17:15:00,3,110.0,2026-08-08 17:15:00,2026-08-08 17:25:00,False
23,2026-08-08 17:30:00,3,92.0,2026-08-08 17:30:00,2026-08-08 17:40:00,False
23,2026-08-08 17:45:00,3,87.0,2026-08-08 17:45:00,2026-08-08 17:55:00,False
23,2026-08-08 18:00:00,3,102.0,2026-08-08 18:00:00,2026-08-08 18:10:00,False
23,2026-08-08 18:15:00,3,114.0,2026-08-08 18:15:00,2026-08-08 18:25:00,False
23,2026-08-08 18:30:00,3,47.0,2026-08-08 18:30:00,2026-08-08 18:40:00,False
23,2026-08-08 18:45:00,3,47.0,2026-08-08 18:45:00,2026-08-08 18:55:00,False
23,2026-08-08 19:00:00,3,63.0,2026-08-08 19:00:00,2026-08-08 19:10:00,False
23,2026-08-08 19:15:00,3,87.0,2026-08-08 19:15:00,2026-08-08 19:25:00,False
23,2026-08-08 19:30:00,3,60.0,2026-08-08 19:30:00,2026-08-08 19:40:00,False
23,2026-08-08 19:45:00,3,70.0,2026-08-08 19:45:00,2026-08-08 19:55:00,False
23,2026-08-08 20:00:00,3,65.0,2026-08-08 20:00:00,2026-08-08 20:10:00,False
23,2026-08-08 20:15:00,3,50.0,2026-08-08 20:15:00,2026-08-08 20:25:00,False
23,2026-08-08 20:30:00,3,45.0,2026-08-08 20:30:00,2026-08-08 20:40:00,False
23,2026-08-08 20:45:00,3,51.0,2026-08-08 20:45:00,2026-08-08 20:55:00,False
23,2026-08-08 21:00:00,3,38.0,2026-08-08 21:00:00,2026-08-08 21:10:00,False
23,2026-08-08 21:15:00,3,16.0,2026-08-08 21:15:00,2026-08-08 21:25:00,False
23,2026-08-08 21:30:00,0,,,,True
24,2026-08-07 23:45:00,5,45.0,2026-08-07 23:55:00,2026-08-07 23:59:00,False
24,2026-08-08 00:00:00,14,61.0,2026-08-08 00:00:00,2026-08-08 00:14:00,False
24,2026-08-08 00:15:00,12,60.0,2026-08-08 00:15:00,2026-08-08 00:29:00,False
24,2026-08-08 00:30:00,13,44.0,2026-08-08 00:30:00,2026-08-08 00:44:00,False
24,2026-08-08 00:45:00,13,51.0,2026-08-08 00:45:00,2026-08-08 00:59:00,False
24,2026-08-08 01:00:00,9,38.0,2026-08-08 01:00:00,2026-08-08 01:13:00,False
24,2026-08-08 01:15:00,12,40.0,2026-08-08 01:16:00,2026-08-08 01:28:00,False
24,2026-08-08 01:30:00,11,28.0,2026-08-08 01:30:00,2026-08-08 01:44:00,False
24,2026-08-08 01:45:00,11,21.0,2026-08-08 01:45:00,2026-08-08 01:58:00,False
24,2026-08-08 02:00:00,10,23.0,2026-08-08 02:00:00,2026-08-08 02:14:00,False
24,2026-08-08 02:15:00,10,24.0,2026-08-08 02:16:00,2026-08-08 02:28:00,False
24,2026-08-08 02:30:00,4,5.0,2026-08-08 02:33:00,2026-08-08 02:44:00,False
24,2026-08-08 02:45:00,9,24.0,2026-08-08 02:46:00,2026-08-08 02:59:00,False
24,2026-08-08 03:00:00,11,24.0,2026-08-08 03:00:00,2026-08-08 03:14:00,False
24,2026-08-08 03:15:00,6,14.0,2026-08-08 03:15:00,2026-08-08 03:29:00,False
24,2026-08-08 03:30:00,6,10.0,2026-08-08 03:33:00,2026-08-08 03:44:00,False
24,2026-08-08 03:45:00,8,18.0,2026-08-08 03:45:00,2026-08-08 03:55:00,False
24,2026-08-08 04:00:00,6,6.0,2026-08-08 04:02:00,2026-08-08 04:14:00,False
24,2026-08-08 04:15:00,6,15.0,2026-08-08 04:17:00,2026-08-08 04:28:00,False
24,2026-08-08 04:30:00,3,7.0,2026-08-08 04:33:00,2026-08-08 04:39:00,False
24,2026-08-08 04:45:00,9,14.0,2026-08-08 04:46:00,2026-08-08 04:59:00,False
24,2026-08-08 05:00:00,4,7.0,2026-08-08 05:00:00,2026-08-08 05:12:00,False
24,2026-08-08 05:15:00,7,12.0,2026-08-08 05:15:00,2026-08-08 05:27:00,False
24,2026-08-08 05:30:00,10,27.0,2026-08-08 05:31:00,2026-08-08 05:44:00,False
24,2026-08-08 05:45:00,13,36.0,2026-08-08 05:46:00,2026-08-08 05:59:00,False
24,2026-08-08 06:00:00,12,34.0,2026-08-08 06:00:00,2026-08-08 06:13:00,False
24,2026-08-08 06:15:00,13,51.0,2026-08-08 06:15:00,2026-08-08 06:29:00,False
24,2026-08-08 06:30:00,13,56.0,2026-08-08 06:30:00,2026-08-08 06:44:00,False
24,2026-08-08 06:45:00,14,56.0,2026-08-08 06:45:00,2026-08-08 06:59:00,False
24,2026-08-08 07:00:00,11,34.0,2026-08-08 07:00:00,2026-08-08 07:13:00,False
24,2026-08-08 07:15:00,13,71.0,2026-08-08 07:15:00,2026-08-08 07:29:00,False
24,2026-08-08 07:30:00,15,90.0,2026-08-08 07:30:00,2026-08-08 07:44:00,False
24,2026-08-08 07:45:00,15,83.0,2026-08-08 07:45:00,2026-08-08 07:59:00,False
24,2026-08-08 08:00:00,15,113.0,2026-08-08 08:00:00,2026-08-08 08:14:00,False
24,2026-08-08 08:15:00,15,120.0,2026-08-08 08:15:00,2026-08-08 08:29:00,False
24,2026-08-08 08:30:00,15,117.0,2026-08-08 08:30:00,2026-08-08 08:44:00,False
24,2026-08-08 08:45:00,15,163.0,2026-08-08 08:45:00,2026-08-08 08:59:00,False
24,2026-08-08 09:00:00,15,114.0,2026-08-08 09:00:00,2026-08-08 09:14:00,False
24,2026-08-08 09:15:00,15,161.0,2026-08-08 09:15:00,2026-08-08 09:29:00,False
24,2026-08-08 09:30:00,15,235.0,2026-08-08 09:30:00,2026-08-08 09:44:00,False
24,2026-08-08 09:45:00,15,176.0,2026-08-08 09:45:00,2026-08-08 09:59:00,False
24,2026-08-08 10:00:00,15,213.0,2026-08-08 10:00:00,2026-08-08 10:14:00,False
24,2026-08-08 10:15:00,15,266.0,2026-08-08 10:15:00,2026-08-08 10:29:00,False
24,2026-08-08 10:30:00,15,226.0,2026-08-08 10:30:00,2026-08-08 10:44:00,False
24,2026-08-08 10:45:00,15,265.0,2026-08-08 10:45:00,2026-08-08 10:59:00,False
24,2026-08-08 11:00:00,15,258.0,2026-08-08 11:00:00,2026-08-08 11:14:00,False
24,2026-08-08 11:15:00,15,247.0,2026-08-08 11:15:00,2026-08-08 11:29:00,False
24,2026-08-08 11:30:00,15,287.0,2026-08-08 11:30:00,2026-08-08 11:44:00,False
24,2026-08-08 11:45:00,15,332.0,2026-08-08 11:45:00,2026-08-08 11:59:00,False
24,2026-08-08 12:00:00,15,253.0,2026-08-08 12:00:00,2026-08-08 12:14:00,False
24,2026-08-08 12:15:00,15,304.0,2026-08-08 12:15:00,2026-08-08 12:29:00,False
24,2026-08-08 12:30:00,15,339.0,2026-08-08 12:30:00,2026-08-08 12:44:00,False
24,2026-08-08 12:45:00,15,325.0,2026-08-08 12:45:00,2026-08-08 12:59:00,False
24,2026-08-08 13:00:00,15,240.0,2026-08-08 13:00:00,2026-08-08 13:14:00,False
24,2026-08-08 13:15:00,14,237.0,2026-08-08 13:15:00,2026-08-08 13:29:00,False
24,2026-08-08 13:30:00,15,269.0,2026-08-08 13:30:00,2026-08-08 13:44:00,False
24,2026-08-08 13:45:00,15,251.0,2026-08-08 13:45:00,2026-08-08 13:59:00,False
24,2026-08-08 14:00:00,15,257.0,2026-08-08 14:00:00,2026-08-08 14:14:00,False
24,2026-08-08 14:15:00,15,274.0,2026-08-08 14:15:00,2026-08-08 14:29:00,False
24,2026-08-08 14:30:00,15,261.0,2026-08-08 14:30:00,2026-08-08 14:44:00,False
24,2026-08-08 14:45:00,15,259.0,2026-08-08 14:45:00,2026-08-08 14:59:00,False
24,2026-08-08 15:00:00,15,303.0,2026-08-08 15:00:00,2026-08-08 15:14:00,False
24,2026-08-08 15:15:00,15,302.0,2026-08-08 15:15:00,2026-08-08 15:29:00,False
24,2026-08-08 15:30:00,15,294.0,2026-08-08 15:30:00,2026-08-08 15:44:00,False
24,2026-08-08 15:45:00,15,286.0,2026-08-08 15:45:00,2026-08-08 15:59:00,False
24,2026-08-08 16:00:00,15,279.0,2026-08-08 16:00:00,2026-08-08 16:14:00,False
24,2026-08-08 16:15:00,15,343.0,2026-08-08 16:15:00,2026-08-08 16:29:00,False
24,2026-08-08 16:30:00,15,343.0,2026-08-08 16:30:00,2026-08-08 16:44:00,False
24,2026-08-08 16:45:00,15,380.0,2026-08-08 16:45:00,2026-08-08 16:59:00,False
24,2026-08-08 17:00:00,15,264.0,2026-08-08 17:00:00,2026-08-08 17:14:00,False
24,2026-08-08 17:15:00,15,363.0,2026-08-08 17:15:00,2026-08-08 17:29:00,False
24,2026-08-08 17:30:00,15,295.0,2026-08-08 17:30:00,2026-08-08 17:44:00,False
24,2026-08-08 17:45:00,15,266.0,2026-08-08 17:45:00,2026-08-08 17:59:00,False
24,2026-08-08 18:00:00,15,286.0,2026-08-08 18:00:00,2026-08-08 18:14:00,False
24,2026-08-08 18:15:00,15,337.0,2026-08-08 18:15:00,2026-08-08 18:29:00,False
24,2026-08-08 18:30:00,15,315.0,2026-08-08 18:30:00,2026-08-08 18:44:00,False
24,2026-08-08 18:45:00,15,293.0,2026-08-08 18:45:00,2026-08-08 18:59:00,False
24,2026-08-08 19:00:00,15,240.0,2026-08-08 19:00:00,2026-08-08 19:14:00,False
24,2026-08-08 19:15:00,15,225.0,2026-08-08 19:15:00,2026-08-08 19:29:00,False
24,2026-08-08 19:30:00,15,219.0,2026-08-08 19:30:00,2026-08-08 19:44:00,False
24,2026-08-08 19:45:00,15,167.0,2026-08-08 19:45:00,2026-08-08 19:59:00,False
24,2026-08-08 20:00:00,15,205.0,2026-08-08 20:00:00,2026-08-08 20:14:00,False
24,2026-08-08 20:15:00,15,185.0,2026-08-08 20:15:00,2026-08-08 20:29:00,False
24,2026-08-08 20:30:00,15,160.0,2026-08-08 20:30:00,2026-08-08 20:44:00,False
24,2026-08-08 20:45:00,15,178.0,2026-08-08 20:45:00,2026-08-08 20:59:00,False
24,2026-08-08 21:00:00,15,210.0,2026-08-08 21:00:00,2026-08-08 21:14:00,False
24,2026-08-08 21:15:00,15,159.0,2026-08-08 21:15:00,2026-08-08 21:29:00,False
24,2026-08-08 21:30:00,0,,,,True
25,2026-08-07 23:45:00,1,12.0,2026-08-07 23:55:00,2026-08-07 23:55:00,False
25,2026-08-08 00:00:00,3,42.0,2026-08-08 00:00:00,2026-08-08 00:10:00,False
25,2026-08-08 00:15:00,3,27.0,2026-08-08 00:15:00,2026-08-08 00:25:00,False
25,2026-08-08 00:30:00,2,12.0,2026-08-08 00:35:00,2026-08-08 00:40:00,False
25,2026-08-08 00:45:00,3,7.0,2026-08-08 00:45:00,2026-08-08 00:55:00,False
25,2026-08-08 01:00:00,3,8.0,2026-08-08 01:00:00,2026-08-08 01:10:00,False
25,2026-08-08 01:15:00,3,26.0,2026-08-08 01:15:00,2026-08-08 01:25:00,False
25,2026-08-08 01:30:00,3,25.0,2026-08-08 01:30:00,2026-08-08 01:40:00,False
25,2026-08-08 01:45:00,2,22.0,2026-08-08 01:50:00,2026-08-08 01:55:00,False
25,2026-08-08 02:00:00,1,5.0,2026-08-08 02:10:00,2026-08-08 02:10:00,False
25,2026-08-08 02:15:00,3,8.0,2026-08-08 02:15:00,2026-08-08 02:25:00,False
25,2026-08-08 02:30:00,3,5.0,2026-08-08 02:30:00,2026-08-08 02:40:00,False
25,2026-08-08 02:45:00,1,1.0,2026-08-08 02:55:00,2026-08-08 02:55:00,False
25,2026-08-08 03:00:00,2,4.0,2026-08-08 03:00:00,2026-08-08 03:05:00,False
25,2026-08-08 03:15:00,2,2.0,2026-08-08 03:15:00,2026-08-08 03:20:00,False
25,2026-08-08 03:30:00,2,6.0,2026-08-08 03:30:00,2026-08-08 03:35:00,False
25,2026-08-08 03:45:00,1,2.0,2026-08-08 03:50:00,2026-08-08 03:50:00,False
25,2026-08-08 04:00:00,1,3.0,2026-08-08 04:05:00,2026-08-08 04:05:00,False
25,2026-08-08 04:15:00,1,1.0,2026-08-08 04:15:00,2026-08-08 04:15:00,False
25,2026-08-08 04:30:00,2,14.0,2026-08-08 04:35:00,2026-08-08 04:40:00,False
25,2026-08-08 04:45:00,2,7.0,2026-08-08 04:45:00,2026-08-08 04:55:00,False
25,2026-08-08 05:00:00,2,3.0,2026-08-08 05:05:00,2026-08-08 05:10:00,False
25,2026-08-08 05:15:00,1,2.0,2026-08-08 05:25:00,2026-08-08 05:25:00,False
25,2026-08-08 05:30:00,3,8.0,2026-08-08 05:30:00,2026-08-08 05:40:00,False
25,2026-08-08 05:45:00,3,9.0,2026-08-08 05:45:00,2026-08-08 05:55:00,False
25,2026-08-08 06:00:00,3,21.0,2026-08-08 06:00:00,2026-08-08 06:10:00,False
25,2026-08-08 06:15:00,3,14.0,2026-08-08 06:15:00,2026-08-08 06:25:00,False
25,2026-08-08 06:30:00,3,19.0,2026-08-08 06:30:00,2026-08-08 06:40:00,False
25,2026-08-08 06:45:00,3,36.0,2026-08-08 06:45:00,2026-08-08 06:55:00,False
25,2026-08-08 07:00:00,3,30.0,2026-08-08 07:00:00,2026-08-08 07:10:00,False
25,2026-08-08 07:15:00,3,58.0,2026-08-08 07:15:00,2026-08-08 07:25:00,False
25,2026-08-08 07:30:00,3,76.0,2026-08-08 07:30:00,2026-08-08 07:40:00,False
25,2026-08-08 07:45:00,3,91.0,2026-08-08 07:45:00,2026-08-08 07:55:00,False
25,2026-08-08 08:00:00,3,113.0,2026-08-08 08:00:00,2026-08-08 08:10:00,False
25,2026-08-08 08:15:00,3,143.0,2026-08-08 08:15:00,2026-08-08 08:25:00,False
25,2026-08-08 08:30:00,3,225.0,2026-08-08 08:30:00,2026-08-08 08:40:00,False
25,2026-08-08 08:45:00,3,311.0,2026-08-08 08:45:00,2026-08-08 08:55:00,False
25,2026-08-08 09:00:00,3,260.0,2026-08-08 09:00:00,2026-08-08 09:10:00,False
25,2026-08-08 09:15:00,3,199.0,2026-08-08 09:15:00,2026-08-08 09:25:00,False
25,2026-08-08 09:30:00,3,216.0,2026-08-08 09:30:00,2026-08-08 09:40:00,False
25,2026-08-08 09:45:00,3,230.0,2026-08-08 09:45:00,2026-08-08 09:55:00,False
25,2026-08-08 10:00:00,3,243.0,2026-08-08 10:00:00,2026-08-08 10:10:00,False
25,2026-08-08 10:15:00,3,211.0,2026-08-08 10:15:00,2026-08-08 10:25:00,False
25,2026-08-08 10:30:00,3,252.0,2026-08-08 10:30:00,2026-08-08 10:40:00,False
25,2026-08-08 10:45:00,3,259.0,2026-08-08 10:45:00,2026-08-08 10:55:00,False
25,2026-08-08 11:00:00,3,256.0,2026-08-08 11:00:00,2026-08-08 11:10:00,False
25,2026-08-08 11:15:00,3,313.0,2026-08-08 11:15:00,2026-08-08 11:25:00,False
25,2026-08-08 11:30:00,3,324.0,2026-08-08 11:30:00,2026-08-08 11:40:00,False
25,2026-08-08 11:45:00,3,366.0,2026-08-08 11:45:00,2026-08-08 11:55:00,False
25,2026-08-08 12:00:00,3,317.0,2026-08-08 12:00:00,2026-08-08 12:10:00,False
25,2026-08-08 12:15:00,3,309.0,2026-08-08 12:15:00,2026-08-08 12:25:00,False
25,2026-08-08 12:30:00,3,353.0,2026-08-08 12:30:00,2026-08-08 12:40:00,False
25,2026-08-08 12:45:00,3,341.0,2026-08-08 12:45:00,2026-08-08 12:55:00,False
25,2026-08-08 13:00:00,3,424.0,2026-08-08 13:00:00,2026-08-08 13:10:00,False
25,2026-08-08 13:15:00,3,436.0,2026-08-08 13:15:00,2026-08-08 13:25:00,False
25,2026-08-08 13:30:00,3,340.0,2026-08-08 13:30:00,2026-08-08 13:40:00,False
25,2026-08-08 13:45:00,3,404.0,2026-08-08 13:45:00,2026-08-08 13:55:00,False
25,2026-08-08 14:00:00,3,489.0,2026-08-08 14:00:00,2026-08-08 14:10:00,False
25,2026-08-08 14:15:00,3,409.0,2026-08-08 14:15:00,2026-08-08 14:25:00,False
25,2026-08-08 14:30:00,3,424.0,2026-08-08 14:30:00,2026-08-08 14:40:00,False
25,2026-08-08 14:45:00,3,548.0,2026-08-08 14:45:00,2026-08-08 14:55:00,False
25,2026-08-08 15:00:00,3,439.0,2026-08-08 15:00:00,2026-08-08 15:10:00,False
25,2026-08-08 15:15:00,3,503.0,2026-08-08 15:15:00,2026-08-08 15:25:00,False
25,2026-08-08 15:30:00,3,494.0,2026-08-08 15:30:00,2026-08-08 15:40:00,False
25,2026-08-08 15:45:00,3,451.0,2026-08-08 15:45:00,2026-08-08 15:55:00,False
25,2026-08-08 16:00:00,3,537.0,2026-08-08 16:00:00,2026-08-08 16:10:00,False
25,2026-08-08 16:15:00,3,461.0,2026-08-08 16:15:00,2026-08-08 16:25:00,False
25,2026-08-08 16:30:00,3,507.0,2026-08-08 16:30:00,2026-08-08 16:40:00,False
25,2026-08-08 16:45:00,3,475.0,2026-08-08 16:45:00,2026-08-08 16:55:00,False
25,2026-08-08 17:00:00,3,440.0,2026-08-08 17:00:00,2026-08-08 17:10:00,False
25,2026-08-08 17:15:00,3,489.0,2026-08-08 17:15:00,2026-08-08 17:25:00,False
25,2026-08-08 17:30:00,3,467.0,2026-08-08 17:30:00,2026-08-08 17:40:00,False
25,2026-08-08 17:45:00,3,491.0,2026-08-08 17:45:00,2026-08-08 17:55:00,False
25,2026-08-08 18:00:00,3,624.0,2026-08-08 18:00:00,2026-08-08 18:10:00,False
25,2026-08-08 18:15:00,3,382.0,2026-08-08 18:15:00,2026-08-08 18:25:00,False
25,2026-08-08 18:30:00,3,148.0,2026-08-08 18:30:00,2026-08-08 18:40:00,False
25,2026-08-08 18:45:00,3,103.0,2026-08-08 18:45:00,2026-08-08 18:55:00,False
25,2026-08-08 19:00:00,3,111.0,2026-08-08 19:00:00,2026-08-08 19:10:00,False
25,2026-08-08 19:15:00,3,112.0,2026-08-08 19:15:00,2026-08-08 19:25:00,False
25,2026-08-08 19:30:00,3,72.0,2026-08-08 19:30:00,2026-08-08 19:40:00,False
25,2026-08-08 19:45:00,3,139.0,2026-08-08 19:45:00,2026-08-08 19:55:00,False
25,2026-08-08 20:00:00,3,133.0,2026-08-08 20:00:00,2026-08-08 20:10:00,False
25,2026-08-08 20:15:00,3,147.0,2026-08-08 20:15:00,2026-08-08 20:25:00,False
25,2026-08-08 20:30:00,3,80.0,2026-08-08 20:30:00,2026-08-08 20:40:00,False
25,2026-08-08 20:45:00,3,84.0,2026-08-08 20:45:00,2026-08-08 20:55:00,False
25,2026-08-08 21:00:00,3,75.0,2026-08-08 21:00:00,2026-08-08 21:10:00,False
25,2026-08-08 21:15:00,3,84.0,2026-08-08 21:15:00,2026-08-08 21:25:00,False
25,2026-08-08 21:30:00,0,,,,True
27,2026-08-07 23:45:00,1,6.0,2026-08-07 23:55:00,2026-08-07 23:55:00,False
27,2026-08-08 00:00:00,3,19.0,2026-08-08 00:00:00,2026-08-08 00:10:00,False
27,2026-08-08 00:15:00,1,3.0,2026-08-08 00:20:00,2026-08-08 00:20:00,False
27,2026-08-08 00:30:00,2,6.0,2026-08-08 00:30:00,2026-08-08 00:40:00,False
27,2026-08-08 00:45:00,3,11.0,2026-08-08 00:45:00,2026-08-08 00:55:00,False
27,2026-08-08 01:00:00,3,10.0,2026-08-08 01:00:00,2026-08-08 01:10:00,False
27,2026-08-08 01:15:00,1,2.0,2026-08-08 01:15:00,2026-08-08 01:15:00,False
27,2026-08-08 01:30:00,2,12.0,2026-08-08 01:35:00,2026-08-08 01:40:00,False
27,2026-08-08 01:45:00,2,3.0,2026-08-08 01:45:00,2026-08-08 01:55:00,False
27,2026-08-08 02:00:00,2,5.0,2026-08-08 02:00:00,2026-08-08 02:05:00,False
27,2026-08-08 02:15:00,2,6.0,2026-08-08 02:20:00,2026-08-08 02:25:00,False
27,2026-08-08 02:30:00,2,2.0,2026-08-08 02:35:00,2026-08-08 02:40:00,False
27,2026-08-08 02:45:00,1,2.0,2026-08-08 02:45:00,2026-08-08 02:45:00,False
27,2026-08-08 03:00:00,2,2.0,2026-08-08 03:00:00,2026-08-08 03:05:00,False
27,2026-08-08 03:15:00,2,6.0,2026-08-08 03:20:00,2026-08-08 03:25:00,False
27,2026-08-08 03:30:00,1,2.0,2026-08-08 03:35:00,2026-08-08 03:35:00,False
27,2026-08-08 03:45:00,3,5.0,2026-08-08 03:45:00,2026-08-08 03:55:00,False
27,2026-08-08 04:00:00,0,,,,True
27,2026-08-08 04:15:00,1,1.0,2026-08-08 04:25:00,2026-08-08 04:25:00,False
27,2026-08-08 04:30:00,1,1.0,2026-08-08 04:35:00,2026-08-08 04:35:00,False
27,2026-08-08 04:45:00,3,4.0,2026-08-08 04:45:00,2026-08-08 04:55:00,False
27,2026-08-08 05:00:00,0,,,,True
27,2026-08-08 05:15:00,1,1.0,2026-08-08 05:15:00,2026-08-08 05:15:00,False
27,2026-08-08 05:30:00,0,,,,True
27,2026-08-08 05:45:00,3,8.0,2026-08-08 05:45:00,2026-08-08 05:55:00,False
27,2026-08-08 06:00:00,3,5.0,2026-08-08 06:00:00,2026-08-08 06:10:00,False
27,2026-08-08 06:15:00,3,4.0,2026-08-08 06:15:00,2026-08-08 06:25:00,False
27,2026-08-08 06:30:00,2,4.0,2026-08-08 06:30:00,2026-08-08 06:40:00,False
27,2026-08-08 06:45:00,2,3.0,2026-08-08 06:45:00,2026-08-08 06:50:00,False
27,2026-08-08 07:00:00,3,7.0,2026-08-08 07:00:00,2026-08-08 07:10:00,False
27,2026-08-08 07:15:00,3,14.0,2026-08-08 07:15:00,2026-08-08 07:25:00,False
27,2026-08-08 07:30:00,2,10.0,2026-08-08 07:35:00,2026-08-08 07:40:00,False
27,2026-08-08 07:45:00,3,16.0,2026-08-08 07:45:00,2026-08-08 07:55:00,False
27,2026-08-08 08:00:00,3,20.0,2026-08-08 08:00:00,2026-08-08 08:10:00,False
27,2026-08-08 08:15:00,3,47.0,2026-08-08 08:15:00,2026-08-08 08:25:00,False
27,2026-08-08 08:30:00,3,33.0,2026-08-08 08:30:00,2026-08-08 08:40:00,False
27,2026-08-08 08:45:00,3,59.0,2026-08-08 08:45:00,2026-08-08 08:55:00,False
27,2026-08-08 09:00:00,3,53.0,2026-08-08 09:00:00,2026-08-08 09:10:00,False
27,2026-08-08 09:15:00,3,72.0,2026-08-08 09:15:00,2026-08-08 09:25:00,False
27,2026-08-08 09:30:00,3,77.0,2026-08-08 09:30:00,2026-08-08 09:40:00,False
27,2026-08-08 09:45:00,3,80.0,2026-08-08 09:45:00,2026-08-08 09:55:00,False
27,2026-08-08 10:00:00,3,85.0,2026-08-08 10:00:00,2026-08-08 10:10:00,False
27,2026-08-08 10:15:00,3,86.0,2026-08-08 10:15:00,2026-08-08 10:25:00,False
27,2026-08-08 10:30:00,3,102.0,2026-08-08 10:30:00,2026-08-08 10:40:00,False
27,2026-08-08 10:45:00,3,124.0,2026-08-08 10:45:00,2026-08-08 10:55:00,False
27,2026-08-08 11:00:00,3,111.0,2026-08-08 11:00:00,2026-08-08 11:10:00,False
27,2026-08-08 11:15:00,3,105.0,2026-08-08 11:15:00,2026-08-08 11:25:00,False
27,2026-08-08 11:30:00,3,130.0,2026-08-08 11:30:00,2026-08-08 11:40:00,False
27,2026-08-08 11:45:00,3,157.0,2026-08-08 11:45:00,2026-08-08 11:55:00,False
27,2026-08-08 12:00:00,3,149.0,2026-08-08 12:00:00,2026-08-08 12:10:00,False
27,2026-08-08 12:15:00,3,137.0,2026-08-08 12:15:00,2026-08-08 12:25:00,False
27,2026-08-08 12:30:00,3,193.0,2026-08-08 12:30:00,2026-08-08 12:40:00,False
27,2026-08-08 12:45:00,3,159.0,2026-08-08 12:45:00,2026-08-08 12:55:00,False
27,2026-08-08 13:00:00,3,177.0,2026-08-08 13:00:00,2026-08-08 13:10:00,False
27,2026-08-08 13:15:00,3,165.0,2026-08-08 13:15:00,2026-08-08 13:25:00,False
27,2026-08-08 13:30:00,3,190.0,2026-08-08 13:30:00,2026-08-08 13:40:00,False
27,2026-08-08 13:45:00,3,166.0,2026-08-08 13:45:00,2026-08-08 13:55:00,False
27,2026-08-08 14:00:00,3,123.0,2026-08-08 14:00:00,2026-08-08 14:10:00,False
27,2026-08-08 14:15:00,3,131.0,2026-08-08 14:15:00,2026-08-08 14:25:00,False
27,2026-08-08 14:30:00,3,133.0,2026-08-08 14:30:00,2026-08-08 14:40:00,False
27,2026-08-08 14:45:00,3,125.0,2026-08-08 14:45:00,2026-08-08 14:55:00,False
27,2026-08-08 15:00:00,3,105.0,2026-08-08 15:00:00,2026-08-08 15:10:00,False
27,2026-08-08 15:15:00,3,75.0,2026-08-08 15:15:00,2026-08-08 15:25:00,False
27,2026-08-08 15:30:00,3,131.0,2026-08-08 15:30:00,2026-08-08 15:40:00,False
27,2026-08-08 15:45:00,3,122.0,2026-08-08 15:45:00,2026-08-08 15:55:00,False
27,2026-08-08 16:00:00,3,92.0,2026-08-08 16:00:00,2026-08-08 16:10:00,False
27,2026-08-08 16:15:00,3,84.0,2026-08-08 16:15:00,2026-08-08 16:25:00,False
27,2026-08-08 16:30:00,3,68.0,2026-08-08 16:30:00,2026-08-08 16:40:00,False
27,2026-08-08 16:45:00,3,69.0,2026-08-08 16:45:00,2026-08-08 16:55:00,False
27,2026-08-08 17:00:00,3,78.0,2026-08-08 17:00:00,2026-08-08 17:10:00,False
27,2026-08-08 17:15:00,3,61.0,2026-08-08 17:15:00,2026-08-08 17:25:00,False
27,2026-08-08 17:30:00,3,57.0,2026-08-08 17:30:00,2026-08-08 17:40:00,False
27,2026-08-08 17:45:00,3,54.0,2026-08-08 17:45:00,2026-08-08 17:55:00,False
27,2026-08-08 18:00:00,3,37.0,2026-08-08 18:00:00,2026-08-08 18:10:00,False
27,2026-08-08 18:15:00,3,61.0,2026-08-08 18:15:00,2026-08-08 18:25:00,False
27,2026-08-08 18:30:00,3,60.0,2026-08-08 18:30:00,2026-08-08 18:40:00,False
27,2026-08-08 18:45:00,3,37.0,2026-08-08 18:45:00,2026-08-08 18:55:00,False
27,2026-08-08 19:00:00,3,25.0,2026-08-08 19:00:00,2026-08-08 19:10:00,False
27,2026-08-08 19:15:00,3,29.0,2026-08-08 19:15:00,2026-08-08 19:25:00,False
27,2026-08-08 19:30:00,3,37.0,2026-08-08 19:30:00,2026-08-08 19:40:00,False
27,2026-08-08 19:45:00,3,47.0,2026-08-08 19:45:00,2026-08-08 19:55:00,False
27,2026-08-08 20:00:00,3,38.0,2026-08-08 20:00:00,2026-08-08 20:10:00,False
27,2026-08-08 20:15:00,3,24.0,2026-08-08 20:15:00,2026-08-08 20:25:00,False
27,2026-08-08 20:30:00,3,23.0,2026-08-08 20:30:00,2026-08-08 20:40:00,False
27,2026-08-08 20:45:00,3,24.0,2026-08-08 20:45:00,2026-08-08 20:55:00,False
27,2026-08-08 21:00:00,3,19.0,2026-08-08 21:00:00,2026-08-08 21:10:00,False
27,2026-08-08 21:15:00,3,19.0,2026-08-08 21:15:00,2026-08-08 21:25:00,False
27,2026-08-08 21:30:00,0,,,,True
29,2026-08-07 23:45:00,1,2.0,2026-08-07 23:58:00,2026-08-07 23:58:00,False
29,2026-08-08 00:00:00,6,12.0,2026-08-08 00:00:00,2026-08-08 00:14:00,False
29,2026-08-08 00:15:00,5,8.0,2026-08-08 00:15:00,2026-08-08 00:22:00,False
29,2026-08-08 00:30:00,3,3.0,2026-08-08 00:31:00,2026-08-08 00:44:00,False
29,2026-08-08 00:45:00,7,20.0,2026-08-08 00:45:00,2026-08-08 00:57:00,False
29,2026-08-08 01:00:00,5,7.0,2026-08-08 01:01:00,2026-08-08 01:14:00,False
29,2026-08-08 01:15:00,2,3.0,2026-08-08 01:19:00,2026-08-08 01:25:00,False
29,2026-08-08 01:30:00,4,8.0,2026-08-08 01:30:00,2026-08-08 01:36:00,False
29,2026-08-08 01:45:00,1,4.0,2026-08-08 01:58:00,2026-08-08 01:58:00,False
29,2026-08-08 02:00:00,3,4.0,2026-08-08 02:00:00,2026-08-08 02:14:00,False
29,2026-08-08 02:15:00,3,6.0,2026-08-08 02:19:00,2026-08-08 02:29:00,False
29,2026-08-08 02:30:00,4,4.0,2026-08-08 02:30:00,2026-08-08 02:40:00,False
29,2026-08-08 02:45:00,0,,,,True
29,2026-08-08 03:00:00,0,,,,True
29,2026-08-08 03:15:00,3,5.0,2026-08-08 03:15:00,2026-08-08 03:26:00,False
29,2026-08-08 03:30:00,3,3.0,2026-08-08 03:35:00,2026-08-08 03:39:00,False
29,2026-08-08 03:45:00,3,3.0,2026-08-08 03:46:00,2026-08-08 03:48:00,False
29,2026-08-08 04:00:00,1,1.0,2026-08-08 04:08:00,2026-08-08 04:08:00,False
29,2026-08-08 04:15:00,0,,,,True
29,2026-08-08 04:30:00,1,4.0,2026-08-08 04:33:00,2026-08-08 04:33:00,False
29,2026-08-08 04:45:00,2,2.0,2026-08-08 04:48:00,2026-08-08 04:56:00,False
29,2026-08-08 05:00:00,2,2.0,2026-08-08 05:12:00,2026-08-08 05:13:00,False
29,2026-08-08 05:15:00,2,3.0,2026-08-08 05:16:00,2026-08-08 05:29:00,False
29,2026-08-08 05:30:00,5,8.0,2026-08-08 05:30:00,2026-08-08 05:44:00,False
29,2026-08-08 05:45:00,4,5.0,2026-08-08 05:48:00,2026-08-08 05:57:00,False
29,2026-08-08 06:00:00,5,7.0,2026-08-08 06:08:00,2026-08-08 06:13:00,False
29,2026-08-08 06:15:00,6,10.0,2026-08-08 06:15:00,2026-08-08 06:27:00,False
29,2026-08-08 06:30:00,7,12.0,2026-08-08 06:30:00,2026-08-08 06:44:00,False
29,2026-08-08 06:45:00,11,25.0,2026-08-08 06:47:00,2026-08-08 06:59:00,False
29,2026-08-08 07:00:00,13,28.0,2026-08-08 07:00:00,2026-08-08 07:14:00,False
29,2026-08-08 07:15:00,9,19.0,2026-08-08 07:15:00,2026-08-08 07:26:00,False
29,2026-08-08 07:30:00,13,35.0,2026-08-08 07:31:00,2026-08-08 07:44:00,False
29,2026-08-08 07:45:00,13,34.0,2026-08-08 07:45:00,2026-08-08 07:59:00,False
29,2026-08-08 08:00:00,14,50.0,2026-08-08 08:00:00,2026-08-08 08:14:00,False
29,2026-08-08 08:15:00,15,57.0,2026-08-08 08:15:00,2026-08-08 08:29:00,False
29,2026-08-08 08:30:00,15,72.0,2026-08-08 08:30:00,2026-08-08 08:44:00,False
29,2026-08-08 08:45:00,13,59.0,2026-08-08 08:45:00,2026-08-08 08:59:00,False
29,2026-08-08 09:00:00,13,59.0,2026-08-08 09:01:00,2026-08-08 09:14:00,False
29,2026-08-08 09:15:00,15,76.0,2026-08-08 09:15:00,2026-08-08 09:29:00,False
29,2026-08-08 09:30:00,14,105.0,2026-08-08 09:30:00,2026-08-08 09:44:00,False
29,2026-08-08 09:45:00,15,108.0,2026-08-08 09:45:00,2026-08-08 09:59:00,False
29,2026-08-08 10:00:00,15,91.0,2026-08-08 10:00:00,2026-08-08 10:14:00,False
29,2026-08-08 10:15:00,14,97.0,2026-08-08 10:15:00,2026-08-08 10:29:00,False
29,2026-08-08 10:30:00,15,161.0,2026-08-08 10:30:00,2026-08-08 10:44:00,False
29,2026-08-08 10:45:00,15,110.0,2026-08-08 10:45:00,2026-08-08 10:59:00,False
29,2026-08-08 11:00:00,15,128.0,2026-08-08 11:00:00,2026-08-08 11:14:00,False
29,2026-08-08 11:15:00,15,103.0,2026-08-08 11:15:00,2026-08-08 11:29:00,False
29,2026-08-08 11:30:00,15,117.0,2026-08-08 11:30:00,2026-08-08 11:44:00,False
29,2026-08-08 11:45:00,15,196.0,2026-08-08 11:45:00,2026-08-08 11:59:00,False
29,2026-08-08 12:00:00,15,170.0,2026-08-08 12:00:00,2026-08-08 12:14:00,False
29,2026-08-08 12:15:00,15,169.0,2026-08-08 12:15:00,2026-08-08 12:29:00,False
29,2026-08-08 12:30:00,15,157.0,2026-08-08 12:30:00,2026-08-08 12:44:00,False
29,2026-08-08 12:45:00,15,178.0,2026-08-08 12:45:00,2026-08-08 12:59:00,False
29,2026-08-08 13:00:00,15,143.0,2026-08-08 13:00:00,2026-08-08 13:14:00,False
29,2026-08-08 13:15:00,15,166.0,2026-08-08 13:15:00,2026-08-08 13:29:00,False
29,2026-08-08 13:30:00,15,202.0,2026-08-08 13:30:00,2026-08-08 13:44:00,False
29,2026-08-08 13:45:00,15,160.0,2026-08-08 13:45:00,2026-08-08 13:59:00,False
29,2026-08-08 14:00:00,15,147.0,2026-08-08 14:00:00,2026-08-08 14:14:00,False
29,2026-08-08 14:15:00,15,169.0,2026-08-08 14:15:00,2026-08-08 14:29:00,False
29,2026-08-08 14:30:00,15,145.0,2026-08-08 14:30:00,2026-08-08 14:44:00,False
29,2026-08-08 14:45:00,15,131.0,2026-08-08 14:45:00,2026-08-08 14:59:00,False
29,2026-08-08 15:00:00,15,181.0,2026-08-08 15:00:00,2026-08-08 15:14:00,False
29,2026-08-08 15:15:00,15,178.0,2026-08-08 15:15:00,2026-08-08 15:29:00,False
29,2026-08-08 15:30:00,15,174.0,2026-08-08 15:30:00,2026-08-08 15:44:00,False
29,2026-08-08 15:45:00,15,167.0,2026-08-08 15:45:00,2026-08-08 15:59:00,False
29,2026-08-08 16:00:00,15,182.0,2026-08-08 16:00:00,2026-08-08 16:14:00,False
29,2026-08-08 16:15:00,15,407.0,2026-08-08 16:15:00,2026-08-08 16:29:00,False
29,2026-08-08 16:30:00,15,215.0,2026-08-08 16:30:00,2026-08-08 16:44:00,False
29,2026-08-08 16:45:00,15,180.0,2026-08-08 16:45:00,2026-08-08 16:59:00,False
29,2026-08-08 17:00:00,15,169.0,2026-08-08 17:00:00,2026-08-08 17:14:00,False
29,2026-08-08 17:15:00,15,154.0,2026-08-08 17:15:00,2026-08-08 17:29:00,False
29,2026-08-08 17:30:00,15,165.0,2026-08-08 17:30:00,2026-08-08 17:44:00,False
29,2026-08-08 17:45:00,15,104.0,2026-08-08 17:45:00,2026-08-08 17:59:00,False
29,2026-08-08 18:00:00,15,100.0,2026-08-08 18:00:00,2026-08-08 18:14:00,False
29,2026-08-08 18:15:00,15,71.0,2026-08-08 18:15:00,2026-08-08 18:29:00,False
29,2026-08-08 18:30:00,12,34.0,2026-08-08 18:30:00,2026-08-08 18:44:00,False
29,2026-08-08 18:45:00,13,41.0,2026-08-08 18:45:00,2026-08-08 18:59:00,False
29,2026-08-08 19:00:00,10,19.0,2026-08-08 19:00:00,2026-08-08 19:14:00,False
29,2026-08-08 19:15:00,14,36.0,2026-08-08 19:15:00,2026-08-08 19:29:00,False
29,2026-08-08 19:30:00,10,34.0,2026-08-08 19:32:00,2026-08-08 19:43:00,False
29,2026-08-08 19:45:00,7,22.0,2026-08-08 19:45:00,2026-08-08 19:55:00,False
29,2026-08-08 20:00:00,14,53.0,2026-08-08 20:00:00,2026-08-08 20:14:00,False
29,2026-08-08 20:15:00,12,28.0,2026-08-08 20:15:00,2026-08-08 20:29:00,False
29,2026-08-08 20:30:00,8,19.0,2026-08-08 20:30:00,2026-08-08 20:43:00,False
29,2026-08-08 20:45:00,10,34.0,2026-08-08 20:45:00,2026-08-08 20:59:00,False
29,2026-08-08 21:00:00,7,17.0,2026-08-08 21:00:00,2026-08-08 21:14:00,False
29,2026-08-08 21:15:00,7,17.0,2026-08-08 21:16:00,2026-08-08 21:29:00,False
29,2026-08-08 21:30:00,2,2.0,2026-08-08 21:32:00,2026-08-08 21:33:00,False
30,2026-08-07 23:45:00,1,52.0,2026-08-07 23:55:00,2026-08-07 23:55:00,False
30,2026-08-08 00:00:00,3,111.0,2026-08-08 00:00:00,2026-08-08 00:10:00,False
30,2026-08-08 00:15:00,3,79.0,2026-08-08 00:15:00,2026-08-08 00:25:00,False
30,2026-08-08 00:30:00,3,81.0,2026-08-08 00:30:00,2026-08-08 00:40:00,False
30,2026-08-08 00:45:00,3,47.0,2026-08-08 00:45:00,2026-08-08 00:55:00,False
30,2026-08-08 01:00:00,3,117.0,2026-08-08 01:00:00,2026-08-08 01:10:00,False
30,2026-08-08 01:15:00,3,81.0,2026-08-08 01:15:00,2026-08-08 01:25:00,False
30,2026-08-08 01:30:00,3,58.0,2026-08-08 01:30:00,2026-08-08 01:40:00,False
30,2026-08-08 01:45:00,3,51.0,2026-08-08 01:45:00,2026-08-08 01:55:00,False
30,2026-08-08 02:00:00,3,73.0,2026-08-08 02:00:00,2026-08-08 02:10:00,False
30,2026-08-08 02:15:00,3,39.0,2026-08-08 02:15:00,2026-08-08 02:25:00,False
30,2026-08-08 02:30:00,3,42.0,2026-08-08 02:30:00,2026-08-08 02:40:00,False
30,2026-08-08 02:45:00,3,47.0,2026-08-08 02:45:00,2026-08-08 02:55:00,False
30,2026-08-08 03:00:00,3,37.0,2026-08-08 03:00:00,2026-08-08 03:10:00,False
30,2026-08-08 03:15:00,3,33.0,2026-08-08 03:15:00,2026-08-08 03:25:00,False
30,2026-08-08 03:30:00,3,39.0,2026-08-08 03:30:00,2026-08-08 03:40:00,False
30,2026-08-08 03:45:00,3,14.0,2026-08-08 03:45:00,2026-08-08 03:55:00,False
30,2026-08-08 04:00:00,3,22.0,2026-08-08 04:00:00,2026-08-08 04:10:00,False
30,2026-08-08 04:15:00,3,20.0,2026-08-08 04:15:00,2026-08-08 04:25:00,False
30,2026-08-08 04:30:00,3,30.0,2026-08-08 04:30:00,2026-08-08 04:40:00,False
30,2026-08-08 04:45:00,3,23.0,2026-08-08 04:45:00,2026-08-08 04:55:00,False
30,2026-08-08 05:00:00,3,16.0,2026-08-08 05:00:00,2026-08-08 05:10:00,False
30,2026-08-08 05:15:00,3,17.0,2026-08-08 05:15:00,2026-08-08 05:25:00,False
30,2026-08-08 05:30:00,3,12.0,2026-08-08 05:30:00,2026-08-08 05:40:00,False
30,2026-08-08 05:45:00,2,8.0,2026-08-08 05:50:00,2026-08-08 05:55:00,False
30,2026-08-08 06:00:00,3,13.0,2026-08-08 06:00:00,2026-08-08 06:10:00,False
30,2026-08-08 06:15:00,3,9.0,2026-08-08 06:15:00,2026-08-08 06:25:00,False
30,2026-08-08 06:30:00,2,15.0,2026-08-08 06:30:00,2026-08-08 06:35:00,False
30,2026-08-08 06:45:00,3,8.0,2026-08-08 06:45:00,2026-08-08 06:55:00,False
30,2026-08-08 07:00:00,3,13.0,2026-08-08 07:00:00,2026-08-08 07:10:00,False
30,2026-08-08 07:15:00,3,20.0,2026-08-08 07:15:00,2026-08-08 07:25:00,False
30,2026-08-08 07:30:00,3,23.0,2026-08-08 07:30:00,2026-08-08 07:40:00,False
30,2026-08-08 07:45:00,3,31.0,2026-08-08 07:45:00,2026-08-08 07:55:00,False
30,2026-08-08 08:00:00,3,17.0,2026-08-08 08:00:00,2026-08-08 08:10:00,False
30,2026-08-08 08:15:00,3,34.0,2026-08-08 08:15:00,2026-08-08 08:25:00,False
30,2026-08-08 08:30:00,3,37.0,2026-08-08 08:30:00,2026-08-08 08:40:00,False
30,2026-08-08 08:45:00,3,58.0,2026-08-08 08:45:00,2026-08-08 08:55:00,False
30,2026-08-08 09:00:00,3,45.0,2026-08-08 09:00:00,2026-08-08 09:10:00,False
30,2026-08-08 09:15:00,3,42.0,2026-08-08 09:15:00,2026-08-08 09:25:00,False
30,2026-08-08 09:30:00,3,45.0,2026-08-08 09:30:00,2026-08-08 09:40:00,False
30,2026-08-08 09:45:00,3,69.0,2026-08-08 09:45:00,2026-08-08 09:55:00,False
30,2026-08-08 10:00:00,3,65.0,2026-08-08 10:00:00,2026-08-08 10:10:00,False
30,2026-08-08 10:15:00,3,88.0,2026-08-08 10:15:00,2026-08-08 10:25:00,False
30,2026-08-08 10:30:00,3,101.0,2026-08-08 10:30:00,2026-08-08 10:40:00,False
30,2026-08-08 10:45:00,3,125.0,2026-08-08 10:45:00,2026-08-08 10:55:00,False
30,2026-08-08 11:00:00,3,103.0,2026-08-08 11:00:00,2026-08-08 11:10:00,False
30,2026-08-08 11:15:00,3,103.0,2026-08-08 11:15:00,2026-08-08 11:25:00,False
30,2026-08-08 11:30:00,3,158.0,2026-08-08 11:30:00,2026-08-08 11:40:00,False
30,2026-08-08 11:45:00,3,146.0,2026-08-08 11:45:00,2026-08-08 11:55:00,False
30,2026-08-08 12:00:00,3,180.0,2026-08-08 12:00:00,2026-08-08 12:10:00,False
30,2026-08-08 12:15:00,3,211.0,2026-08-08 12:15:00,2026-08-08 12:25:00,False
30,2026-08-08 12:30:00,3,217.0,2026-08-08 12:30:00,2026-08-08 12:40:00,False
30,2026-08-08 12:45:00,3,243.0,2026-08-08 12:45:00,2026-08-08 12:55:00,False
30,2026-08-08 13:00:00,3,224.0,2026-08-08 13:00:00,2026-08-08 13:10:00,False
30,2026-08-08 13:15:00,3,275.0,2026-08-08 13:15:00,2026-08-08 13:25:00,False
30,2026-08-08 13:30:00,3,271.0,2026-08-08 13:30:00,2026-08-08 13:40:00,False
30,2026-08-08 13:45:00,3,269.0,2026-08-08 13:45:00,2026-08-08 13:55:00,False
30,2026-08-08 14:00:00,3,219.0,2026-08-08 14:00:00,2026-08-08 14:10:00,False
30,2026-08-08 14:15:00,3,263.0,2026-08-08 14:15:00,2026-08-08 14:25:00,False
30,2026-08-08 14:30:00,3,246.0,2026-08-08 14:30:00,2026-08-08 14:40:00,False
30,2026-08-08 14:45:00,3,266.0,2026-08-08 14:45:00,2026-08-08 14:55:00,False
30,2026-08-08 15:00:00,3,240.0,2026-08-08 15:00:00,2026-08-08 15:10:00,False
30,2026-08-08 15:15:00,3,229.0,2026-08-08 15:15:00,2026-08-08 15:25:00,False
30,2026-08-08 15:30:00,3,194.0,2026-08-08 15:30:00,2026-08-08 15:40:00,False
30,2026-08-08 15:45:00,3,234.0,2026-08-08 15:45:00,2026-08-08 15:55:00,False
30,2026-08-08 16:00:00,3,252.0,2026-08-08 16:00:00,2026-08-08 16:10:00,False
30,2026-08-08 16:15:00,3,322.0,2026-08-08 16:15:00,2026-08-08 16:25:00,False
30,2026-08-08 16:30:00,3,338.0,2026-08-08 16:30:00,2026-08-08 16:40:00,False
30,2026-08-08 16:45:00,3,294.0,2026-08-08 16:45:00,2026-08-08 16:55:00,False
30,2026-08-08 17:00:00,3,293.0,2026-08-08 17:00:00,2026-08-08 17:10:00,False
30,2026-08-08 17:15:00,3,279.0,2026-08-08 17:15:00,2026-08-08 17:25:00,False
30,2026-08-08 17:30:00,3,255.0,2026-08-08 17:30:00,2026-08-08 17:40:00,False
30,2026-08-08 17:45:00,3,330.0,2026-08-08 17:45:00,2026-08-08 17:55:00,False
30,2026-08-08 18:00:00,3,332.0,2026-08-08 18:00:00,2026-08-08 18:10:00,False
30,2026-08-08 18:15:00,3,304.0,2026-08-08 18:15:00,2026-08-08 18:25:00,False
30,2026-08-08 18:30:00,3,215.0,2026-08-08 18:30:00,2026-08-08 18:40:00,False
30,2026-08-08 18:45:00,3,271.0,2026-08-08 18:45:00,2026-08-08 18:55:00,False
30,2026-08-08 19:00:00,3,295.0,2026-08-08 19:00:00,2026-08-08 19:10:00,False
30,2026-08-08 19:15:00,3,237.0,2026-08-08 19:15:00,2026-08-08 19:25:00,False
30,2026-08-08 19:30:00,3,283.0,2026-08-08 19:30:00,2026-08-08 19:40:00,False
30,2026-08-08 19:45:00,3,259.0,2026-08-08 19:45:00,2026-08-08 19:55:00,False
30,2026-08-08 20:00:00,3,259.0,2026-08-08 20:00:00,2026-08-08 20:10:00,False
30,2026-08-08 20:15:00,3,236.0,2026-08-08 20:15:00,2026-08-08 20:25:00,False
30,2026-08-08 20:30:00,3,270.0,2026-08-08 20:30:00,2026-08-08 20:40:00,False
30,2026-08-08 20:45:00,3,226.0,2026-08-08 20:45:00,2026-08-08 20:55:00,False
30,2026-08-08 21:00:00,3,263.0,2026-08-08 21:00:00,2026-08-08 21:10:00,False
30,2026-08-08 21:15:00,3,275.0,2026-08-08 21:15:00,2026-08-08 21:25:00,False
30,2026-08-08 21:30:00,0,,,,True
31,2026-08-07 23:45:00,4,21.0,2026-08-07 23:55:00,2026-08-07 23:59:00,False
31,2026-08-08 00:00:00,9,53.0,2026-08-08 00:05:00,2026-08-08 00:14:00,False
31,2026-08-08 00:15:00,10,27.0,2026-08-08 00:16:00,2026-08-08 00:28:00,False
31,2026-08-08 00:30:00,10,20.0,2026-08-08 00:33:00,2026-08-08 00:44:00,False
31,2026-08-08 00:45:00,6,11.0,2026-08-08 00:45:00,2026-08-08 00:58:00,False
31,2026-08-08 01:00:00,0,,,,True
31,2026-08-08 01:15:00,7,14.0,2026-08-08 01:15:00,2026-08-08 01:29:00,False
31,2026-08-08 01:30:00,4,12.0,2026-08-08 01:36:00,2026-08-08 01:43:00,False
31,2026-08-08 01:45:00,2,4.0,2026-08-08 01:53:00,2026-08-08 01:55:00,False
31,2026-08-08 02:00:00,1,3.0,2026-08-08 02:05:00,2026-08-08 02:05:00,False
31,2026-08-08 02:15:00,1,1.0,2026-08-08 02:16:00,2026-08-08 02:16:00,False
31,2026-08-08 02:30:00,1,1.0,2026-08-08 02:38:00,2026-08-08 02:38:00,False
31,2026-08-08 02:45:00,3,3.0,2026-08-08 02:45:00,2026-08-08 02:52:00,False
31,2026-08-08 03:00:00,0,,,,True
31,2026-08-08 03:15:00,1,1.0,2026-08-08 03:29:00,2026-08-08 03:29:00,False
31,2026-08-08 03:30:00,3,3.0,2026-08-08 03:36:00,2026-08-08 03:40:00,False
31,2026-08-08 03:45:00,0,,,,True
31,2026-08-08 04:00:00,1,1.0,2026-08-08 04:05:00,2026-08-08 04:05:00,False
31,2026-08-08 04:15:00,2,2.0,2026-08-08 04:20:00,2026-08-08 04:26:00,False
31,2026-08-08 04:30:00,0,,,,True
31,2026-08-08 04:45:00,0,,,,True
31,2026-08-08 05:00:00,1,1.0,2026-08-08 05:06:00,2026-08-08 05:06:00,False
31,2026-08-08 05:15:00,2,2.0,2026-08-08 05:24:00,2026-08-08 05:28:00,False
31,2026-08-08 05:30:00,0,,,,True
31,2026-08-08 05:45:00,2,2.0,2026-08-08 05:49:00,2026-08-08 05:59:00,False
31,2026-08-08 06:00:00,0,,,,True
31,2026-08-08 06:15:00,2,2.0,2026-08-08 06:24:00,2026-08-08 06:26:00,False
31,2026-08-08 06:30:00,2,2.0,2026-08-08 06:38:00,2026-08-08 06:42:00,False
31,2026-08-08 06:45:00,2,2.0,2026-08-08 06:52:00,2026-08-08 06:54:00,False
31,2026-08-08 07:00:00,2,6.0,2026-08-08 07:06:00,2026-08-08 07:08:00,False
31,2026-08-08 07:15:00,3,6.0,2026-08-08 07:23:00,2026-08-08 07:29:00,False
31,2026-08-08 07:30:00,4,7.0,2026-08-08 07:32:00,2026-08-08 07:37:00,False
31,2026-08-08 07:45:00,2,2.0,2026-08-08 07:54:00,2026-08-08 07:56:00,False
31,2026-08-08 08:00:00,7,8.0,2026-08-08 08:06:00,2026-08-08 08:14:00,False
31,2026-08-08 08:15:00,4,7.0,2026-08-08 08:15:00,2026-08-08 08:29:00,False
31,2026-08-08 08:30:00,6,16.0,2026-08-08 08:30:00,2026-08-08 08:43:00,False
31,2026-08-08 08:45:00,9,18.0,2026-08-08 08:46:00,2026-08-08 08:59:00,False
31,2026-08-08 09:00:00,6,11.0,2026-08-08 09:08:00,2026-08-08 09:14:00,False
31,2026-08-08 09:15:00,7,15.0,2026-08-08 09:17:00,2026-08-08 09:29:00,False
31,2026-08-08 09:30:00,11,41.0,2026-08-08 09:30:00,2026-08-08 09:44:00,False
31,2026-08-08 09:45:00,13,40.0,2026-08-08 09:45:00,2026-08-08 09:59:00,False
31,2026-08-08 10:00:00,9,32.0,2026-08-08 10:05:00,2026-08-08 10:14:00,False
31,2026-08-08 10:15:00,15,65.0,2026-08-08 10:15:00,2026-08-08 10:29:00,False
31,2026-08-08 10:30:00,14,66.0,2026-08-08 10:30:00,2026-08-08 10:44:00,False
31,2026-08-08 10:45:00,14,74.0,2026-08-08 10:45:00,2026-08-08 10:59:00,False
31,2026-08-08 11:00:00,10,45.0,2026-08-08 11:05:00,2026-08-08 11:14:00,False
31,2026-08-08 11:15:00,14,53.0,2026-08-08 11:15:00,2026-08-08 11:28:00,False
31,2026-08-08 11:30:00,13,49.0,2026-08-08 11:30:00,2026-08-08 11:44:00,False
31,2026-08-08 11:45:00,14,74.0,2026-08-08 11:45:00,2026-08-08 11:59:00,False
31,2026-08-08 12:00:00,10,58.0,2026-08-08 12:05:00,2026-08-08 12:14:00,False
31,2026-08-08 12:15:00,15,90.0,2026-08-08 12:15:00,2026-08-08 12:29:00,False
31,2026-08-08 12:30:00,14,97.0,2026-08-08 12:30:00,2026-08-08 12:44:00,False
31,2026-08-08 12:45:00,15,89.0,2026-08-08 12:45:00,2026-08-08 12:59:00,False
31,2026-08-08 13:00:00,9,66.0,2026-08-08 13:05:00,2026-08-08 13:14:00,False
31,2026-08-08 13:15:00,15,119.0,2026-08-08 13:15:00,2026-08-08 13:29:00,False
31,2026-08-08 13:30:00,15,102.0,2026-08-08 13:30:00,2026-08-08 13:44:00,False
31,2026-08-08 13:45:00,15,133.0,2026-08-08 13:45:00,2026-08-08 13:59:00,False
31,2026-08-08 14:00:00,10,89.0,2026-08-08 14:05:00,2026-08-08 14:14:00,False
31,2026-08-08 14:15:00,15,137.0,2026-08-08 14:15:00,2026-08-08 14:29:00,False
31,2026-08-08 14:30:00,15,121.0,2026-08-08 14:30:00,2026-08-08 14:44:00,False
31,2026-08-08 14:45:00,14,116.0,2026-08-08 14:45:00,2026-08-08 14:58:00,False
31,2026-08-08 15:00:00,9,73.0,2026-08-08 15:05:00,2026-08-08 15:14:00,False
31,2026-08-08 15:15:00,15,136.0,2026-08-08 15:15:00,2026-08-08 15:29:00,False
31,2026-08-08 15:30:00,15,142.0,2026-08-08 15:30:00,2026-08-08 15:44:00,False
31,2026-08-08 15:45:00,14,115.0,2026-08-08 15:45:00,2026-08-08 15:59:00,False
31,2026-08-08 16:00:00,10,68.0,2026-08-08 16:05:00,2026-08-08 16:14:00,False
31,2026-08-08 16:15:00,14,110.0,2026-08-08 16:15:00,2026-08-08 16:29:00,False
31,2026-08-08 16:30:00,15,143.0,2026-08-08 16:30:00,2026-08-08 16:44:00,False
31,2026-08-08 16:45:00,15,146.0,2026-08-08 16:45:00,2026-08-08 16:59:00,False
31,2026-08-08 17:00:00,10,89.0,2026-08-08 17:05:00,2026-08-08 17:14:00,False
31,2026-08-08 17:15:00,15,168.0,2026-08-08 17:15:00,2026-08-08 17:29:00,False
31,2026-08-08 17:30:00,15,152.0,2026-08-08 17:30:00,2026-08-08 17:44:00,False
31,2026-08-08 17:45:00,15,140.0,2026-08-08 17:45:00,2026-08-08 17:59:00,False
31,2026-08-08 18:00:00,10,85.0,2026-08-08 18:05:00,2026-08-08 18:14:00,False
31,2026-08-08 18:15:00,14,111.0,2026-08-08 18:15:00,2026-08-08 18:29:00,False
31,2026-08-08 18:30:00,14,78.0,2026-08-08 18:30:00,2026-08-08 18:44:00,False
31,2026-08-08 18:45:00,15,116.0,2026-08-08 18:45:00,2026-08-08 18:59:00,False
31,2026-08-08 19:00:00,10,90.0,2026-08-08 19:05:00,2026-08-08 19:14:00,False
31,2026-08-08 19:15:00,15,127.0,2026-08-08 19:15:00,2026-08-08 19:29:00,False
31,2026-08-08 19:30:00,15,123.0,2026-08-08 19:30:00,2026-08-08 19:44:00,False
31,2026-08-08 19:45:00,15,173.0,2026-08-08 19:45:00,2026-08-08 19:59:00,False
31,2026-08-08 20:00:00,10,122.0,2026-08-08 20:05:00,2026-08-08 20:14:00,False
31,2026-08-08 20:15:00,15,177.0,2026-08-08 20:15:00,2026-08-08 20:29:00,False
31,2026-08-08 20:30:00,15,163.0,2026-08-08 20:30:00,2026-08-08 20:44:00,False
31,2026-08-08 20:45:00,15,134.0,2026-08-08 20:45:00,2026-08-08 20:59:00,False
31,2026-08-08 21:00:00,0,,,,True
31,2026-08-08 21:15:00,0,,,,True
31,2026-08-08 21:30:00,0,,,,True
35,2026-08-07 23:45:00,5,28.0,2026-08-07 23:55:00,2026-08-07 23:59:00,False
35,2026-08-08 00:00:00,15,82.0,2026-08-08 00:00:00,2026-08-08 00:14:00,False
35,2026-08-08 00:15:00,15,59.0,2026-08-08 00:15:00,2026-08-08 00:29:00,False
35,2026-08-08 00:30:00,13,47.0,2026-08-08 00:30:00,2026-08-08 00:44:00,False
35,2026-08-08 00:45:00,14,55.0,2026-08-08 00:45:00,2026-08-08 00:59:00,False
35,2026-08-08 01:00:00,12,31.0,2026-08-08 01:00:00,2026-08-08 01:14:00,False
35,2026-08-08 01:15:00,10,21.0,2026-08-08 01:15:00,2026-08-08 01:28:00,False
35,2026-08-08 01:30:00,9,17.0,2026-08-08 01:30:00,2026-08-08 01:44:00,False
35,2026-08-08 01:45:00,6,12.0,2026-08-08 01:45:00,2026-08-08 01:55:00,False
35,2026-08-08 02:00:00,8,22.0,2026-08-08 02:00:00,2026-08-08 02:14:00,False
35,2026-08-08 02:15:00,9,10.0,2026-08-08 02:16:00,2026-08-08 02:29:00,False
35,2026-08-08 02:30:00,7,10.0,2026-08-08 02:30:00,2026-08-08 02:41:00,False
35,2026-08-08 02:45:00,7,11.0,2026-08-08 02:46:00,2026-08-08 02:58:00,False
35,2026-08-08 03:00:00,3,4.0,2026-08-08 03:06:00,2026-08-08 03:13:00,False
35,2026-08-08 03:15:00,3,3.0,2026-08-08 03:17:00,2026-08-08 03:26:00,False
35,2026-08-08 03:30:00,6,12.0,2026-08-08 03:30:00,2026-08-08 03:42:00,False
35,2026-08-08 03:45:00,4,7.0,2026-08-08 03:45:00,2026-08-08 03:59:00,False
35,2026-08-08 04:00:00,2,2.0,2026-08-08 04:08:00,2026-08-08 04:10:00,False
35,2026-08-08 04:15:00,3,3.0,2026-08-08 04:16:00,2026-08-08 04:29:00,False
35,2026-08-08 04:30:00,1,1.0,2026-08-08 04:44:00,2026-08-08 04:44:00,False
35,2026-08-08 04:45:00,5,7.0,2026-08-08 04:45:00,2026-08-08 04:58:00,False
35,2026-08-08 05:00:00,5,6.0,2026-08-08 05:03:00,2026-08-08 05:14:00,False
35,2026-08-08 05:15:00,6,9.0,2026-08-08 05:20:00,2026-08-08 05:28:00,False
35,2026-08-08 05:30:00,7,7.0,2026-08-08 05:31:00,2026-08-08 05:44:00,False
35,2026-08-08 05:45:00,8,14.0,2026-08-08 05:46:00,2026-08-08 05:59:00,False
35,2026-08-08 06:00:00,8,14.0,2026-08-08 06:00:00,2026-08-08 06:13:00,False
35,2026-08-08 06:15:00,8,12.0,2026-08-08 06:16:00,2026-08-08 06:29:00,False
35,2026-08-08 06:30:00,14,31.0,2026-08-08 06:30:00,2026-08-08 06:44:00,False
35,2026-08-08 06:45:00,13,40.0,2026-08-08 06:46:00,2026-08-08 06:59:00,False
35,2026-08-08 07:00:00,16,83.0,2026-08-08 07:00:00,2026-08-08 07:14:00,False
35,2026-08-08 07:15:00,15,101.0,2026-08-08 07:15:00,2026-08-08 07:29:00,False
35,2026-08-08 07:30:00,15,120.0,2026-08-08 07:30:00,2026-08-08 07:44:00,False
35,2026-08-08 07:45:00,15,177.0,2026-08-08 07:45:00,2026-08-08 07:59:00,False
35,2026-08-08 08:00:00,15,197.0,2026-08-08 08:00:00,2026-08-08 08:14:00,False
35,2026-08-08 08:15:00,15,214.0,2026-08-08 08:15:00,2026-08-08 08:29:00,False
35,2026-08-08 08:30:00,15,241.0,2026-08-08 08:30:00,2026-08-08 08:44:00,False
35,2026-08-08 08:45:00,15,350.0,2026-08-08 08:45:00,2026-08-08 08:59:00,False
35,2026-08-08 09:00:00,15,325.0,2026-08-08 09:00:00,2026-08-08 09:14:00,False
35,2026-08-08 09:15:00,15,355.0,2026-08-08 09:15:00,2026-08-08 09:29:00,False
35,2026-08-08 09:30:00,15,292.0,2026-08-08 09:30:00,2026-08-08 09:44:00,False
35,2026-08-08 09:45:00,15,343.0,2026-08-08 09:45:00,2026-08-08 09:59:00,False
35,2026-08-08 10:00:00,15,365.0,2026-08-08 10:00:00,2026-08-08 10:14:00,False
35,2026-08-08 10:15:00,15,373.0,2026-08-08 10:15:00,2026-08-08 10:29:00,False
35,2026-08-08 10:30:00,15,390.0,2026-08-08 10:30:00,2026-08-08 10:44:00,False
35,2026-08-08 10:45:00,15,394.0,2026-08-08 10:45:00,2026-08-08 10:59:00,False
35,2026-08-08 11:00:00,15,367.0,2026-08-08 11:00:00,2026-08-08 11:14:00,False
35,2026-08-08 11:15:00,15,423.0,2026-08-08 11:15:00,2026-08-08 11:29:00,False
35,2026-08-08 11:30:00,15,454.0,2026-08-08 11:30:00,2026-08-08 11:44:00,False
35,2026-08-08 11:45:00,15,569.0,2026-08-08 11:45:00,2026-08-08 11:59:00,False
35,2026-08-08 12:00:00,15,555.0,2026-08-08 12:00:00,2026-08-08 12:14:00,False
35,2026-08-08 12:15:00,15,515.0,2026-08-08 12:15:00,2026-08-08 12:29:00,False
35,2026-08-08 12:30:00,15,545.0,2026-08-08 12:30:00,2026-08-08 12:44:00,False
35,2026-08-08 12:45:00,15,548.0,2026-08-08 12:45:00,2026-08-08 12:59:00,False
35,2026-08-08 13:00:00,16,519.0,2026-08-08 13:00:00,2026-08-08 13:14:00,False
35,2026-08-08 13:15:00,15,565.0,2026-08-08 13:15:00,2026-08-08 13:29:00,False
35,2026-08-08 13:30:00,15,502.0,2026-08-08 13:30:00,2026-08-08 13:44:00,False
35,2026-08-08 13:45:00,15,524.0,2026-08-08 13:45:00,2026-08-08 13:59:00,False
35,2026-08-08 14:00:00,15,520.0,2026-08-08 14:00:00,2026-08-08 14:14:00,False
35,2026-08-08 14:15:00,15,544.0,2026-08-08 14:15:00,2026-08-08 14:29:00,False
35,2026-08-08 14:30:00,15,612.0,2026-08-08 14:30:00,2026-08-08 14:44:00,False
35,2026-08-08 14:45:00,15,583.0,2026-08-08 14:45:00,2026-08-08 14:59:00,False
35,2026-08-08 15:00:00,16,711.0,2026-08-08 15:00:00,2026-08-08 15:14:00,False
35,2026-08-08 15:15:00,15,596.0,2026-08-08 15:15:00,2026-08-08 15:29:00,False
35,2026-08-08 15:30:00,15,575.0,2026-08-08 15:30:00,2026-08-08 15:44:00,False
35,2026-08-08 15:45:00,15,559.0,2026-08-08 15:45:00,2026-08-08 15:59:00,False
35,2026-08-08 16:00:00,15,621.0,2026-08-08 16:00:00,2026-08-08 16:14:00,False
35,2026-08-08 16:15:00,15,871.0,2026-08-08 16:15:00,2026-08-08 16:29:00,False
35,2026-08-08 16:30:00,15,929.0,2026-08-08 16:30:00,2026-08-08 16:44:00,False
35,2026-08-08 16:45:00,15,709.0,2026-08-08 16:45:00,2026-08-08 16:59:00,False
35,2026-08-08 17:00:00,15,774.0,2026-08-08 17:00:00,2026-08-08 17:14:00,False
35,2026-08-08 17:15:00,15,640.0,2026-08-08 17:15:00,2026-08-08 17:29:00,False
35,2026-08-08 17:30:00,15,802.0,2026-08-08 17:30:00,2026-08-08 17:44:00,False
35,2026-08-08 17:45:00,15,727.0,2026-08-08 17:45:00,2026-08-08 17:59:00,False
35,2026-08-08 18:00:00,15,519.0,2026-08-08 18:00:00,2026-08-08 18:14:00,False
35,2026-08-08 18:15:00,15,361.0,2026-08-08 18:15:00,2026-08-08 18:29:00,False
35,2026-08-08 18:30:00,15,217.0,2026-08-08 18:30:00,2026-08-08 18:44:00,False
35,2026-08-08 18:45:00,15,201.0,2026-08-08 18:45:00,2026-08-08 18:59:00,False
35,2026-08-08 19:00:00,16,187.0,2026-08-08 19:00:00,2026-08-08 19:14:00,False
35,2026-08-08 19:15:00,15,161.0,2026-08-08 19:15:00,2026-08-08 19:29:00,False
35,2026-08-08 19:30:00,16,183.0,2026-08-08 19:30:00,2026-08-08 19:44:00,False
35,2026-08-08 19:45:00,15,206.0,2026-08-08 19:45:00,2026-08-08 19:59:00,False
35,2026-08-08 20:00:00,15,211.0,2026-08-08 20:00:00,2026-08-08 20:14:00,False
35,2026-08-08 20:15:00,15,210.0,2026-08-08 20:15:00,2026-08-08 20:29:00,False
35,2026-08-08 20:30:00,15,170.0,2026-08-08 20:30:00,2026-08-08 20:44:00,False
35,2026-08-08 20:45:00,15,165.0,2026-08-08 20:45:00,2026-08-08 20:59:00,False
35,2026-08-08 21:00:00,15,138.0,2026-08-08 21:00:00,2026-08-08 21:14:00,False
35,2026-08-08 21:15:00,15,114.0,2026-08-08 21:15:00,2026-08-08 21:29:00,False
35,2026-08-08 21:30:00,5,40.0,2026-08-08 21:30:00,2026-08-08 21:34:00,False
36,2026-08-07 23:45:00,4,21.0,2026-08-07 23:55:00,2026-08-07 23:59:00,False
36,2026-08-08 00:00:00,12,61.0,2026-08-08 00:00:00,2026-08-08 00:13:00,False
36,2026-08-08 00:15:00,15,71.0,2026-08-08 00:15:00,2026-08-08 00:29:00,False
36,2026-08-08 00:30:00,15,97.0,2026-08-08 00:30:00,2026-08-08 00:44:00,False
36,2026-08-08 00:45:00,13,40.0,2026-08-08 00:46:00,2026-08-08 00:59:00,False
36,2026-08-08 01:00:00,15,85.0,2026-08-08 01:00:00,2026-08-08 01:14:00,False
36,2026-08-08 01:15:00,14,79.0,2026-08-08 01:15:00,2026-08-08 01:29:00,False
36,2026-08-08 01:30:00,14,78.0,2026-08-08 01:30:00,2026-08-08 01:44:00,False
36,2026-08-08 01:45:00,15,84.0,2026-08-08 01:45:00,2026-08-08 01:59:00,False
36,2026-08-08 02:00:00,14,63.0,2026-08-08 02:00:00,2026-08-08 02:14:00,False
36,2026-08-08 02:15:00,11,42.0,2026-08-08 02:17:00,2026-08-08 02:29:00,False
36,2026-08-08 02:30:00,11,53.0,2026-08-08 02:30:00,2026-08-08 02:44:00,False
36,2026-08-08 02:45:00,9,23.0,2026-08-08 02:46:00,2026-08-08 02:59:00,False
36,2026-08-08 03:00:00,13,61.0,2026-08-08 03:01:00,2026-08-08 03:14:00,False
36,2026-08-08 03:15:00,14,114.0,2026-08-08 03:16:00,2026-08-08 03:29:00,False
36,2026-08-08 03:30:00,15,51.0,2026-08-08 03:30:00,2026-08-08 03:44:00,False
36,2026-08-08 03:45:00,13,49.0,2026-08-08 03:45:00,2026-08-08 03:59:00,False
36,2026-08-08 04:00:00,15,47.0,2026-08-08 04:00:00,2026-08-08 04:14:00,False
36,2026-08-08 04:15:00,9,14.0,2026-08-08 04:15:00,2026-08-08 04:29:00,False
36,2026-08-08 04:30:00,2,2.0,2026-08-08 04:36:00,2026-08-08 04:40:00,False
36,2026-08-08 04:45:00,3,4.0,2026-08-08 04:47:00,2026-08-08 04:59:00,False
36,2026-08-08 05:00:00,1,1.0,2026-08-08 05:01:00,2026-08-08 05:01:00,False
36,2026-08-08 05:15:00,2,4.0,2026-08-08 05:18:00,2026-08-08 05:19:00,False
36,2026-08-08 05:30:00,4,6.0,2026-08-08 05:33:00,2026-08-08 05:44:00,False
36,2026-08-08 05:45:00,5,13.0,2026-08-08 05:45:00,2026-08-08 05:54:00,False
36,2026-08-08 06:00:00,3,5.0,2026-08-08 06:10:00,2026-08-08 06:14:00,False
36,2026-08-08 06:15:00,5,8.0,2026-08-08 06:15:00,2026-08-08 06:29:00,False
36,2026-08-08 06:30:00,4,5.0,2026-08-08 06:30:00,2026-08-08 06:42:00,False
36,2026-08-08 06:45:00,4,7.0,2026-08-08 06:46:00,2026-08-08 06:56:00,False
36,2026-08-08 07:00:00,5,5.0,2026-08-08 07:05:00,2026-08-08 07:13:00,False
36,2026-08-08 07:15:00,4,7.0,2026-08-08 07:18:00,2026-08-08 07:28:00,False
36,2026-08-08 07:30:00,6,12.0,2026-08-08 07:31:00,2026-08-08 07:42:00,False
36,2026-08-08 07:45:00,9,23.0,2026-08-08 07:45:00,2026-08-08 07:58:00,False
36,2026-08-08 08:00:00,7,14.0,2026-08-08 08:00:00,2026-08-08 08:12:00,False
36,2026-08-08 08:15:00,13,25.0,2026-08-08 08:15:00,2026-08-08 08:29:00,False
36,2026-08-08 08:30:00,10,19.0,2026-08-08 08:30:00,2026-08-08 08:44:00,False
36,2026-08-08 08:45:00,11,22.0,2026-08-08 08:45:00,2026-08-08 08:59:00,False
36,2026-08-08 09:00:00,12,40.0,2026-08-08 09:00:00,2026-08-08 09:14:00,False
36,2026-08-08 09:15:00,12,25.0,2026-08-08 09:15:00,2026-08-08 09:29:00,False
36,2026-08-08 09:30:00,13,37.0,2026-08-08 09:30:00,2026-08-08 09:44:00,False
36,2026-08-08 09:45:00,13,47.0,2026-08-08 09:46:00,2026-08-08 09:59:00,False
36,2026-08-08 10:00:00,14,54.0,2026-08-08 10:00:00,2026-08-08 10:14:00,False
36,2026-08-08 10:15:00,13,53.0,2026-08-08 10:15:00,2026-08-08 10:29:00,False
36,2026-08-08 10:30:00,14,64.0,2026-08-08 10:30:00,2026-08-08 10:44:00,False
36,2026-08-08 10:45:00,14,79.0,2026-08-08 10:45:00,2026-08-08 10:59:00,False
36,2026-08-08 11:00:00,14,85.0,2026-08-08 11:00:00,2026-08-08 11:14:00,False
36,2026-08-08 11:15:00,14,48.0,2026-08-08 11:15:00,2026-08-08 11:29:00,False
36,2026-08-08 11:30:00,15,100.0,2026-08-08 11:30:00,2026-08-08 11:44:00,False
36,2026-08-08 11:45:00,15,86.0,2026-08-08 11:45:00,2026-08-08 11:59:00,False
36,2026-08-08 12:00:00,15,75.0,2026-08-08 12:00:00,2026-08-08 12:14:00,False
36,2026-08-08 12:15:00,15,60.0,2026-08-08 12:15:00,2026-08-08 12:29:00,False
36,2026-08-08 12:30:00,13,78.0,2026-08-08 12:31:00,2026-08-08 12:44:00,False
36,2026-08-08 12:45:00,14,79.0,2026-08-08 12:45:00,2026-08-08 12:59:00,False
36,2026-08-08 13:00:00,15,107.0,2026-08-08 13:00:00,2026-08-08 13:14:00,False
36,2026-08-08 13:15:00,15,99.0,2026-08-08 13:15:00,2026-08-08 13:29:00,False
36,2026-08-08 13:30:00,15,87.0,2026-08-08 13:30:00,2026-08-08 13:44:00,False
36,2026-08-08 13:45:00,13,57.0,2026-08-08 13:45:00,2026-08-08 13:59:00,False
36,2026-08-08 14:00:00,14,77.0,2026-08-08 14:00:00,2026-08-08 14:14:00,False
36,2026-08-08 14:15:00,14,77.0,2026-08-08 14:15:00,2026-08-08 14:28:00,False
36,2026-08-08 14:30:00,13,50.0,2026-08-08 14:30:00,2026-08-08 14:44:00,False
36,2026-08-08 14:45:00,15,94.0,2026-08-08 14:45:00,2026-08-08 14:59:00,False
36,2026-08-08 15:00:00,15,86.0,2026-08-08 15:00:00,2026-08-08 15:14:00,False
36,2026-08-08 15:15:00,14,67.0,2026-08-08 15:15:00,2026-08-08 15:29:00,False
36,2026-08-08 15:30:00,15,74.0,2026-08-08 15:30:00,2026-08-08 15:44:00,False
36,2026-08-08 15:45:00,15,68.0,2026-08-08 15:45:00,2026-08-08 15:59:00,False
36,2026-08-08 16:00:00,13,52.0,2026-08-08 16:00:00,2026-08-08 16:14:00,False
36,2026-08-08 16:15:00,14,55.0,2026-08-08 16:15:00,2026-08-08 16:29:00,False
36,2026-08-08 16:30:00,15,73.0,2026-08-08 16:30:00,2026-08-08 16:44:00,False
36,2026-08-08 16:45:00,15,80.0,2026-08-08 16:45:00,2026-08-08 16:59:00,False
36,2026-08-08 17:00:00,15,65.0,2026-08-08 17:00:00,2026-08-08 17:14:00,False
36,2026-08-08 17:15:00,15,68.0,2026-08-08 17:15:00,2026-08-08 17:29:00,False
36,2026-08-08 17:30:00,14,112.0,2026-08-08 17:30:00,2026-08-08 17:44:00,False
36,2026-08-08 17:45:00,15,80.0,2026-08-08 17:45:00,2026-08-08 17:59:00,False
36,2026-08-08 18:00:00,15,96.0,2026-08-08 18:00:00,2026-08-08 18:14:00,False
36,2026-08-08 18:15:00,12,68.0,2026-08-08 18:15:00,2026-08-08 18:28:00,False
36,2026-08-08 18:30:00,13,62.0,2026-08-08 18:30:00,2026-08-08 18:44:00,False
36,2026-08-08 18:45:00,14,68.0,2026-08-08 18:45:00,2026-08-08 18:59:00,False
36,2026-08-08 19:00:00,14,73.0,2026-08-08 19:00:00,2026-08-08 19:14:00,False
36,2026-08-08 19:15:00,14,81.0,2026-08-08 19:15:00,2026-08-08 19:29:00,False
36,2026-08-08 19:30:00,15,71.0,2026-08-08 19:30:00,2026-08-08 19:44:00,False
36,2026-08-08 19:45:00,13,78.0,2026-08-08 19:45:00,2026-08-08 19:59:00,False
36,2026-08-08 20:00:00,15,57.0,2026-08-08 20:00:00,2026-08-08 20:14:00,False
36,2026-08-08 20:15:00,12,56.0,2026-08-08 20:15:00,2026-08-08 20:29:00,False
36,2026-08-08 20:30:00,15,49.0,2026-08-08 20:30:00,2026-08-08 20:44:00,False
36,2026-08-08 20:45:00,14,99.0,2026-08-08 20:45:00,2026-08-08 20:59:00,False
36,2026-08-08 21:00:00,13,85.0,2026-08-08 21:00:00,2026-08-08 21:14:00,False
36,2026-08-08 21:15:00,14,59.0,2026-08-08 21:15:00,2026-08-08 21:28:00,False
36,2026-08-08 21:30:00,0,,,,True
37,2026-08-07 23:45:00,1,16.0,2026-08-07 23:55:00,2026-08-07 23:55:00,False
37,2026-08-08 00:00:00,3,26.0,2026-08-08 00:00:00,2026-08-08 00:10:00,False
37,2026-08-08 00:15:00,3,31.0,2026-08-08 00:15:00,2026-08-08 00:25:00,False
37,2026-08-08 00:30:00,1,1.0,2026-08-08 00:30:00,2026-08-08 00:30:00,False
37,2026-08-08 00:45:00,3,5.0,2026-08-08 00:45:00,2026-08-08 00:55:00,False
37,2026-08-08 01:00:00,2,7.0,2026-08-08 01:00:00,2026-08-08 01:10:00,False
37,2026-08-08 01:15:00,3,8.0,2026-08-08 01:15:00,2026-08-08 01:25:00,False
37,2026-08-08 01:30:00,3,6.0,2026-08-08 01:30:00,2026-08-08 01:40:00,False
37,2026-08-08 01:45:00,1,2.0,2026-08-08 01:55:00,2026-08-08 01:55:00,False
37,2026-08-08 02:00:00,2,3.0,2026-08-08 02:05:00,2026-08-08 02:10:00,False
37,2026-08-08 02:15:00,1,1.0,2026-08-08 02:15:00,2026-08-08 02:15:00,False
37,2026-08-08 02:30:00,2,4.0,2026-08-08 02:30:00,2026-08-08 02:40:00,False
37,2026-08-08 02:45:00,1,1.0,2026-08-08 02:50:00,2026-08-08 02:50:00,False
37,2026-08-08 03:00:00,2,4.0,2026-08-08 03:00:00,2026-08-08 03:05:00,False
37,2026-08-08 03:15:00,1,1.0,2026-08-08 03:15:00,2026-08-08 03:15:00,False
37,2026-08-08 03:30:00,0,,,,True
37,2026-08-08 03:45:00,0,,,,True
37,2026-08-08 04:00:00,1,1.0,2026-08-08 04:00:00,2026-08-08 04:00:00,False
37,2026-08-08 04:15:00,0,,,,True
37,2026-08-08 04:30:00,1,1.0,2026-08-08 04:30:00,2026-08-08 04:30:00,False
37,2026-08-08 04:45:00,1,1.0,2026-08-08 04:45:00,2026-08-08 04:45:00,False
37,2026-08-08 05:00:00,1,1.0,2026-08-08 05:05:00,2026-08-08 05:05:00,False
37,2026-08-08 05:15:00,0,,,,True
37,2026-08-08 05:30:00,1,1.0,2026-08-08 05:40:00,2026-08-08 05:40:00,False
37,2026-08-08 05:45:00,0,,,,True
37,2026-08-08 06:00:00,0,,,,True
37,2026-08-08 06:15:00,1,1.0,2026-08-08 06:25:00,2026-08-08 06:25:00,False
37,2026-08-08 06:30:00,1,1.0,2026-08-08 06:35:00,2026-08-08 06:35:00,False
37,2026-08-08 06:45:00,1,2.0,2026-08-08 06:45:00,2026-08-08 06:45:00,False
37,2026-08-08 07:00:00,0,,,,True
37,2026-08-08 07:15:00,1,1.0,2026-08-08 07:20:00,2026-08-08 07:20:00,False
37,2026-08-08 07:30:00,0,,,,True
37,2026-08-08 07:45:00,3,6.0,2026-08-08 07:45:00,2026-08-08 07:55:00,False
37,2026-08-08 08:00:00,3,10.0,2026-08-08 08:00:00,2026-08-08 08:10:00,False
37,2026-08-08 08:15:00,3,10.0,2026-08-08 08:15:00,2026-08-08 08:25:00,False
37,2026-08-08 08:30:00,3,6.0,2026-08-08 08:30:00,2026-08-08 08:40:00,False
37,2026-08-08 08:45:00,2,3.0,2026-08-08 08:45:00,2026-08-08 08:55:00,False
37,2026-08-08 09:00:00,3,12.0,2026-08-08 09:00:00,2026-08-08 09:10:00,False
37,2026-08-08 09:15:00,3,14.0,2026-08-08 09:15:00,2026-08-08 09:25:00,False
37,2026-08-08 09:30:00,3,23.0,2026-08-08 09:30:00,2026-08-08 09:40:00,False
37,2026-08-08 09:45:00,3,22.0,2026-08-08 09:45:00,2026-08-08 09:55:00,False
37,2026-08-08 10:00:00,3,50.0,2026-08-08 10:00:00,2026-08-08 10:10:00,False
37,2026-08-08 10:15:00,3,31.0,2026-08-08 10:15:00,2026-08-08 10:25:00,False
37,2026-08-08 10:30:00,3,43.0,2026-08-08 10:30:00,2026-08-08 10:40:00,False
37,2026-08-08 10:45:00,3,36.0,2026-08-08 10:45:00,2026-08-08 10:55:00,False
37,2026-08-08 11:00:00,3,30.0,2026-08-08 11:00:00,2026-08-08 11:10:00,False
37,2026-08-08 11:15:00,3,37.0,2026-08-08 11:15:00,2026-08-08 11:25:00,False
37,2026-08-08 11:30:00,3,48.0,2026-08-08 11:30:00,2026-08-08 11:40:00,False
37,2026-08-08 11:45:00,3,46.0,2026-08-08 11:45:00,2026-08-08 11:55:00,False
37,2026-08-08 12:00:00,3,45.0,2026-08-08 12:00:00,2026-08-08 12:10:00,False
37,2026-08-08 12:15:00,3,69.0,2026-08-08 12:15:00,2026-08-08 12:25:00,False
37,2026-08-08 12:30:00,3,59.0,2026-08-08 12:30:00,2026-08-08 12:40:00,False
37,2026-08-08 12:45:00,3,47.0,2026-08-08 12:45:00,2026-08-08 12:55:00,False
37,2026-08-08 13:00:00,3,62.0,2026-08-08 13:00:00,2026-08-08 13:10:00,False
37,2026-08-08 13:15:00,3,91.0,2026-08-08 13:15:00,2026-08-08 13:25:00,False
37,2026-08-08 13:30:00,3,66.0,2026-08-08 13:30:00,2026-08-08 13:40:00,False
37,2026-08-08 13:45:00,3,83.0,2026-08-08 13:45:00,2026-08-08 13:55:00,False
37,2026-08-08 14:00:00,3,78.0,2026-08-08 14:00:00,2026-08-08 14:10:00,False
37,2026-08-08 14:15:00,3,58.0,2026-08-08 14:15:00,2026-08-08 14:25:00,False
37,2026-08-08 14:30:00,3,63.0,2026-08-08 14:30:00,2026-08-08 14:40:00,False
37,2026-08-08 14:45:00,3,67.0,2026-08-08 14:45:00,2026-08-08 14:55:00,False
37,2026-08-08 15:00:00,3,60.0,2026-08-08 15:00:00,2026-08-08 15:10:00,False
37,2026-08-08 15:15:00,3,65.0,2026-08-08 15:15:00,2026-08-08 15:25:00,False
37,2026-08-08 15:30:00,3,47.0,2026-08-08 15:30:00,2026-08-08 15:40:00,False
37,2026-08-08 15:45:00,3,65.0,2026-08-08 15:45:00,2026-08-08 15:55:00,False
37,2026-08-08 16:00:00,3,57.0,2026-08-08 16:00:00,2026-08-08 16:10:00,False
37,2026-08-08 16:15:00,3,62.0,2026-08-08 16:15:00,2026-08-08 16:25:00,False
37,2026-08-08 16:30:00,3,54.0,2026-08-08 16:30:00,2026-08-08 16:40:00,False
37,2026-08-08 16:45:00,3,80.0,2026-08-08 16:45:00,2026-08-08 16:55:00,False
37,2026-08-08 17:00:00,3,80.0,2026-08-08 17:00:00,2026-08-08 17:10:00,False
37,2026-08-08 17:15:00,3,69.0,2026-08-08 17:15:00,2026-08-08 17:25:00,False
37,2026-08-08 17:30:00,3,76.0,2026-08-08 17:30:00,2026-08-08 17:40:00,False
37,2026-08-08 17:45:00,3,102.0,2026-08-08 17:45:00,2026-08-08 17:55:00,False
37,2026-08-08 18:00:00,3,137.0,2026-08-08 18:00:00,2026-08-08 18:10:00,False
37,2026-08-08 18:15:00,3,122.0,2026-08-08 18:15:00,2026-08-08 18:25:00,False
37,2026-08-08 18:30:00,3,132.0,2026-08-08 18:30:00,2026-08-08 18:40:00,False
37,2026-08-08 18:45:00,2,89.0,2026-08-08 18:45:00,2026-08-08 18:50:00,False
37,2026-08-08 19:00:00,0,,,,True
37,2026-08-08 19:15:00,0,,,,True
37,2026-08-08 19:30:00,0,,,,True
37,2026-08-08 19:45:00,0,,,,True
37,2026-08-08 20:00:00,0,,,,True
37,2026-08-08 20:15:00,0,,,,True
37,2026-08-08 20:30:00,0,,,,True
37,2026-08-08 20:45:00,0,,,,True
37,2026-08-08 21:00:00,0,,,,True
37,2026-08-08 21:15:00,0,,,,True
37,2026-08-08 21:30:00,0,,,,True
39,2026-08-07 23:45:00,1,3.0,2026-08-07 23:58:00,2026-08-07 23:58:00,False
39,2026-08-08 00:00:00,1,1.0,2026-08-08 00:14:00,2026-08-08 00:14:00,False
39,2026-08-08 00:15:00,4,5.0,2026-08-08 00:16:00,2026-08-08 00:28:00,False
39,2026-08-08 00:30:00,1,2.0,2026-08-08 00:38:00,2026-08-08 00:38:00,False
39,2026-08-08 00:45:00,3,4.0,2026-08-08 00:55:00,2026-08-08 00:58:00,False
39,2026-08-08 01:00:00,0,,,,True
39,2026-08-08 01:15:00,1,1.0,2026-08-08 01:25:00,2026-08-08 01:25:00,False
39,2026-08-08 01:30:00,1,2.0,2026-08-08 01:30:00,2026-08-08 01:30:00,False
39,2026-08-08 01:45:00,0,,,,True
39,2026-08-08 02:00:00,3,5.0,2026-08-08 02:00:00,2026-08-08 02:04:00,False
39,2026-08-08 02:15:00,0,,,,True
39,2026-08-08 02:30:00,0,,,,True
39,2026-08-08 02:45:00,0,,,,True
39,2026-08-08 03:00:00,0,,,,True
39,2026-08-08 03:15:00,0,,,,True
39,2026-08-08 03:30:00,1,1.0,2026-08-08 03:40:00,2026-08-08 03:40:00,False
39,2026-08-08 03:45:00,1,1.0,2026-08-08 03:59:00,2026-08-08 03:59:00,False
39,2026-08-08 04:00:00,1,1.0,2026-08-08 04:06:00,2026-08-08 04:06:00,False
39,2026-08-08 04:15:00,0,,,,True
39,2026-08-08 04:30:00,0,,,,True
39,2026-08-08 04:45:00,0,,,,True
39,2026-08-08 05:00:00,0,,,,True
39,2026-08-08 05:15:00,3,6.0,2026-08-08 05:23:00,2026-08-08 05:28:00,False
39,2026-08-08 05:30:00,0,,,,True
39,2026-08-08 05:45:00,1,1.0,2026-08-08 05:47:00,2026-08-08 05:47:00,False
39,2026-08-08 06:00:00,3,3.0,2026-08-08 06:03:00,2026-08-08 06:09:00,False
39,2026-08-08 06:15:00,1,1.0,2026-08-08 06:27:00,2026-08-08 06:27:00,False
39,2026-08-08 06:30:00,1,1.0,2026-08-08 06:30:00,2026-08-08 06:30:00,False
39,2026-08-08 06:45:00,4,4.0,2026-08-08 06:51:00,2026-08-08 06:59:00,False
39,2026-08-08 07:00:00,2,3.0,2026-08-08 07:05:00,2026-08-08 07:14:00,False
39,2026-08-08 07:15:00,3,3.0,2026-08-08 07:18:00,2026-08-08 07:25:00,False
39,2026-08-08 07:30:00,2,2.0,2026-08-08 07:31:00,2026-08-08 07:41:00,False
39,2026-08-08 07:45:00,5,12.0,2026-08-08 07:46:00,2026-08-08 07:58:00,False
39,2026-08-08 08:00:00,5,6.0,2026-08-08 08:03:00,2026-08-08 08:13:00,False
39,2026-08-08 08:15:00,11,17.0,2026-08-08 08:15:00,2026-08-08 08:29:00,False
39,2026-08-08 08:30:00,8,18.0,2026-08-08 08:30:00,2026-08-08 08:43:00,False
39,2026-08-08 08:45:00,9,17.0,2026-08-08 08:45:00,2026-08-08 08:58:00,False
39,2026-08-08 09:00:00,13,30.0,2026-08-08 09:00:00,2026-08-08 09:14:00,False
39,2026-08-08 09:15:00,10,23.0,2026-08-08 09:15:00,2026-08-08 09:29:00,False
39,2026-08-08 09:30:00,12,34.0,2026-08-08 09:30:00,2026-08-08 09:44:00,False
39,2026-08-08 09:45:00,11,25.0,2026-08-08 09:45:00,2026-08-08 09:58:00,False
39,2026-08-08 10:00:00,11,15.0,2026-08-08 10:00:00,2026-08-08 10:13:00,False
39,2026-08-08 10:15:00,9,24.0,2026-08-08 10:18:00,2026-08-08 10:29:00,False
39,2026-08-08 10:30:00,7,18.0,2026-08-08 10:30:00,2026-08-08 10:44:00,False
39,2026-08-08 10:45:00,10,27.0,2026-08-08 10:45:00,2026-08-08 10:59:00,False
39,2026-08-08 11:00:00,11,24.0,2026-08-08 11:00:00,2026-08-08 11:14:00,False
39,2026-08-08 11:15:00,8,22.0,2026-08-08 11:16:00,2026-08-08 11:28:00,False
39,2026-08-08 11:30:00,10,24.0,2026-08-08 11:30:00,2026-08-08 11:44:00,False
39,2026-08-08 11:45:00,13,23.0,2026-08-08 11:45:00,2026-08-08 11:59:00,False
39,2026-08-08 12:00:00,11,33.0,2026-08-08 12:00:00,2026-08-08 12:14:00,False
39,2026-08-08 12:15:00,11,24.0,2026-08-08 12:16:00,2026-08-08 12:29:00,False
39,2026-08-08 12:30:00,9,14.0,2026-08-08 12:31:00,2026-08-08 12:42:00,False
39,2026-08-08 12:45:00,9,25.0,2026-08-08 12:45:00,2026-08-08 12:59:00,False
39,2026-08-08 13:00:00,9,18.0,2026-08-08 13:01:00,2026-08-08 13:12:00,False
39,2026-08-08 13:15:00,9,20.0,2026-08-08 13:15:00,2026-08-08 13:29:00,False
39,2026-08-08 13:30:00,8,25.0,2026-08-08 13:30:00,2026-08-08 13:43:00,False
39,2026-08-08 13:45:00,10,23.0,2026-08-08 13:45:00,2026-08-08 13:59:00,False
39,2026-08-08 14:00:00,10,19.0,2026-08-08 14:00:00,2026-08-08 14:14:00,False
39,2026-08-08 14:15:00,10,35.0,2026-08-08 14:16:00,2026-08-08 14:29:00,False
39,2026-08-08 14:30:00,10,21.0,2026-08-08 14:30:00,2026-08-08 14:44:00,False
39,2026-08-08 14:45:00,11,20.0,2026-08-08 14:45:00,2026-08-08 14:59:00,False
39,2026-08-08 15:00:00,10,25.0,2026-08-08 15:00:00,2026-08-08 15:12:00,False
39,2026-08-08 15:15:00,11,26.0,2026-08-08 15:16:00,2026-08-08 15:29:00,False
39,2026-08-08 15:30:00,13,29.0,2026-08-08 15:30:00,2026-08-08 15:44:00,False
39,2026-08-08 15:45:00,12,29.0,2026-08-08 15:45:00,2026-08-08 15:59:00,False
39,2026-08-08 16:00:00,10,27.0,2026-08-08 16:00:00,2026-08-08 16:14:00,False
39,2026-08-08 16:15:00,12,49.0,2026-08-08 16:16:00,2026-08-08 16:29:00,False
39,2026-08-08 16:30:00,12,32.0,2026-08-08 16:30:00,2026-08-08 16:44:00,False
39,2026-08-08 16:45:00,13,38.0,2026-08-08 16:45:00,2026-08-08 16:59:00,False
39,2026-08-08 17:00:00,12,35.0,2026-08-08 17:00:00,2026-08-08 17:14:00,False
39,2026-08-08 17:15:00,11,24.0,2026-08-08 17:15:00,2026-08-08 17:29:00,False
39,2026-08-08 17:30:00,13,39.0,2026-08-08 17:30:00,2026-08-08 17:43:00,False
39,2026-08-08 17:45:00,14,47.0,2026-08-08 17:45:00,2026-08-08 17:59:00,False
39,2026-08-08 18:00:00,14,36.0,2026-08-08 18:00:00,2026-08-08 18:14:00,False
39,2026-08-08 18:15:00,11,22.0,2026-08-08 18:16:00,2026-08-08 18:29:00,False
39,2026-08-08 18:30:00,9,13.0,2026-08-08 18:30:00,2026-08-08 18:44:00,False
39,2026-08-08 18:45:00,11,26.0,2026-08-08 18:45:00,2026-08-08 18:59:00,False
39,2026-08-08 19:00:00,8,14.0,2026-08-08 19:00:00,2026-08-08 19:12:00,False
39,2026-08-08 19:15:00,6,16.0,2026-08-08 19:20:00,2026-08-08 19:29:00,False
39,2026-08-08 19:30:00,7,17.0,2026-08-08 19:30:00,2026-08-08 19:44:00,False
39,2026-08-08 19:45:00,10,17.0,2026-08-08 19:45:00,2026-08-08 19:59:00,False
39,2026-08-08 20:00:00,10,28.0,2026-08-08 20:00:00,2026-08-08 20:14:00,False
39,2026-08-08 20:15:00,8,12.0,2026-08-08 20:17:00,2026-08-08 20:27:00,False
39,2026-08-08 20:30:00,8,21.0,2026-08-08 20:31:00,2026-08-08 20:43:00,False
39,2026-08-08 20:45:00,7,13.0,2026-08-08 20:45:00,2026-08-08 20:57:00,False
39,2026-08-08 21:00:00,7,18.0,2026-08-08 21:00:00,2026-08-08 21:11:00,False
39,2026-08-08 21:15:00,9,30.0,2026-08-08 21:16:00,2026-08-08 21:26:00,False
39,2026-08-08 21:30:00,1,1.0,2026-08-08 21:31:00,2026-08-08 21:31:00,False
40,2026-08-07 23:45:00,2,3.0,2026-08-07 23:55:00,2026-08-07 23:58:00,False
40,2026-08-08 00:00:00,13,25.0,2026-08-08 00:00:00,2026-08-08 00:14:00,False
40,2026-08-08 00:15:00,7,18.0,2026-08-08 00:15:00,2026-08-08 00:29:00,False
40,2026-08-08 00:30:00,8,11.0,2026-08-08 00:32:00,2026-08-08 00:44:00,False
40,2026-08-08 00:45:00,5,14.0,2026-08-08 00:46:00,2026-08-08 00:58:00,False
40,2026-08-08 01:00:00,4,8.0,2026-08-08 01:04:00,2026-08-08 01:14:00,False
40,2026-08-08 01:15:00,4,11.0,2026-08-08 01:17:00,2026-08-08 01:22:00,False
40,2026-08-08 01:30:00,3,5.0,2026-08-08 01:31:00,2026-08-08 01:38:00,False
40,2026-08-08 01:45:00,2,3.0,2026-08-08 01:51:00,2026-08-08 01:52:00,False
40,2026-08-08 02:00:00,1,1.0,2026-08-08 02:14:00,2026-08-08 02:14:00,False
40,2026-08-08 02:15:00,7,15.0,2026-08-08 02:15:00,2026-08-08 02:28:00,False
40,2026-08-08 02:30:00,4,4.0,2026-08-08 02:30:00,2026-08-08 02:38:00,False
40,2026-08-08 02:45:00,2,2.0,2026-08-08 02:57:00,2026-08-08 02:58:00,False
40,2026-08-08 03:00:00,3,6.0,2026-08-08 03:01:00,2026-08-08 03:13:00,False
40,2026-08-08 03:15:00,2,2.0,2026-08-08 03:17:00,2026-08-08 03:19:00,False
40,2026-08-08 03:30:00,3,4.0,2026-08-08 03:32:00,2026-08-08 03:38:00,False
40,2026-08-08 03:45:00,1,2.0,2026-08-08 03:49:00,2026-08-08 03:49:00,False
40,2026-08-08 04:00:00,0,,,,True
40,2026-08-08 04:15:00,0,,,,True
40,2026-08-08 04:30:00,2,3.0,2026-08-08 04:32:00,2026-08-08 04:42:00,False
40,2026-08-08 04:45:00,1,1.0,2026-08-08 04:55:00,2026-08-08 04:55:00,False
40,2026-08-08 05:00:00,4,5.0,2026-08-08 05:04:00,2026-08-08 05:10:00,False
40,2026-08-08 05:15:00,2,3.0,2026-08-08 05:21:00,2026-08-08 05:22:00,False
40,2026-08-08 05:30:00,3,3.0,2026-08-08 05:32:00,2026-08-08 05:41:00,False
40,2026-08-08 05:45:00,3,5.0,2026-08-08 05:45:00,2026-08-08 05:56:00,False
40,2026-08-08 06:00:00,8,15.0,2026-08-08 06:01:00,2026-08-08 06:11:00,False
40,2026-08-08 06:15:00,3,4.0,2026-08-08 06:16:00,2026-08-08 06:23:00,False
40,2026-08-08 06:30:00,1,2.0,2026-08-08 06:37:00,2026-08-08 06:37:00,False
40,2026-08-08 06:45:00,4,8.0,2026-08-08 06:47:00,2026-08-08 06:56:00,False
40,2026-08-08 07:00:00,6,8.0,2026-08-08 07:00:00,2026-08-08 07:11:00,False
40,2026-08-08 07:15:00,7,11.0,2026-08-08 07:16:00,2026-08-08 07:27:00,False
40,2026-08-08 07:30:00,8,14.0,2026-08-08 07:31:00,2026-08-08 07:44:00,False
40,2026-08-08 07:45:00,7,15.0,2026-08-08 07:46:00,2026-08-08 07:57:00,False
40,2026-08-08 08:00:00,10,26.0,2026-08-08 08:01:00,2026-08-08 08:13:00,False
40,2026-08-08 08:15:00,13,30.0,2026-08-08 08:15:00,2026-08-08 08:29:00,False
40,2026-08-08 08:30:00,10,20.0,2026-08-08 08:30:00,2026-08-08 08:44:00,False
40,2026-08-08 08:45:00,12,40.0,2026-08-08 08:45:00,2026-08-08 08:59:00,False
40,2026-08-08 09:00:00,11,29.0,2026-08-08 09:00:00,2026-08-08 09:14:00,False
40,2026-08-08 09:15:00,14,38.0,2026-08-08 09:15:00,2026-08-08 09:29:00,False
40,2026-08-08 09:30:00,13,40.0,2026-08-08 09:30:00,2026-08-08 09:44:00,False
40,2026-08-08 09:45:00,12,48.0,2026-08-08 09:45:00,2026-08-08 09:59:00,False
40,2026-08-08 10:00:00,13,53.0,2026-08-08 10:00:00,2026-08-08 10:14:00,False
40,2026-08-08 10:15:00,12,39.0,2026-08-08 10:15:00,2026-08-08 10:29:00,False
40,2026-08-08 10:30:00,15,48.0,2026-08-08 10:30:00,2026-08-08 10:44:00,False
40,2026-08-08 10:45:00,13,49.0,2026-08-08 10:45:00,2026-08-08 10:59:00,False
40,2026-08-08 11:00:00,12,35.0,2026-08-08 11:00:00,2026-08-08 11:14:00,False
40,2026-08-08 11:15:00,14,51.0,2026-08-08 11:15:00,2026-08-08 11:29:00,False
40,2026-08-08 11:30:00,15,56.0,2026-08-08 11:30:00,2026-08-08 11:44:00,False
40,2026-08-08 11:45:00,15,112.0,2026-08-08 11:45:00,2026-08-08 11:59:00,False
40,2026-08-08 12:00:00,15,93.0,2026-08-08 12:00:00,2026-08-08 12:14:00,False
40,2026-08-08 12:15:00,15,102.0,2026-08-08 12:15:00,2026-08-08 12:29:00,False
40,2026-08-08 12:30:00,15,106.0,2026-08-08 12:30:00,2026-08-08 12:44:00,False
40,2026-08-08 12:45:00,15,77.0,2026-08-08 12:45:00,2026-08-08 12:59:00,False
40,2026-08-08 13:00:00,13,95.0,2026-08-08 13:00:00,2026-08-08 13:14:00,False
40,2026-08-08 13:15:00,15,119.0,2026-08-08 13:15:00,2026-08-08 13:29:00,False
40,2026-08-08 13:30:00,15,127.0,2026-08-08 13:30:00,2026-08-08 13:44:00,False
40,2026-08-08 13:45:00,14,65.0,2026-08-08 13:45:00,2026-08-08 13:59:00,False
40,2026-08-08 14:00:00,11,57.0,2026-08-08 14:00:00,2026-08-08 14:14:00,False
40,2026-08-08 14:15:00,13,59.0,2026-08-08 14:15:00,2026-08-08 14:29:00,False
40,2026-08-08 14:30:00,15,82.0,2026-08-08 14:30:00,2026-08-08 14:44:00,False
40,2026-08-08 14:45:00,14,60.0,2026-08-08 14:45:00,2026-08-08 14:58:00,False
40,2026-08-08 15:00:00,15,80.0,2026-08-08 15:00:00,2026-08-08 15:14:00,False
40,2026-08-08 15:15:00,14,76.0,2026-08-08 15:15:00,2026-08-08 15:29:00,False
40,2026-08-08 15:30:00,15,88.0,2026-08-08 15:30:00,2026-08-08 15:44:00,False
40,2026-08-08 15:45:00,14,67.0,2026-08-08 15:45:00,2026-08-08 15:59:00,False
40,2026-08-08 16:00:00,14,67.0,2026-08-08 16:00:00,2026-08-08 16:14:00,False
40,2026-08-08 16:15:00,15,94.0,2026-08-08 16:15:00,2026-08-08 16:29:00,False
40,2026-08-08 16:30:00,14,165.0,2026-08-08 16:30:00,2026-08-08 16:44:00,False
40,2026-08-08 16:45:00,13,69.0,2026-08-08 16:45:00,2026-08-08 16:59:00,False
40,2026-08-08 17:00:00,15,70.0,2026-08-08 17:00:00,2026-08-08 17:14:00,False
40,2026-08-08 17:15:00,15,71.0,2026-08-08 17:15:00,2026-08-08 17:29:00,False
40,2026-08-08 17:30:00,13,56.0,2026-08-08 17:30:00,2026-08-08 17:44:00,False
40,2026-08-08 17:45:00,13,75.0,2026-08-08 17:45:00,2026-08-08 17:59:00,False
40,2026-08-08 18:00:00,15,73.0,2026-08-08 18:00:00,2026-08-08 18:14:00,False
40,2026-08-08 18:15:00,14,68.0,2026-08-08 18:15:00,2026-08-08 18:29:00,False
40,2026-08-08 18:30:00,15,101.0,2026-08-08 18:30:00,2026-08-08 18:44:00,False
40,2026-08-08 18:45:00,15,119.0,2026-08-08 18:45:00,2026-08-08 18:59:00,False
40,2026-08-08 19:00:00,15,117.0,2026-08-08 19:00:00,2026-08-08 19:14:00,False
40,2026-08-08 19:15:00,15,127.0,2026-08-08 19:15:00,2026-08-08 19:29:00,False
40,2026-08-08 19:30:00,13,74.0,2026-08-08 19:30:00,2026-08-08 19:44:00,False
40,2026-08-08 19:45:00,12,42.0,2026-08-08 19:45:00,2026-08-08 19:59:00,False
40,2026-08-08 20:00:00,14,43.0,2026-08-08 20:00:00,2026-08-08 20:14:00,False
40,2026-08-08 20:15:00,13,56.0,2026-08-08 20:15:00,2026-08-08 20:29:00,False
40,2026-08-08 20:30:00,15,61.0,2026-08-08 20:30:00,2026-08-08 20:44:00,False
40,2026-08-08 20:45:00,15,65.0,2026-08-08 20:45:00,2026-08-08 20:59:00,False
40,2026-08-08 21:00:00,15,90.0,2026-08-08 21:00:00,2026-08-08 21:14:00,False
40,2026-08-08 21:15:00,11,43.0,2026-08-08 21:15:00,2026-08-08 21:29:00,False
40,2026-08-08 21:30:00,1,3.0,2026-08-08 21:30:00,2026-08-08 21:30:00,False
41,2026-08-07 23:45:00,5,54.0,2026-08-07 23:55:00,2026-08-07 23:59:00,False
41,2026-08-08 00:00:00,15,152.0,2026-08-08 00:00:00,2026-08-08 00:14:00,False
41,2026-08-08 00:15:00,15,145.0,2026-08-08 00:15:00,2026-08-08 00:29:00,False
41,2026-08-08 00:30:00,15,159.0,2026-08-08 00:30:00,2026-08-08 00:44:00,False
41,2026-08-08 00:45:00,15,164.0,2026-08-08 00:45:00,2026-08-08 00:59:00,False
41,2026-08-08 01:00:00,15,110.0,2026-08-08 01:00:00,2026-08-08 01:14:00,False
41,2026-08-08 01:15:00,15,121.0,2026-08-08 01:15:00,2026-08-08 01:29:00,False
41,2026-08-08 01:30:00,14,91.0,2026-08-08 01:30:00,2026-08-08 01:44:00,False
41,2026-08-08 01:45:00,15,135.0,2026-08-08 01:45:00,2026-08-08 01:59:00,False
41,2026-08-08 02:00:00,15,124.0,2026-08-08 02:00:00,2026-08-08 02:14:00,False
41,2026-08-08 02:15:00,14,62.0,2026-08-08 02:15:00,2026-08-08 02:29:00,False
41,2026-08-08 02:30:00,14,56.0,2026-08-08 02:30:00,2026-08-08 02:44:00,False
41,2026-08-08 02:45:00,15,79.0,2026-08-08 02:45:00,2026-08-08 02:59:00,False
41,2026-08-08 03:00:00,12,37.0,2026-08-08 03:01:00,2026-08-08 03:14:00,False
41,2026-08-08 03:15:00,13,49.0,2026-08-08 03:15:00,2026-08-08 03:29:00,False
41,2026-08-08 03:30:00,12,39.0,2026-08-08 03:30:00,2026-08-08 03:44:00,False
41,2026-08-08 03:45:00,8,22.0,2026-08-08 03:45:00,2026-08-08 03:59:00,False
41,2026-08-08 04:00:00,13,28.0,2026-08-08 04:00:00,2026-08-08 04:14:00,False
41,2026-08-08 04:15:00,14,39.0,2026-08-08 04:15:00,2026-08-08 04:29:00,False
41,2026-08-08 04:30:00,12,45.0,2026-08-08 04:31:00,2026-08-08 04:44:00,False
41,2026-08-08 04:45:00,13,46.0,2026-08-08 04:45:00,2026-08-08 04:59:00,False
41,2026-08-08 05:00:00,12,27.0,2026-08-08 05:01:00,2026-08-08 05:14:00,False
41,2026-08-08 05:15:00,9,19.0,2026-08-08 05:16:00,2026-08-08 05:29:00,False
41,2026-08-08 05:30:00,11,27.0,2026-08-08 05:30:00,2026-08-08 05:43:00,False
41,2026-08-08 05:45:00,13,53.0,2026-08-08 05:45:00,2026-08-08 05:58:00,False
41,2026-08-08 06:00:00,13,39.0,2026-08-08 06:00:00,2026-08-08 06:14:00,False
41,2026-08-08 06:15:00,14,40.0,2026-08-08 06:15:00,2026-08-08 06:29:00,False
41,2026-08-08 06:30:00,15,66.0,2026-08-08 06:30:00,2026-08-08 06:44:00,False
41,2026-08-08 06:45:00,15,87.0,2026-08-08 06:45:00,2026-08-08 06:59:00,False
41,2026-08-08 07:00:00,6,21.0,2026-08-08 07:00:00,2026-08-08 07:05:00,False
41,2026-08-08 07:15:00,0,,,,True
41,2026-08-08 07:30:00,0,,,,True
41,2026-08-08 07:45:00,0,,,,True
41,2026-08-08 08:00:00,10,86.0,2026-08-08 08:05:00,2026-08-08 08:14:00,False
41,2026-08-08 08:15:00,15,155.0,2026-08-08 08:15:00,2026-08-08 08:29:00,False
41,2026-08-08 08:30:00,15,200.0,2026-08-08 08:30:00,2026-08-08 08:44:00,False
41,2026-08-08 08:45:00,15,234.0,2026-08-08 08:45:00,2026-08-08 08:59:00,False
41,2026-08-08 09:00:00,15,219.0,2026-08-08 09:00:00,2026-08-08 09:14:00,False
41,2026-08-08 09:15:00,15,247.0,2026-08-08 09:15:00,2026-08-08 09:29:00,False
41,2026-08-08 09:30:00,15,347.0,2026-08-08 09:30:00,2026-08-08 09:44:00,False
41,2026-08-08 09:45:00,15,441.0,2026-08-08 09:45:00,2026-08-08 09:59:00,False
41,2026-08-08 10:00:00,15,485.0,2026-08-08 10:00:00,2026-08-08 10:14:00,False
41,2026-08-08 10:15:00,15,503.0,2026-08-08 10:15:00,2026-08-08 10:29:00,False
41,2026-08-08 10:30:00,15,496.0,2026-08-08 10:30:00,2026-08-08 10:44:00,False
41,2026-08-08 10:45:00,15,545.0,2026-08-08 10:45:00,2026-08-08 10:59:00,False
41,2026-08-08 11:00:00,15,566.0,2026-08-08 11:00:00,2026-08-08 11:14:00,False
41,2026-08-08 11:15:00,15,593.0,2026-08-08 11:15:00,2026-08-08 11:29:00,False
41,2026-08-08 11:30:00,15,668.0,2026-08-08 11:30:00,2026-08-08 11:44:00,False
41,2026-08-08 11:45:00,15,800.0,2026-08-08 11:45:00,2026-08-08 11:59:00,False
41,2026-08-08 12:00:00,15,801.0,2026-08-08 12:00:00,2026-08-08 12:14:00,False
41,2026-08-08 12:15:00,15,792.0,2026-08-08 12:15:00,2026-08-08 12:29:00,False
41,2026-08-08 12:30:00,15,868.0,2026-08-08 12:30:00,2026-08-08 12:44:00,False
41,2026-08-08 12:45:00,15,745.0,2026-08-08 12:45:00,2026-08-08 12:59:00,False
41,2026-08-08 13:00:00,15,813.0,2026-08-08 13:00:00,2026-08-08 13:14:00,False
41,2026-08-08 13:15:00,15,869.0,2026-08-08 13:15:00,2026-08-08 13:29:00,False
41,2026-08-08 13:30:00,15,860.0,2026-08-08 13:30:00,2026-08-08 13:44:00,False
41,2026-08-08 13:45:00,15,828.0,2026-08-08 13:45:00,2026-08-08 13:59:00,False
41,2026-08-08 14:00:00,15,719.0,2026-08-08 14:00:00,2026-08-08 14:14:00,False
41,2026-08-08 14:15:00,15,752.0,2026-08-08 14:15:00,2026-08-08 14:29:00,False
41,2026-08-08 14:30:00,15,873.0,2026-08-08 14:30:00,2026-08-08 14:44:00,False
41,2026-08-08 14:45:00,15,886.0,2026-08-08 14:45:00,2026-08-08 14:59:00,False
41,2026-08-08 15:00:00,15,862.0,2026-08-08 15:00:00,2026-08-08 15:14:00,False
41,2026-08-08 15:15:00,15,817.0,2026-08-08 15:15:00,2026-08-08 15:29:00,False
41,2026-08-08 15:30:00,15,773.0,2026-08-08 15:30:00,2026-08-08 15:44:00,False
41,2026-08-08 15:45:00,15,819.0,2026-08-08 15:45:00,2026-08-08 15:59:00,False
41,2026-08-08 16:00:00,15,824.0,2026-08-08 16:00:00,2026-08-08 16:14:00,False
41,2026-08-08 16:15:00,15,1060.0,2026-08-08 16:15:00,2026-08-08 16:29:00,False
41,2026-08-08 16:30:00,15,1066.0,2026-08-08 16:30:00,2026-08-08 16:44:00,False
41,2026-08-08 16:45:00,15,930.0,2026-08-08 16:45:00,2026-08-08 16:59:00,False
41,2026-08-08 17:00:00,15,956.0,2026-08-08 17:00:00,2026-08-08 17:14:00,False
41,2026-08-08 17:15:00,15,771.0,2026-08-08 17:15:00,2026-08-08 17:29:00,False
41,2026-08-08 17:30:00,15,826.0,2026-08-08 17:30:00,2026-08-08 17:44:00,False
41,2026-08-08 17:45:00,15,926.0,2026-08-08 17:45:00,2026-08-08 17:59:00,False
41,2026-08-08 18:00:00,15,840.0,2026-08-08 18:00:00,2026-08-08 18:14:00,False
41,2026-08-08 18:15:00,15,740.0,2026-08-08 18:15:00,2026-08-08 18:29:00,False
41,2026-08-08 18:30:00,15,686.0,2026-08-08 18:30:00,2026-08-08 18:44:00,False
41,2026-08-08 18:45:00,15,679.0,2026-08-08 18:45:00,2026-08-08 18:59:00,False
41,2026-08-08 19:00:00,15,733.0,2026-08-08 19:00:00,2026-08-08 19:14:00,False
41,2026-08-08 19:15:00,15,612.0,2026-08-08 19:15:00,2026-08-08 19:29:00,False
41,2026-08-08 19:30:00,15,566.0,2026-08-08 19:30:00,2026-08-08 19:44:00,False
41,2026-08-08 19:45:00,15,476.0,2026-08-08 19:45:00,2026-08-08 19:59:00,False
41,2026-08-08 20:00:00,15,558.0,2026-08-08 20:00:00,2026-08-08 20:14:00,False
41,2026-08-08 20:15:00,15,535.0,2026-08-08 20:15:00,2026-08-08 20:29:00,False
41,2026-08-08 20:30:00,15,451.0,2026-08-08 20:30:00,2026-08-08 20:44:00,False
41,2026-08-08 20:45:00,15,574.0,2026-08-08 20:45:00,2026-08-08 20:59:00,False
41,2026-08-08 21:00:00,15,485.0,2026-08-08 21:00:00,2026-08-08 21:14:00,False
41,2026-08-08 21:15:00,15,454.0,2026-08-08 21:15:00,2026-08-08 21:29:00,False
41,2026-08-08 21:30:00,0,,,,True
42,2026-08-07 23:45:00,0,,,,True
42,2026-08-08 00:00:00,3,4.0,2026-08-08 00:05:00,2026-08-08 00:13:00,False
42,2026-08-08 00:15:00,2,4.0,2026-08-08 00:17:00,2026-08-08 00:20:00,False
42,2026-08-08 00:30:00,5,6.0,2026-08-08 00:34:00,2026-08-08 00:41:00,False
42,2026-08-08 00:45:00,3,4.0,2026-08-08 00:45:00,2026-08-08 00:55:00,False
42,2026-08-08 01:00:00,5,5.0,2026-08-08 01:06:00,2026-08-08 01:13:00,False
42,2026-08-08 01:15:00,2,2.0,2026-08-08 01:15:00,2026-08-08 01:21:00,False
42,2026-08-08 01:30:00,2,2.0,2026-08-08 01:36:00,2026-08-08 01:39:00,False
42,2026-08-08 01:45:00,2,5.0,2026-08-08 01:48:00,2026-08-08 01:55:00,False
42,2026-08-08 02:00:00,2,2.0,2026-08-08 02:12:00,2026-08-08 02:14:00,False
42,2026-08-08 02:15:00,2,3.0,2026-08-08 02:15:00,2026-08-08 02:24:00,False
42,2026-08-08 02:30:00,4,8.0,2026-08-08 02:33:00,2026-08-08 02:41:00,False
42,2026-08-08 02:45:00,1,2.0,2026-08-08 02:48:00,2026-08-08 02:48:00,False
42,2026-08-08 03:00:00,1,1.0,2026-08-08 03:12:00,2026-08-08 03:12:00,False
42,2026-08-08 03:15:00,1,1.0,2026-08-08 03:23:00,2026-08-08 03:23:00,False
42,2026-08-08 03:30:00,0,,,,True
42,2026-08-08 03:45:00,0,,,,True
42,2026-08-08 04:00:00,0,,,,True
42,2026-08-08 04:15:00,1,3.0,2026-08-08 04:25:00,2026-08-08 04:25:00,False
42,2026-08-08 04:30:00,0,,,,True
42,2026-08-08 04:45:00,2,3.0,2026-08-08 04:46:00,2026-08-08 04:53:00,False
42,2026-08-08 05:00:00,0,,,,True
42,2026-08-08 05:15:00,1,1.0,2026-08-08 05:28:00,2026-08-08 05:28:00,False
42,2026-08-08 05:30:00,0,,,,True
42,2026-08-08 05:45:00,3,4.0,2026-08-08 05:46:00,2026-08-08 05:53:00,False
42,2026-08-08 06:00:00,0,,,,True
42,2026-08-08 06:15:00,0,,,,True
42,2026-08-08 06:30:00,4,6.0,2026-08-08 06:30:00,2026-08-08 06:37:00,False
42,2026-08-08 06:45:00,3,3.0,2026-08-08 06:51:00,2026-08-08 06:53:00,False
42,2026-08-08 07:00:00,2,5.0,2026-08-08 07:07:00,2026-08-08 07:13:00,False
42,2026-08-08 07:15:00,6,8.0,2026-08-08 07:20:00,2026-08-08 07:29:00,False
42,2026-08-08 07:30:00,11,16.0,2026-08-08 07:33:00,2026-08-08 07:44:00,False
42,2026-08-08 07:45:00,7,8.0,2026-08-08 07:45:00,2026-08-08 07:59:00,False
42,2026-08-08 08:00:00,3,10.0,2026-08-08 08:09:00,2026-08-08 08:14:00,False
42,2026-08-08 08:15:00,9,13.0,2026-08-08 08:15:00,2026-08-08 08:27:00,False
42,2026-08-08 08:30:00,8,13.0,2026-08-08 08:33:00,2026-08-08 08:44:00,False
42,2026-08-08 08:45:00,11,26.0,2026-08-08 08:46:00,2026-08-08 08:59:00,False
42,2026-08-08 09:00:00,6,9.0,2026-08-08 09:05:00,2026-08-08 09:14:00,False
42,2026-08-08 09:15:00,12,23.0,2026-08-08 09:15:00,2026-08-08 09:29:00,False
42,2026-08-08 09:30:00,12,26.0,2026-08-08 09:30:00,2026-08-08 09:44:00,False
42,2026-08-08 09:45:00,10,30.0,2026-08-08 09:46:00,2026-08-08 09:57:00,False
42,2026-08-08 10:00:00,6,21.0,2026-08-08 10:09:00,2026-08-08 10:14:00,False
42,2026-08-08 10:15:00,13,35.0,2026-08-08 10:17:00,2026-08-08 10:29:00,False
42,2026-08-08 10:30:00,13,31.0,2026-08-08 10:30:00,2026-08-08 10:43:00,False
42,2026-08-08 10:45:00,13,32.0,2026-08-08 10:46:00,2026-08-08 10:59:00,False
42,2026-08-08 11:00:00,9,28.0,2026-08-08 11:05:00,2026-08-08 11:14:00,False
42,2026-08-08 11:15:00,13,50.0,2026-08-08 11:15:00,2026-08-08 11:29:00,False
42,2026-08-08 11:30:00,13,36.0,2026-08-08 11:30:00,2026-08-08 11:44:00,False
42,2026-08-08 11:45:00,12,31.0,2026-08-08 11:45:00,2026-08-08 11:59:00,False
42,2026-08-08 12:00:00,8,30.0,2026-08-08 12:05:00,2026-08-08 12:14:00,False
42,2026-08-08 12:15:00,15,59.0,2026-08-08 12:15:00,2026-08-08 12:29:00,False
42,2026-08-08 12:30:00,14,59.0,2026-08-08 12:30:00,2026-08-08 12:44:00,False
42,2026-08-08 12:45:00,14,43.0,2026-08-08 12:45:00,2026-08-08 12:59:00,False
42,2026-08-08 13:00:00,8,27.0,2026-08-08 13:05:00,2026-08-08 13:14:00,False
42,2026-08-08 13:15:00,14,48.0,2026-08-08 13:15:00,2026-08-08 13:29:00,False
42,2026-08-08 13:30:00,13,57.0,2026-08-08 13:31:00,2026-08-08 13:43:00,False
42,2026-08-08 13:45:00,14,49.0,2026-08-08 13:45:00,2026-08-08 13:59:00,False
42,2026-08-08 14:00:00,9,33.0,2026-08-08 14:05:00,2026-08-08 14:14:00,False
42,2026-08-08 14:15:00,14,62.0,2026-08-08 14:15:00,2026-08-08 14:29:00,False
42,2026-08-08 14:30:00,14,63.0,2026-08-08 14:30:00,2026-08-08 14:44:00,False
42,2026-08-08 14:45:00,14,59.0,2026-08-08 14:45:00,2026-08-08 14:59:00,False
42,2026-08-08 15:00:00,10,49.0,2026-08-08 15:05:00,2026-08-08 15:14:00,False
42,2026-08-08 15:15:00,13,38.0,2026-08-08 15:15:00,2026-08-08 15:29:00,False
42,2026-08-08 15:30:00,15,60.0,2026-08-08 15:30:00,2026-08-08 15:44:00,False
42,2026-08-08 15:45:00,15,65.0,2026-08-08 15:45:00,2026-08-08 15:59:00,False
42,2026-08-08 16:00:00,9,32.0,2026-08-08 16:05:00,2026-08-08 16:14:00,False
42,2026-08-08 16:15:00,14,55.0,2026-08-08 16:15:00,2026-08-08 16:28:00,False
42,2026-08-08 16:30:00,14,50.0,2026-08-08 16:30:00,2026-08-08 16:44:00,False
42,2026-08-08 16:45:00,13,47.0,2026-08-08 16:45:00,2026-08-08 16:59:00,False
42,2026-08-08 17:00:00,10,36.0,2026-08-08 17:05:00,2026-08-08 17:14:00,False
42,2026-08-08 17:15:00,11,48.0,2026-08-08 17:15:00,2026-08-08 17:29:00,False
42,2026-08-08 17:30:00,14,65.0,2026-08-08 17:30:00,2026-08-08 17:44:00,False
42,2026-08-08 17:45:00,12,34.0,2026-08-08 17:47:00,2026-08-08 17:59:00,False
42,2026-08-08 18:00:00,10,22.0,2026-08-08 18:05:00,2026-08-08 18:14:00,False
42,2026-08-08 18:15:00,7,27.0,2026-08-08 18:17:00,2026-08-08 18:28:00,False
42,2026-08-08 18:30:00,7,14.0,2026-08-08 18:31:00,2026-08-08 18:43:00,False
42,2026-08-08 18:45:00,4,9.0,2026-08-08 18:45:00,2026-08-08 18:50:00,False
42,2026-08-08 19:00:00,1,2.0,2026-08-08 19:06:00,2026-08-08 19:06:00,False
42,2026-08-08 19:15:00,7,10.0,2026-08-08 19:17:00,2026-08-08 19:29:00,False
42,2026-08-08 19:30:00,8,15.0,2026-08-08 19:34:00,2026-08-08 19:44:00,False
42,2026-08-08 19:45:00,6,13.0,2026-08-08 19:47:00,2026-08-08 19:59:00,False
42,2026-08-08 20:00:00,6,8.0,2026-08-08 20:06:00,2026-08-08 20:13:00,False
42,2026-08-08 20:15:00,5,10.0,2026-08-08 20:16:00,2026-08-08 20:27:00,False
42,2026-08-08 20:30:00,6,17.0,2026-08-08 20:32:00,2026-08-08 20:43:00,False
42,2026-08-08 20:45:00,7,13.0,2026-08-08 20:47:00,2026-08-08 20:57:00,False
42,2026-08-08 21:00:00,0,,,,True
42,2026-08-08 21:15:00,0,,,,True
42,2026-08-08 21:30:00,0,,,,True
43,2026-08-07 23:45:00,1,1.0,2026-08-07 23:55:00,2026-08-07 23:55:00,False
43,2026-08-08 00:00:00,2,9.0,2026-08-08 00:00:00,2026-08-08 00:05:00,False
43,2026-08-08 00:15:00,3,9.0,2026-08-08 00:15:00,2026-08-08 00:25:00,False
43,2026-08-08 00:30:00,1,5.0,2026-08-08 00:35:00,2026-08-08 00:35:00,False
43,2026-08-08 00:45:00,1,2.0,2026-08-08 00:50:00,2026-08-08 00:50:00,False
43,2026-08-08 01:00:00,3,9.0,2026-08-08 01:00:00,2026-08-08 01:10:00,False
43,2026-08-08 01:15:00,1,1.0,2026-08-08 01:25:00,2026-08-08 01:25:00,False
43,2026-08-08 01:30:00,1,4.0,2026-08-08 01:35:00,2026-08-08 01:35:00,False
43,2026-08-08 01:45:00,1,3.0,2026-08-08 01:50:00,2026-08-08 01:50:00,False
43,2026-08-08 02:00:00,2,3.0,2026-08-08 02:05:00,2026-08-08 02:10:00,False
43,2026-08-08 02:15:00,2,3.0,2026-08-08 02:20:00,2026-08-08 02:25:00,False
43,2026-08-08 02:30:00,2,3.0,2026-08-08 02:30:00,2026-08-08 02:35:00,False
43,2026-08-08 02:45:00,1,3.0,2026-08-08 02:45:00,2026-08-08 02:45:00,False
43,2026-08-08 03:00:00,1,1.0,2026-08-08 03:10:00,2026-08-08 03:10:00,False
43,2026-08-08 03:15:00,0,,,,True
43,2026-08-08 03:30:00,0,,,,True
43,2026-08-08 03:45:00,1,6.0,2026-08-08 03:45:00,2026-08-08 03:45:00,False
43,2026-08-08 04:00:00,1,1.0,2026-08-08 04:00:00,2026-08-08 04:00:00,False
43,2026-08-08 04:15:00,0,,,,True
43,2026-08-08 04:30:00,0,,,,True
43,2026-08-08 04:45:00,1,1.0,2026-08-08 04:45:00,2026-08-08 04:45:00,False
43,2026-08-08 05:00:00,0,,,,True
43,2026-08-08 05:15:00,1,4.0,2026-08-08 05:20:00,2026-08-08 05:20:00,False
43,2026-08-08 05:30:00,1,2.0,2026-08-08 05:40:00,2026-08-08 05:40:00,False
43,2026-08-08 05:45:00,0,,,,True
43,2026-08-08 06:00:00,2,2.0,2026-08-08 06:05:00,2026-08-08 06:10:00,False
43,2026-08-08 06:15:00,3,6.0,2026-08-08 06:15:00,2026-08-08 06:25:00,False
43,2026-08-08 06:30:00,3,4.0,2026-08-08 06:30:00,2026-08-08 06:40:00,False
43,2026-08-08 06:45:00,2,4.0,2026-08-08 06:50:00,2026-08-08 06:55:00,False
43,2026-08-08 07:00:00,1,1.0,2026-08-08 07:00:00,2026-08-08 07:00:00,False
43,2026-08-08 07:15:00,2,5.0,2026-08-08 07:15:00,2026-08-08 07:25:00,False
43,2026-08-08 07:30:00,3,12.0,2026-08-08 07:30:00,2026-08-08 07:40:00,False
43,2026-08-08 07:45:00,3,8.0,2026-08-08 07:45:00,2026-08-08 07:55:00,False
43,2026-08-08 08:00:00,3,12.0,2026-08-08 08:00:00,2026-08-08 08:10:00,False
43,2026-08-08 08:15:00,3,16.0,2026-08-08 08:15:00,2026-08-08 08:25:00,False
43,2026-08-08 08:30:00,3,20.0,2026-08-08 08:30:00,2026-08-08 08:40:00,False
43,2026-08-08 08:45:00,3,25.0,2026-08-08 08:45:00,2026-08-08 08:55:00,False
43,2026-08-08 09:00:00,3,23.0,2026-08-08 09:00:00,2026-08-08 09:10:00,False
43,2026-08-08 09:15:00,4,31.0,2026-08-08 09:15:00,2026-08-08 09:25:00,False
43,2026-08-08 09:30:00,2,13.0,2026-08-08 09:35:00,2026-08-08 09:40:00,False
43,2026-08-08 09:45:00,3,35.0,2026-08-08 09:45:00,2026-08-08 09:55:00,False
43,2026-08-08 10:00:00,3,23.0,2026-08-08 10:00:00,2026-08-08 10:10:00,False
43,2026-08-08 10:15:00,3,43.0,2026-08-08 10:15:00,2026-08-08 10:25:00,False
43,2026-08-08 10:30:00,3,38.0,2026-08-08 10:30:00,2026-08-08 10:40:00,False
43,2026-08-08 10:45:00,3,50.0,2026-08-08 10:45:00,2026-08-08 10:55:00,False
43,2026-08-08 11:00:00,3,75.0,2026-08-08 11:00:00,2026-08-08 11:10:00,False
43,2026-08-08 11:15:00,3,54.0,2026-08-08 11:15:00,2026-08-08 11:25:00,False
43,2026-08-08 11:30:00,3,38.0,2026-08-08 11:30:00,2026-08-08 11:40:00,False
43,2026-08-08 11:45:00,3,55.0,2026-08-08 11:45:00,2026-08-08 11:55:00,False
43,2026-08-08 12:00:00,3,64.0,2026-08-08 12:00:00,2026-08-08 12:10:00,False
43,2026-08-08 12:15:00,3,71.0,2026-08-08 12:15:00,2026-08-08 12:25:00,False
43,2026-08-08 12:30:00,3,68.0,2026-08-08 12:30:00,2026-08-08 12:40:00,False
43,2026-08-08 12:45:00,3,84.0,2026-08-08 12:45:00,2026-08-08 12:55:00,False
43,2026-08-08 13:00:00,3,65.0,2026-08-08 13:00:00,2026-08-08 13:10:00,False
43,2026-08-08 13:15:00,3,68.0,2026-08-08 13:15:00,2026-08-08 13:25:00,False
43,2026-08-08 13:30:00,3,72.0,2026-08-08 13:30:00,2026-08-08 13:40:00,False
43,2026-08-08 13:45:00,3,76.0,2026-08-08 13:45:00,2026-08-08 13:55:00,False
43,2026-08-08 14:00:00,3,61.0,2026-08-08 14:00:00,2026-08-08 14:10:00,False
43,2026-08-08 14:15:00,3,49.0,2026-08-08 14:15:00,2026-08-08 14:25:00,False
43,2026-08-08 14:30:00,3,88.0,2026-08-08 14:30:00,2026-08-08 14:40:00,False
43,2026-08-08 14:45:00,3,79.0,2026-08-08 14:45:00,2026-08-08 14:55:00,False
43,2026-08-08 15:00:00,3,88.0,2026-08-08 15:00:00,2026-08-08 15:10:00,False
43,2026-08-08 15:15:00,3,59.0,2026-08-08 15:15:00,2026-08-08 15:25:00,False
43,2026-08-08 15:30:00,3,66.0,2026-08-08 15:30:00,2026-08-08 15:40:00,False
43,2026-08-08 15:45:00,3,79.0,2026-08-08 15:45:00,2026-08-08 15:55:00,False
43,2026-08-08 16:00:00,3,81.0,2026-08-08 16:00:00,2026-08-08 16:10:00,False
43,2026-08-08 16:15:00,3,86.0,2026-08-08 16:15:00,2026-08-08 16:25:00,False
43,2026-08-08 16:30:00,3,71.0,2026-08-08 16:30:00,2026-08-08 16:40:00,False
43,2026-08-08 16:45:00,3,52.0,2026-08-08 16:45:00,2026-08-08 16:55:00,False
43,2026-08-08 17:00:00,3,62.0,2026-08-08 17:00:00,2026-08-08 17:10:00,False
43,2026-08-08 17:15:00,3,76.0,2026-08-08 17:15:00,2026-08-08 17:25:00,False
43,2026-08-08 17:30:00,3,49.0,2026-08-08 17:30:00,2026-08-08 17:40:00,False
43,2026-08-08 17:45:00,3,36.0,2026-08-08 17:45:00,2026-08-08 17:55:00,False
43,2026-08-08 18:00:00,3,28.0,2026-08-08 18:00:00,2026-08-08 18:10:00,False
43,2026-08-08 18:15:00,3,16.0,2026-08-08 18:15:00,2026-08-08 18:25:00,False
43,2026-08-08 18:30:00,3,14.0,2026-08-08 18:30:00,2026-08-08 18:40:00,False
43,2026-08-08 18:45:00,3,9.0,2026-08-08 18:45:00,2026-08-08 18:55:00,False
43,2026-08-08 19:00:00,3,11.0,2026-08-08 19:00:00,2026-08-08 19:10:00,False
43,2026-08-08 19:15:00,3,18.0,2026-08-08 19:15:00,2026-08-08 19:25:00,False
43,2026-08-08 19:30:00,2,13.0,2026-08-08 19:30:00,2026-08-08 19:35:00,False
43,2026-08-08 19:45:00,3,7.0,2026-08-08 19:45:00,2026-08-08 19:55:00,False
43,2026-08-08 20:00:00,2,9.0,2026-08-08 20:05:00,2026-08-08 20:10:00,False
43,2026-08-08 20:15:00,3,15.0,2026-08-08 20:15:00,2026-08-08 20:25:00,False
43,2026-08-08 20:30:00,3,11.0,2026-08-08 20:30:00,2026-08-08 20:40:00,False
43,2026-08-08 20:45:00,3,13.0,2026-08-08 20:45:00,2026-08-08 20:55:00,False
43,2026-08-08 21:00:00,2,7.0,2026-08-08 21:00:00,2026-08-08 21:05:00,False
43,2026-08-08 21:15:00,3,9.0,2026-08-08 21:15:00,2026-08-08 21:25:00,False
43,2026-08-08 21:30:00,0,,,,True
44,2026-08-07 23:45:00,1,1.0,2026-08-07 23:55:00,2026-08-07 23:55:00,False
44,2026-08-08 00:00:00,3,8.0,2026-08-08 00:00:00,2026-08-08 00:10:00,False
44,2026-08-08 00:15:00,3,6.0,2026-08-08 00:15:00,2026-08-08 00:25:00,False
44,2026-08-08 00:30:00,2,2.0,2026-08-08 00:30:00,2026-08-08 00:35:00,False
44,2026-08-08 00:45:00,1,3.0,2026-08-08 00:55:00,2026-08-08 00:55:00,False
44,2026-08-08 01:00:00,2,6.0,2026-08-08 01:05:00,2026-08-08 01:10:00,False
44,2026-08-08 01:15:00,2,2.0,2026-08-08 01:15:00,2026-08-08 01:25:00,False
44,2026-08-08 01:30:00,2,4.0,2026-08-08 01:35:00,2026-08-08 01:40:00,False
44,2026-08-08 01:45:00,2,4.0,2026-08-08 01:45:00,2026-08-08 01:50:00,False
44,2026-08-08 02:00:00,2,3.0,2026-08-08 02:05:00,2026-08-08 02:10:00,False
44,2026-08-08 02:15:00,1,2.0,2026-08-08 02:25:00,2026-08-08 02:25:00,False
44,2026-08-08 02:30:00,2,2.0,2026-08-08 02:30:00,2026-08-08 02:35:00,False
44,2026-08-08 02:45:00,1,5.0,2026-08-08 02:45:00,2026-08-08 02:45:00,False
44,2026-08-08 03:00:00,1,1.0,2026-08-08 03:10:00,2026-08-08 03:10:00,False
44,2026-08-08 03:15:00,0,,,,True
44,2026-08-08 03:30:00,1,3.0,2026-08-08 03:40:00,2026-08-08 03:40:00,False
44,2026-08-08 03:45:00,0,,,,True
44,2026-08-08 04:00:00,0,,,,True
44,2026-08-08 04:15:00,0,,,,True
44,2026-08-08 04:30:00,0,,,,True
44,2026-08-08 04:45:00,0,,,,True
44,2026-08-08 05:00:00,0,,,,True
44,2026-08-08 05:15:00,1,2.0,2026-08-08 05:20:00,2026-08-08 05:20:00,False
44,2026-08-08 05:30:00,1,2.0,2026-08-08 05:40:00,2026-08-08 05:40:00,False
44,2026-08-08 05:45:00,0,,,,True
44,2026-08-08 06:00:00,1,1.0,2026-08-08 06:10:00,2026-08-08 06:10:00,False
44,2026-08-08 06:15:00,3,5.0,2026-08-08 06:15:00,2026-08-08 06:25:00,False
44,2026-08-08 06:30:00,2,2.0,2026-08-08 06:30:00,2026-08-08 06:35:00,False
44,2026-08-08 06:45:00,3,6.0,2026-08-08 06:45:00,2026-08-08 06:55:00,False
44,2026-08-08 07:00:00,1,1.0,2026-08-08 07:10:00,2026-08-08 07:10:00,False
44,2026-08-08 07:15:00,3,7.0,2026-08-08 07:15:00,2026-08-08 07:25:00,False
44,2026-08-08 07:30:00,3,8.0,2026-08-08 07:30:00,2026-08-08 07:40:00,False
44,2026-08-08 07:45:00,1,4.0,2026-08-08 07:45:00,2026-08-08 07:45:00,False
44,2026-08-08 08:00:00,3,8.0,2026-08-08 08:00:00,2026-08-08 08:10:00,False
44,2026-08-08 08:15:00,3,13.0,2026-08-08 08:15:00,2026-08-08 08:25:00,False
44,2026-08-08 08:30:00,3,13.0,2026-08-08 08:30:00,2026-08-08 08:40:00,False
44,2026-08-08 08:45:00,3,14.0,2026-08-08 08:45:00,2026-08-08 08:55:00,False
44,2026-08-08 09:00:00,3,20.0,2026-08-08 09:00:00,2026-08-08 09:10:00,False
44,2026-08-08 09:15:00,3,18.0,2026-08-08 09:15:00,2026-08-08 09:25:00,False
44,2026-08-08 09:30:00,3,16.0,2026-08-08 09:30:00,2026-08-08 09:40:00,False
44,2026-08-08 09:45:00,3,30.0,2026-08-08 09:45:00,2026-08-08 09:55:00,False
44,2026-08-08 10:00:00,2,8.0,2026-08-08 10:05:00,2026-08-08 10:10:00,False
44,2026-08-08 10:15:00,3,25.0,2026-08-08 10:15:00,2026-08-08 10:25:00,False
44,2026-08-08 10:30:00,3,31.0,2026-08-08 10:30:00,2026-08-08 10:40:00,False
44,2026-08-08 10:45:00,3,30.0,2026-08-08 10:45:00,2026-08-08 10:55:00,False
44,2026-08-08 11:00:00,3,37.0,2026-08-08 11:00:00,2026-08-08 11:10:00,False
44,2026-08-08 11:15:00,3,37.0,2026-08-08 11:15:00,2026-08-08 11:25:00,False
44,2026-08-08 11:30:00,3,24.0,2026-08-08 11:30:00,2026-08-08 11:40:00,False
44,2026-08-08 11:45:00,3,35.0,2026-08-08 11:45:00,2026-08-08 11:55:00,False
44,2026-08-08 12:00:00,3,30.0,2026-08-08 12:00:00,2026-08-08 12:10:00,False
44,2026-08-08 12:15:00,3,44.0,2026-08-08 12:15:00,2026-08-08 12:25:00,False
44,2026-08-08 12:30:00,3,42.0,2026-08-08 12:30:00,2026-08-08 12:40:00,False
44,2026-08-08 12:45:00,3,39.0,2026-08-08 12:45:00,2026-08-08 12:55:00,False
44,2026-08-08 13:00:00,3,28.0,2026-08-08 13:00:00,2026-08-08 13:10:00,False
44,2026-08-08 13:15:00,3,34.0,2026-08-08 13:15:00,2026-08-08 13:25:00,False
44,2026-08-08 13:30:00,3,43.0,2026-08-08 13:30:00,2026-08-08 13:40:00,False
44,2026-08-08 13:45:00,3,33.0,2026-08-08 13:45:00,2026-08-08 13:55:00,False
44,2026-08-08 14:00:00,3,32.0,2026-08-08 14:00:00,2026-08-08 14:10:00,False
44,2026-08-08 14:15:00,3,32.0,2026-08-08 14:15:00,2026-08-08 14:25:00,False
44,2026-08-08 14:30:00,3,51.0,2026-08-08 14:30:00,2026-08-08 14:40:00,False
44,2026-08-08 14:45:00,3,45.0,2026-08-08 14:45:00,2026-08-08 14:55:00,False
44,2026-08-08 15:00:00,3,59.0,2026-08-08 15:00:00,2026-08-08 15:10:00,False
44,2026-08-08 15:15:00,3,27.0,2026-08-08 15:15:00,2026-08-08 15:25:00,False
44,2026-08-08 15:30:00,3,32.0,2026-08-08 15:30:00,2026-08-08 15:40:00,False
44,2026-08-08 15:45:00,3,59.0,2026-08-08 15:45:00,2026-08-08 15:55:00,False
44,2026-08-08 16:00:00,3,54.0,2026-08-08 16:00:00,2026-08-08 16:10:00,False
44,2026-08-08 16:15:00,3,44.0,2026-08-08 16:15:00,2026-08-08 16:25:00,False
44,2026-08-08 16:30:00,3,45.0,2026-08-08 16:30:00,2026-08-08 16:40:00,False
44,2026-08-08 16:45:00,3,38.0,2026-08-08 16:45:00,2026-08-08 16:55:00,False
44,2026-08-08 17:00:00,3,40.0,2026-08-08 17:00:00,2026-08-08 17:10:00,False
44,2026-08-08 17:15:00,3,59.0,2026-08-08 17:15:00,2026-08-08 17:25:00,False
44,2026-08-08 17:30:00,3,40.0,2026-08-08 17:30:00,2026-08-08 17:40:00,False
44,2026-08-08 17:45:00,3,36.0,2026-08-08 17:45:00,2026-08-08 17:55:00,False
44,2026-08-08 18:00:00,3,16.0,2026-08-08 18:00:00,2026-08-08 18:10:00,False
44,2026-08-08 18:15:00,3,13.0,2026-08-08 18:15:00,2026-08-08 18:25:00,False
44,2026-08-08 18:30:00,3,18.0,2026-08-08 18:30:00,2026-08-08 18:40:00,False
44,2026-08-08 18:45:00,3,8.0,2026-08-08 18:45:00,2026-08-08 18:55:00,False
44,2026-08-08 19:00:00,3,6.0,2026-08-08 19:00:00,2026-08-08 19:10:00,False
44,2026-08-08 19:15:00,3,16.0,2026-08-08 19:15:00,2026-08-08 19:25:00,False
44,2026-08-08 19:30:00,3,11.0,2026-08-08 19:30:00,2026-08-08 19:40:00,False
44,2026-08-08 19:45:00,2,6.0,2026-08-08 19:50:00,2026-08-08 19:55:00,False
44,2026-08-08 20:00:00,3,8.0,2026-08-08 20:00:00,2026-08-08 20:10:00,False
44,2026-08-08 20:15:00,3,8.0,2026-08-08 20:15:00,2026-08-08 20:25:00,False
44,2026-08-08 20:30:00,3,7.0,2026-08-08 20:30:00,2026-08-08 20:40:00,False
44,2026-08-08 20:45:00,3,8.0,2026-08-08 20:45:00,2026-08-08 20:55:00,False
44,2026-08-08 21:00:00,2,9.0,2026-08-08 21:00:00,2026-08-08 21:05:00,False
44,2026-08-08 21:15:00,3,10.0,2026-08-08 21:15:00,2026-08-08 21:25:00,False
44,2026-08-08 21:30:00,0,,,,True
45,2026-08-07 23:45:00,1,68.0,2026-08-07 23:55:00,2026-08-07 23:55:00,False
45,2026-08-08 00:00:00,3,111.0,2026-08-08 00:00:00,2026-08-08 00:10:00,False
45,2026-08-08 00:15:00,3,103.0,2026-08-08 00:15:00,2026-08-08 00:25:00,False
45,2026-08-08 00:30:00,3,110.0,2026-08-08 00:30:00,2026-08-08 00:40:00,False
45,2026-08-08 00:45:00,3,111.0,2026-08-08 00:45:00,2026-08-08 00:55:00,False
45,2026-08-08 01:00:00,3,77.0,2026-08-08 01:00:00,2026-08-08 01:10:00,False
45,2026-08-08 01:15:00,3,94.0,2026-08-08 01:15:00,2026-08-08 01:25:00,False
45,2026-08-08 01:30:00,3,60.0,2026-08-08 01:30:00,2026-08-08 01:40:00,False
45,2026-08-08 01:45:00,3,61.0,2026-08-08 01:45:00,2026-08-08 01:55:00,False
45,2026-08-08 02:00:00,3,44.0,2026-08-08 02:00:00,2026-08-08 02:10:00,False
45,2026-08-08 02:15:00,3,28.0,2026-08-08 02:15:00,2026-08-08 02:25:00,False
45,2026-08-08 02:30:00,3,31.0,2026-08-08 02:30:00,2026-08-08 02:40:00,False
45,2026-08-08 02:45:00,3,23.0,2026-08-08 02:45:00,2026-08-08 02:55:00,False
45,2026-08-08 03:00:00,3,39.0,2026-08-08 03:00:00,2026-08-08 03:10:00,False
45,2026-08-08 03:15:00,3,29.0,2026-08-08 03:15:00,2026-08-08 03:25:00,False
45,2026-08-08 03:30:00,3,32.0,2026-08-08 03:30:00,2026-08-08 03:40:00,False
45,2026-08-08 03:45:00,3,17.0,2026-08-08 03:45:00,2026-08-08 03:55:00,False
45,2026-08-08 04:00:00,2,15.0,2026-08-08 04:00:00,2026-08-08 04:05:00,False
45,2026-08-08 04:15:00,3,24.0,2026-08-08 04:15:00,2026-08-08 04:25:00,False
45,2026-08-08 04:30:00,3,18.0,2026-08-08 04:30:00,2026-08-08 04:40:00,False
45,2026-08-08 04:45:00,3,17.0,2026-08-08 04:45:00,2026-08-08 04:55:00,False
45,2026-08-08 05:00:00,3,9.0,2026-08-08 05:00:00,2026-08-08 05:10:00,False
45,2026-08-08 05:15:00,3,13.0,2026-08-08 05:15:00,2026-08-08 05:25:00,False
45,2026-08-08 05:30:00,3,11.0,2026-08-08 05:30:00,2026-08-08 05:40:00,False
45,2026-08-08 05:45:00,2,12.0,2026-08-08 05:50:00,2026-08-08 05:55:00,False
45,2026-08-08 06:00:00,3,15.0,2026-08-08 06:00:00,2026-08-08 06:10:00,False
45,2026-08-08 06:15:00,3,25.0,2026-08-08 06:15:00,2026-08-08 06:25:00,False
45,2026-08-08 06:30:00,2,16.0,2026-08-08 06:35:00,2026-08-08 06:40:00,False
45,2026-08-08 06:45:00,3,28.0,2026-08-08 06:45:00,2026-08-08 06:55:00,False
45,2026-08-08 07:00:00,3,20.0,2026-08-08 07:00:00,2026-08-08 07:10:00,False
45,2026-08-08 07:15:00,3,33.0,2026-08-08 07:15:00,2026-08-08 07:25:00,False
45,2026-08-08 07:30:00,3,30.0,2026-08-08 07:30:00,2026-08-08 07:40:00,False
45,2026-08-08 07:45:00,3,35.0,2026-08-08 07:45:00,2026-08-08 07:55:00,False
45,2026-08-08 08:00:00,3,50.0,2026-08-08 08:00:00,2026-08-08 08:10:00,False
45,2026-08-08 08:15:00,3,59.0,2026-08-08 08:15:00,2026-08-08 08:25:00,False
45,2026-08-08 08:30:00,3,99.0,2026-08-08 08:30:00,2026-08-08 08:40:00,False
45,2026-08-08 08:45:00,3,99.0,2026-08-08 08:45:00,2026-08-08 08:55:00,False
45,2026-08-08 09:00:00,3,81.0,2026-08-08 09:00:00,2026-08-08 09:10:00,False
45,2026-08-08 09:15:00,3,148.0,2026-08-08 09:15:00,2026-08-08 09:25:00,False
45,2026-08-08 09:30:00,3,102.0,2026-08-08 09:30:00,2026-08-08 09:40:00,False
45,2026-08-08 09:45:00,3,152.0,2026-08-08 09:45:00,2026-08-08 09:55:00,False
45,2026-08-08 10:00:00,3,108.0,2026-08-08 10:00:00,2026-08-08 10:10:00,False
45,2026-08-08 10:15:00,3,192.0,2026-08-08 10:15:00,2026-08-08 10:25:00,False
45,2026-08-08 10:30:00,3,205.0,2026-08-08 10:30:00,2026-08-08 10:40:00,False
45,2026-08-08 10:45:00,3,194.0,2026-08-08 10:45:00,2026-08-08 10:55:00,False
45,2026-08-08 11:00:00,3,276.0,2026-08-08 11:00:00,2026-08-08 11:10:00,False
45,2026-08-08 11:15:00,3,339.0,2026-08-08 11:15:00,2026-08-08 11:25:00,False
45,2026-08-08 11:30:00,3,302.0,2026-08-08 11:30:00,2026-08-08 11:40:00,False
45,2026-08-08 11:45:00,3,409.0,2026-08-08 11:45:00,2026-08-08 11:55:00,False
45,2026-08-08 12:00:00,3,325.0,2026-08-08 12:00:00,2026-08-08 12:10:00,False
45,2026-08-08 12:15:00,3,460.0,2026-08-08 12:15:00,2026-08-08 12:25:00,False
45,2026-08-08 12:30:00,3,414.0,2026-08-08 12:30:00,2026-08-08 12:40:00,False
45,2026-08-08 12:45:00,3,466.0,2026-08-08 12:45:00,2026-08-08 12:55:00,False
45,2026-08-08 13:00:00,3,470.0,2026-08-08 13:00:00,2026-08-08 13:10:00,False
45,2026-08-08 13:15:00,3,467.0,2026-08-08 13:15:00,2026-08-08 13:25:00,False
45,2026-08-08 13:30:00,3,568.0,2026-08-08 13:30:00,2026-08-08 13:40:00,False
45,2026-08-08 13:45:00,3,471.0,2026-08-08 13:45:00,2026-08-08 13:55:00,False
45,2026-08-08 14:00:00,3,509.0,2026-08-08 14:00:00,2026-08-08 14:10:00,False
45,2026-08-08 14:15:00,3,549.0,2026-08-08 14:15:00,2026-08-08 14:25:00,False
45,2026-08-08 14:30:00,3,515.0,2026-08-08 14:30:00,2026-08-08 14:40:00,False
45,2026-08-08 14:45:00,3,573.0,2026-08-08 14:45:00,2026-08-08 14:55:00,False
45,2026-08-08 15:00:00,3,544.0,2026-08-08 15:00:00,2026-08-08 15:10:00,False
45,2026-08-08 15:15:00,3,545.0,2026-08-08 15:15:00,2026-08-08 15:25:00,False
45,2026-08-08 15:30:00,3,519.0,2026-08-08 15:30:00,2026-08-08 15:40:00,False
45,2026-08-08 15:45:00,3,487.0,2026-08-08 15:45:00,2026-08-08 15:55:00,False
45,2026-08-08 16:00:00,3,496.0,2026-08-08 16:00:00,2026-08-08 16:10:00,False
45,2026-08-08 16:15:00,3,563.0,2026-08-08 16:15:00,2026-08-08 16:25:00,False
45,2026-08-08 16:30:00,3,708.0,2026-08-08 16:30:00,2026-08-08 16:40:00,False
45,2026-08-08 16:45:00,3,681.0,2026-08-08 16:45:00,2026-08-08 16:55:00,False
45,2026-08-08 17:00:00,3,581.0,2026-08-08 17:00:00,2026-08-08 17:10:00,False
45,2026-08-08 17:15:00,3,621.0,2026-08-08 17:15:00,2026-08-08 17:25:00,False
45,2026-08-08 17:30:00,3,510.0,2026-08-08 17:30:00,2026-08-08 17:40:00,False
45,2026-08-08 17:45:00,3,628.0,2026-08-08 17:45:00,2026-08-08 17:55:00,False
45,2026-08-08 18:00:00,3,537.0,2026-08-08 18:00:00,2026-08-08 18:10:00,False
45,2026-08-08 18:15:00,3,502.0,2026-08-08 18:15:00,2026-08-08 18:25:00,False
45,2026-08-08 18:30:00,3,350.0,2026-08-08 18:30:00,2026-08-08 18:40:00,False
45,2026-08-08 18:45:00,3,464.0,2026-08-08 18:45:00,2026-08-08 18:55:00,False
45,2026-08-08 19:00:00,3,416.0,2026-08-08 19:00:00,2026-08-08 19:10:00,False
45,2026-08-08 19:15:00,3,366.0,2026-08-08 19:15:00,2026-08-08 19:25:00,False
45,2026-08-08 19:30:00,3,417.0,2026-08-08 19:30:00,2026-08-08 19:40:00,False
45,2026-08-08 19:45:00,3,404.0,2026-08-08 19:45:00,2026-08-08 19:55:00,False
45,2026-08-08 20:00:00,3,430.0,2026-08-08 20:00:00,2026-08-08 20:10:00,False
45,2026-08-08 20:15:00,3,373.0,2026-08-08 20:15:00,2026-08-08 20:25:00,False
45,2026-08-08 20:30:00,3,363.0,2026-08-08 20:30:00,2026-08-08 20:40:00,False
45,2026-08-08 20:45:00,3,382.0,2026-08-08 20:45:00,2026-08-08 20:55:00,False
45,2026-08-08 21:00:00,3,311.0,2026-08-08 21:00:00,2026-08-08 21:10:00,False
45,2026-08-08 21:15:00,3,346.0,2026-08-08 21:15:00,2026-08-08 21:25:00,False
45,2026-08-08 21:30:00,0,,,,True
46,2026-08-07 23:45:00,0,,,,True
46,2026-08-08 00:00:00,2,5.0,2026-08-08 00:00:00,2026-08-08 00:10:00,False
46,2026-08-08 00:15:00,0,,,,True
46,2026-08-08 00:30:00,3,4.0,2026-08-08 00:30:00,2026-08-08 00:40:00,False
46,2026-08-08 00:45:00,3,4.0,2026-08-08 00:45:00,2026-08-08 00:55:00,False
46,2026-08-08 01:00:00,2,5.0,2026-08-08 01:00:00,2026-08-08 01:05:00,False
46,2026-08-08 01:15:00,1,1.0,2026-08-08 01:25:00,2026-08-08 01:25:00,False
46,2026-08-08 01:30:00,1,2.0,2026-08-08 01:40:00,2026-08-08 01:40:00,False
46,2026-08-08 01:45:00,0,,,,True
46,2026-08-08 02:00:00,0,,,,True
46,2026-08-08 02:15:00,1,2.0,2026-08-08 02:25:00,2026-08-08 02:25:00,False
46,2026-08-08 02:30:00,1,2.0,2026-08-08 02:30:00,2026-08-08 02:30:00,False
46,2026-08-08 02:45:00,0,,,,True
46,2026-08-08 03:00:00,0,,,,True
46,2026-08-08 03:15:00,0,,,,True
46,2026-08-08 03:30:00,0,,,,True
46,2026-08-08 03:45:00,0,,,,True
46,2026-08-08 04:00:00,0,,,,True
46,2026-08-08 04:15:00,0,,,,True
46,2026-08-08 04:30:00,0,,,,True
46,2026-08-08 04:45:00,0,,,,True
46,2026-08-08 05:00:00,0,,,,True
46,2026-08-08 05:15:00,0,,,,True
46,2026-08-08 05:30:00,0,,,,True
46,2026-08-08 05:45:00,0,,,,True
46,2026-08-08 06:00:00,0,,,,True
46,2026-08-08 06:15:00,1,1.0,2026-08-08 06:15:00,2026-08-08 06:15:00,False
46,2026-08-08 06:30:00,0,,,,True
46,2026-08-08 06:45:00,1,1.0,2026-08-08 06:45:00,2026-08-08 06:45:00,False
46,2026-08-08 07:00:00,0,,,,True
46,2026-08-08 07:15:00,1,2.0,2026-08-08 07:20:00,2026-08-08 07:20:00,False
46,2026-08-08 07:30:00,2,2.0,2026-08-08 07:30:00,2026-08-08 07:35:00,False
46,2026-08-08 07:45:00,3,10.0,2026-08-08 07:45:00,2026-08-08 07:55:00,False
46,2026-08-08 08:00:00,2,2.0,2026-08-08 08:00:00,2026-08-08 08:05:00,False
46,2026-08-08 08:15:00,3,9.0,2026-08-08 08:15:00,2026-08-08 08:25:00,False
46,2026-08-08 08:30:00,0,,,,True
46,2026-08-08 08:45:00,3,9.0,2026-08-08 08:45:00,2026-08-08 08:55:00,False
46,2026-08-08 09:00:00,3,14.0,2026-08-08 09:00:00,2026-08-08 09:10:00,False
46,2026-08-08 09:15:00,3,6.0,2026-08-08 09:15:00,2026-08-08 09:25:00,False
46,2026-08-08 09:30:00,3,6.0,2026-08-08 09:30:00,2026-08-08 09:40:00,False
46,2026-08-08 09:45:00,3,12.0,2026-08-08 09:45:00,2026-08-08 09:55:00,False
46,2026-08-08 10:00:00,3,19.0,2026-08-08 10:00:00,2026-08-08 10:10:00,False
46,2026-08-08 10:15:00,3,17.0,2026-08-08 10:15:00,2026-08-08 10:25:00,False
46,2026-08-08 10:30:00,3,17.0,2026-08-08 10:30:00,2026-08-08 10:40:00,False
46,2026-08-08 10:45:00,3,19.0,2026-08-08 10:45:00,2026-08-08 10:55:00,False
46,2026-08-08 11:00:00,3,15.0,2026-08-08 11:00:00,2026-08-08 11:10:00,False
46,2026-08-08 11:15:00,3,29.0,2026-08-08 11:15:00,2026-08-08 11:25:00,False
46,2026-08-08 11:30:00,3,28.0,2026-08-08 11:30:00,2026-08-08 11:40:00,False
46,2026-08-08 11:45:00,3,35.0,2026-08-08 11:45:00,2026-08-08 11:55:00,False
46,2026-08-08 12:00:00,3,42.0,2026-08-08 12:00:00,2026-08-08 12:10:00,False
46,2026-08-08 12:15:00,3,24.0,2026-08-08 12:15:00,2026-08-08 12:25:00,False
46,2026-08-08 12:30:00,3,28.0,2026-08-08 12:30:00,2026-08-08 12:40:00,False
46,2026-08-08 12:45:00,3,30.0,2026-08-08 12:45:00,2026-08-08 12:55:00,False
46,2026-08-08 13:00:00,3,32.0,2026-08-08 13:00:00,2026-08-08 13:10:00,False
46,2026-08-08 13:15:00,3,50.0,2026-08-08 13:15:00,2026-08-08 13:25:00,False
46,2026-08-08 13:30:00,3,27.0,2026-08-08 13:30:00,2026-08-08 13:40:00,False
46,2026-08-08 13:45:00,3,46.0,2026-08-08 13:45:00,2026-08-08 13:55:00,False
46,2026-08-08 14:00:00,3,31.0,2026-08-08 14:00:00,2026-08-08 14:10:00,False
46,2026-08-08 14:15:00,3,31.0,2026-08-08 14:15:00,2026-08-08 14:25:00,False
46,2026-08-08 14:30:00,3,33.0,2026-08-08 14:30:00,2026-08-08 14:40:00,False
46,2026-08-08 14:45:00,3,21.0,2026-08-08 14:45:00,2026-08-08 14:55:00,False
46,2026-08-08 15:00:00,3,41.0,2026-08-08 15:00:00,2026-08-08 15:10:00,False
46,2026-08-08 15:15:00,3,49.0,2026-08-08 15:15:00,2026-08-08 15:25:00,False
46,2026-08-08 15:30:00,3,45.0,2026-08-08 15:30:00,2026-08-08 15:40:00,False
46,2026-08-08 15:45:00,3,42.0,2026-08-08 15:45:00,2026-08-08 15:55:00,False
46,2026-08-08 16:00:00,3,53.0,2026-08-08 16:00:00,2026-08-08 16:10:00,False
46,2026-08-08 16:15:00,4,47.0,2026-08-08 16:15:00,2026-08-08 16:25:00,False
46,2026-08-08 16:30:00,3,17.0,2026-08-08 16:30:00,2026-08-08 16:40:00,False
46,2026-08-08 16:45:00,3,31.0,2026-08-08 16:45:00,2026-08-08 16:55:00,False
46,2026-08-08 17:00:00,3,39.0,2026-08-08 17:00:00,2026-08-08 17:10:00,False
46,2026-08-08 17:15:00,3,30.0,2026-08-08 17:15:00,2026-08-08 17:25:00,False
46,2026-08-08 17:30:00,3,32.0,2026-08-08 17:30:00,2026-08-08 17:40:00,False
46,2026-08-08 17:45:00,3,25.0,2026-08-08 17:45:00,2026-08-08 17:55:00,False
46,2026-08-08 18:00:00,3,8.0,2026-08-08 18:00:00,2026-08-08 18:10:00,False
46,2026-08-08 18:15:00,2,5.0,2026-08-08 18:15:00,2026-08-08 18:20:00,False
46,2026-08-08 18:30:00,2,5.0,2026-08-08 18:30:00,2026-08-08 18:40:00,False
46,2026-08-08 18:45:00,1,1.0,2026-08-08 18:50:00,2026-08-08 18:50:00,False
46,2026-08-08 19:00:00,3,6.0,2026-08-08 19:00:00,2026-08-08 19:10:00,False
46,2026-08-08 19:15:00,3,4.0,2026-08-08 19:15:00,2026-08-08 19:25:00,False
46,2026-08-08 19:30:00,2,6.0,2026-08-08 19:30:00,2026-08-08 19:40:00,False
46,2026-08-08 19:45:00,3,8.0,2026-08-08 19:45:00,2026-08-08 19:55:00,False
46,2026-08-08 20:00:00,3,8.0,2026-08-08 20:00:00,2026-08-08 20:10:00,False
46,2026-08-08 20:15:00,1,3.0,2026-08-08 20:20:00,2026-08-08 20:20:00,False
46,2026-08-08 20:30:00,3,4.0,2026-08-08 20:30:00,2026-08-08 20:40:00,False
46,2026-08-08 20:45:00,0,,,,True
46,2026-08-08 21:00:00,2,3.0,2026-08-08 21:00:00,2026-08-08 21:05:00,False
46,2026-08-08 21:15:00,1,1.0,2026-08-08 21:20:00,2026-08-08 21:20:00,False
46,2026-08-08 21:30:00,0,,,,True
47,2026-08-07 23:45:00,1,24.0,2026-08-07 23:55:00,2026-08-07 23:55:00,False
47,2026-08-08 00:00:00,3,74.0,2026-08-08 00:00:00,2026-08-08 00:10:00,False
47,2026-08-08 00:15:00,3,65.0,2026-08-08 00:15:00,2026-08-08 00:25:00,False
47,2026-08-08 00:30:00,3,53.0,2026-08-08 00:30:00,2026-08-08 00:40:00,False
47,2026-08-08 00:45:00,3,51.0,2026-08-08 00:45:00,2026-08-08 00:55:00,False
47,2026-08-08 01:00:00,3,68.0,2026-08-08 01:00:00,2026-08-08 01:10:00,False
47,2026-08-08 01:15:00,3,70.0,2026-08-08 01:15:00,2026-08-08 01:25:00,False
47,2026-08-08 01:30:00,3,51.0,2026-08-08 01:30:00,2026-08-08 01:40:00,False
47,2026-08-08 01:45:00,3,46.0,2026-08-08 01:45:00,2026-08-08 01:55:00,False
47,2026-08-08 02:00:00,3,36.0,2026-08-08 02:00:00,2026-08-08 02:10:00,False
47,2026-08-08 02:15:00,3,35.0,2026-08-08 02:15:00,2026-08-08 02:25:00,False
47,2026-08-08 02:30:00,3,23.0,2026-08-08 02:30:00,2026-08-08 02:40:00,False
47,2026-08-08 02:45:00,3,30.0,2026-08-08 02:45:00,2026-08-08 02:55:00,False
47,2026-08-08 03:00:00,3,29.0,2026-08-08 03:00:00,2026-08-08 03:10:00,False
47,2026-08-08 03:15:00,3,31.0,2026-08-08 03:15:00,2026-08-08 03:25:00,False
47,2026-08-08 03:30:00,3,16.0,2026-08-08 03:30:00,2026-08-08 03:40:00,False
47,2026-08-08 03:45:00,2,11.0,2026-08-08 03:50:00,2026-08-08 03:55:00,False
47,2026-08-08 04:00:00,3,9.0,2026-08-08 04:00:00,2026-08-08 04:10:00,False
47,2026-08-08 04:15:00,3,6.0,2026-08-08 04:15:00,2026-08-08 04:25:00,False
47,2026-08-08 04:30:00,2,6.0,2026-08-08 04:30:00,2026-08-08 04:35:00,False
47,2026-08-08 04:45:00,3,5.0,2026-08-08 04:45:00,2026-08-08 04:55:00,False
47,2026-08-08 05:00:00,2,3.0,2026-08-08 05:00:00,2026-08-08 05:10:00,False
47,2026-08-08 05:15:00,3,11.0,2026-08-08 05:15:00,2026-08-08 05:25:00,False
47,2026-08-08 05:30:00,3,11.0,2026-08-08 05:30:00,2026-08-08 05:40:00,False
47,2026-08-08 05:45:00,3,10.0,2026-08-08 05:45:00,2026-08-08 05:55:00,False
47,2026-08-08 06:00:00,3,10.0,2026-08-08 06:00:00,2026-08-08 06:10:00,False
47,2026-08-08 06:15:00,2,8.0,2026-08-08 06:15:00,2026-08-08 06:20:00,False
47,2026-08-08 06:30:00,3,15.0,2026-08-08 06:30:00,2026-08-08 06:40:00,False
47,2026-08-08 06:45:00,3,18.0,2026-08-08 06:45:00,2026-08-08 06:55:00,False
47,2026-08-08 07:00:00,3,23.0,2026-08-08 07:00:00,2026-08-08 07:10:00,False
47,2026-08-08 07:15:00,3,24.0,2026-08-08 07:15:00,2026-08-08 07:25:00,False
47,2026-08-08 07:30:00,3,28.0,2026-08-08 07:30:00,2026-08-08 07:40:00,False
47,2026-08-08 07:45:00,3,44.0,2026-08-08 07:45:00,2026-08-08 07:55:00,False
47,2026-08-08 08:00:00,3,60.0,2026-08-08 08:00:00,2026-08-08 08:10:00,False
47,2026-08-08 08:15:00,3,46.0,2026-08-08 08:15:00,2026-08-08 08:25:00,False
47,2026-08-08 08:30:00,3,83.0,2026-08-08 08:30:00,2026-08-08 08:40:00,False
47,2026-08-08 08:45:00,3,87.0,2026-08-08 08:45:00,2026-08-08 08:55:00,False
47,2026-08-08 09:00:00,3,55.0,2026-08-08 09:00:00,2026-08-08 09:10:00,False
47,2026-08-08 09:15:00,3,117.0,2026-08-08 09:15:00,2026-08-08 09:25:00,False
47,2026-08-08 09:30:00,3,166.0,2026-08-08 09:30:00,2026-08-08 09:40:00,False
47,2026-08-08 09:45:00,3,191.0,2026-08-08 09:45:00,2026-08-08 09:55:00,False
47,2026-08-08 10:00:00,3,213.0,2026-08-08 10:00:00,2026-08-08 10:10:00,False
47,2026-08-08 10:15:00,3,196.0,2026-08-08 10:15:00,2026-08-08 10:25:00,False
47,2026-08-08 10:30:00,3,314.0,2026-08-08 10:30:00,2026-08-08 10:40:00,False
47,2026-08-08 10:45:00,3,290.0,2026-08-08 10:45:00,2026-08-08 10:55:00,False
47,2026-08-08 11:00:00,3,329.0,2026-08-08 11:00:00,2026-08-08 11:10:00,False
47,2026-08-08 11:15:00,3,377.0,2026-08-08 11:15:00,2026-08-08 11:25:00,False
47,2026-08-08 11:30:00,3,377.0,2026-08-08 11:30:00,2026-08-08 11:40:00,False
47,2026-08-08 11:45:00,3,490.0,2026-08-08 11:45:00,2026-08-08 11:55:00,False
47,2026-08-08 12:00:00,3,427.0,2026-08-08 12:00:00,2026-08-08 12:10:00,False
47,2026-08-08 12:15:00,3,467.0,2026-08-08 12:15:00,2026-08-08 12:25:00,False
47,2026-08-08 12:30:00,3,479.0,2026-08-08 12:30:00,2026-08-08 12:40:00,False
47,2026-08-08 12:45:00,3,493.0,2026-08-08 12:45:00,2026-08-08 12:55:00,False
47,2026-08-08 13:00:00,3,517.0,2026-08-08 13:00:00,2026-08-08 13:10:00,False
47,2026-08-08 13:15:00,3,572.0,2026-08-08 13:15:00,2026-08-08 13:25:00,False
47,2026-08-08 13:30:00,3,623.0,2026-08-08 13:30:00,2026-08-08 13:40:00,False
47,2026-08-08 13:45:00,3,575.0,2026-08-08 13:45:00,2026-08-08 13:55:00,False
47,2026-08-08 14:00:00,3,627.0,2026-08-08 14:00:00,2026-08-08 14:10:00,False
47,2026-08-08 14:15:00,3,610.0,2026-08-08 14:15:00,2026-08-08 14:25:00,False
47,2026-08-08 14:30:00,3,611.0,2026-08-08 14:30:00,2026-08-08 14:40:00,False
47,2026-08-08 14:45:00,3,642.0,2026-08-08 14:45:00,2026-08-08 14:55:00,False
47,2026-08-08 15:00:00,3,663.0,2026-08-08 15:00:00,2026-08-08 15:10:00,False
47,2026-08-08 15:15:00,3,624.0,2026-08-08 15:15:00,2026-08-08 15:25:00,False
47,2026-08-08 15:30:00,3,623.0,2026-08-08 15:30:00,2026-08-08 15:40:00,False
47,2026-08-08 15:45:00,3,602.0,2026-08-08 15:45:00,2026-08-08 15:55:00,False
47,2026-08-08 16:00:00,3,655.0,2026-08-08 16:00:00,2026-08-08 16:10:00,False
47,2026-08-08 16:15:00,3,609.0,2026-08-08 16:15:00,2026-08-08 16:25:00,False
47,2026-08-08 16:30:00,3,609.0,2026-08-08 16:30:00,2026-08-08 16:40:00,False
47,2026-08-08 16:45:00,3,696.0,2026-08-08 16:45:00,2026-08-08 16:55:00,False
47,2026-08-08 17:00:00,3,560.0,2026-08-08 17:00:00,2026-08-08 17:10:00,False
47,2026-08-08 17:15:00,3,596.0,2026-08-08 17:15:00,2026-08-08 17:25:00,False
47,2026-08-08 17:30:00,3,644.0,2026-08-08 17:30:00,2026-08-08 17:40:00,False
47,2026-08-08 17:45:00,3,596.0,2026-08-08 17:45:00,2026-08-08 17:55:00,False
47,2026-08-08 18:00:00,3,576.0,2026-08-08 18:00:00,2026-08-08 18:10:00,False
47,2026-08-08 18:15:00,3,311.0,2026-08-08 18:15:00,2026-08-08 18:25:00,False
47,2026-08-08 18:30:00,3,361.0,2026-08-08 18:30:00,2026-08-08 18:40:00,False
47,2026-08-08 18:45:00,3,304.0,2026-08-08 18:45:00,2026-08-08 18:55:00,False
47,2026-08-08 19:00:00,3,370.0,2026-08-08 19:00:00,2026-08-08 19:10:00,False
47,2026-08-08 19:15:00,3,270.0,2026-08-08 19:15:00,2026-08-08 19:25:00,False
47,2026-08-08 19:30:00,3,332.0,2026-08-08 19:30:00,2026-08-08 19:40:00,False
47,2026-08-08 19:45:00,3,259.0,2026-08-08 19:45:00,2026-08-08 19:55:00,False
47,2026-08-08 20:00:00,3,277.0,2026-08-08 20:00:00,2026-08-08 20:10:00,False
47,2026-08-08 20:15:00,3,335.0,2026-08-08 20:15:00,2026-08-08 20:25:00,False
47,2026-08-08 20:30:00,3,208.0,2026-08-08 20:30:00,2026-08-08 20:40:00,False
47,2026-08-08 20:45:00,3,284.0,2026-08-08 20:45:00,2026-08-08 20:55:00,False
47,2026-08-08 21:00:00,3,215.0,2026-08-08 21:00:00,2026-08-08 21:10:00,False
47,2026-08-08 21:15:00,3,126.0,2026-08-08 21:15:00,2026-08-08 21:25:00,False
47,2026-08-08 21:30:00,0,,,,True
48,2026-08-07 23:45:00,1,5.0,2026-08-07 23:55:00,2026-08-07 23:55:00,False
48,2026-08-08 00:00:00,3,12.0,2026-08-08 00:00:00,2026-08-08 00:10:00,False
48,2026-08-08 00:15:00,3,18.0,2026-08-08 00:15:00,2026-08-08 00:25:00,False
48,2026-08-08 00:30:00,3,8.0,2026-08-08 00:30:00,2026-08-08 00:40:00,False
48,2026-08-08 00:45:00,3,14.0,2026-08-08 00:45:00,2026-08-08 00:55:00,False
48,2026-08-08 01:00:00,3,8.0,2026-08-08 01:00:00,2026-08-08 01:10:00,False
48,2026-08-08 01:15:00,3,4.0,2026-08-08 01:15:00,2026-08-08 01:25:00,False
48,2026-08-08 01:30:00,3,15.0,2026-08-08 01:30:00,2026-08-08 01:40:00,False
48,2026-08-08 01:45:00,2,4.0,2026-08-08 01:50:00,2026-08-08 01:55:00,False
48,2026-08-08 02:00:00,3,14.0,2026-08-08 02:00:00,2026-08-08 02:10:00,False
48,2026-08-08 02:15:00,3,12.0,2026-08-08 02:15:00,2026-08-08 02:25:00,False
48,2026-08-08 02:30:00,2,11.0,2026-08-08 02:30:00,2026-08-08 02:35:00,False
48,2026-08-08 02:45:00,3,7.0,2026-08-08 02:45:00,2026-08-08 02:55:00,False
48,2026-08-08 03:00:00,3,3.0,2026-08-08 03:00:00,2026-08-08 03:10:00,False
48,2026-08-08 03:15:00,2,8.0,2026-08-08 03:15:00,2026-08-08 03:20:00,False
48,2026-08-08 03:30:00,3,6.0,2026-08-08 03:30:00,2026-08-08 03:40:00,False
48,2026-08-08 03:45:00,1,4.0,2026-08-08 03:45:00,2026-08-08 03:45:00,False
48,2026-08-08 04:00:00,1,1.0,2026-08-08 04:05:00,2026-08-08 04:05:00,False
48,2026-08-08 04:15:00,2,2.0,2026-08-08 04:15:00,2026-08-08 04:20:00,False
48,2026-08-08 04:30:00,2,3.0,2026-08-08 04:35:00,2026-08-08 04:40:00,False
48,2026-08-08 04:45:00,1,3.0,2026-08-08 04:55:00,2026-08-08 04:55:00,False
48,2026-08-08 05:00:00,2,3.0,2026-08-08 05:00:00,2026-08-08 05:05:00,False
48,2026-08-08 05:15:00,2,2.0,2026-08-08 05:15:00,2026-08-08 05:20:00,False
48,2026-08-08 05:30:00,2,9.0,2026-08-08 05:30:00,2026-08-08 05:40:00,False
48,2026-08-08 05:45:00,3,6.0,2026-08-08 05:45:00,2026-08-08 05:55:00,False
48,2026-08-08 06:00:00,3,10.0,2026-08-08 06:00:00,2026-08-08 06:10:00,False
48,2026-08-08 06:15:00,3,13.0,2026-08-08 06:15:00,2026-08-08 06:25:00,False
48,2026-08-08 06:30:00,3,8.0,2026-08-08 06:30:00,2026-08-08 06:40:00,False
48,2026-08-08 06:45:00,3,15.0,2026-08-08 06:45:00,2026-08-08 06:55:00,False
48,2026-08-08 07:00:00,3,20.0,2026-08-08 07:00:00,2026-08-08 07:10:00,False
48,2026-08-08 07:15:00,3,17.0,2026-08-08 07:15:00,2026-08-08 07:25:00,False
48,2026-08-08 07:30:00,3,20.0,2026-08-08 07:30:00,2026-08-08 07:40:00,False
48,2026-08-08 07:45:00,3,37.0,2026-08-08 07:45:00,2026-08-08 07:55:00,False
48,2026-08-08 08:00:00,3,28.0,2026-08-08 08:00:00,2026-08-08 08:10:00,False
48,2026-08-08 08:15:00,3,51.0,2026-08-08 08:15:00,2026-08-08 08:25:00,False
48,2026-08-08 08:30:00,3,55.0,2026-08-08 08:30:00,2026-08-08 08:40:00,False
48,2026-08-08 08:45:00,3,66.0,2026-08-08 08:45:00,2026-08-08 08:55:00,False
48,2026-08-08 09:00:00,3,91.0,2026-08-08 09:00:00,2026-08-08 09:10:00,False
48,2026-08-08 09:15:00,3,106.0,2026-08-08 09:15:00,2026-08-08 09:25:00,False
48,2026-08-08 09:30:00,3,112.0,2026-08-08 09:30:00,2026-08-08 09:40:00,False
48,2026-08-08 09:45:00,3,158.0,2026-08-08 09:45:00,2026-08-08 09:55:00,False
48,2026-08-08 10:00:00,3,154.0,2026-08-08 10:00:00,2026-08-08 10:10:00,False
48,2026-08-08 10:15:00,3,146.0,2026-08-08 10:15:00,2026-08-08 10:25:00,False
48,2026-08-08 10:30:00,3,177.0,2026-08-08 10:30:00,2026-08-08 10:40:00,False
48,2026-08-08 10:45:00,3,188.0,2026-08-08 10:45:00,2026-08-08 10:55:00,False
48,2026-08-08 11:00:00,3,195.0,2026-08-08 11:00:00,2026-08-08 11:10:00,False
48,2026-08-08 11:15:00,3,161.0,2026-08-08 11:15:00,2026-08-08 11:25:00,False
48,2026-08-08 11:30:00,3,276.0,2026-08-08 11:30:00,2026-08-08 11:40:00,False
48,2026-08-08 11:45:00,3,300.0,2026-08-08 11:45:00,2026-08-08 11:55:00,False
48,2026-08-08 12:00:00,3,217.0,2026-08-08 12:00:00,2026-08-08 12:10:00,False
48,2026-08-08 12:15:00,3,261.0,2026-08-08 12:15:00,2026-08-08 12:25:00,False
48,2026-08-08 12:30:00,3,227.0,2026-08-08 12:30:00,2026-08-08 12:40:00,False
48,2026-08-08 12:45:00,3,306.0,2026-08-08 12:45:00,2026-08-08 12:55:00,False
48,2026-08-08 13:00:00,3,281.0,2026-08-08 13:00:00,2026-08-08 13:10:00,False
48,2026-08-08 13:15:00,3,262.0,2026-08-08 13:15:00,2026-08-08 13:25:00,False
48,2026-08-08 13:30:00,2,141.0,2026-08-08 13:35:00,2026-08-08 13:40:00,False
48,2026-08-08 13:45:00,3,282.0,2026-08-08 13:45:00,2026-08-08 13:55:00,False
48,2026-08-08 14:00:00,3,230.0,2026-08-08 14:00:00,2026-08-08 14:10:00,False
48,2026-08-08 14:15:00,3,265.0,2026-08-08 14:15:00,2026-08-08 14:25:00,False
48,2026-08-08 14:30:00,3,253.0,2026-08-08 14:30:00,2026-08-08 14:40:00,False
48,2026-08-08 14:45:00,3,237.0,2026-08-08 14:45:00,2026-08-08 14:55:00,False
48,2026-08-08 15:00:00,3,247.0,2026-08-08 15:00:00,2026-08-08 15:10:00,False
48,2026-08-08 15:15:00,3,257.0,2026-08-08 15:15:00,2026-08-08 15:25:00,False
48,2026-08-08 15:30:00,3,204.0,2026-08-08 15:30:00,2026-08-08 15:40:00,False
48,2026-08-08 15:45:00,3,215.0,2026-08-08 15:45:00,2026-08-08 15:55:00,False
48,2026-08-08 16:00:00,3,262.0,2026-08-08 16:00:00,2026-08-08 16:10:00,False
48,2026-08-08 16:15:00,3,181.0,2026-08-08 16:15:00,2026-08-08 16:25:00,False
48,2026-08-08 16:30:00,3,136.0,2026-08-08 16:30:00,2026-08-08 16:40:00,False
48,2026-08-08 16:45:00,3,112.0,2026-08-08 16:45:00,2026-08-08 16:55:00,False
48,2026-08-08 17:00:00,3,99.0,2026-08-08 17:00:00,2026-08-08 17:10:00,False
48,2026-08-08 17:15:00,3,108.0,2026-08-08 17:15:00,2026-08-08 17:25:00,False
48,2026-08-08 17:30:00,3,72.0,2026-08-08 17:30:00,2026-08-08 17:40:00,False
48,2026-08-08 17:45:00,3,75.0,2026-08-08 17:45:00,2026-08-08 17:55:00,False
48,2026-08-08 18:00:00,3,79.0,2026-08-08 18:00:00,2026-08-08 18:10:00,False
48,2026-08-08 18:15:00,3,70.0,2026-08-08 18:15:00,2026-08-08 18:25:00,False
48,2026-08-08 18:30:00,3,68.0,2026-08-08 18:30:00,2026-08-08 18:40:00,False
48,2026-08-08 18:45:00,3,53.0,2026-08-08 18:45:00,2026-08-08 18:55:00,False
48,2026-08-08 19:00:00,3,39.0,2026-08-08 19:00:00,2026-08-08 19:10:00,False
48,2026-08-08 19:15:00,3,50.0,2026-08-08 19:15:00,2026-08-08 19:25:00,False
48,2026-08-08 19:30:00,3,37.0,2026-08-08 19:30:00,2026-08-08 19:40:00,False
48,2026-08-08 19:45:00,3,66.0,2026-08-08 19:45:00,2026-08-08 19:55:00,False
48,2026-08-08 20:00:00,3,55.0,2026-08-08 20:00:00,2026-08-08 20:10:00,False
48,2026-08-08 20:15:00,3,66.0,2026-08-08 20:15:00,2026-08-08 20:25:00,False
48,2026-08-08 20:30:00,3,38.0,2026-08-08 20:30:00,2026-08-08 20:40:00,False
48,2026-08-08 20:45:00,3,50.0,2026-08-08 20:45:00,2026-08-08 20:55:00,False
48,2026-08-08 21:00:00,3,39.0,2026-08-08 21:00:00,2026-08-08 21:10:00,False
48,2026-08-08 21:15:00,3,47.0,2026-08-08 21:15:00,2026-08-08 21:25:00,False
48,2026-08-08 21:30:00,0,,,,True
49,2026-08-07 23:45:00,1,13.0,2026-08-07 23:55:00,2026-08-07 23:55:00,False
49,2026-08-08 00:00:00,3,47.0,2026-08-08 00:00:00,2026-08-08 00:10:00,False
49,2026-08-08 00:15:00,3,26.0,2026-08-08 00:15:00,2026-08-08 00:25:00,False
49,2026-08-08 00:30:00,3,42.0,2026-08-08 00:30:00,2026-08-08 00:40:00,False
49,2026-08-08 00:45:00,3,33.0,2026-08-08 00:45:00,2026-08-08 00:55:00,False
49,2026-08-08 01:00:00,3,30.0,2026-08-08 01:00:00,2026-08-08 01:10:00,False
49,2026-08-08 01:15:00,3,18.0,2026-08-08 01:15:00,2026-08-08 01:25:00,False
49,2026-08-08 01:30:00,3,19.0,2026-08-08 01:30:00,2026-08-08 01:40:00,False
49,2026-08-08 01:45:00,3,19.0,2026-08-08 01:45:00,2026-08-08 01:55:00,False
49,2026-08-08 02:00:00,3,18.0,2026-08-08 02:00:00,2026-08-08 02:10:00,False
49,2026-08-08 02:15:00,3,6.0,2026-08-08 02:15:00,2026-08-08 02:25:00,False
49,2026-08-08 02:30:00,3,13.0,2026-08-08 02:30:00,2026-08-08 02:40:00,False
49,2026-08-08 02:45:00,3,15.0,2026-08-08 02:45:00,2026-08-08 02:55:00,False
49,2026-08-08 03:00:00,3,12.0,2026-08-08 03:00:00,2026-08-08 03:10:00,False
49,2026-08-08 03:15:00,2,4.0,2026-08-08 03:15:00,2026-08-08 03:20:00,False
49,2026-08-08 03:30:00,3,4.0,2026-08-08 03:30:00,2026-08-08 03:40:00,False
49,2026-08-08 03:45:00,3,15.0,2026-08-08 03:45:00,2026-08-08 03:55:00,False
49,2026-08-08 04:00:00,3,8.0,2026-08-08 04:00:00,2026-08-08 04:10:00,False
49,2026-08-08 04:15:00,2,8.0,2026-08-08 04:15:00,2026-08-08 04:20:00,False
49,2026-08-08 04:30:00,2,4.0,2026-08-08 04:30:00,2026-08-08 04:35:00,False
49,2026-08-08 04:45:00,2,4.0,2026-08-08 04:45:00,2026-08-08 04:50:00,False
49,2026-08-08 05:00:00,1,4.0,2026-08-08 05:10:00,2026-08-08 05:10:00,False
49,2026-08-08 05:15:00,1,1.0,2026-08-08 05:25:00,2026-08-08 05:25:00,False
49,2026-08-08 05:30:00,3,4.0,2026-08-08 05:30:00,2026-08-08 05:40:00,False
49,2026-08-08 05:45:00,3,14.0,2026-08-08 05:45:00,2026-08-08 05:55:00,False
49,2026-08-08 06:00:00,3,13.0,2026-08-08 06:00:00,2026-08-08 06:10:00,False
49,2026-08-08 06:15:00,3,7.0,2026-08-08 06:15:00,2026-08-08 06:25:00,False
49,2026-08-08 06:30:00,3,10.0,2026-08-08 06:30:00,2026-08-08 06:40:00,False
49,2026-08-08 06:45:00,3,25.0,2026-08-08 06:45:00,2026-08-08 06:55:00,False
49,2026-08-08 07:00:00,3,18.0,2026-08-08 07:00:00,2026-08-08 07:10:00,False
49,2026-08-08 07:15:00,3,17.0,2026-08-08 07:15:00,2026-08-08 07:25:00,False
49,2026-08-08 07:30:00,3,37.0,2026-08-08 07:30:00,2026-08-08 07:40:00,False
49,2026-08-08 07:45:00,3,21.0,2026-08-08 07:45:00,2026-08-08 07:55:00,False
49,2026-08-08 08:00:00,3,38.0,2026-08-08 08:00:00,2026-08-08 08:10:00,False
49,2026-08-08 08:15:00,3,75.0,2026-08-08 08:15:00,2026-08-08 08:25:00,False
49,2026-08-08 08:30:00,3,72.0,2026-08-08 08:30:00,2026-08-08 08:40:00,False
49,2026-08-08 08:45:00,3,92.0,2026-08-08 08:45:00,2026-08-08 08:55:00,False
49,2026-08-08 09:00:00,3,96.0,2026-08-08 09:00:00,2026-08-08 09:10:00,False
49,2026-08-08 09:15:00,3,116.0,2026-08-08 09:15:00,2026-08-08 09:25:00,False
49,2026-08-08 09:30:00,3,165.0,2026-08-08 09:30:00,2026-08-08 09:40:00,False
49,2026-08-08 09:45:00,3,149.0,2026-08-08 09:45:00,2026-08-08 09:55:00,False
49,2026-08-08 10:00:00,3,216.0,2026-08-08 10:00:00,2026-08-08 10:10:00,False
49,2026-08-08 10:15:00,3,238.0,2026-08-08 10:15:00,2026-08-08 10:25:00,False
49,2026-08-08 10:30:00,3,308.0,2026-08-08 10:30:00,2026-08-08 10:40:00,False
49,2026-08-08 10:45:00,3,291.0,2026-08-08 10:45:00,2026-08-08 10:55:00,False
49,2026-08-08 11:00:00,3,307.0,2026-08-08 11:00:00,2026-08-08 11:10:00,False
49,2026-08-08 11:15:00,3,340.0,2026-08-08 11:15:00,2026-08-08 11:25:00,False
49,2026-08-08 11:30:00,3,286.0,2026-08-08 11:30:00,2026-08-08 11:40:00,False
49,2026-08-08 11:45:00,3,337.0,2026-08-08 11:45:00,2026-08-08 11:55:00,False
49,2026-08-08 12:00:00,3,352.0,2026-08-08 12:00:00,2026-08-08 12:10:00,False
49,2026-08-08 12:15:00,3,365.0,2026-08-08 12:15:00,2026-08-08 12:25:00,False
49,2026-08-08 12:30:00,3,404.0,2026-08-08 12:30:00,2026-08-08 12:40:00,False
49,2026-08-08 12:45:00,3,330.0,2026-08-08 12:45:00,2026-08-08 12:55:00,False
49,2026-08-08 13:00:00,3,410.0,2026-08-08 13:00:00,2026-08-08 13:10:00,False
49,2026-08-08 13:15:00,3,385.0,2026-08-08 13:15:00,2026-08-08 13:25:00,False
49,2026-08-08 13:30:00,3,359.0,2026-08-08 13:30:00,2026-08-08 13:40:00,False
49,2026-08-08 13:45:00,3,356.0,2026-08-08 13:45:00,2026-08-08 13:55:00,False
49,2026-08-08 14:00:00,3,336.0,2026-08-08 14:00:00,2026-08-08 14:10:00,False
49,2026-08-08 14:15:00,3,359.0,2026-08-08 14:15:00,2026-08-08 14:25:00,False
49,2026-08-08 14:30:00,3,394.0,2026-08-08 14:30:00,2026-08-08 14:40:00,False
49,2026-08-08 14:45:00,3,358.0,2026-08-08 14:45:00,2026-08-08 14:55:00,False
49,2026-08-08 15:00:00,3,372.0,2026-08-08 15:00:00,2026-08-08 15:10:00,False
49,2026-08-08 15:15:00,3,320.0,2026-08-08 15:15:00,2026-08-08 15:25:00,False
49,2026-08-08 15:30:00,3,335.0,2026-08-08 15:30:00,2026-08-08 15:40:00,False
49,2026-08-08 15:45:00,3,316.0,2026-08-08 15:45:00,2026-08-08 15:55:00,False
49,2026-08-08 16:00:00,3,316.0,2026-08-08 16:00:00,2026-08-08 16:10:00,False
49,2026-08-08 16:15:00,3,199.0,2026-08-08 16:15:00,2026-08-08 16:25:00,False
49,2026-08-08 16:30:00,3,174.0,2026-08-08 16:30:00,2026-08-08 16:40:00,False
49,2026-08-08 16:45:00,3,212.0,2026-08-08 16:45:00,2026-08-08 16:55:00,False
49,2026-08-08 17:00:00,3,156.0,2026-08-08 17:00:00,2026-08-08 17:10:00,False
49,2026-08-08 17:15:00,3,122.0,2026-08-08 17:15:00,2026-08-08 17:25:00,False
49,2026-08-08 17:30:00,3,152.0,2026-08-08 17:30:00,2026-08-08 17:40:00,False
49,2026-08-08 17:45:00,3,132.0,2026-08-08 17:45:00,2026-08-08 17:55:00,False
49,2026-08-08 18:00:00,3,148.0,2026-08-08 18:00:00,2026-08-08 18:10:00,False
49,2026-08-08 18:15:00,3,128.0,2026-08-08 18:15:00,2026-08-08 18:25:00,False
49,2026-08-08 18:30:00,3,131.0,2026-08-08 18:30:00,2026-08-08 18:40:00,False
49,2026-08-08 18:45:00,3,103.0,2026-08-08 18:45:00,2026-08-08 18:55:00,False
49,2026-08-08 19:00:00,3,63.0,2026-08-08 19:00:00,2026-08-08 19:10:00,False
49,2026-08-08 19:15:00,3,89.0,2026-08-08 19:15:00,2026-08-08 19:25:00,False
49,2026-08-08 19:30:00,3,63.0,2026-08-08 19:30:00,2026-08-08 19:40:00,False
49,2026-08-08 19:45:00,3,102.0,2026-08-08 19:45:00,2026-08-08 19:55:00,False
49,2026-08-08 20:00:00,3,119.0,2026-08-08 20:00:00,2026-08-08 20:10:00,False
49,2026-08-08 20:15:00,3,100.0,2026-08-08 20:15:00,2026-08-08 20:25:00,False
49,2026-08-08 20:30:00,3,75.0,2026-08-08 20:30:00,2026-08-08 20:40:00,False
49,2026-08-08 20:45:00,3,59.0,2026-08-08 20:45:00,2026-08-08 20:55:00,False
49,2026-08-08 21:00:00,3,92.0,2026-08-08 21:00:00,2026-08-08 21:10:00,False
49,2026-08-08 21:15:00,3,55.0,2026-08-08 21:15:00,2026-08-08 21:25:00,False
49,2026-08-08 21:30:00,0,,,,True
50,2026-08-07 23:45:00,1,1.0,2026-08-07 23:56:00,2026-08-07 23:56:00,False
50,2026-08-08 00:00:00,2,2.0,2026-08-08 00:05:00,2026-08-08 00:07:00,False
50,2026-08-08 00:15:00,5,14.0,2026-08-08 00:18:00,2026-08-08 00:27:00,False
50,2026-08-08 00:30:00,3,5.0,2026-08-08 00:33:00,2026-08-08 00:43:00,False
50,2026-08-08 00:45:00,2,3.0,2026-08-08 00:49:00,2026-08-08 00:58:00,False
50,2026-08-08 01:00:00,3,4.0,2026-08-08 01:08:00,2026-08-08 01:10:00,False
50,2026-08-08 01:15:00,0,,,,True
50,2026-08-08 01:30:00,0,,,,True
50,2026-08-08 01:45:00,0,,,,True
50,2026-08-08 02:00:00,1,1.0,2026-08-08 02:07:00,2026-08-08 02:07:00,False
50,2026-08-08 02:15:00,0,,,,True
50,2026-08-08 02:30:00,0,,,,True
50,2026-08-08 02:45:00,1,1.0,2026-08-08 02:58:00,2026-08-08 02:58:00,False
50,2026-08-08 03:00:00,0,,,,True
50,2026-08-08 03:15:00,0,,,,True
50,2026-08-08 03:30:00,0,,,,True
50,2026-08-08 03:45:00,0,,,,True
50,2026-08-08 04:00:00,1,2.0,2026-08-08 04:08:00,2026-08-08 04:08:00,False
50,2026-08-08 04:15:00,0,,,,True
50,2026-08-08 04:30:00,0,,,,True
50,2026-08-08 04:45:00,0,,,,True
50,2026-08-08 05:00:00,0,,,,True
50,2026-08-08 05:15:00,0,,,,True
50,2026-08-08 05:30:00,0,,,,True
50,2026-08-08 05:45:00,0,,,,True
50,2026-08-08 06:00:00,1,2.0,2026-08-08 06:05:00,2026-08-08 06:05:00,False
50,2026-08-08 06:15:00,4,5.0,2026-08-08 06:18:00,2026-08-08 06:29:00,False
50,2026-08-08 06:30:00,4,4.0,2026-08-08 06:32:00,2026-08-08 06:43:00,False
50,2026-08-08 06:45:00,1,2.0,2026-08-08 06:54:00,2026-08-08 06:54:00,False
50,2026-08-08 07:00:00,2,4.0,2026-08-08 07:06:00,2026-08-08 07:11:00,False
50,2026-08-08 07:15:00,6,9.0,2026-08-08 07:15:00,2026-08-08 07:29:00,False
50,2026-08-08 07:30:00,10,12.0,2026-08-08 07:30:00,2026-08-08 07:42:00,False
50,2026-08-08 07:45:00,7,11.0,2026-08-08 07:45:00,2026-08-08 07:59:00,False
50,2026-08-08 08:00:00,3,3.0,2026-08-08 08:09:00,2026-08-08 08:12:00,False
50,2026-08-08 08:15:00,11,15.0,2026-08-08 08:15:00,2026-08-08 08:29:00,False
50,2026-08-08 08:30:00,7,16.0,2026-08-08 08:31:00,2026-08-08 08:43:00,False
50,2026-08-08 08:45:00,13,29.0,2026-08-08 08:45:00,2026-08-08 08:59:00,False
50,2026-08-08 09:00:00,10,28.0,2026-08-08 09:05:00,2026-08-08 09:14:00,False
50,2026-08-08 09:15:00,13,39.0,2026-08-08 09:15:00,2026-08-08 09:28:00,False
50,2026-08-08 09:30:00,15,80.0,2026-08-08 09:30:00,2026-08-08 09:44:00,False
50,2026-08-08 09:45:00,15,86.0,2026-08-08 09:45:00,2026-08-08 09:59:00,False
50,2026-08-08 10:00:00,10,55.0,2026-08-08 10:05:00,2026-08-08 10:14:00,False
50,2026-08-08 10:15:00,15,64.0,2026-08-08 10:15:00,2026-08-08 10:29:00,False
50,2026-08-08 10:30:00,15,121.0,2026-08-08 10:30:00,2026-08-08 10:44:00,False
50,2026-08-08 10:45:00,15,126.0,2026-08-08 10:45:00,2026-08-08 10:59:00,False
50,2026-08-08 11:00:00,15,120.0,2026-08-08 11:00:00,2026-08-08 11:14:00,False
50,2026-08-08 11:15:00,9,62.0,2026-08-08 11:15:00,2026-08-08 11:29:00,False
50,2026-08-08 11:30:00,15,142.0,2026-08-08 11:30:00,2026-08-08 11:44:00,False
50,2026-08-08 11:45:00,15,163.0,2026-08-08 11:45:00,2026-08-08 11:59:00,False
50,2026-08-08 12:00:00,10,105.0,2026-08-08 12:05:00,2026-08-08 12:14:00,False
50,2026-08-08 12:15:00,15,167.0,2026-08-08 12:15:00,2026-08-08 12:29:00,False
50,2026-08-08 12:30:00,15,160.0,2026-08-08 12:30:00,2026-08-08 12:44:00,False
50,2026-08-08 12:45:00,15,153.0,2026-08-08 12:45:00,2026-08-08 12:59:00,False
50,2026-08-08 13:00:00,10,108.0,2026-08-08 13:05:00,2026-08-08 13:14:00,False
50,2026-08-08 13:15:00,15,143.0,2026-08-08 13:15:00,2026-08-08 13:29:00,False
50,2026-08-08 13:30:00,15,177.0,2026-08-08 13:30:00,2026-08-08 13:44:00,False
50,2026-08-08 13:45:00,15,145.0,2026-08-08 13:45:00,2026-08-08 13:59:00,False
50,2026-08-08 14:00:00,10,88.0,2026-08-08 14:05:00,2026-08-08 14:14:00,False
50,2026-08-08 14:15:00,15,169.0,2026-08-08 14:15:00,2026-08-08 14:29:00,False
50,2026-08-08 14:30:00,15,222.0,2026-08-08 14:30:00,2026-08-08 14:44:00,False
50,2026-08-08 14:45:00,15,186.0,2026-08-08 14:45:00,2026-08-08 14:59:00,False
50,2026-08-08 15:00:00,10,103.0,2026-08-08 15:05:00,2026-08-08 15:14:00,False
50,2026-08-08 15:15:00,15,188.0,2026-08-08 15:15:00,2026-08-08 15:29:00,False
50,2026-08-08 15:30:00,15,159.0,2026-08-08 15:30:00,2026-08-08 15:44:00,False
50,2026-08-08 15:45:00,15,155.0,2026-08-08 15:45:00,2026-08-08 15:59:00,False
50,2026-08-08 16:00:00,10,112.0,2026-08-08 16:05:00,2026-08-08 16:14:00,False
50,2026-08-08 16:15:00,15,113.0,2026-08-08 16:15:00,2026-08-08 16:29:00,False
50,2026-08-08 16:30:00,15,137.0,2026-08-08 16:30:00,2026-08-08 16:44:00,False
50,2026-08-08 16:45:00,15,135.0,2026-08-08 16:45:00,2026-08-08 16:59:00,False
50,2026-08-08 17:00:00,10,103.0,2026-08-08 17:05:00,2026-08-08 17:14:00,False
50,2026-08-08 17:15:00,15,122.0,2026-08-08 17:15:00,2026-08-08 17:29:00,False
50,2026-08-08 17:30:00,15,141.0,2026-08-08 17:30:00,2026-08-08 17:44:00,False
50,2026-08-08 17:45:00,15,207.0,2026-08-08 17:45:00,2026-08-08 17:59:00,False
50,2026-08-08 18:00:00,10,167.0,2026-08-08 18:05:00,2026-08-08 18:14:00,False
50,2026-08-08 18:15:00,15,170.0,2026-08-08 18:15:00,2026-08-08 18:29:00,False
50,2026-08-08 18:30:00,15,192.0,2026-08-08 18:30:00,2026-08-08 18:44:00,False
50,2026-08-08 18:45:00,15,184.0,2026-08-08 18:45:00,2026-08-08 18:59:00,False
50,2026-08-08 19:00:00,10,113.0,2026-08-08 19:05:00,2026-08-08 19:14:00,False
50,2026-08-08 19:15:00,15,170.0,2026-08-08 19:15:00,2026-08-08 19:29:00,False
50,2026-08-08 19:30:00,15,157.0,2026-08-08 19:30:00,2026-08-08 19:44:00,False
50,2026-08-08 19:45:00,15,177.0,2026-08-08 19:45:00,2026-08-08 19:59:00,False
50,2026-08-08 20:00:00,10,97.0,2026-08-08 20:05:00,2026-08-08 20:14:00,False
50,2026-08-08 20:15:00,15,173.0,2026-08-08 20:15:00,2026-08-08 20:29:00,False
50,2026-08-08 20:30:00,15,208.0,2026-08-08 20:30:00,2026-08-08 20:44:00,False
50,2026-08-08 20:45:00,15,143.0,2026-08-08 20:45:00,2026-08-08 20:59:00,False
50,2026-08-08 21:00:00,0,,,,True
50,2026-08-08 21:15:00,0,,,,True
50,2026-08-08 21:30:00,0,,,,True
51,2026-08-07 23:45:00,2,4.0,2026-08-07 23:55:00,2026-08-07 23:56:00,False
51,2026-08-08 00:00:00,2,4.0,2026-08-08 00:00:00,2026-08-08 00:10:00,False
51,2026-08-08 00:15:00,6,10.0,2026-08-08 00:15:00,2026-08-08 00:28:00,False
51,2026-08-08 00:30:00,1,1.0,2026-08-08 00:41:00,2026-08-08 00:41:00,False
51,2026-08-08 00:45:00,3,5.0,2026-08-08 00:45:00,2026-08-08 00:57:00,False
51,2026-08-08 01:00:00,4,4.0,2026-08-08 01:05:00,2026-08-08 01:14:00,False
51,2026-08-08 01:15:00,4,5.0,2026-08-08 01:17:00,2026-08-08 01:23:00,False
51,2026-08-08 01:30:00,2,2.0,2026-08-08 01:40:00,2026-08-08 01:42:00,False
51,2026-08-08 01:45:00,2,2.0,2026-08-08 01:45:00,2026-08-08 01:56:00,False
51,2026-08-08 02:00:00,2,2.0,2026-08-08 02:04:00,2026-08-08 02:07:00,False
51,2026-08-08 02:15:00,3,3.0,2026-08-08 02:22:00,2026-08-08 02:24:00,False
51,2026-08-08 02:30:00,1,1.0,2026-08-08 02:44:00,2026-08-08 02:44:00,False
51,2026-08-08 02:45:00,4,8.0,2026-08-08 02:52:00,2026-08-08 02:58:00,False
51,2026-08-08 03:00:00,1,1.0,2026-08-08 03:02:00,2026-08-08 03:02:00,False
51,2026-08-08 03:15:00,1,2.0,2026-08-08 03:27:00,2026-08-08 03:27:00,False
51,2026-08-08 03:30:00,0,,,,True
51,2026-08-08 03:45:00,0,,,,True
51,2026-08-08 04:00:00,0,,,,True
51,2026-08-08 04:15:00,0,,,,True
51,2026-08-08 04:30:00,1,1.0,2026-08-08 04:31:00,2026-08-08 04:31:00,False
51,2026-08-08 04:45:00,3,5.0,2026-08-08 04:54:00,2026-08-08 04:59:00,False
51,2026-08-08 05:00:00,1,1.0,2026-08-08 05:00:00,2026-08-08 05:00:00,False
51,2026-08-08 05:15:00,1,1.0,2026-08-08 05:16:00,2026-08-08 05:16:00,False
51,2026-08-08 05:30:00,4,5.0,2026-08-08 05:33:00,2026-08-08 05:42:00,False
51,2026-08-08 05:45:00,1,1.0,2026-08-08 05:58:00,2026-08-08 05:58:00,False
51,2026-08-08 06:00:00,3,6.0,2026-08-08 06:01:00,2026-08-08 06:09:00,False
51,2026-08-08 06:15:00,2,3.0,2026-08-08 06:16:00,2026-08-08 06:27:00,False
51,2026-08-08 06:30:00,7,10.0,2026-08-08 06:33:00,2026-08-08 06:43:00,False
51,2026-08-08 06:45:00,2,2.0,2026-08-08 06:53:00,2026-08-08 06:56:00,False
51,2026-08-08 07:00:00,6,13.0,2026-08-08 07:01:00,2026-08-08 07:11:00,False
51,2026-08-08 07:15:00,4,7.0,2026-08-08 07:16:00,2026-08-08 07:28:00,False
51,2026-08-08 07:30:00,6,10.0,2026-08-08 07:32:00,2026-08-08 07:43:00,False
51,2026-08-08 07:45:00,8,12.0,2026-08-08 07:45:00,2026-08-08 07:59:00,False
51,2026-08-08 08:00:00,5,8.0,2026-08-08 08:02:00,2026-08-08 08:10:00,False
51,2026-08-08 08:15:00,7,17.0,2026-08-08 08:19:00,2026-08-08 08:29:00,False
51,2026-08-08 08:30:00,7,8.0,2026-08-08 08:30:00,2026-08-08 08:44:00,False
51,2026-08-08 08:45:00,11,22.0,2026-08-08 08:45:00,2026-08-08 08:59:00,False
51,2026-08-08 09:00:00,9,24.0,2026-08-08 09:01:00,2026-08-08 09:14:00,False
51,2026-08-08 09:15:00,11,29.0,2026-08-08 09:15:00,2026-08-08 09:29:00,False
51,2026-08-08 09:30:00,8,17.0,2026-08-08 09:31:00,2026-08-08 09:43:00,False
51,2026-08-08 09:45:00,9,14.0,2026-08-08 09:47:00,2026-08-08 09:59:00,False
51,2026-08-08 10:00:00,10,24.0,2026-08-08 10:00:00,2026-08-08 10:13:00,False
51,2026-08-08 10:15:00,9,18.0,2026-08-08 10:16:00,2026-08-08 10:28:00,False
51,2026-08-08 10:30:00,8,19.0,2026-08-08 10:31:00,2026-08-08 10:44:00,False
51,2026-08-08 10:45:00,13,37.0,2026-08-08 10:46:00,2026-08-08 10:59:00,False
51,2026-08-08 11:00:00,9,27.0,2026-08-08 11:03:00,2026-08-08 11:14:00,False
51,2026-08-08 11:15:00,11,30.0,2026-08-08 11:16:00,2026-08-08 11:28:00,False
51,2026-08-08 11:30:00,11,42.0,2026-08-08 11:30:00,2026-08-08 11:43:00,False
51,2026-08-08 11:45:00,11,23.0,2026-08-08 11:46:00,2026-08-08 11:59:00,False
51,2026-08-08 12:00:00,10,42.0,2026-08-08 12:01:00,2026-08-08 12:14:00,False
51,2026-08-08 12:15:00,13,38.0,2026-08-08 12:15:00,2026-08-08 12:28:00,False
51,2026-08-08 12:30:00,13,39.0,2026-08-08 12:31:00,2026-08-08 12:44:00,False
51,2026-08-08 12:45:00,11,30.0,2026-08-08 12:45:00,2026-08-08 12:59:00,False
51,2026-08-08 13:00:00,9,16.0,2026-08-08 13:00:00,2026-08-08 13:14:00,False
51,2026-08-08 13:15:00,13,48.0,2026-08-08 13:15:00,2026-08-08 13:29:00,False
51,2026-08-08 13:30:00,13,51.0,2026-08-08 13:30:00,2026-08-08 13:44:00,False
51,2026-08-08 13:45:00,14,41.0,2026-08-08 13:45:00,2026-08-08 13:59:00,False
51,2026-08-08 14:00:00,13,45.0,2026-08-08 14:00:00,2026-08-08 14:14:00,False
51,2026-08-08 14:15:00,15,51.0,2026-08-08 14:15:00,2026-08-08 14:29:00,False
51,2026-08-08 14:30:00,10,22.0,2026-08-08 14:30:00,2026-08-08 14:43:00,False
51,2026-08-08 14:45:00,11,36.0,2026-08-08 14:46:00,2026-08-08 14:59:00,False
51,2026-08-08 15:00:00,12,23.0,2026-08-08 15:00:00,2026-08-08 15:14:00,False
51,2026-08-08 15:15:00,12,32.0,2026-08-08 15:17:00,2026-08-08 15:29:00,False
51,2026-08-08 15:30:00,12,25.0,2026-08-08 15:30:00,2026-08-08 15:42:00,False
51,2026-08-08 15:45:00,11,47.0,2026-08-08 15:45:00,2026-08-08 15:59:00,False
51,2026-08-08 16:00:00,10,33.0,2026-08-08 16:00:00,2026-08-08 16:13:00,False
51,2026-08-08 16:15:00,11,34.0,2026-08-08 16:15:00,2026-08-08 16:28:00,False
51,2026-08-08 16:30:00,12,28.0,2026-08-08 16:30:00,2026-08-08 16:43:00,False
51,2026-08-08 16:45:00,11,27.0,2026-08-08 16:45:00,2026-08-08 16:59:00,False
51,2026-08-08 17:00:00,12,41.0,2026-08-08 17:00:00,2026-08-08 17:12:00,False
51,2026-08-08 17:15:00,13,50.0,2026-08-08 17:15:00,2026-08-08 17:29:00,False
51,2026-08-08 17:30:00,13,36.0,2026-08-08 17:30:00,2026-08-08 17:44:00,False
51,2026-08-08 17:45:00,13,41.0,2026-08-08 17:45:00,2026-08-08 17:59:00,False
51,2026-08-08 18:00:00,12,39.0,2026-08-08 18:00:00,2026-08-08 18:12:00,False
51,2026-08-08 18:15:00,15,51.0,2026-08-08 18:15:00,2026-08-08 18:29:00,False
51,2026-08-08 18:30:00,14,45.0,2026-08-08 18:30:00,2026-08-08 18:43:00,False
51,2026-08-08 18:45:00,11,33.0,2026-08-08 18:45:00,2026-08-08 18:59:00,False
51,2026-08-08 19:00:00,13,47.0,2026-08-08 19:00:00,2026-08-08 19:14:00,False
51,2026-08-08 19:15:00,10,53.0,2026-08-08 19:15:00,2026-08-08 19:29:00,False
51,2026-08-08 19:30:00,13,63.0,2026-08-08 19:30:00,2026-08-08 19:44:00,False
51,2026-08-08 19:45:00,11,40.0,2026-08-08 19:46:00,2026-08-08 19:59:00,False
51,2026-08-08 20:00:00,10,21.0,2026-08-08 20:00:00,2026-08-08 20:14:00,False
51,2026-08-08 20:15:00,12,32.0,2026-08-08 20:15:00,2026-08-08 20:29:00,False
51,2026-08-08 20:30:00,8,24.0,2026-08-08 20:31:00,2026-08-08 20:44:00,False
51,2026-08-08 20:45:00,9,41.0,2026-08-08 20:45:00,2026-08-08 20:59:00,False
51,2026-08-08 21:00:00,10,30.0,2026-08-08 21:00:00,2026-08-08 21:11:00,False
51,2026-08-08 21:15:00,4,7.0,2026-08-08 21:18:00,2026-08-08 21:25:00,False
51,2026-08-08 21:30:00,1,1.0,2026-08-08 21:30:00,2026-08-08 21:30:00,False
52,2026-08-07 23:45:00,5,25.0,2026-08-07 23:55:00,2026-08-07 23:59:00,False
52,2026-08-08 00:00:00,8,35.0,2026-08-08 00:07:00,2026-08-08 00:14:00,False
52,2026-08-08 00:15:00,13,35.0,2026-08-08 00:17:00,2026-08-08 00:29:00,False
52,2026-08-08 00:30:00,13,46.0,2026-08-08 00:30:00,2026-08-08 00:44:00,False
52,2026-08-08 00:45:00,11,60.0,2026-08-08 00:46:00,2026-08-08 00:59:00,False
52,2026-08-08 01:00:00,9,67.0,2026-08-08 01:05:00,2026-08-08 01:14:00,False
52,2026-08-08 01:15:00,11,36.0,2026-08-08 01:15:00,2026-08-08 01:29:00,False
52,2026-08-08 01:30:00,9,23.0,2026-08-08 01:31:00,2026-08-08 01:44:00,False
52,2026-08-08 01:45:00,8,13.0,2026-08-08 01:46:00,2026-08-08 01:58:00,False
52,2026-08-08 02:00:00,7,10.0,2026-08-08 02:06:00,2026-08-08 02:14:00,False
52,2026-08-08 02:15:00,9,18.0,2026-08-08 02:17:00,2026-08-08 02:28:00,False
52,2026-08-08 02:30:00,8,27.0,2026-08-08 02:31:00,2026-08-08 02:44:00,False
52,2026-08-08 02:45:00,9,15.0,2026-08-08 02:46:00,2026-08-08 02:58:00,False
52,2026-08-08 03:00:00,5,17.0,2026-08-08 03:05:00,2026-08-08 03:12:00,False
52,2026-08-08 03:15:00,6,10.0,2026-08-08 03:15:00,2026-08-08 03:26:00,False
52,2026-08-08 03:30:00,1,2.0,2026-08-08 03:31:00,2026-08-08 03:31:00,False
52,2026-08-08 03:45:00,6,10.0,2026-08-08 03:45:00,2026-08-08 03:54:00,False
52,2026-08-08 04:00:00,1,2.0,2026-08-08 04:12:00,2026-08-08 04:12:00,False
52,2026-08-08 04:15:00,4,10.0,2026-08-08 04:20:00,2026-08-08 04:26:00,False
52,2026-08-08 04:30:00,2,2.0,2026-08-08 04:32:00,2026-08-08 04:44:00,False
52,2026-08-08 04:45:00,0,,,,True
52,2026-08-08 05:00:00,0,,,,True
52,2026-08-08 05:15:00,2,3.0,2026-08-08 05:20:00,2026-08-08 05:29:00,False
52,2026-08-08 05:30:00,3,3.0,2026-08-08 05:33:00,2026-08-08 05:43:00,False
52,2026-08-08 05:45:00,0,,,,True
52,2026-08-08 06:00:00,2,2.0,2026-08-08 06:12:00,2026-08-08 06:14:00,False
52,2026-08-08 06:15:00,2,3.0,2026-08-08 06:25:00,2026-08-08 06:27:00,False
52,2026-08-08 06:30:00,3,3.0,2026-08-08 06:33:00,2026-08-08 06:44:00,False
52,2026-08-08 06:45:00,6,8.0,2026-08-08 06:45:00,2026-08-08 06:54:00,False
52,2026-08-08 07:00:00,4,4.0,2026-08-08 07:09:00,2026-08-08 07:13:00,False
52,2026-08-08 07:15:00,5,7.0,2026-08-08 07:15:00,2026-08-08 07:28:00,False
52,2026-08-08 07:30:00,6,11.0,2026-08-08 07:30:00,2026-08-08 07:44:00,False
52,2026-08-08 07:45:00,1,2.0,2026-08-08 07:47:00,2026-08-08 07:47:00,False
52,2026-08-08 08:00:00,6,13.0,2026-08-08 08:06:00,2026-08-08 08:14:00,False
52,2026-08-08 08:15:00,5,9.0,2026-08-08 08:17:00,2026-08-08 08:29:00,False
52,2026-08-08 08:30:00,9,26.0,2026-08-08 08:30:00,2026-08-08 08:44:00,False
52,2026-08-08 08:45:00,15,37.0,2026-08-08 08:45:00,2026-08-08 08:59:00,False
52,2026-08-08 09:00:00,10,25.0,2026-08-08 09:05:00,2026-08-08 09:14:00,False
52,2026-08-08 09:15:00,11,34.0,2026-08-08 09:17:00,2026-08-08 09:29:00,False
52,2026-08-08 09:30:00,13,48.0,2026-08-08 09:30:00,2026-08-08 09:44:00,False
52,2026-08-08 09:45:00,15,68.0,2026-08-08 09:45:00,2026-08-08 09:59:00,False
52,2026-08-08 10:00:00,10,39.0,2026-08-08 10:05:00,2026-08-08 10:14:00,False
52,2026-08-08 10:15:00,15,75.0,2026-08-08 10:15:00,2026-08-08 10:29:00,False
52,2026-08-08 10:30:00,14,96.0,2026-08-08 10:30:00,2026-08-08 10:44:00,False
52,2026-08-08 10:45:00,15,129.0,2026-08-08 10:45:00,2026-08-08 10:59:00,False
52,2026-08-08 11:00:00,10,96.0,2026-08-08 11:05:00,2026-08-08 11:14:00,False
52,2026-08-08 11:15:00,15,136.0,2026-08-08 11:15:00,2026-08-08 11:29:00,False
52,2026-08-08 11:30:00,14,135.0,2026-08-08 11:30:00,2026-08-08 11:44:00,False
52,2026-08-08 11:45:00,15,207.0,2026-08-08 11:45:00,2026-08-08 11:59:00,False
52,2026-08-08 12:00:00,1,2.0,2026-08-08 12:14:00,2026-08-08 12:14:00,False
52,2026-08-08 12:15:00,15,202.0,2026-08-08 12:15:00,2026-08-08 12:29:00,False
52,2026-08-08 12:30:00,15,187.0,2026-08-08 12:30:00,2026-08-08 12:44:00,False
52,2026-08-08 12:45:00,15,239.0,2026-08-08 12:45:00,2026-08-08 12:59:00,False
52,2026-08-08 13:00:00,10,166.0,2026-08-08 13:05:00,2026-08-08 13:14:00,False
52,2026-08-08 13:15:00,15,274.0,2026-08-08 13:15:00,2026-08-08 13:29:00,False
52,2026-08-08 13:30:00,15,255.0,2026-08-08 13:30:00,2026-08-08 13:44:00,False
52,2026-08-08 13:45:00,15,248.0,2026-08-08 13:45:00,2026-08-08 13:59:00,False
52,2026-08-08 14:00:00,10,169.0,2026-08-08 14:05:00,2026-08-08 14:14:00,False
52,2026-08-08 14:15:00,15,293.0,2026-08-08 14:15:00,2026-08-08 14:29:00,False
52,2026-08-08 14:30:00,15,298.0,2026-08-08 14:30:00,2026-08-08 14:44:00,False
52,2026-08-08 14:45:00,15,301.0,2026-08-08 14:45:00,2026-08-08 14:59:00,False
52,2026-08-08 15:00:00,10,242.0,2026-08-08 15:05:00,2026-08-08 15:14:00,False
52,2026-08-08 15:15:00,15,265.0,2026-08-08 15:15:00,2026-08-08 15:29:00,False
52,2026-08-08 15:30:00,15,247.0,2026-08-08 15:30:00,2026-08-08 15:44:00,False
52,2026-08-08 15:45:00,15,255.0,2026-08-08 15:45:00,2026-08-08 15:59:00,False
52,2026-08-08 16:00:00,10,179.0,2026-08-08 16:05:00,2026-08-08 16:14:00,False
52,2026-08-08 16:15:00,15,300.0,2026-08-08 16:15:00,2026-08-08 16:29:00,False
52,2026-08-08 16:30:00,15,342.0,2026-08-08 16:30:00,2026-08-08 16:44:00,False
52,2026-08-08 16:45:00,15,268.0,2026-08-08 16:45:00,2026-08-08 16:59:00,False
52,2026-08-08 17:00:00,10,153.0,2026-08-08 17:05:00,2026-08-08 17:14:00,False
52,2026-08-08 17:15:00,15,287.0,2026-08-08 17:15:00,2026-08-08 17:29:00,False
52,2026-08-08 17:30:00,15,252.0,2026-08-08 17:30:00,2026-08-08 17:44:00,False
52,2026-08-08 17:45:00,15,224.0,2026-08-08 17:45:00,2026-08-08 17:59:00,False
52,2026-08-08 18:00:00,10,114.0,2026-08-08 18:05:00,2026-08-08 18:14:00,False
52,2026-08-08 18:15:00,15,223.0,2026-08-08 18:15:00,2026-08-08 18:29:00,False
52,2026-08-08 18:30:00,15,150.0,2026-08-08 18:30:00,2026-08-08 18:44:00,False
52,2026-08-08 18:45:00,15,140.0,2026-08-08 18:45:00,2026-08-08 18:59:00,False
52,2026-08-08 19:00:00,10,93.0,2026-08-08 19:05:00,2026-08-08 19:14:00,False
52,2026-08-08 19:15:00,15,129.0,2026-08-08 19:15:00,2026-08-08 19:29:00,False
52,2026-08-08 19:30:00,15,129.0,2026-08-08 19:30:00,2026-08-08 19:44:00,False
52,2026-08-08 19:45:00,14,137.0,2026-08-08 19:45:00,2026-08-08 19:59:00,False
52,2026-08-08 20:00:00,10,89.0,2026-08-08 20:05:00,2026-08-08 20:14:00,False
52,2026-08-08 20:15:00,15,123.0,2026-08-08 20:15:00,2026-08-08 20:29:00,False
52,2026-08-08 20:30:00,14,92.0,2026-08-08 20:30:00,2026-08-08 20:44:00,False
52,2026-08-08 20:45:00,15,92.0,2026-08-08 20:45:00,2026-08-08 20:59:00,False
52,2026-08-08 21:00:00,0,,,,True
52,2026-08-08 21:15:00,0,,,,True
52,2026-08-08 21:30:00,0,,,,True
53,2026-08-07 23:45:00,4,24.0,2026-08-07 23:55:00,2026-08-07 23:58:00,False
53,2026-08-08 00:00:00,15,52.0,2026-08-08 00:00:00,2026-08-08 00:14:00,False
53,2026-08-08 00:15:00,10,33.0,2026-08-08 00:15:00,2026-08-08 00:29:00,False
53,2026-08-08 00:30:00,10,32.0,2026-08-08 00:31:00,2026-08-08 00:44:00,False
53,2026-08-08 00:45:00,7,23.0,2026-08-08 00:46:00,2026-08-08 00:59:00,False
53,2026-08-08 01:00:00,8,23.0,2026-08-08 01:02:00,2026-08-08 01:14:00,False
53,2026-08-08 01:15:00,11,30.0,2026-08-08 01:15:00,2026-08-08 01:28:00,False
53,2026-08-08 01:30:00,14,42.0,2026-08-08 01:30:00,2026-08-08 01:43:00,False
53,2026-08-08 01:45:00,5,6.0,2026-08-08 01:46:00,2026-08-08 01:58:00,False
53,2026-08-08 02:00:00,6,9.0,2026-08-08 02:00:00,2026-08-08 02:13:00,False
53,2026-08-08 02:15:00,4,10.0,2026-08-08 02:18:00,2026-08-08 02:27:00,False
53,2026-08-08 02:30:00,5,9.0,2026-08-08 02:32:00,2026-08-08 02:41:00,False
53,2026-08-08 02:45:00,2,4.0,2026-08-08 02:45:00,2026-08-08 02:50:00,False
53,2026-08-08 03:00:00,3,8.0,2026-08-08 03:04:00,2026-08-08 03:13:00,False
53,2026-08-08 03:15:00,4,5.0,2026-08-08 03:16:00,2026-08-08 03:28:00,False
53,2026-08-08 03:30:00,5,12.0,2026-08-08 03:33:00,2026-08-08 03:42:00,False
53,2026-08-08 03:45:00,3,4.0,2026-08-08 03:46:00,2026-08-08 03:58:00,False
53,2026-08-08 04:00:00,2,2.0,2026-08-08 04:08:00,2026-08-08 04:12:00,False
53,2026-08-08 04:15:00,6,7.0,2026-08-08 04:20:00,2026-08-08 04:28:00,False
53,2026-08-08 04:30:00,5,7.0,2026-08-08 04:31:00,2026-08-08 04:40:00,False
53,2026-08-08 04:45:00,6,14.0,2026-08-08 04:48:00,2026-08-08 04:59:00,False
53,2026-08-08 05:00:00,3,4.0,2026-08-08 05:09:00,2026-08-08 05:13:00,False
53,2026-08-08 05:15:00,3,3.0,2026-08-08 05:16:00,2026-08-08 05:27:00,False
53,2026-08-08 05:30:00,3,5.0,2026-08-08 05:32:00,2026-08-08 05:38:00,False
53,2026-08-08 05:45:00,3,4.0,2026-08-08 05:47:00,2026-08-08 05:59:00,False
53,2026-08-08 06:00:00,7,8.0,2026-08-08 06:01:00,2026-08-08 06:14:00,False
53,2026-08-08 06:15:00,7,12.0,2026-08-08 06:15:00,2026-08-08 06:28:00,False
53,2026-08-08 06:30:00,4,7.0,2026-08-08 06:35:00,2026-08-08 06:41:00,False
53,2026-08-08 06:45:00,5,7.0,2026-08-08 06:45:00,2026-08-08 06:59:00,False
53,2026-08-08 07:00:00,8,11.0,2026-08-08 07:00:00,2026-08-08 07:12:00,False
53,2026-08-08 07:15:00,11,19.0,2026-08-08 07:15:00,2026-08-08 07:29:00,False
53,2026-08-08 07:30:00,12,23.0,2026-08-08 07:31:00,2026-08-08 07:44:00,False
53,2026-08-08 07:45:00,11,35.0,2026-08-08 07:46:00,2026-08-08 07:59:00,False
53,2026-08-08 08:00:00,12,40.0,2026-08-08 08:00:00,2026-08-08 08:14:00,False
53,2026-08-08 08:15:00,14,43.0,2026-08-08 08:15:00,2026-08-08 08:29:00,False
53,2026-08-08 08:30:00,14,75.0,2026-08-08 08:30:00,2026-08-08 08:44:00,False
53,2026-08-08 08:45:00,15,73.0,2026-08-08 08:45:00,2026-08-08 08:59:00,False
53,2026-08-08 09:00:00,14,76.0,2026-08-08 09:00:00,2026-08-08 09:14:00,False
53,2026-08-08 09:15:00,15,120.0,2026-08-08 09:15:00,2026-08-08 09:29:00,False
53,2026-08-08 09:30:00,15,122.0,2026-08-08 09:30:00,2026-08-08 09:44:00,False
53,2026-08-08 09:45:00,15,190.0,2026-08-08 09:45:00,2026-08-08 09:59:00,False
53,2026-08-08 10:00:00,15,162.0,2026-08-08 10:00:00,2026-08-08 10:14:00,False
53,2026-08-08 10:15:00,15,211.0,2026-08-08 10:15:00,2026-08-08 10:29:00,False
53,2026-08-08 10:30:00,15,262.0,2026-08-08 10:30:00,2026-08-08 10:44:00,False
53,2026-08-08 10:45:00,15,266.0,2026-08-08 10:45:00,2026-08-08 10:59:00,False
53,2026-08-08 11:00:00,15,407.0,2026-08-08 11:00:00,2026-08-08 11:14:00,False
53,2026-08-08 11:15:00,15,310.0,2026-08-08 11:15:00,2026-08-08 11:29:00,False
53,2026-08-08 11:30:00,15,322.0,2026-08-08 11:30:00,2026-08-08 11:44:00,False
53,2026-08-08 11:45:00,15,389.0,2026-08-08 11:45:00,2026-08-08 11:59:00,False
53,2026-08-08 12:00:00,15,433.0,2026-08-08 12:00:00,2026-08-08 12:14:00,False
53,2026-08-08 12:15:00,15,377.0,2026-08-08 12:15:00,2026-08-08 12:29:00,False
53,2026-08-08 12:30:00,15,357.0,2026-08-08 12:30:00,2026-08-08 12:44:00,False
53,2026-08-08 12:45:00,15,397.0,2026-08-08 12:45:00,2026-08-08 12:59:00,False
53,2026-08-08 13:00:00,15,392.0,2026-08-08 13:00:00,2026-08-08 13:14:00,False
53,2026-08-08 13:15:00,15,392.0,2026-08-08 13:15:00,2026-08-08 13:29:00,False
53,2026-08-08 13:30:00,15,392.0,2026-08-08 13:30:00,2026-08-08 13:44:00,False
53,2026-08-08 13:45:00,15,400.0,2026-08-08 13:45:00,2026-08-08 13:59:00,False
53,2026-08-08 14:00:00,15,388.0,2026-08-08 14:00:00,2026-08-08 14:14:00,False
53,2026-08-08 14:15:00,15,372.0,2026-08-08 14:15:00,2026-08-08 14:29:00,False
53,2026-08-08 14:30:00,15,370.0,2026-08-08 14:30:00,2026-08-08 14:44:00,False
53,2026-08-08 14:45:00,15,417.0,2026-08-08 14:45:00,2026-08-08 14:59:00,False
53,2026-08-08 15:00:00,15,410.0,2026-08-08 15:00:00,2026-08-08 15:14:00,False
53,2026-08-08 15:15:00,15,422.0,2026-08-08 15:15:00,2026-08-08 15:29:00,False
53,2026-08-08 15:30:00,15,443.0,2026-08-08 15:30:00,2026-08-08 15:44:00,False
53,2026-08-08 15:45:00,15,440.0,2026-08-08 15:45:00,2026-08-08 15:59:00,False
53,2026-08-08 16:00:00,15,347.0,2026-08-08 16:00:00,2026-08-08 16:14:00,False
53,2026-08-08 16:15:00,15,430.0,2026-08-08 16:15:00,2026-08-08 16:29:00,False
53,2026-08-08 16:30:00,15,487.0,2026-08-08 16:30:00,2026-08-08 16:44:00,False
53,2026-08-08 16:45:00,15,441.0,2026-08-08 16:45:00,2026-08-08 16:59:00,False
53,2026-08-08 17:00:00,15,361.0,2026-08-08 17:00:00,2026-08-08 17:14:00,False
53,2026-08-08 17:15:00,15,310.0,2026-08-08 17:15:00,2026-08-08 17:29:00,False
53,2026-08-08 17:30:00,15,254.0,2026-08-08 17:30:00,2026-08-08 17:44:00,False
53,2026-08-08 17:45:00,15,269.0,2026-08-08 17:45:00,2026-08-08 17:59:00,False
53,2026-08-08 18:00:00,15,232.0,2026-08-08 18:00:00,2026-08-08 18:14:00,False
53,2026-08-08 18:15:00,15,198.0,2026-08-08 18:15:00,2026-08-08 18:29:00,False
53,2026-08-08 18:30:00,15,168.0,2026-08-08 18:30:00,2026-08-08 18:44:00,False
53,2026-08-08 18:45:00,15,213.0,2026-08-08 18:45:00,2026-08-08 18:59:00,False
53,2026-08-08 19:00:00,15,167.0,2026-08-08 19:00:00,2026-08-08 19:14:00,False
53,2026-08-08 19:15:00,15,146.0,2026-08-08 19:15:00,2026-08-08 19:29:00,False
53,2026-08-08 19:30:00,15,107.0,2026-08-08 19:30:00,2026-08-08 19:44:00,False
53,2026-08-08 19:45:00,15,153.0,2026-08-08 19:45:00,2026-08-08 19:59:00,False
53,2026-08-08 20:00:00,15,130.0,2026-08-08 20:00:00,2026-08-08 20:14:00,False
53,2026-08-08 20:15:00,15,128.0,2026-08-08 20:15:00,2026-08-08 20:29:00,False
53,2026-08-08 20:30:00,15,116.0,2026-08-08 20:30:00,2026-08-08 20:44:00,False
53,2026-08-08 20:45:00,15,100.0,2026-08-08 20:45:00,2026-08-08 20:59:00,False
53,2026-08-08 21:00:00,14,89.0,2026-08-08 21:00:00,2026-08-08 21:13:00,False
53,2026-08-08 21:15:00,15,141.0,2026-08-08 21:15:00,2026-08-08 21:29:00,False
53,2026-08-08 21:30:00,5,25.0,2026-08-08 21:30:00,2026-08-08 21:34:00,False
54,2026-08-07 23:45:00,1,7.0,2026-08-07 23:55:00,2026-08-07 23:55:00,False
54,2026-08-08 00:00:00,3,14.0,2026-08-08 00:00:00,2026-08-08 00:10:00,False
54,2026-08-08 00:15:00,3,13.0,2026-08-08 00:15:00,2026-08-08 00:25:00,False
54,2026-08-08 00:30:00,3,14.0,2026-08-08 00:30:00,2026-08-08 00:40:00,False
54,2026-08-08 00:45:00,3,8.0,2026-08-08 00:45:00,2026-08-08 00:55:00,False
54,2026-08-08 01:00:00,3,7.0,2026-08-08 01:00:00,2026-08-08 01:10:00,False
54,2026-08-08 01:15:00,3,13.0,2026-08-08 01:15:00,2026-08-08 01:25:00,False
54,2026-08-08 01:30:00,3,21.0,2026-08-08 01:30:00,2026-08-08 01:40:00,False
54,2026-08-08 01:45:00,2,8.0,2026-08-08 01:45:00,2026-08-08 01:55:00,False
54,2026-08-08 02:00:00,3,5.0,2026-08-08 02:00:00,2026-08-08 02:10:00,False
54,2026-08-08 02:15:00,3,14.0,2026-08-08 02:15:00,2026-08-08 02:25:00,False
54,2026-08-08 02:30:00,2,23.0,2026-08-08 02:30:00,2026-08-08 02:40:00,False
54,2026-08-08 02:45:00,2,4.0,2026-08-08 02:45:00,2026-08-08 02:55:00,False
54,2026-08-08 03:00:00,3,12.0,2026-08-08 03:00:00,2026-08-08 03:10:00,False
54,2026-08-08 03:15:00,1,2.0,2026-08-08 03:25:00,2026-08-08 03:25:00,False
54,2026-08-08 03:30:00,3,7.0,2026-08-08 03:30:00,2026-08-08 03:40:00,False
54,2026-08-08 03:45:00,3,10.0,2026-08-08 03:45:00,2026-08-08 03:55:00,False
54,2026-08-08 04:00:00,3,6.0,2026-08-08 04:00:00,2026-08-08 04:10:00,False
54,2026-08-08 04:15:00,2,4.0,2026-08-08 04:20:00,2026-08-08 04:25:00,False
54,2026-08-08 04:30:00,3,7.0,2026-08-08 04:30:00,2026-08-08 04:40:00,False
54,2026-08-08 04:45:00,1,1.0,2026-08-08 04:55:00,2026-08-08 04:55:00,False
54,2026-08-08 05:00:00,0,,,,True
54,2026-08-08 05:15:00,3,7.0,2026-08-08 05:15:00,2026-08-08 05:25:00,False
54,2026-08-08 05:30:00,0,,,,True
54,2026-08-08 05:45:00,2,2.0,2026-08-08 05:50:00,2026-08-08 05:55:00,False
54,2026-08-08 06:00:00,3,4.0,2026-08-08 06:00:00,2026-08-08 06:10:00,False
54,2026-08-08 06:15:00,1,1.0,2026-08-08 06:20:00,2026-08-08 06:20:00,False
54,2026-08-08 06:30:00,1,1.0,2026-08-08 06:35:00,2026-08-08 06:35:00,False
54,2026-08-08 06:45:00,2,2.0,2026-08-08 06:45:00,2026-08-08 06:55:00,False
54,2026-08-08 07:00:00,3,6.0,2026-08-08 07:00:00,2026-08-08 07:10:00,False
54,2026-08-08 07:15:00,2,8.0,2026-08-08 07:15:00,2026-08-08 07:25:00,False
54,2026-08-08 07:30:00,3,12.0,2026-08-08 07:30:00,2026-08-08 07:40:00,False
54,2026-08-08 07:45:00,3,11.0,2026-08-08 07:45:00,2026-08-08 07:55:00,False
54,2026-08-08 08:00:00,3,13.0,2026-08-08 08:00:00,2026-08-08 08:10:00,False
54,2026-08-08 08:15:00,3,6.0,2026-08-08 08:15:00,2026-08-08 08:25:00,False
54,2026-08-08 08:30:00,3,9.0,2026-08-08 08:30:00,2026-08-08 08:40:00,False
54,2026-08-08 08:45:00,3,10.0,2026-08-08 08:45:00,2026-08-08 08:55:00,False
54,2026-08-08 09:00:00,3,21.0,2026-08-08 09:00:00,2026-08-08 09:10:00,False
54,2026-08-08 09:15:00,3,14.0,2026-08-08 09:15:00,2026-08-08 09:25:00,False
54,2026-08-08 09:30:00,3,30.0,2026-08-08 09:30:00,2026-08-08 09:40:00,False
54,2026-08-08 09:45:00,3,25.0,2026-08-08 09:45:00,2026-08-08 09:55:00,False
54,2026-08-08 10:00:00,3,35.0,2026-08-08 10:00:00,2026-08-08 10:10:00,False
54,2026-08-08 10:15:00,3,27.0,2026-08-08 10:15:00,2026-08-08 10:25:00,False
54,2026-08-08 10:30:00,3,40.0,2026-08-08 10:30:00,2026-08-08 10:40:00,False
54,2026-08-08 10:45:00,3,46.0,2026-08-08 10:45:00,2026-08-08 10:55:00,False
54,2026-08-08 11:00:00,3,39.0,2026-08-08 11:00:00,2026-08-08 11:10:00,False
54,2026-08-08 11:15:00,3,39.0,2026-08-08 11:15:00,2026-08-08 11:25:00,False
54,2026-08-08 11:30:00,3,55.0,2026-08-08 11:30:00,2026-08-08 11:40:00,False
54,2026-08-08 11:45:00,3,51.0,2026-08-08 11:45:00,2026-08-08 11:55:00,False
54,2026-08-08 12:00:00,3,40.0,2026-08-08 12:00:00,2026-08-08 12:10:00,False
54,2026-08-08 12:15:00,3,61.0,2026-08-08 12:15:00,2026-08-08 12:25:00,False
54,2026-08-08 12:30:00,3,62.0,2026-08-08 12:30:00,2026-08-08 12:40:00,False
54,2026-08-08 12:45:00,3,47.0,2026-08-08 12:45:00,2026-08-08 12:55:00,False
54,2026-08-08 13:00:00,3,65.0,2026-08-08 13:00:00,2026-08-08 13:10:00,False
54,2026-08-08 13:15:00,3,56.0,2026-08-08 13:15:00,2026-08-08 13:25:00,False
54,2026-08-08 13:30:00,3,67.0,2026-08-08 13:30:00,2026-08-08 13:40:00,False
54,2026-08-08 13:45:00,3,67.0,2026-08-08 13:45:00,2026-08-08 13:55:00,False
54,2026-08-08 14:00:00,3,82.0,2026-08-08 14:00:00,2026-08-08 14:10:00,False
54,2026-08-08 14:15:00,3,61.0,2026-08-08 14:15:00,2026-08-08 14:25:00,False
54,2026-08-08 14:30:00,3,71.0,2026-08-08 14:30:00,2026-08-08 14:40:00,False
54,2026-08-08 14:45:00,3,85.0,2026-08-08 14:45:00,2026-08-08 14:55:00,False
54,2026-08-08 15:00:00,3,79.0,2026-08-08 15:00:00,2026-08-08 15:10:00,False
54,2026-08-08 15:15:00,3,65.0,2026-08-08 15:15:00,2026-08-08 15:25:00,False
54,2026-08-08 15:30:00,3,56.0,2026-08-08 15:30:00,2026-08-08 15:40:00,False
54,2026-08-08 15:45:00,3,67.0,2026-08-08 15:45:00,2026-08-08 15:55:00,False
54,2026-08-08 16:00:00,3,81.0,2026-08-08 16:00:00,2026-08-08 16:10:00,False
54,2026-08-08 16:15:00,3,88.0,2026-08-08 16:15:00,2026-08-08 16:25:00,False
54,2026-08-08 16:30:00,3,86.0,2026-08-08 16:30:00,2026-08-08 16:40:00,False
54,2026-08-08 16:45:00,3,73.0,2026-08-08 16:45:00,2026-08-08 16:55:00,False
54,2026-08-08 17:00:00,3,95.0,2026-08-08 17:00:00,2026-08-08 17:10:00,False
54,2026-08-08 17:15:00,3,65.0,2026-08-08 17:15:00,2026-08-08 17:25:00,False
54,2026-08-08 17:30:00,3,104.0,2026-08-08 17:30:00,2026-08-08 17:40:00,False
54,2026-08-08 17:45:00,3,82.0,2026-08-08 17:45:00,2026-08-08 17:55:00,False
54,2026-08-08 18:00:00,3,77.0,2026-08-08 18:00:00,2026-08-08 18:10:00,False
54,2026-08-08 18:15:00,3,77.0,2026-08-08 18:15:00,2026-08-08 18:25:00,False
54,2026-08-08 18:30:00,3,42.0,2026-08-08 18:30:00,2026-08-08 18:40:00,False
54,2026-08-08 18:45:00,3,22.0,2026-08-08 18:45:00,2026-08-08 18:55:00,False
54,2026-08-08 19:00:00,3,42.0,2026-08-08 19:00:00,2026-08-08 19:10:00,False
54,2026-08-08 19:15:00,3,47.0,2026-08-08 19:15:00,2026-08-08 19:25:00,False
54,2026-08-08 19:30:00,3,39.0,2026-08-08 19:30:00,2026-08-08 19:40:00,False
54,2026-08-08 19:45:00,3,47.0,2026-08-08 19:45:00,2026-08-08 19:55:00,False
54,2026-08-08 20:00:00,3,50.0,2026-08-08 20:00:00,2026-08-08 20:10:00,False
54,2026-08-08 20:15:00,3,44.0,2026-08-08 20:15:00,2026-08-08 20:25:00,False
54,2026-08-08 20:30:00,3,51.0,2026-08-08 20:30:00,2026-08-08 20:40:00,False
54,2026-08-08 20:45:00,3,34.0,2026-08-08 20:45:00,2026-08-08 20:55:00,False
54,2026-08-08 21:00:00,3,24.0,2026-08-08 21:00:00,2026-08-08 21:10:00,False
54,2026-08-08 21:15:00,3,28.0,2026-08-08 21:15:00,2026-08-08 21:25:00,False
54,2026-08-08 21:30:00,0,,,,True
56,2026-08-07 23:45:00,5,20.0,2026-08-07 23:55:00,2026-08-07 23:59:00,False
56,2026-08-08 00:00:00,9,44.0,2026-08-08 00:05:00,2026-08-08 00:14:00,False
56,2026-08-08 00:15:00,13,47.0,2026-08-08 00:15:00,2026-08-08 00:29:00,False
56,2026-08-08 00:30:00,13,59.0,2026-08-08 00:30:00,2026-08-08 00:44:00,False
56,2026-08-08 00:45:00,14,51.0,2026-08-08 00:45:00,2026-08-08 00:59:00,False
56,2026-08-08 01:00:00,9,52.0,2026-08-08 01:05:00,2026-08-08 01:14:00,False
56,2026-08-08 01:15:00,10,23.0,2026-08-08 01:15:00,2026-08-08 01:28:00,False
56,2026-08-08 01:30:00,11,45.0,2026-08-08 01:30:00,2026-08-08 01:44:00,False
56,2026-08-08 01:45:00,11,31.0,2026-08-08 01:47:00,2026-08-08 01:59:00,False
56,2026-08-08 02:00:00,7,27.0,2026-08-08 02:05:00,2026-08-08 02:14:00,False
56,2026-08-08 02:15:00,7,19.0,2026-08-08 02:16:00,2026-08-08 02:28:00,False
56,2026-08-08 02:30:00,9,37.0,2026-08-08 02:31:00,2026-08-08 02:44:00,False
56,2026-08-08 02:45:00,10,28.0,2026-08-08 02:45:00,2026-08-08 02:58:00,False
56,2026-08-08 03:00:00,6,19.0,2026-08-08 03:08:00,2026-08-08 03:14:00,False
56,2026-08-08 03:15:00,10,33.0,2026-08-08 03:15:00,2026-08-08 03:29:00,False
56,2026-08-08 03:30:00,9,16.0,2026-08-08 03:30:00,2026-08-08 03:42:00,False
56,2026-08-08 03:45:00,7,16.0,2026-08-08 03:46:00,2026-08-08 03:59:00,False
56,2026-08-08 04:00:00,6,15.0,2026-08-08 04:07:00,2026-08-08 04:14:00,False
56,2026-08-08 04:15:00,3,4.0,2026-08-08 04:20:00,2026-08-08 04:27:00,False
56,2026-08-08 04:30:00,7,11.0,2026-08-08 04:30:00,2026-08-08 04:44:00,False
56,2026-08-08 04:45:00,5,7.0,2026-08-08 04:47:00,2026-08-08 04:58:00,False
56,2026-08-08 05:00:00,6,20.0,2026-08-08 05:06:00,2026-08-08 05:13:00,False
56,2026-08-08 05:15:00,7,21.0,2026-08-08 05:15:00,2026-08-08 05:28:00,False
56,2026-08-08 05:30:00,4,12.0,2026-08-08 05:32:00,2026-08-08 05:44:00,False
56,2026-08-08 05:45:00,2,2.0,2026-08-08 05:53:00,2026-08-08 05:56:00,False
56,2026-08-08 06:00:00,4,6.0,2026-08-08 06:06:00,2026-08-08 06:12:00,False
56,2026-08-08 06:15:00,5,6.0,2026-08-08 06:17:00,2026-08-08 06:24:00,False
56,2026-08-08 06:30:00,4,5.0,2026-08-08 06:35:00,2026-08-08 06:43:00,False
56,2026-08-08 06:45:00,4,6.0,2026-08-08 06:48:00,2026-08-08 06:59:00,False
56,2026-08-08 07:00:00,6,11.0,2026-08-08 07:06:00,2026-08-08 07:14:00,False
56,2026-08-08 07:15:00,7,15.0,2026-08-08 07:15:00,2026-08-08 07:29:00,False
56,2026-08-08 07:30:00,6,11.0,2026-08-08 07:33:00,2026-08-08 07:44:00,False
56,2026-08-08 07:45:00,11,18.0,2026-08-08 07:45:00,2026-08-08 07:59:00,False
56,2026-08-08 08:00:00,8,31.0,2026-08-08 08:05:00,2026-08-08 08:14:00,False
56,2026-08-08 08:15:00,12,36.0,2026-08-08 08:15:00,2026-08-08 08:29:00,False
56,2026-08-08 08:30:00,14,45.0,2026-08-08 08:30:00,2026-08-08 08:44:00,False
56,2026-08-08 08:45:00,12,55.0,2026-08-08 08:45:00,2026-08-08 08:59:00,False
56,2026-08-08 09:00:00,9,30.0,2026-08-08 09:05:00,2026-08-08 09:13:00,False
56,2026-08-08 09:15:00,15,79.0,2026-08-08 09:15:00,2026-08-08 09:29:00,False
56,2026-08-08 09:30:00,13,49.0,2026-08-08 09:30:00,2026-08-08 09:44:00,False
56,2026-08-08 09:45:00,15,93.0,2026-08-08 09:45:00,2026-08-08 09:59:00,False
56,2026-08-08 10:00:00,10,83.0,2026-08-08 10:05:00,2026-08-08 10:14:00,False
56,2026-08-08 10:15:00,15,132.0,2026-08-08 10:15:00,2026-08-08 10:29:00,False
56,2026-08-08 10:30:00,15,113.0,2026-08-08 10:30:00,2026-08-08 10:44:00,False
56,2026-08-08 10:45:00,15,115.0,2026-08-08 10:45:00,2026-08-08 10:59:00,False
56,2026-08-08 11:00:00,10,85.0,2026-08-08 11:05:00,2026-08-08 11:14:00,False
56,2026-08-08 11:15:00,15,176.0,2026-08-08 11:15:00,2026-08-08 11:29:00,False
56,2026-08-08 11:30:00,15,167.0,2026-08-08 11:30:00,2026-08-08 11:44:00,False
56,2026-08-08 11:45:00,15,164.0,2026-08-08 11:45:00,2026-08-08 11:59:00,False
56,2026-08-08 12:00:00,10,121.0,2026-08-08 12:05:00,2026-08-08 12:14:00,False
56,2026-08-08 12:15:00,15,227.0,2026-08-08 12:15:00,2026-08-08 12:29:00,False
56,2026-08-08 12:30:00,15,262.0,2026-08-08 12:30:00,2026-08-08 12:44:00,False
56,2026-08-08 12:45:00,15,206.0,2026-08-08 12:45:00,2026-08-08 12:59:00,False
56,2026-08-08 13:00:00,10,170.0,2026-08-08 13:05:00,2026-08-08 13:14:00,False
56,2026-08-08 13:15:00,15,202.0,2026-08-08 13:15:00,2026-08-08 13:29:00,False
56,2026-08-08 13:30:00,15,224.0,2026-08-08 13:30:00,2026-08-08 13:44:00,False
56,2026-08-08 13:45:00,15,261.0,2026-08-08 13:45:00,2026-08-08 13:59:00,False
56,2026-08-08 14:00:00,10,180.0,2026-08-08 14:05:00,2026-08-08 14:14:00,False
56,2026-08-08 14:15:00,15,238.0,2026-08-08 14:15:00,2026-08-08 14:29:00,False
56,2026-08-08 14:30:00,15,245.0,2026-08-08 14:30:00,2026-08-08 14:44:00,False
56,2026-08-08 14:45:00,15,281.0,2026-08-08 14:45:00,2026-08-08 14:59:00,False
56,2026-08-08 15:00:00,10,153.0,2026-08-08 15:05:00,2026-08-08 15:14:00,False
56,2026-08-08 15:15:00,15,258.0,2026-08-08 15:15:00,2026-08-08 15:29:00,False
56,2026-08-08 15:30:00,15,233.0,2026-08-08 15:30:00,2026-08-08 15:44:00,False
56,2026-08-08 15:45:00,15,284.0,2026-08-08 15:45:00,2026-08-08 15:59:00,False
56,2026-08-08 16:00:00,10,149.0,2026-08-08 16:05:00,2026-08-08 16:14:00,False
56,2026-08-08 16:15:00,15,209.0,2026-08-08 16:15:00,2026-08-08 16:29:00,False
56,2026-08-08 16:30:00,15,286.0,2026-08-08 16:30:00,2026-08-08 16:44:00,False
56,2026-08-08 16:45:00,15,334.0,2026-08-08 16:45:00,2026-08-08 16:59:00,False
56,2026-08-08 17:00:00,10,240.0,2026-08-08 17:05:00,2026-08-08 17:14:00,False
56,2026-08-08 17:15:00,15,263.0,2026-08-08 17:15:00,2026-08-08 17:29:00,False
56,2026-08-08 17:30:00,15,321.0,2026-08-08 17:30:00,2026-08-08 17:44:00,False
56,2026-08-08 17:45:00,15,329.0,2026-08-08 17:45:00,2026-08-08 17:59:00,False
56,2026-08-08 18:00:00,10,230.0,2026-08-08 18:05:00,2026-08-08 18:14:00,False
56,2026-08-08 18:15:00,15,281.0,2026-08-08 18:15:00,2026-08-08 18:29:00,False
56,2026-08-08 18:30:00,15,256.0,2026-08-08 18:30:00,2026-08-08 18:44:00,False
56,2026-08-08 18:45:00,15,253.0,2026-08-08 18:45:00,2026-08-08 18:59:00,False
56,2026-08-08 19:00:00,10,152.0,2026-08-08 19:05:00,2026-08-08 19:14:00,False
56,2026-08-08 19:15:00,15,273.0,2026-08-08 19:15:00,2026-08-08 19:29:00,False
56,2026-08-08 19:30:00,15,260.0,2026-08-08 19:30:00,2026-08-08 19:44:00,False
56,2026-08-08 19:45:00,15,248.0,2026-08-08 19:45:00,2026-08-08 19:59:00,False
56,2026-08-08 20:00:00,10,161.0,2026-08-08 20:05:00,2026-08-08 20:14:00,False
56,2026-08-08 20:15:00,15,222.0,2026-08-08 20:15:00,2026-08-08 20:29:00,False
56,2026-08-08 20:30:00,15,180.0,2026-08-08 20:30:00,2026-08-08 20:44:00,False
56,2026-08-08 20:45:00,15,195.0,2026-08-08 20:45:00,2026-08-08 20:59:00,False
56,2026-08-08 21:00:00,0,,,,True
56,2026-08-08 21:15:00,0,,,,True
56,2026-08-08 21:30:00,0,,,,True
58,2026-08-07 23:45:00,1,18.0,2026-08-07 23:55:00,2026-08-07 23:55:00,False
58,2026-08-08 00:00:00,3,72.0,2026-08-08 00:00:00,2026-08-08 00:10:00,False
58,2026-08-08 00:15:00,3,47.0,2026-08-08 00:15:00,2026-08-08 00:25:00,False
58,2026-08-08 00:30:00,3,40.0,2026-08-08 00:30:00,2026-08-08 00:40:00,False
58,2026-08-08 00:45:00,3,46.0,2026-08-08 00:45:00,2026-08-08 00:55:00,False
58,2026-08-08 01:00:00,3,38.0,2026-08-08 01:00:00,2026-08-08 01:10:00,False
58,2026-08-08 01:15:00,3,28.0,2026-08-08 01:15:00,2026-08-08 01:25:00,False
58,2026-08-08 01:30:00,3,25.0,2026-08-08 01:30:00,2026-08-08 01:40:00,False
58,2026-08-08 01:45:00,3,29.0,2026-08-08 01:45:00,2026-08-08 01:55:00,False
58,2026-08-08 02:00:00,3,28.0,2026-08-08 02:00:00,2026-08-08 02:10:00,False
58,2026-08-08 02:15:00,3,19.0,2026-08-08 02:15:00,2026-08-08 02:25:00,False
58,2026-08-08 02:30:00,2,16.0,2026-08-08 02:35:00,2026-08-08 02:40:00,False
58,2026-08-08 02:45:00,3,22.0,2026-08-08 02:45:00,2026-08-08 02:55:00,False
58,2026-08-08 03:00:00,2,5.0,2026-08-08 03:00:00,2026-08-08 03:10:00,False
58,2026-08-08 03:15:00,2,7.0,2026-08-08 03:20:00,2026-08-08 03:25:00,False
58,2026-08-08 03:30:00,3,5.0,2026-08-08 03:30:00,2026-08-08 03:40:00,False
58,2026-08-08 03:45:00,3,15.0,2026-08-08 03:45:00,2026-08-08 03:55:00,False
58,2026-08-08 04:00:00,2,3.0,2026-08-08 04:00:00,2026-08-08 04:10:00,False
58,2026-08-08 04:15:00,2,3.0,2026-08-08 04:15:00,2026-08-08 04:25:00,False
58,2026-08-08 04:30:00,3,3.0,2026-08-08 04:30:00,2026-08-08 04:40:00,False
58,2026-08-08 04:45:00,2,2.0,2026-08-08 04:45:00,2026-08-08 04:55:00,False
58,2026-08-08 05:00:00,3,9.0,2026-08-08 05:00:00,2026-08-08 05:10:00,False
58,2026-08-08 05:15:00,3,11.0,2026-08-08 05:15:00,2026-08-08 05:25:00,False
58,2026-08-08 05:30:00,3,10.0,2026-08-08 05:30:00,2026-08-08 05:40:00,False
58,2026-08-08 05:45:00,3,17.0,2026-08-08 05:45:00,2026-08-08 05:55:00,False
58,2026-08-08 06:00:00,3,15.0,2026-08-08 06:00:00,2026-08-08 06:10:00,False
58,2026-08-08 06:15:00,3,38.0,2026-08-08 06:15:00,2026-08-08 06:25:00,False
58,2026-08-08 06:30:00,3,30.0,2026-08-08 06:30:00,2026-08-08 06:40:00,False
58,2026-08-08 06:45:00,3,36.0,2026-08-08 06:45:00,2026-08-08 06:55:00,False
58,2026-08-08 07:00:00,3,28.0,2026-08-08 07:00:00,2026-08-08 07:10:00,False
58,2026-08-08 07:15:00,2,16.0,2026-08-08 07:15:00,2026-08-08 07:25:00,False
58,2026-08-08 07:30:00,3,50.0,2026-08-08 07:30:00,2026-08-08 07:40:00,False
58,2026-08-08 07:45:00,3,65.0,2026-08-08 07:45:00,2026-08-08 07:55:00,False
58,2026-08-08 08:00:00,3,94.0,2026-08-08 08:00:00,2026-08-08 08:10:00,False
58,2026-08-08 08:15:00,3,64.0,2026-08-08 08:15:00,2026-08-08 08:25:00,False
58,2026-08-08 08:30:00,3,110.0,2026-08-08 08:30:00,2026-08-08 08:40:00,False
58,2026-08-08 08:45:00,3,106.0,2026-08-08 08:45:00,2026-08-08 08:55:00,False
58,2026-08-08 09:00:00,3,134.0,2026-08-08 09:00:00,2026-08-08 09:10:00,False
58,2026-08-08 09:15:00,3,143.0,2026-08-08 09:15:00,2026-08-08 09:25:00,False
58,2026-08-08 09:30:00,3,186.0,2026-08-08 09:30:00,2026-08-08 09:40:00,False
58,2026-08-08 09:45:00,3,205.0,2026-08-08 09:45:00,2026-08-08 09:55:00,False
58,2026-08-08 10:00:00,3,226.0,2026-08-08 10:00:00,2026-08-08 10:10:00,False
58,2026-08-08 10:15:00,3,236.0,2026-08-08 10:15:00,2026-08-08 10:25:00,False
58,2026-08-08 10:30:00,3,215.0,2026-08-08 10:30:00,2026-08-08 10:40:00,False
58,2026-08-08 10:45:00,3,330.0,2026-08-08 10:45:00,2026-08-08 10:55:00,False
58,2026-08-08 11:00:00,3,290.0,2026-08-08 11:00:00,2026-08-08 11:10:00,False
58,2026-08-08 11:15:00,3,222.0,2026-08-08 11:15:00,2026-08-08 11:25:00,False
58,2026-08-08 11:30:00,3,304.0,2026-08-08 11:30:00,2026-08-08 11:40:00,False
58,2026-08-08 11:45:00,3,363.0,2026-08-08 11:45:00,2026-08-08 11:55:00,False
58,2026-08-08 12:00:00,3,253.0,2026-08-08 12:00:00,2026-08-08 12:10:00,False
58,2026-08-08 12:15:00,3,353.0,2026-08-08 12:15:00,2026-08-08 12:25:00,False
58,2026-08-08 12:30:00,3,369.0,2026-08-08 12:30:00,2026-08-08 12:40:00,False
58,2026-08-08 12:45:00,3,319.0,2026-08-08 12:45:00,2026-08-08 12:55:00,False
58,2026-08-08 13:00:00,3,263.0,2026-08-08 13:00:00,2026-08-08 13:10:00,False
58,2026-08-08 13:15:00,3,216.0,2026-08-08 13:15:00,2026-08-08 13:25:00,False
58,2026-08-08 13:30:00,3,266.0,2026-08-08 13:30:00,2026-08-08 13:40:00,False
58,2026-08-08 13:45:00,3,210.0,2026-08-08 13:45:00,2026-08-08 13:55:00,False
58,2026-08-08 14:00:00,3,241.0,2026-08-08 14:00:00,2026-08-08 14:10:00,False
58,2026-08-08 14:15:00,3,247.0,2026-08-08 14:15:00,2026-08-08 14:25:00,False
58,2026-08-08 14:30:00,3,232.0,2026-08-08 14:30:00,2026-08-08 14:40:00,False
58,2026-08-08 14:45:00,3,222.0,2026-08-08 14:45:00,2026-08-08 14:55:00,False
58,2026-08-08 15:00:00,3,205.0,2026-08-08 15:00:00,2026-08-08 15:10:00,False
58,2026-08-08 15:15:00,3,269.0,2026-08-08 15:15:00,2026-08-08 15:25:00,False
58,2026-08-08 15:30:00,3,257.0,2026-08-08 15:30:00,2026-08-08 15:40:00,False
58,2026-08-08 15:45:00,3,238.0,2026-08-08 15:45:00,2026-08-08 15:55:00,False
58,2026-08-08 16:00:00,3,237.0,2026-08-08 16:00:00,2026-08-08 16:10:00,False
58,2026-08-08 16:15:00,3,284.0,2026-08-08 16:15:00,2026-08-08 16:25:00,False
58,2026-08-08 16:30:00,3,249.0,2026-08-08 16:30:00,2026-08-08 16:40:00,False
58,2026-08-08 16:45:00,3,279.0,2026-08-08 16:45:00,2026-08-08 16:55:00,False
58,2026-08-08 17:00:00,3,298.0,2026-08-08 17:00:00,2026-08-08 17:10:00,False
58,2026-08-08 17:15:00,3,300.0,2026-08-08 17:15:00,2026-08-08 17:25:00,False
58,2026-08-08 17:30:00,3,292.0,2026-08-08 17:30:00,2026-08-08 17:40:00,False
58,2026-08-08 17:45:00,3,263.0,2026-08-08 17:45:00,2026-08-08 17:55:00,False
58,2026-08-08 18:00:00,3,243.0,2026-08-08 18:00:00,2026-08-08 18:10:00,False
58,2026-08-08 18:15:00,3,251.0,2026-08-08 18:15:00,2026-08-08 18:25:00,False
58,2026-08-08 18:30:00,3,196.0,2026-08-08 18:30:00,2026-08-08 18:40:00,False
58,2026-08-08 18:45:00,3,175.0,2026-08-08 18:45:00,2026-08-08 18:55:00,False
58,2026-08-08 19:00:00,3,118.0,2026-08-08 19:00:00,2026-08-08 19:10:00,False
58,2026-08-08 19:15:00,3,141.0,2026-08-08 19:15:00,2026-08-08 19:25:00,False
58,2026-08-08 19:30:00,3,135.0,2026-08-08 19:30:00,2026-08-08 19:40:00,False
58,2026-08-08 19:45:00,3,127.0,2026-08-08 19:45:00,2026-08-08 19:55:00,False
58,2026-08-08 20:00:00,3,145.0,2026-08-08 20:00:00,2026-08-08 20:10:00,False
58,2026-08-08 20:15:00,3,122.0,2026-08-08 20:15:00,2026-08-08 20:25:00,False
58,2026-08-08 20:30:00,3,92.0,2026-08-08 20:30:00,2026-08-08 20:40:00,False
58,2026-08-08 20:45:00,3,144.0,2026-08-08 20:45:00,2026-08-08 20:55:00,False
58,2026-08-08 21:00:00,3,123.0,2026-08-08 21:00:00,2026-08-08 21:10:00,False
58,2026-08-08 21:15:00,3,106.0,2026-08-08 21:15:00,2026-08-08 21:25:00,False
58,2026-08-08 21:30:00,0,,,,True
59,2026-08-07 23:45:00,1,42.0,2026-08-07 23:55:00,2026-08-07 23:55:00,False
59,2026-08-08 00:00:00,3,89.0,2026-08-08 00:00:00,2026-08-08 00:10:00,False
59,2026-08-08 00:15:00,3,104.0,2026-08-08 00:15:00,2026-08-08 00:25:00,False
59,2026-08-08 00:30:00,3,62.0,2026-08-08 00:30:00,2026-08-08 00:40:00,False
59,2026-08-08 00:45:00,3,46.0,2026-08-08 00:45:00,2026-08-08 00:55:00,False
59,2026-08-08 01:00:00,3,72.0,2026-08-08 01:00:00,2026-08-08 01:10:00,False
59,2026-08-08 01:15:00,3,59.0,2026-08-08 01:15:00,2026-08-08 01:25:00,False
59,2026-08-08 01:30:00,3,66.0,2026-08-08 01:30:00,2026-08-08 01:40:00,False
59,2026-08-08 01:45:00,3,55.0,2026-08-08 01:45:00,2026-08-08 01:55:00,False
59,2026-08-08 02:00:00,3,66.0,2026-08-08 02:00:00,2026-08-08 02:10:00,False
59,2026-08-08 02:15:00,3,59.0,2026-08-08 02:15:00,2026-08-08 02:25:00,False
59,2026-08-08 02:30:00,3,41.0,2026-08-08 02:30:00,2026-08-08 02:40:00,False
59,2026-08-08 02:45:00,3,39.0,2026-08-08 02:45:00,2026-08-08 02:55:00,False
59,2026-08-08 03:00:00,3,42.0,2026-08-08 03:00:00,2026-08-08 03:10:00,False
59,2026-08-08 03:15:00,3,25.0,2026-08-08 03:15:00,2026-08-08 03:25:00,False
59,2026-08-08 03:30:00,3,26.0,2026-08-08 03:30:00,2026-08-08 03:40:00,False
59,2026-08-08 03:45:00,3,30.0,2026-08-08 03:45:00,2026-08-08 03:55:00,False
59,2026-08-08 04:00:00,3,17.0,2026-08-08 04:00:00,2026-08-08 04:10:00,False
59,2026-08-08 04:15:00,3,13.0,2026-08-08 04:15:00,2026-08-08 04:25:00,False
59,2026-08-08 04:30:00,3,14.0,2026-08-08 04:30:00,2026-08-08 04:40:00,False
59,2026-08-08 04:45:00,3,4.0,2026-08-08 04:45:00,2026-08-08 04:55:00,False
59,2026-08-08 05:00:00,3,18.0,2026-08-08 05:00:00,2026-08-08 05:10:00,False
59,2026-08-08 05:15:00,3,17.0,2026-08-08 05:15:00,2026-08-08 05:25:00,False
59,2026-08-08 05:30:00,3,5.0,2026-08-08 05:30:00,2026-08-08 05:40:00,False
59,2026-08-08 05:45:00,2,4.0,2026-08-08 05:45:00,2026-08-08 05:55:00,False
59,2026-08-08 06:00:00,2,6.0,2026-08-08 06:05:00,2026-08-08 06:10:00,False
59,2026-08-08 06:15:00,3,5.0,2026-08-08 06:15:00,2026-08-08 06:25:00,False
59,2026-08-08 06:30:00,2,6.0,2026-08-08 06:35:00,2026-08-08 06:40:00,False
59,2026-08-08 06:45:00,3,21.0,2026-08-08 06:45:00,2026-08-08 06:55:00,False
59,2026-08-08 07:00:00,3,19.0,2026-08-08 07:00:00,2026-08-08 07:10:00,False
59,2026-08-08 07:15:00,3,18.0,2026-08-08 07:15:00,2026-08-08 07:25:00,False
59,2026-08-08 07:30:00,3,13.0,2026-08-08 07:30:00,2026-08-08 07:40:00,False
59,2026-08-08 07:45:00,3,47.0,2026-08-08 07:45:00,2026-08-08 07:55:00,False
59,2026-08-08 08:00:00,3,54.0,2026-08-08 08:00:00,2026-08-08 08:10:00,False
59,2026-08-08 08:15:00,3,41.0,2026-08-08 08:15:00,2026-08-08 08:25:00,False
59,2026-08-08 08:30:00,3,59.0,2026-08-08 08:30:00,2026-08-08 08:40:00,False
59,2026-08-08 08:45:00,3,65.0,2026-08-08 08:45:00,2026-08-08 08:55:00,False
59,2026-08-08 09:00:00,3,55.0,2026-08-08 09:00:00,2026-08-08 09:10:00,False
59,2026-08-08 09:15:00,3,78.0,2026-08-08 09:15:00,2026-08-08 09:25:00,False
59,2026-08-08 09:30:00,3,108.0,2026-08-08 09:30:00,2026-08-08 09:40:00,False
59,2026-08-08 09:45:00,3,138.0,2026-08-08 09:45:00,2026-08-08 09:55:00,False
59,2026-08-08 10:00:00,3,172.0,2026-08-08 10:00:00,2026-08-08 10:10:00,False
59,2026-08-08 10:15:00,3,174.0,2026-08-08 10:15:00,2026-08-08 10:25:00,False
59,2026-08-08 10:30:00,3,166.0,2026-08-08 10:30:00,2026-08-08 10:40:00,False
59,2026-08-08 10:45:00,3,220.0,2026-08-08 10:45:00,2026-08-08 10:55:00,False
59,2026-08-08 11:00:00,3,209.0,2026-08-08 11:00:00,2026-08-08 11:10:00,False
59,2026-08-08 11:15:00,3,212.0,2026-08-08 11:15:00,2026-08-08 11:25:00,False
59,2026-08-08 11:30:00,3,232.0,2026-08-08 11:30:00,2026-08-08 11:40:00,False
59,2026-08-08 11:45:00,3,272.0,2026-08-08 11:45:00,2026-08-08 11:55:00,False
59,2026-08-08 12:00:00,3,224.0,2026-08-08 12:00:00,2026-08-08 12:10:00,False
59,2026-08-08 12:15:00,3,265.0,2026-08-08 12:15:00,2026-08-08 12:25:00,False
59,2026-08-08 12:30:00,3,316.0,2026-08-08 12:30:00,2026-08-08 12:40:00,False
59,2026-08-08 12:45:00,3,323.0,2026-08-08 12:45:00,2026-08-08 12:55:00,False
59,2026-08-08 13:00:00,3,341.0,2026-08-08 13:00:00,2026-08-08 13:10:00,False
59,2026-08-08 13:15:00,3,311.0,2026-08-08 13:15:00,2026-08-08 13:25:00,False
59,2026-08-08 13:30:00,3,289.0,2026-08-08 13:30:00,2026-08-08 13:40:00,False
59,2026-08-08 13:45:00,3,331.0,2026-08-08 13:45:00,2026-08-08 13:55:00,False
59,2026-08-08 14:00:00,3,313.0,2026-08-08 14:00:00,2026-08-08 14:10:00,False
59,2026-08-08 14:15:00,3,368.0,2026-08-08 14:15:00,2026-08-08 14:25:00,False
59,2026-08-08 14:30:00,3,361.0,2026-08-08 14:30:00,2026-08-08 14:40:00,False
59,2026-08-08 14:45:00,3,350.0,2026-08-08 14:45:00,2026-08-08 14:55:00,False
59,2026-08-08 15:00:00,3,390.0,2026-08-08 15:00:00,2026-08-08 15:10:00,False
59,2026-08-08 15:15:00,3,338.0,2026-08-08 15:15:00,2026-08-08 15:25:00,False
59,2026-08-08 15:30:00,3,376.0,2026-08-08 15:30:00,2026-08-08 15:40:00,False
59,2026-08-08 15:45:00,3,382.0,2026-08-08 15:45:00,2026-08-08 15:55:00,False
59,2026-08-08 16:00:00,3,372.0,2026-08-08 16:00:00,2026-08-08 16:10:00,False
59,2026-08-08 16:15:00,3,360.0,2026-08-08 16:15:00,2026-08-08 16:25:00,False
59,2026-08-08 16:30:00,3,359.0,2026-08-08 16:30:00,2026-08-08 16:40:00,False
59,2026-08-08 16:45:00,3,403.0,2026-08-08 16:45:00,2026-08-08 16:55:00,False
59,2026-08-08 17:00:00,3,372.0,2026-08-08 17:00:00,2026-08-08 17:10:00,False
59,2026-08-08 17:15:00,3,358.0,2026-08-08 17:15:00,2026-08-08 17:25:00,False
59,2026-08-08 17:30:00,3,318.0,2026-08-08 17:30:00,2026-08-08 17:40:00,False
59,2026-08-08 17:45:00,3,311.0,2026-08-08 17:45:00,2026-08-08 17:55:00,False
59,2026-08-08 18:00:00,3,277.0,2026-08-08 18:00:00,2026-08-08 18:10:00,False
59,2026-08-08 18:15:00,3,228.0,2026-08-08 18:15:00,2026-08-08 18:25:00,False
59,2026-08-08 18:30:00,3,210.0,2026-08-08 18:30:00,2026-08-08 18:40:00,False
59,2026-08-08 18:45:00,3,179.0,2026-08-08 18:45:00,2026-08-08 18:55:00,False
59,2026-08-08 19:00:00,3,174.0,2026-08-08 19:00:00,2026-08-08 19:10:00,False
59,2026-08-08 19:15:00,4,200.0,2026-08-08 19:15:00,2026-08-08 19:25:00,False
59,2026-08-08 19:30:00,3,166.0,2026-08-08 19:30:00,2026-08-08 19:40:00,False
59,2026-08-08 19:45:00,3,191.0,2026-08-08 19:45:00,2026-08-08 19:55:00,False
59,2026-08-08 20:00:00,3,190.0,2026-08-08 20:00:00,2026-08-08 20:10:00,False
59,2026-08-08 20:15:00,3,150.0,2026-08-08 20:15:00,2026-08-08 20:25:00,False
59,2026-08-08 20:30:00,3,150.0,2026-08-08 20:30:00,2026-08-08 20:40:00,False
59,2026-08-08 20:45:00,3,123.0,2026-08-08 20:45:00,2026-08-08 20:55:00,False
59,2026-08-08 21:00:00,3,93.0,2026-08-08 21:00:00,2026-08-08 21:10:00,False
59,2026-08-08 21:15:00,3,98.0,2026-08-08 21:15:00,2026-08-08 21:25:00,False
59,2026-08-08 21:30:00,0,,,,True
61,2026-08-07 23:45:00,5,22.0,2026-08-07 23:55:00,2026-08-07 23:59:00,False
61,2026-08-08 00:00:00,11,32.0,2026-08-08 00:00:00,2026-08-08 00:14:00,False
61,2026-08-08 00:15:00,12,22.0,2026-08-08 00:15:00,2026-08-08 00:29:00,False
61,2026-08-08 00:30:00,9,41.0,2026-08-08 00:30:00,2026-08-08 00:44:00,False
61,2026-08-08 00:45:00,9,27.0,2026-08-08 00:47:00,2026-08-08 00:59:00,False
61,2026-08-08 01:00:00,7,23.0,2026-08-08 01:01:00,2026-08-08 01:14:00,False
61,2026-08-08 01:15:00,6,16.0,2026-08-08 01:16:00,2026-08-08 01:28:00,False
61,2026-08-08 01:30:00,6,16.0,2026-08-08 01:30:00,2026-08-08 01:42:00,False
61,2026-08-08 01:45:00,7,11.0,2026-08-08 01:45:00,2026-08-08 01:56:00,False
61,2026-08-08 02:00:00,6,20.0,2026-08-08 02:01:00,2026-08-08 02:14:00,False
61,2026-08-08 02:15:00,8,15.0,2026-08-08 02:17:00,2026-08-08 02:26:00,False
61,2026-08-08 02:30:00,6,17.0,2026-08-08 02:34:00,2026-08-08 02:44:00,False
61,2026-08-08 02:45:00,6,14.0,2026-08-08 02:45:00,2026-08-08 02:59:00,False
61,2026-08-08 03:00:00,5,9.0,2026-08-08 03:00:00,2026-08-08 03:07:00,False
61,2026-08-08 03:15:00,3,8.0,2026-08-08 03:16:00,2026-08-08 03:29:00,False
61,2026-08-08 03:30:00,4,6.0,2026-08-08 03:34:00,2026-08-08 03:40:00,False
61,2026-08-08 03:45:00,8,16.0,2026-08-08 03:45:00,2026-08-08 03:58:00,False
61,2026-08-08 04:00:00,5,18.0,2026-08-08 04:02:00,2026-08-08 04:14:00,False
61,2026-08-08 04:15:00,5,6.0,2026-08-08 04:16:00,2026-08-08 04:24:00,False
61,2026-08-08 04:30:00,2,3.0,2026-08-08 04:38:00,2026-08-08 04:43:00,False
61,2026-08-08 04:45:00,5,10.0,2026-08-08 04:46:00,2026-08-08 04:57:00,False
61,2026-08-08 05:00:00,3,8.0,2026-08-08 05:02:00,2026-08-08 05:14:00,False
61,2026-08-08 05:15:00,5,6.0,2026-08-08 05:16:00,2026-08-08 05:29:00,False
61,2026-08-08 05:30:00,2,2.0,2026-08-08 05:43:00,2026-08-08 05:44:00,False
61,2026-08-08 05:45:00,1,1.0,2026-08-08 05:53:00,2026-08-08 05:53:00,False
61,2026-08-08 06:00:00,4,6.0,2026-08-08 06:02:00,2026-08-08 06:14:00,False
61,2026-08-08 06:15:00,3,5.0,2026-08-08 06:15:00,2026-08-08 06:22:00,False
61,2026-08-08 06:30:00,8,13.0,2026-08-08 06:30:00,2026-08-08 06:44:00,False
61,2026-08-08 06:45:00,10,11.0,2026-08-08 06:45:00,2026-08-08 06:57:00,False
61,2026-08-08 07:00:00,7,12.0,2026-08-08 07:01:00,2026-08-08 07:12:00,False
61,2026-08-08 07:15:00,10,17.0,2026-08-08 07:16:00,2026-08-08 07:28:00,False
61,2026-08-08 07:30:00,10,21.0,2026-08-08 07:30:00,2026-08-08 07:42:00,False
61,2026-08-08 07:45:00,11,15.0,2026-08-08 07:45:00,2026-08-08 07:59:00,False
61,2026-08-08 08:00:00,14,28.0,2026-08-08 08:00:00,2026-08-08 08:14:00,False
61,2026-08-08 08:15:00,15,41.0,2026-08-08 08:15:00,2026-08-08 08:29:00,False
61,2026-08-08 08:30:00,14,29.0,2026-08-08 08:30:00,2026-08-08 08:44:00,False
61,2026-08-08 08:45:00,14,54.0,2026-08-08 08:45:00,2026-08-08 08:59:00,False
61,2026-08-08 09:00:00,13,58.0,2026-08-08 09:01:00,2026-08-08 09:14:00,False
61,2026-08-08 09:15:00,15,94.0,2026-08-08 09:15:00,2026-08-08 09:29:00,False
61,2026-08-08 09:30:00,15,85.0,2026-08-08 09:30:00,2026-08-08 09:44:00,False
61,2026-08-08 09:45:00,15,94.0,2026-08-08 09:45:00,2026-08-08 09:59:00,False
61,2026-08-08 10:00:00,15,102.0,2026-08-08 10:00:00,2026-08-08 10:14:00,False
61,2026-08-08 10:15:00,14,112.0,2026-08-08 10:15:00,2026-08-08 10:29:00,False
61,2026-08-08 10:30:00,15,138.0,2026-08-08 10:30:00,2026-08-08 10:44:00,False
61,2026-08-08 10:45:00,15,166.0,2026-08-08 10:45:00,2026-08-08 10:59:00,False
61,2026-08-08 11:00:00,14,155.0,2026-08-08 11:00:00,2026-08-08 11:14:00,False
61,2026-08-08 11:15:00,15,160.0,2026-08-08 11:15:00,2026-08-08 11:29:00,False
61,2026-08-08 11:30:00,15,182.0,2026-08-08 11:30:00,2026-08-08 11:44:00,False
61,2026-08-08 11:45:00,15,179.0,2026-08-08 11:45:00,2026-08-08 11:59:00,False
61,2026-08-08 12:00:00,15,191.0,2026-08-08 12:00:00,2026-08-08 12:14:00,False
61,2026-08-08 12:15:00,15,207.0,2026-08-08 12:15:00,2026-08-08 12:29:00,False
61,2026-08-08 12:30:00,15,163.0,2026-08-08 12:30:00,2026-08-08 12:44:00,False
61,2026-08-08 12:45:00,15,182.0,2026-08-08 12:45:00,2026-08-08 12:59:00,False
61,2026-08-08 13:00:00,15,224.0,2026-08-08 13:00:00,2026-08-08 13:14:00,False
61,2026-08-08 13:15:00,15,238.0,2026-08-08 13:15:00,2026-08-08 13:29:00,False
61,2026-08-08 13:30:00,15,219.0,2026-08-08 13:30:00,2026-08-08 13:44:00,False
61,2026-08-08 13:45:00,15,200.0,2026-08-08 13:45:00,2026-08-08 13:59:00,False
61,2026-08-08 14:00:00,15,228.0,2026-08-08 14:00:00,2026-08-08 14:14:00,False
61,2026-08-08 14:15:00,15,226.0,2026-08-08 14:15:00,2026-08-08 14:29:00,False
61,2026-08-08 14:30:00,15,236.0,2026-08-08 14:30:00,2026-08-08 14:44:00,False
61,2026-08-08 14:45:00,15,215.0,2026-08-08 14:45:00,2026-08-08 14:59:00,False
61,2026-08-08 15:00:00,15,242.0,2026-08-08 15:00:00,2026-08-08 15:14:00,False
61,2026-08-08 15:15:00,15,250.0,2026-08-08 15:15:00,2026-08-08 15:29:00,False
61,2026-08-08 15:30:00,15,183.0,2026-08-08 15:30:00,2026-08-08 15:44:00,False
61,2026-08-08 15:45:00,15,204.0,2026-08-08 15:45:00,2026-08-08 15:59:00,False
61,2026-08-08 16:00:00,15,238.0,2026-08-08 16:00:00,2026-08-08 16:14:00,False
61,2026-08-08 16:15:00,15,277.0,2026-08-08 16:15:00,2026-08-08 16:29:00,False
61,2026-08-08 16:30:00,15,237.0,2026-08-08 16:30:00,2026-08-08 16:44:00,False
61,2026-08-08 16:45:00,15,220.0,2026-08-08 16:45:00,2026-08-08 16:59:00,False
61,2026-08-08 17:00:00,15,244.0,2026-08-08 17:00:00,2026-08-08 17:14:00,False
61,2026-08-08 17:15:00,15,222.0,2026-08-08 17:15:00,2026-08-08 17:29:00,False
61,2026-08-08 17:30:00,15,201.0,2026-08-08 17:30:00,2026-08-08 17:44:00,False
61,2026-08-08 17:45:00,15,207.0,2026-08-08 17:45:00,2026-08-08 17:59:00,False
61,2026-08-08 18:00:00,15,204.0,2026-08-08 18:00:00,2026-08-08 18:14:00,False
61,2026-08-08 18:15:00,14,155.0,2026-08-08 18:15:00,2026-08-08 18:29:00,False
61,2026-08-08 18:30:00,14,73.0,2026-08-08 18:30:00,2026-08-08 18:44:00,False
61,2026-08-08 18:45:00,15,114.0,2026-08-08 18:45:00,2026-08-08 18:59:00,False
61,2026-08-08 19:00:00,15,98.0,2026-08-08 19:00:00,2026-08-08 19:14:00,False
61,2026-08-08 19:15:00,15,121.0,2026-08-08 19:15:00,2026-08-08 19:29:00,False
61,2026-08-08 19:30:00,15,79.0,2026-08-08 19:30:00,2026-08-08 19:44:00,False
61,2026-08-08 19:45:00,15,98.0,2026-08-08 19:45:00,2026-08-08 19:59:00,False
61,2026-08-08 20:00:00,15,126.0,2026-08-08 20:00:00,2026-08-08 20:14:00,False
61,2026-08-08 20:15:00,14,75.0,2026-08-08 20:15:00,2026-08-08 20:29:00,False
61,2026-08-08 20:30:00,14,95.0,2026-08-08 20:30:00,2026-08-08 20:43:00,False
61,2026-08-08 20:45:00,15,71.0,2026-08-08 20:45:00,2026-08-08 20:59:00,False
61,2026-08-08 21:00:00,14,63.0,2026-08-08 21:00:00,2026-08-08 21:14:00,False
61,2026-08-08 21:15:00,14,68.0,2026-08-08 21:15:00,2026-08-08 21:29:00,False
61,2026-08-08 21:30:00,4,19.0,2026-08-08 21:30:00,2026-08-08 21:33:00,False
62,2026-08-07 23:45:00,5,22.0,2026-08-07 23:55:00,2026-08-07 23:59:00,False
62,2026-08-08 00:00:00,15,59.0,2026-08-08 00:00:00,2026-08-08 00:14:00,False
62,2026-08-08 00:15:00,13,53.0,2026-08-08 00:15:00,2026-08-08 00:29:00,False
62,2026-08-08 00:30:00,14,32.0,2026-08-08 00:30:00,2026-08-08 00:44:00,False
62,2026-08-08 00:45:00,10,47.0,2026-08-08 00:45:00,2026-08-08 00:59:00,False
62,2026-08-08 01:00:00,11,30.0,2026-08-08 01:00:00,2026-08-08 01:14:00,False
62,2026-08-08 01:15:00,11,19.0,2026-08-08 01:15:00,2026-08-08 01:28:00,False
62,2026-08-08 01:30:00,6,17.0,2026-08-08 01:31:00,2026-08-08 01:41:00,False
62,2026-08-08 01:45:00,13,25.0,2026-08-08 01:45:00,2026-08-08 01:59:00,False
62,2026-08-08 02:00:00,9,22.0,2026-08-08 02:00:00,2026-08-08 02:13:00,False
62,2026-08-08 02:15:00,9,18.0,2026-08-08 02:17:00,2026-08-08 02:28:00,False
62,2026-08-08 02:30:00,10,23.0,2026-08-08 02:31:00,2026-08-08 02:43:00,False
62,2026-08-08 02:45:00,11,26.0,2026-08-08 02:45:00,2026-08-08 02:59:00,False
62,2026-08-08 03:00:00,12,29.0,2026-08-08 03:00:00,2026-08-08 03:14:00,False
62,2026-08-08 03:15:00,7,19.0,2026-08-08 03:15:00,2026-08-08 03:29:00,False
62,2026-08-08 03:30:00,8,14.0,2026-08-08 03:30:00,2026-08-08 03:44:00,False
62,2026-08-08 03:45:00,11,22.0,2026-08-08 03:45:00,2026-08-08 03:59:00,False
62,2026-08-08 04:00:00,5,6.0,2026-08-08 04:03:00,2026-08-08 04:14:00,False
62,2026-08-08 04:15:00,5,10.0,2026-08-08 04:20:00,2026-08-08 04:29:00,False
62,2026-08-08 04:30:00,4,7.0,2026-08-08 04:32:00,2026-08-08 04:42:00,False
62,2026-08-08 04:45:00,5,7.0,2026-08-08 04:47:00,2026-08-08 04:59:00,False
62,2026-08-08 05:00:00,2,2.0,2026-08-08 05:08:00,2026-08-08 05:09:00,False
62,2026-08-08 05:15:00,2,6.0,2026-08-08 05:21:00,2026-08-08 05:24:00,False
62,2026-08-08 05:30:00,3,4.0,2026-08-08 05:33:00,2026-08-08 05:41:00,False
62,2026-08-08 05:45:00,4,4.0,2026-08-08 05:46:00,2026-08-08 05:56:00,False
62,2026-08-08 06:00:00,5,8.0,2026-08-08 06:00:00,2026-08-08 06:14:00,False
62,2026-08-08 06:15:00,7,9.0,2026-08-08 06:16:00,2026-08-08 06:28:00,False
62,2026-08-08 06:30:00,4,6.0,2026-08-08 06:30:00,2026-08-08 06:40:00,False
62,2026-08-08 06:45:00,6,10.0,2026-08-08 06:48:00,2026-08-08 06:58:00,False
62,2026-08-08 07:00:00,9,13.0,2026-08-08 07:01:00,2026-08-08 07:14:00,False
62,2026-08-08 07:15:00,9,15.0,2026-08-08 07:15:00,2026-08-08 07:28:00,False
62,2026-08-08 07:30:00,8,9.0,2026-08-08 07:30:00,2026-08-08 07:44:00,False
62,2026-08-08 07:45:00,10,14.0,2026-08-08 07:45:00,2026-08-08 07:58:00,False
62,2026-08-08 08:00:00,5,6.0,2026-08-08 08:01:00,2026-08-08 08:10:00,False
62,2026-08-08 08:15:00,7,16.0,2026-08-08 08:17:00,2026-08-08 08:26:00,False
62,2026-08-08 08:30:00,8,13.0,2026-08-08 08:33:00,2026-08-08 08:43:00,False
62,2026-08-08 08:45:00,11,21.0,2026-08-08 08:45:00,2026-08-08 08:57:00,False
62,2026-08-08 09:00:00,6,14.0,2026-08-08 09:01:00,2026-08-08 09:13:00,False
62,2026-08-08 09:15:00,9,24.0,2026-08-08 09:16:00,2026-08-08 09:28:00,False
62,2026-08-08 09:30:00,15,43.0,2026-08-08 09:30:00,2026-08-08 09:44:00,False
62,2026-08-08 09:45:00,13,43.0,2026-08-08 09:46:00,2026-08-08 09:59:00,False
62,2026-08-08 10:00:00,13,49.0,2026-08-08 10:00:00,2026-08-08 10:14:00,False
62,2026-08-08 10:15:00,14,60.0,2026-08-08 10:15:00,2026-08-08 10:29:00,False
62,2026-08-08 10:30:00,15,52.0,2026-08-08 10:30:00,2026-08-08 10:44:00,False
62,2026-08-08 10:45:00,15,60.0,2026-08-08 10:45:00,2026-08-08 10:59:00,False
62,2026-08-08 11:00:00,14,49.0,2026-08-08 11:00:00,2026-08-08 11:14:00,False
62,2026-08-08 11:15:00,15,63.0,2026-08-08 11:15:00,2026-08-08 11:29:00,False
62,2026-08-08 11:30:00,15,103.0,2026-08-08 11:30:00,2026-08-08 11:44:00,False
62,2026-08-08 11:45:00,15,97.0,2026-08-08 11:45:00,2026-08-08 11:59:00,False
62,2026-08-08 12:00:00,15,75.0,2026-08-08 12:00:00,2026-08-08 12:14:00,False
62,2026-08-08 12:15:00,15,91.0,2026-08-08 12:15:00,2026-08-08 12:29:00,False
62,2026-08-08 12:30:00,15,101.0,2026-08-08 12:30:00,2026-08-08 12:44:00,False
62,2026-08-08 12:45:00,15,145.0,2026-08-08 12:45:00,2026-08-08 12:59:00,False
62,2026-08-08 13:00:00,15,111.0,2026-08-08 13:00:00,2026-08-08 13:14:00,False
62,2026-08-08 13:15:00,15,109.0,2026-08-08 13:15:00,2026-08-08 13:29:00,False
62,2026-08-08 13:30:00,15,102.0,2026-08-08 13:30:00,2026-08-08 13:44:00,False
62,2026-08-08 13:45:00,15,129.0,2026-08-08 13:45:00,2026-08-08 13:59:00,False
62,2026-08-08 14:00:00,15,130.0,2026-08-08 14:00:00,2026-08-08 14:14:00,False
62,2026-08-08 14:15:00,15,127.0,2026-08-08 14:15:00,2026-08-08 14:29:00,False
62,2026-08-08 14:30:00,15,148.0,2026-08-08 14:30:00,2026-08-08 14:44:00,False
62,2026-08-08 14:45:00,15,150.0,2026-08-08 14:45:00,2026-08-08 14:59:00,False
62,2026-08-08 15:00:00,15,156.0,2026-08-08 15:00:00,2026-08-08 15:14:00,False
62,2026-08-08 15:15:00,15,171.0,2026-08-08 15:15:00,2026-08-08 15:29:00,False
62,2026-08-08 15:30:00,15,174.0,2026-08-08 15:30:00,2026-08-08 15:44:00,False
62,2026-08-08 15:45:00,15,217.0,2026-08-08 15:45:00,2026-08-08 15:59:00,False
62,2026-08-08 16:00:00,15,130.0,2026-08-08 16:00:00,2026-08-08 16:14:00,False
62,2026-08-08 16:15:00,15,157.0,2026-08-08 16:15:00,2026-08-08 16:29:00,False
62,2026-08-08 16:30:00,15,169.0,2026-08-08 16:30:00,2026-08-08 16:44:00,False
62,2026-08-08 16:45:00,15,181.0,2026-08-08 16:45:00,2026-08-08 16:59:00,False
62,2026-08-08 17:00:00,15,168.0,2026-08-08 17:00:00,2026-08-08 17:14:00,False
62,2026-08-08 17:15:00,15,198.0,2026-08-08 17:15:00,2026-08-08 17:29:00,False
62,2026-08-08 17:30:00,15,186.0,2026-08-08 17:30:00,2026-08-08 17:44:00,False
62,2026-08-08 17:45:00,15,188.0,2026-08-08 17:45:00,2026-08-08 17:59:00,False
62,2026-08-08 18:00:00,15,182.0,2026-08-08 18:00:00,2026-08-08 18:14:00,False
62,2026-08-08 18:15:00,15,148.0,2026-08-08 18:15:00,2026-08-08 18:29:00,False
62,2026-08-08 18:30:00,15,139.0,2026-08-08 18:30:00,2026-08-08 18:44:00,False
62,2026-08-08 18:45:00,15,131.0,2026-08-08 18:45:00,2026-08-08 18:59:00,False
62,2026-08-08 19:00:00,15,121.0,2026-08-08 19:00:00,2026-08-08 19:14:00,False
62,2026-08-08 19:15:00,15,142.0,2026-08-08 19:15:00,2026-08-08 19:29:00,False
62,2026-08-08 19:30:00,15,145.0,2026-08-08 19:30:00,2026-08-08 19:44:00,False
62,2026-08-08 19:45:00,15,141.0,2026-08-08 19:45:00,2026-08-08 19:59:00,False
62,2026-08-08 20:00:00,15,133.0,2026-08-08 20:00:00,2026-08-08 20:14:00,False
62,2026-08-08 20:15:00,15,156.0,2026-08-08 20:15:00,2026-08-08 20:29:00,False
62,2026-08-08 20:30:00,15,122.0,2026-08-08 20:30:00,2026-08-08 20:44:00,False
62,2026-08-08 20:45:00,15,117.0,2026-08-08 20:45:00,2026-08-08 20:59:00,False
62,2026-08-08 21:00:00,15,139.0,2026-08-08 21:00:00,2026-08-08 21:14:00,False
62,2026-08-08 21:15:00,15,97.0,2026-08-08 21:15:00,2026-08-08 21:29:00,False
62,2026-08-08 21:30:00,5,43.0,2026-08-08 21:30:00,2026-08-08 21:34:00,False
63,2026-08-07 23:45:00,5,49.0,2026-08-07 23:55:00,2026-08-07 23:59:00,False
63,2026-08-08 00:00:00,14,78.0,2026-08-08 00:00:00,2026-08-08 00:14:00,False
63,2026-08-08 00:15:00,15,54.0,2026-08-08 00:15:00,2026-08-08 00:29:00,False
63,2026-08-08 00:30:00,15,88.0,2026-08-08 00:30:00,2026-08-08 00:44:00,False
63,2026-08-08 00:45:00,14,68.0,2026-08-08 00:45:00,2026-08-08 00:59:00,False
63,2026-08-08 01:00:00,15,89.0,2026-08-08 01:00:00,2026-08-08 01:14:00,False
63,2026-08-08 01:15:00,15,82.0,2026-08-08 01:15:00,2026-08-08 01:29:00,False
63,2026-08-08 01:30:00,10,62.0,2026-08-08 01:30:00,2026-08-08 01:44:00,False
63,2026-08-08 01:45:00,13,69.0,2026-08-08 01:45:00,2026-08-08 01:59:00,False
63,2026-08-08 02:00:00,12,47.0,2026-08-08 02:02:00,2026-08-08 02:14:00,False
63,2026-08-08 02:15:00,11,46.0,2026-08-08 02:15:00,2026-08-08 02:28:00,False
63,2026-08-08 02:30:00,13,41.0,2026-08-08 02:30:00,2026-08-08 02:44:00,False
63,2026-08-08 02:45:00,11,31.0,2026-08-08 02:45:00,2026-08-08 02:58:00,False
63,2026-08-08 03:00:00,12,59.0,2026-08-08 03:01:00,2026-08-08 03:14:00,False
63,2026-08-08 03:15:00,13,24.0,2026-08-08 03:15:00,2026-08-08 03:29:00,False
63,2026-08-08 03:30:00,6,12.0,2026-08-08 03:30:00,2026-08-08 03:41:00,False
63,2026-08-08 03:45:00,7,9.0,2026-08-08 03:46:00,2026-08-08 03:59:00,False
63,2026-08-08 04:00:00,8,15.0,2026-08-08 04:00:00,2026-08-08 04:14:00,False
63,2026-08-08 04:15:00,3,5.0,2026-08-08 04:21:00,2026-08-08 04:29:00,False
63,2026-08-08 04:30:00,5,9.0,2026-08-08 04:32:00,2026-08-08 04:43:00,False
63,2026-08-08 04:45:00,5,7.0,2026-08-08 04:49:00,2026-08-08 04:59:00,False
63,2026-08-08 05:00:00,3,7.0,2026-08-08 05:04:00,2026-08-08 05:13:00,False
63,2026-08-08 05:15:00,7,14.0,2026-08-08 05:17:00,2026-08-08 05:29:00,False
63,2026-08-08 05:30:00,2,3.0,2026-08-08 05:32:00,2026-08-08 05:33:00,False
63,2026-08-08 05:45:00,4,4.0,2026-08-08 05:45:00,2026-08-08 05:58:00,False
63,2026-08-08 06:00:00,9,11.0,2026-08-08 06:00:00,2026-08-08 06:13:00,False
63,2026-08-08 06:15:00,6,7.0,2026-08-08 06:15:00,2026-08-08 06:29:00,False
63,2026-08-08 06:30:00,9,13.0,2026-08-08 06:33:00,2026-08-08 06:43:00,False
63,2026-08-08 06:45:00,10,15.0,2026-08-08 06:45:00,2026-08-08 06:57:00,False
63,2026-08-08 07:00:00,7,12.0,2026-08-08 07:00:00,2026-08-08 07:12:00,False
63,2026-08-08 07:15:00,6,12.0,2026-08-08 07:16:00,2026-08-08 07:29:00,False
63,2026-08-08 07:30:00,9,22.0,2026-08-08 07:31:00,2026-08-08 07:44:00,False
63,2026-08-08 07:45:00,11,25.0,2026-08-08 07:45:00,2026-08-08 07:58:00,False
63,2026-08-08 08:00:00,11,22.0,2026-08-08 08:01:00,2026-08-08 08:14:00,False
63,2026-08-08 08:15:00,10,17.0,2026-08-08 08:15:00,2026-08-08 08:29:00,False
63,2026-08-08 08:30:00,14,52.0,2026-08-08 08:31:00,2026-08-08 08:44:00,False
63,2026-08-08 08:45:00,15,38.0,2026-08-08 08:45:00,2026-08-08 08:59:00,False
63,2026-08-08 09:00:00,12,50.0,2026-08-08 09:00:00,2026-08-08 09:13:00,False
63,2026-08-08 09:15:00,15,75.0,2026-08-08 09:15:00,2026-08-08 09:29:00,False
63,2026-08-08 09:30:00,15,121.0,2026-08-08 09:30:00,2026-08-08 09:44:00,False
63,2026-08-08 09:45:00,14,119.0,2026-08-08 09:45:00,2026-08-08 09:59:00,False
63,2026-08-08 10:00:00,15,115.0,2026-08-08 10:00:00,2026-08-08 10:14:00,False
63,2026-08-08 10:15:00,15,123.0,2026-08-08 10:15:00,2026-08-08 10:29:00,False
63,2026-08-08 10:30:00,15,143.0,2026-08-08 10:30:00,2026-08-08 10:44:00,False
63,2026-08-08 10:45:00,15,151.0,2026-08-08 10:45:00,2026-08-08 10:59:00,False
63,2026-08-08 11:00:00,15,167.0,2026-08-08 11:00:00,2026-08-08 11:14:00,False
63,2026-08-08 11:15:00,15,165.0,2026-08-08 11:15:00,2026-08-08 11:29:00,False
63,2026-08-08 11:30:00,15,195.0,2026-08-08 11:30:00,2026-08-08 11:44:00,False
63,2026-08-08 11:45:00,15,233.0,2026-08-08 11:45:00,2026-08-08 11:59:00,False
63,2026-08-08 12:00:00,15,254.0,2026-08-08 12:00:00,2026-08-08 12:14:00,False
63,2026-08-08 12:15:00,15,282.0,2026-08-08 12:15:00,2026-08-08 12:29:00,False
63,2026-08-08 12:30:00,15,245.0,2026-08-08 12:30:00,2026-08-08 12:44:00,False
63,2026-08-08 12:45:00,15,247.0,2026-08-08 12:45:00,2026-08-08 12:59:00,False
63,2026-08-08 13:00:00,15,254.0,2026-08-08 13:00:00,2026-08-08 13:14:00,False
63,2026-08-08 13:15:00,15,305.0,2026-08-08 13:15:00,2026-08-08 13:29:00,False
63,2026-08-08 13:30:00,15,271.0,2026-08-08 13:30:00,2026-08-08 13:44:00,False
63,2026-08-08 13:45:00,15,287.0,2026-08-08 13:45:00,2026-08-08 13:59:00,False
63,2026-08-08 14:00:00,15,240.0,2026-08-08 14:00:00,2026-08-08 14:14:00,False
63,2026-08-08 14:15:00,15,294.0,2026-08-08 14:15:00,2026-08-08 14:29:00,False
63,2026-08-08 14:30:00,15,258.0,2026-08-08 14:30:00,2026-08-08 14:44:00,False
63,2026-08-08 14:45:00,15,307.0,2026-08-08 14:45:00,2026-08-08 14:59:00,False
63,2026-08-08 15:00:00,15,291.0,2026-08-08 15:00:00,2026-08-08 15:14:00,False
63,2026-08-08 15:15:00,15,298.0,2026-08-08 15:15:00,2026-08-08 15:29:00,False
63,2026-08-08 15:30:00,15,263.0,2026-08-08 15:30:00,2026-08-08 15:44:00,False
63,2026-08-08 15:45:00,15,299.0,2026-08-08 15:45:00,2026-08-08 15:59:00,False
63,2026-08-08 16:00:00,15,239.0,2026-08-08 16:00:00,2026-08-08 16:14:00,False
63,2026-08-08 16:15:00,15,254.0,2026-08-08 16:15:00,2026-08-08 16:29:00,False
63,2026-08-08 16:30:00,15,330.0,2026-08-08 16:30:00,2026-08-08 16:44:00,False
63,2026-08-08 16:45:00,15,362.0,2026-08-08 16:45:00,2026-08-08 16:59:00,False
63,2026-08-08 17:00:00,15,302.0,2026-08-08 17:00:00,2026-08-08 17:14:00,False
63,2026-08-08 17:15:00,15,297.0,2026-08-08 17:15:00,2026-08-08 17:29:00,False
63,2026-08-08 17:30:00,15,334.0,2026-08-08 17:30:00,2026-08-08 17:44:00,False
63,2026-08-08 17:45:00,15,256.0,2026-08-08 17:45:00,2026-08-08 17:59:00,False
63,2026-08-08 18:00:00,15,297.0,2026-08-08 18:00:00,2026-08-08 18:14:00,False
63,2026-08-08 18:15:00,15,340.0,2026-08-08 18:15:00,2026-08-08 18:29:00,False
63,2026-08-08 18:30:00,15,209.0,2026-08-08 18:30:00,2026-08-08 18:44:00,False
63,2026-08-08 18:45:00,15,300.0,2026-08-08 18:45:00,2026-08-08 18:59:00,False
63,2026-08-08 19:00:00,15,224.0,2026-08-08 19:00:00,2026-08-08 19:14:00,False
63,2026-08-08 19:15:00,15,244.0,2026-08-08 19:15:00,2026-08-08 19:29:00,False
63,2026-08-08 19:30:00,15,260.0,2026-08-08 19:30:00,2026-08-08 19:44:00,False
63,2026-08-08 19:45:00,15,275.0,2026-08-08 19:45:00,2026-08-08 19:59:00,False
63,2026-08-08 20:00:00,15,216.0,2026-08-08 20:00:00,2026-08-08 20:14:00,False
63,2026-08-08 20:15:00,15,192.0,2026-08-08 20:15:00,2026-08-08 20:29:00,False
63,2026-08-08 20:30:00,15,226.0,2026-08-08 20:30:00,2026-08-08 20:44:00,False
63,2026-08-08 20:45:00,15,222.0,2026-08-08 20:45:00,2026-08-08 20:59:00,False
63,2026-08-08 21:00:00,15,181.0,2026-08-08 21:00:00,2026-08-08 21:14:00,False
63,2026-08-08 21:15:00,15,206.0,2026-08-08 21:15:00,2026-08-08 21:29:00,False
63,2026-08-08 21:30:00,4,60.0,2026-08-08 21:30:00,2026-08-08 21:33:00,False
66,2026-08-07 23:45:00,5,38.0,2026-08-07 23:55:00,2026-08-07 23:59:00,False
66,2026-08-08 00:00:00,15,136.0,2026-08-08 00:00:00,2026-08-08 00:14:00,False
66,2026-08-08 00:15:00,15,130.0,2026-08-08 00:15:00,2026-08-08 00:29:00,False
66,2026-08-08 00:30:00,12,98.0,2026-08-08 00:30:00,2026-08-08 00:43:00,False
66,2026-08-08 00:45:00,15,80.0,2026-08-08 00:45:00,2026-08-08 00:59:00,False
66,2026-08-08 01:00:00,13,49.0,2026-08-08 01:00:00,2026-08-08 01:13:00,False
66,2026-08-08 01:15:00,14,79.0,2026-08-08 01:15:00,2026-08-08 01:29:00,False
66,2026-08-08 01:30:00,13,36.0,2026-08-08 01:30:00,2026-08-08 01:44:00,False
66,2026-08-08 01:45:00,13,71.0,2026-08-08 01:45:00,2026-08-08 01:59:00,False
66,2026-08-08 02:00:00,7,19.0,2026-08-08 02:00:00,2026-08-08 02:14:00,False
66,2026-08-08 02:15:00,10,26.0,2026-08-08 02:16:00,2026-08-08 02:29:00,False
66,2026-08-08 02:30:00,5,15.0,2026-08-08 02:30:00,2026-08-08 02:41:00,False
66,2026-08-08 02:45:00,11,40.0,2026-08-08 02:45:00,2026-08-08 02:59:00,False
66,2026-08-08 03:00:00,11,25.0,2026-08-08 03:00:00,2026-08-08 03:14:00,False
66,2026-08-08 03:15:00,8,17.0,2026-08-08 03:15:00,2026-08-08 03:27:00,False
66,2026-08-08 03:30:00,5,11.0,2026-08-08 03:34:00,2026-08-08 03:44:00,False
66,2026-08-08 03:45:00,9,21.0,2026-08-08 03:45:00,2026-08-08 03:59:00,False
66,2026-08-08 04:00:00,6,15.0,2026-08-08 04:02:00,2026-08-08 04:14:00,False
66,2026-08-08 04:15:00,3,8.0,2026-08-08 04:15:00,2026-08-08 04:23:00,False
66,2026-08-08 04:30:00,7,15.0,2026-08-08 04:30:00,2026-08-08 04:43:00,False
66,2026-08-08 04:45:00,4,8.0,2026-08-08 04:49:00,2026-08-08 04:53:00,False
66,2026-08-08 05:00:00,7,15.0,2026-08-08 05:00:00,2026-08-08 05:14:00,False
66,2026-08-08 05:15:00,2,3.0,2026-08-08 05:21:00,2026-08-08 05:24:00,False
66,2026-08-08 05:30:00,2,2.0,2026-08-08 05:34:00,2026-08-08 05:35:00,False
66,2026-08-08 05:45:00,6,7.0,2026-08-08 05:45:00,2026-08-08 05:59:00,False
66,2026-08-08 06:00:00,7,12.0,2026-08-08 06:00:00,2026-08-08 06:13:00,False
66,2026-08-08 06:15:00,6,11.0,2026-08-08 06:19:00,2026-08-08 06:28:00,False
66,2026-08-08 06:30:00,3,5.0,2026-08-08 06:41:00,2026-08-08 06:44:00,False
66,2026-08-08 06:45:00,11,20.0,2026-08-08 06:45:00,2026-08-08 06:58:00,False
66,2026-08-08 07:00:00,6,15.0,2026-08-08 07:02:00,2026-08-08 07:13:00,False
66,2026-08-08 07:15:00,8,15.0,2026-08-08 07:20:00,2026-08-08 07:28:00,False
66,2026-08-08 07:30:00,12,20.0,2026-08-08 07:30:00,2026-08-08 07:43:00,False
66,2026-08-08 07:45:00,11,26.0,2026-08-08 07:45:00,2026-08-08 07:59:00,False
66,2026-08-08 08:00:00,12,31.0,2026-08-08 08:00:00,2026-08-08 08:14:00,False
66,2026-08-08 08:15:00,14,43.0,2026-08-08 08:15:00,2026-08-08 08:29:00,False
66,2026-08-08 08:30:00,15,56.0,2026-08-08 08:30:00,2026-08-08 08:44:00,False
66,2026-08-08 08:45:00,15,63.0,2026-08-08 08:45:00,2026-08-08 08:59:00,False
66,2026-08-08 09:00:00,15,73.0,2026-08-08 09:00:00,2026-08-08 09:14:00,False
66,2026-08-08 09:15:00,15,111.0,2026-08-08 09:15:00,2026-08-08 09:29:00,False
66,2026-08-08 09:30:00,15,126.0,2026-08-08 09:30:00,2026-08-08 09:44:00,False
66,2026-08-08 09:45:00,15,144.0,2026-08-08 09:45:00,2026-08-08 09:59:00,False
66,2026-08-08 10:00:00,15,182.0,2026-08-08 10:00:00,2026-08-08 10:14:00,False
66,2026-08-08 10:15:00,15,197.0,2026-08-08 10:15:00,2026-08-08 10:29:00,False
66,2026-08-08 10:30:00,15,281.0,2026-08-08 10:30:00,2026-08-08 10:44:00,False
66,2026-08-08 10:45:00,15,298.0,2026-08-08 10:45:00,2026-08-08 10:59:00,False
66,2026-08-08 11:00:00,15,331.0,2026-08-08 11:00:00,2026-08-08 11:14:00,False
66,2026-08-08 11:15:00,15,425.0,2026-08-08 11:15:00,2026-08-08 11:29:00,False
66,2026-08-08 11:30:00,15,405.0,2026-08-08 11:30:00,2026-08-08 11:44:00,False
66,2026-08-08 11:45:00,15,424.0,2026-08-08 11:45:00,2026-08-08 11:59:00,False
66,2026-08-08 12:00:00,15,514.0,2026-08-08 12:00:00,2026-08-08 12:14:00,False
66,2026-08-08 12:15:00,15,551.0,2026-08-08 12:15:00,2026-08-08 12:29:00,False
66,2026-08-08 12:30:00,15,608.0,2026-08-08 12:30:00,2026-08-08 12:44:00,False
66,2026-08-08 12:45:00,15,634.0,2026-08-08 12:45:00,2026-08-08 12:59:00,False
66,2026-08-08 13:00:00,15,744.0,2026-08-08 13:00:00,2026-08-08 13:14:00,False
66,2026-08-08 13:15:00,15,695.0,2026-08-08 13:15:00,2026-08-08 13:29:00,False
66,2026-08-08 13:30:00,15,726.0,2026-08-08 13:30:00,2026-08-08 13:44:00,False
66,2026-08-08 13:45:00,15,818.0,2026-08-08 13:45:00,2026-08-08 13:59:00,False
66,2026-08-08 14:00:00,15,805.0,2026-08-08 14:00:00,2026-08-08 14:14:00,False
66,2026-08-08 14:15:00,15,810.0,2026-08-08 14:15:00,2026-08-08 14:29:00,False
66,2026-08-08 14:30:00,15,768.0,2026-08-08 14:30:00,2026-08-08 14:44:00,False
66,2026-08-08 14:45:00,15,846.0,2026-08-08 14:45:00,2026-08-08 14:59:00,False
66,2026-08-08 15:00:00,15,884.0,2026-08-08 15:00:00,2026-08-08 15:14:00,False
66,2026-08-08 15:15:00,15,814.0,2026-08-08 15:15:00,2026-08-08 15:29:00,False
66,2026-08-08 15:30:00,15,863.0,2026-08-08 15:30:00,2026-08-08 15:44:00,False
66,2026-08-08 15:45:00,15,923.0,2026-08-08 15:45:00,2026-08-08 15:59:00,False
66,2026-08-08 16:00:00,15,811.0,2026-08-08 16:00:00,2026-08-08 16:14:00,False
66,2026-08-08 16:15:00,15,866.0,2026-08-08 16:15:00,2026-08-08 16:29:00,False
66,2026-08-08 16:30:00,15,947.0,2026-08-08 16:30:00,2026-08-08 16:44:00,False
66,2026-08-08 16:45:00,15,952.0,2026-08-08 16:45:00,2026-08-08 16:59:00,False
66,2026-08-08 17:00:00,15,920.0,2026-08-08 17:00:00,2026-08-08 17:14:00,False
66,2026-08-08 17:15:00,15,862.0,2026-08-08 17:15:00,2026-08-08 17:29:00,False
66,2026-08-08 17:30:00,15,883.0,2026-08-08 17:30:00,2026-08-08 17:44:00,False
66,2026-08-08 17:45:00,15,867.0,2026-08-08 17:45:00,2026-08-08 17:59:00,False
66,2026-08-08 18:00:00,15,851.0,2026-08-08 18:00:00,2026-08-08 18:14:00,False
66,2026-08-08 18:15:00,15,712.0,2026-08-08 18:15:00,2026-08-08 18:29:00,False
66,2026-08-08 18:30:00,15,625.0,2026-08-08 18:30:00,2026-08-08 18:44:00,False
66,2026-08-08 18:45:00,15,605.0,2026-08-08 18:45:00,2026-08-08 18:59:00,False
66,2026-08-08 19:00:00,15,505.0,2026-08-08 19:00:00,2026-08-08 19:14:00,False
66,2026-08-08 19:15:00,15,555.0,2026-08-08 19:15:00,2026-08-08 19:29:00,False
66,2026-08-08 19:30:00,15,605.0,2026-08-08 19:30:00,2026-08-08 19:44:00,False
66,2026-08-08 19:45:00,15,661.0,2026-08-08 19:45:00,2026-08-08 19:59:00,False
66,2026-08-08 20:00:00,15,696.0,2026-08-08 20:00:00,2026-08-08 20:14:00,False
66,2026-08-08 20:15:00,15,539.0,2026-08-08 20:15:00,2026-08-08 20:29:00,False
66,2026-08-08 20:30:00,15,508.0,2026-08-08 20:30:00,2026-08-08 20:44:00,False
66,2026-08-08 20:45:00,15,472.0,2026-08-08 20:45:00,2026-08-08 20:59:00,False
66,2026-08-08 21:00:00,15,416.0,2026-08-08 21:00:00,2026-08-08 21:14:00,False
66,2026-08-08 21:15:00,15,464.0,2026-08-08 21:15:00,2026-08-08 21:29:00,False
66,2026-08-08 21:30:00,4,111.0,2026-08-08 21:30:00,2026-08-08 21:33:00,False
67,2026-08-07 23:45:00,5,9.0,2026-08-07 23:55:00,2026-08-07 23:59:00,False
67,2026-08-08 00:00:00,10,22.0,2026-08-08 00:00:00,2026-08-08 00:14:00,False
67,2026-08-08 00:15:00,12,31.0,2026-08-08 00:16:00,2026-08-08 00:29:00,False
67,2026-08-08 00:30:00,9,19.0,2026-08-08 00:30:00,2026-08-08 00:44:00,False
67,2026-08-08 00:45:00,7,26.0,2026-08-08 00:45:00,2026-08-08 00:56:00,False
67,2026-08-08 01:00:00,10,21.0,2026-08-08 01:01:00,2026-08-08 01:14:00,False
67,2026-08-08 01:15:00,12,33.0,2026-08-08 01:15:00,2026-08-08 01:29:00,False
67,2026-08-08 01:30:00,8,15.0,2026-08-08 01:33:00,2026-08-08 01:44:00,False
67,2026-08-08 01:45:00,7,12.0,2026-08-08 01:46:00,2026-08-08 01:56:00,False
67,2026-08-08 02:00:00,7,16.0,2026-08-08 02:00:00,2026-08-08 02:12:00,False
67,2026-08-08 02:15:00,8,10.0,2026-08-08 02:15:00,2026-08-08 02:26:00,False
67,2026-08-08 02:30:00,6,8.0,2026-08-08 02:33:00,2026-08-08 02:44:00,False
67,2026-08-08 02:45:00,5,8.0,2026-08-08 02:47:00,2026-08-08 02:55:00,False
67,2026-08-08 03:00:00,5,7.0,2026-08-08 03:00:00,2026-08-08 03:11:00,False
67,2026-08-08 03:15:00,1,2.0,2026-08-08 03:17:00,2026-08-08 03:17:00,False
67,2026-08-08 03:30:00,1,1.0,2026-08-08 03:31:00,2026-08-08 03:31:00,False
67,2026-08-08 03:45:00,4,5.0,2026-08-08 03:45:00,2026-08-08 03:58:00,False
67,2026-08-08 04:00:00,2,3.0,2026-08-08 04:08:00,2026-08-08 04:11:00,False
67,2026-08-08 04:15:00,2,2.0,2026-08-08 04:16:00,2026-08-08 04:25:00,False
67,2026-08-08 04:30:00,3,3.0,2026-08-08 04:35:00,2026-08-08 04:42:00,False
67,2026-08-08 04:45:00,3,3.0,2026-08-08 04:45:00,2026-08-08 04:49:00,False
67,2026-08-08 05:00:00,3,5.0,2026-08-08 05:03:00,2026-08-08 05:09:00,False
67,2026-08-08 05:15:00,1,1.0,2026-08-08 05:21:00,2026-08-08 05:21:00,False
67,2026-08-08 05:30:00,0,,,,True
67,2026-08-08 05:45:00,4,9.0,2026-08-08 05:50:00,2026-08-08 05:59:00,False
67,2026-08-08 06:00:00,7,7.0,2026-08-08 06:00:00,2026-08-08 06:10:00,False
67,2026-08-08 06:15:00,9,17.0,2026-08-08 06:16:00,2026-08-08 06:26:00,False
67,2026-08-08 06:30:00,9,20.0,2026-08-08 06:30:00,2026-08-08 06:43:00,False
67,2026-08-08 06:45:00,11,17.0,2026-08-08 06:45:00,2026-08-08 06:59:00,False
67,2026-08-08 07:00:00,13,18.0,2026-08-08 07:00:00,2026-08-08 07:14:00,False
67,2026-08-08 07:15:00,11,36.0,2026-08-08 07:17:00,2026-08-08 07:28:00,False
67,2026-08-08 07:30:00,15,45.0,2026-08-08 07:30:00,2026-08-08 07:44:00,False
67,2026-08-08 07:45:00,14,41.0,2026-08-08 07:45:00,2026-08-08 07:59:00,False
67,2026-08-08 08:00:00,15,71.0,2026-08-08 08:00:00,2026-08-08 08:14:00,False
67,2026-08-08 08:15:00,15,63.0,2026-08-08 08:15:00,2026-08-08 08:29:00,False
67,2026-08-08 08:30:00,14,76.0,2026-08-08 08:30:00,2026-08-08 08:44:00,False
67,2026-08-08 08:45:00,15,122.0,2026-08-08 08:45:00,2026-08-08 08:59:00,False
67,2026-08-08 09:00:00,15,119.0,2026-08-08 09:00:00,2026-08-08 09:14:00,False
67,2026-08-08 09:15:00,15,155.0,2026-08-08 09:15:00,2026-08-08 09:29:00,False
67,2026-08-08 09:30:00,15,175.0,2026-08-08 09:30:00,2026-08-08 09:44:00,False
67,2026-08-08 09:45:00,15,221.0,2026-08-08 09:45:00,2026-08-08 09:59:00,False
67,2026-08-08 10:00:00,15,207.0,2026-08-08 10:00:00,2026-08-08 10:14:00,False
67,2026-08-08 10:15:00,15,195.0,2026-08-08 10:15:00,2026-08-08 10:29:00,False
67,2026-08-08 10:30:00,15,211.0,2026-08-08 10:30:00,2026-08-08 10:44:00,False
67,2026-08-08 10:45:00,15,240.0,2026-08-08 10:45:00,2026-08-08 10:59:00,False
67,2026-08-08 11:00:00,15,244.0,2026-08-08 11:00:00,2026-08-08 11:14:00,False
67,2026-08-08 11:15:00,15,242.0,2026-08-08 11:15:00,2026-08-08 11:29:00,False
67,2026-08-08 11:30:00,15,257.0,2026-08-08 11:30:00,2026-08-08 11:44:00,False
67,2026-08-08 11:45:00,15,274.0,2026-08-08 11:45:00,2026-08-08 11:59:00,False
67,2026-08-08 12:00:00,15,285.0,2026-08-08 12:00:00,2026-08-08 12:14:00,False
67,2026-08-08 12:15:00,15,331.0,2026-08-08 12:15:00,2026-08-08 12:29:00,False
67,2026-08-08 12:30:00,15,263.0,2026-08-08 12:30:00,2026-08-08 12:44:00,False
67,2026-08-08 12:45:00,15,291.0,2026-08-08 12:45:00,2026-08-08 12:59:00,False
67,2026-08-08 13:00:00,15,299.0,2026-08-08 13:00:00,2026-08-08 13:14:00,False
67,2026-08-08 13:15:00,15,295.0,2026-08-08 13:15:00,2026-08-08 13:29:00,False
67,2026-08-08 13:30:00,15,305.0,2026-08-08 13:30:00,2026-08-08 13:44:00,False
67,2026-08-08 13:45:00,15,268.0,2026-08-08 13:45:00,2026-08-08 13:59:00,False
67,2026-08-08 14:00:00,15,253.0,2026-08-08 14:00:00,2026-08-08 14:14:00,False
67,2026-08-08 14:15:00,15,254.0,2026-08-08 14:15:00,2026-08-08 14:29:00,False
67,2026-08-08 14:30:00,15,299.0,2026-08-08 14:30:00,2026-08-08 14:44:00,False
67,2026-08-08 14:45:00,15,248.0,2026-08-08 14:45:00,2026-08-08 14:59:00,False
67,2026-08-08 15:00:00,15,293.0,2026-08-08 15:00:00,2026-08-08 15:14:00,False
67,2026-08-08 15:15:00,15,287.0,2026-08-08 15:15:00,2026-08-08 15:29:00,False
67,2026-08-08 15:30:00,15,319.0,2026-08-08 15:30:00,2026-08-08 15:44:00,False
67,2026-08-08 15:45:00,15,310.0,2026-08-08 15:45:00,2026-08-08 15:59:00,False
67,2026-08-08 16:00:00,15,243.0,2026-08-08 16:00:00,2026-08-08 16:14:00,False
67,2026-08-08 16:15:00,15,257.0,2026-08-08 16:15:00,2026-08-08 16:29:00,False
67,2026-08-08 16:30:00,15,257.0,2026-08-08 16:30:00,2026-08-08 16:44:00,False
67,2026-08-08 16:45:00,15,221.0,2026-08-08 16:45:00,2026-08-08 16:59:00,False
67,2026-08-08 17:00:00,15,229.0,2026-08-08 17:00:00,2026-08-08 17:14:00,False
67,2026-08-08 17:15:00,15,194.0,2026-08-08 17:15:00,2026-08-08 17:29:00,False
67,2026-08-08 17:30:00,15,233.0,2026-08-08 17:30:00,2026-08-08 17:44:00,False
67,2026-08-08 17:45:00,15,226.0,2026-08-08 17:45:00,2026-08-08 17:59:00,False
67,2026-08-08 18:00:00,15,235.0,2026-08-08 18:00:00,2026-08-08 18:14:00,False
67,2026-08-08 18:15:00,15,200.0,2026-08-08 18:15:00,2026-08-08 18:29:00,False
67,2026-08-08 18:30:00,15,184.0,2026-08-08 18:30:00,2026-08-08 18:44:00,False
67,2026-08-08 18:45:00,15,202.0,2026-08-08 18:45:00,2026-08-08 18:59:00,False
67,2026-08-08 19:00:00,15,179.0,2026-08-08 19:00:00,2026-08-08 19:14:00,False
67,2026-08-08 19:15:00,15,126.0,2026-08-08 19:15:00,2026-08-08 19:29:00,False
67,2026-08-08 19:30:00,15,150.0,2026-08-08 19:30:00,2026-08-08 19:44:00,False
67,2026-08-08 19:45:00,15,198.0,2026-08-08 19:45:00,2026-08-08 19:59:00,False
67,2026-08-08 20:00:00,15,184.0,2026-08-08 20:00:00,2026-08-08 20:14:00,False
67,2026-08-08 20:15:00,15,139.0,2026-08-08 20:15:00,2026-08-08 20:29:00,False
67,2026-08-08 20:30:00,15,154.0,2026-08-08 20:30:00,2026-08-08 20:44:00,False
67,2026-08-08 20:45:00,15,143.0,2026-08-08 20:45:00,2026-08-08 20:59:00,False
67,2026-08-08 21:00:00,15,125.0,2026-08-08 21:00:00,2026-08-08 21:14:00,False
67,2026-08-08 21:15:00,15,127.0,2026-08-08 21:15:00,2026-08-08 21:29:00,False
67,2026-08-08 21:30:00,4,29.0,2026-08-08 21:30:00,2026-08-08 21:33:00,False
68,2026-08-07 23:45:00,4,8.0,2026-08-07 23:55:00,2026-08-07 23:58:00,False
68,2026-08-08 00:00:00,3,5.0,2026-08-08 00:01:00,2026-08-08 00:11:00,False
68,2026-08-08 00:15:00,5,12.0,2026-08-08 00:15:00,2026-08-08 00:28:00,False
68,2026-08-08 00:30:00,2,2.0,2026-08-08 00:42:00,2026-08-08 00:44:00,False
68,2026-08-08 00:45:00,5,17.0,2026-08-08 00:45:00,2026-08-08 00:53:00,False
68,2026-08-08 01:00:00,3,4.0,2026-08-08 01:02:00,2026-08-08 01:12:00,False
68,2026-08-08 01:15:00,3,3.0,2026-08-08 01:20:00,2026-08-08 01:25:00,False
68,2026-08-08 01:30:00,0,,,,True
68,2026-08-08 01:45:00,2,3.0,2026-08-08 01:45:00,2026-08-08 01:57:00,False
68,2026-08-08 02:00:00,0,,,,True
68,2026-08-08 02:15:00,1,2.0,2026-08-08 02:26:00,2026-08-08 02:26:00,False
68,2026-08-08 02:30:00,1,1.0,2026-08-08 02:38:00,2026-08-08 02:38:00,False
68,2026-08-08 02:45:00,1,1.0,2026-08-08 02:52:00,2026-08-08 02:52:00,False
68,2026-08-08 03:00:00,1,2.0,2026-08-08 03:13:00,2026-08-08 03:13:00,False
68,2026-08-08 03:15:00,0,,,,True
68,2026-08-08 03:30:00,0,,,,True
68,2026-08-08 03:45:00,0,,,,True
68,2026-08-08 04:00:00,1,1.0,2026-08-08 04:00:00,2026-08-08 04:00:00,False
68,2026-08-08 04:15:00,0,,,,True
68,2026-08-08 04:30:00,1,1.0,2026-08-08 04:32:00,2026-08-08 04:32:00,False
68,2026-08-08 04:45:00,0,,,,True
68,2026-08-08 05:00:00,2,2.0,2026-08-08 05:01:00,2026-08-08 05:09:00,False
68,2026-08-08 05:15:00,0,,,,True
68,2026-08-08 05:30:00,0,,,,True
68,2026-08-08 05:45:00,4,5.0,2026-08-08 05:52:00,2026-08-08 05:58:00,False
68,2026-08-08 06:00:00,2,2.0,2026-08-08 06:01:00,2026-08-08 06:14:00,False
68,2026-08-08 06:15:00,2,2.0,2026-08-08 06:21:00,2026-08-08 06:22:00,False
68,2026-08-08 06:30:00,1,1.0,2026-08-08 06:38:00,2026-08-08 06:38:00,False
68,2026-08-08 06:45:00,3,3.0,2026-08-08 06:48:00,2026-08-08 06:57:00,False
68,2026-08-08 07:00:00,5,7.0,2026-08-08 07:01:00,2026-08-08 07:12:00,False
68,2026-08-08 07:15:00,7,12.0,2026-08-08 07:16:00,2026-08-08 07:29:00,False
68,2026-08-08 07:30:00,10,20.0,2026-08-08 07:31:00,2026-08-08 07:43:00,False
68,2026-08-08 07:45:00,10,23.0,2026-08-08 07:45:00,2026-08-08 07:59:00,False
68,2026-08-08 08:00:00,10,35.0,2026-08-08 08:00:00,2026-08-08 08:13:00,False
68,2026-08-08 08:15:00,14,41.0,2026-08-08 08:15:00,2026-08-08 08:29:00,False
68,2026-08-08 08:30:00,12,43.0,2026-08-08 08:30:00,2026-08-08 08:43:00,False
68,2026-08-08 08:45:00,15,71.0,2026-08-08 08:45:00,2026-08-08 08:59:00,False
68,2026-08-08 09:00:00,15,80.0,2026-08-08 09:00:00,2026-08-08 09:14:00,False
68,2026-08-08 09:15:00,15,109.0,2026-08-08 09:15:00,2026-08-08 09:29:00,False
68,2026-08-08 09:30:00,15,112.0,2026-08-08 09:30:00,2026-08-08 09:44:00,False
68,2026-08-08 09:45:00,15,161.0,2026-08-08 09:45:00,2026-08-08 09:59:00,False
68,2026-08-08 10:00:00,15,110.0,2026-08-08 10:00:00,2026-08-08 10:14:00,False
68,2026-08-08 10:15:00,15,131.0,2026-08-08 10:15:00,2026-08-08 10:29:00,False
68,2026-08-08 10:30:00,15,155.0,2026-08-08 10:30:00,2026-08-08 10:44:00,False
68,2026-08-08 10:45:00,15,174.0,2026-08-08 10:45:00,2026-08-08 10:59:00,False
68,2026-08-08 11:00:00,15,179.0,2026-08-08 11:00:00,2026-08-08 11:14:00,False
68,2026-08-08 11:15:00,15,197.0,2026-08-08 11:15:00,2026-08-08 11:29:00,False
68,2026-08-08 11:30:00,15,201.0,2026-08-08 11:30:00,2026-08-08 11:44:00,False
68,2026-08-08 11:45:00,15,205.0,2026-08-08 11:45:00,2026-08-08 11:59:00,False
68,2026-08-08 12:00:00,15,225.0,2026-08-08 12:00:00,2026-08-08 12:14:00,False
68,2026-08-08 12:15:00,15,196.0,2026-08-08 12:15:00,2026-08-08 12:29:00,False
68,2026-08-08 12:30:00,15,204.0,2026-08-08 12:30:00,2026-08-08 12:44:00,False
68,2026-08-08 12:45:00,15,221.0,2026-08-08 12:45:00,2026-08-08 12:59:00,False
68,2026-08-08 13:00:00,15,256.0,2026-08-08 13:00:00,2026-08-08 13:14:00,False
68,2026-08-08 13:15:00,15,224.0,2026-08-08 13:15:00,2026-08-08 13:29:00,False
68,2026-08-08 13:30:00,15,217.0,2026-08-08 13:30:00,2026-08-08 13:44:00,False
68,2026-08-08 13:45:00,15,219.0,2026-08-08 13:45:00,2026-08-08 13:59:00,False
68,2026-08-08 14:00:00,15,222.0,2026-08-08 14:00:00,2026-08-08 14:14:00,False
68,2026-08-08 14:15:00,15,196.0,2026-08-08 14:15:00,2026-08-08 14:29:00,False
68,2026-08-08 14:30:00,15,257.0,2026-08-08 14:30:00,2026-08-08 14:44:00,False
68,2026-08-08 14:45:00,15,281.0,2026-08-08 14:45:00,2026-08-08 14:59:00,False
68,2026-08-08 15:00:00,15,197.0,2026-08-08 15:00:00,2026-08-08 15:14:00,False
68,2026-08-08 15:15:00,15,213.0,2026-08-08 15:15:00,2026-08-08 15:29:00,False
68,2026-08-08 15:30:00,15,211.0,2026-08-08 15:30:00,2026-08-08 15:44:00,False
68,2026-08-08 15:45:00,15,257.0,2026-08-08 15:45:00,2026-08-08 15:59:00,False
68,2026-08-08 16:00:00,15,171.0,2026-08-08 16:00:00,2026-08-08 16:14:00,False
68,2026-08-08 16:15:00,15,228.0,2026-08-08 16:15:00,2026-08-08 16:29:00,False
68,2026-08-08 16:30:00,15,223.0,2026-08-08 16:30:00,2026-08-08 16:44:00,False
68,2026-08-08 16:45:00,15,199.0,2026-08-08 16:45:00,2026-08-08 16:59:00,False
68,2026-08-08 17:00:00,15,222.0,2026-08-08 17:00:00,2026-08-08 17:14:00,False
68,2026-08-08 17:15:00,15,148.0,2026-08-08 17:15:00,2026-08-08 17:29:00,False
68,2026-08-08 17:30:00,15,100.0,2026-08-08 17:30:00,2026-08-08 17:44:00,False
68,2026-08-08 17:45:00,15,76.0,2026-08-08 17:45:00,2026-08-08 17:59:00,False
68,2026-08-08 18:00:00,15,64.0,2026-08-08 18:00:00,2026-08-08 18:14:00,False
68,2026-08-08 18:15:00,14,45.0,2026-08-08 18:15:00,2026-08-08 18:29:00,False
68,2026-08-08 18:30:00,13,61.0,2026-08-08 18:30:00,2026-08-08 18:44:00,False
68,2026-08-08 18:45:00,14,54.0,2026-08-08 18:45:00,2026-08-08 18:59:00,False
68,2026-08-08 19:00:00,11,51.0,2026-08-08 19:02:00,2026-08-08 19:14:00,False
68,2026-08-08 19:15:00,13,29.0,2026-08-08 19:15:00,2026-08-08 19:29:00,False
68,2026-08-08 19:30:00,12,48.0,2026-08-08 19:30:00,2026-08-08 19:43:00,False
68,2026-08-08 19:45:00,13,65.0,2026-08-08 19:45:00,2026-08-08 19:59:00,False
68,2026-08-08 20:00:00,15,49.0,2026-08-08 20:00:00,2026-08-08 20:14:00,False
68,2026-08-08 20:15:00,15,64.0,2026-08-08 20:15:00,2026-08-08 20:29:00,False
68,2026-08-08 20:30:00,13,45.0,2026-08-08 20:30:00,2026-08-08 20:44:00,False
68,2026-08-08 20:45:00,14,36.0,2026-08-08 20:45:00,2026-08-08 20:59:00,False
68,2026-08-08 21:00:00,13,32.0,2026-08-08 21:00:00,2026-08-08 21:14:00,False
68,2026-08-08 21:15:00,12,40.0,2026-08-08 21:16:00,2026-08-08 21:28:00,False
68,2026-08-08 21:30:00,4,5.0,2026-08-08 21:30:00,2026-08-08 21:33:00,False
69,2026-08-07 23:45:00,1,1.0,2026-08-07 23:56:00,2026-08-07 23:56:00,False
69,2026-08-08 00:00:00,1,1.0,2026-08-08 00:04:00,2026-08-08 00:04:00,False
69,2026-08-08 00:15:00,3,4.0,2026-08-08 00:23:00,2026-08-08 00:27:00,False
69,2026-08-08 00:30:00,1,1.0,2026-08-08 00:35:00,2026-08-08 00:35:00,False
69,2026-08-08 00:45:00,2,8.0,2026-08-08 00:51:00,2026-08-08 00:54:00,False
69,2026-08-08 01:00:00,0,,,,True
69,2026-08-08 01:15:00,5,6.0,2026-08-08 01:18:00,2026-08-08 01:28:00,False
69,2026-08-08 01:30:00,3,3.0,2026-08-08 01:35:00,2026-08-08 01:41:00,False
69,2026-08-08 01:45:00,2,2.0,2026-08-08 01:48:00,2026-08-08 01:49:00,False
69,2026-08-08 02:00:00,1,1.0,2026-08-08 02:10:00,2026-08-08 02:10:00,False
69,2026-08-08 02:15:00,0,,,,True
69,2026-08-08 02:30:00,2,3.0,2026-08-08 02:36:00,2026-08-08 02:42:00,False
69,2026-08-08 02:45:00,1,1.0,2026-08-08 02:57:00,2026-08-08 02:57:00,False
69,2026-08-08 03:00:00,0,,,,True
69,2026-08-08 03:15:00,0,,,,True
69,2026-08-08 03:30:00,0,,,,True
69,2026-08-08 03:45:00,2,2.0,2026-08-08 03:58:00,2026-08-08 03:59:00,False
69,2026-08-08 04:00:00,1,2.0,2026-08-08 04:13:00,2026-08-08 04:13:00,False
69,2026-08-08 04:15:00,1,1.0,2026-08-08 04:25:00,2026-08-08 04:25:00,False
69,2026-08-08 04:30:00,0,,,,True
69,2026-08-08 04:45:00,0,,,,True
69,2026-08-08 05:00:00,1,1.0,2026-08-08 05:09:00,2026-08-08 05:09:00,False
69,2026-08-08 05:15:00,0,,,,True
69,2026-08-08 05:30:00,2,2.0,2026-08-08 05:41:00,2026-08-08 05:42:00,False
69,2026-08-08 05:45:00,1,1.0,2026-08-08 05:49:00,2026-08-08 05:49:00,False
69,2026-08-08 06:00:00,3,3.0,2026-08-08 06:01:00,2026-08-08 06:13:00,False
69,2026-08-08 06:15:00,4,6.0,2026-08-08 06:16:00,2026-08-08 06:29:00,False
69,2026-08-08 06:30:00,3,3.0,2026-08-08 06:32:00,2026-08-08 06:42:00,False
69,2026-08-08 06:45:00,4,4.0,2026-08-08 06:50:00,2026-08-08 06:59:00,False
69,2026-08-08 07:00:00,7,12.0,2026-08-08 07:00:00,2026-08-08 07:14:00,False
69,2026-08-08 07:15:00,5,6.0,2026-08-08 07:16:00,2026-08-08 07:23:00,False
69,2026-08-08 07:30:00,5,12.0,2026-08-08 07:33:00,2026-08-08 07:43:00,False
69,2026-08-08 07:45:00,7,12.0,2026-08-08 07:46:00,2026-08-08 07:59:00,False
69,2026-08-08 08:00:00,10,30.0,2026-08-08 08:00:00,2026-08-08 08:11:00,False
69,2026-08-08 08:15:00,12,26.0,2026-08-08 08:15:00,2026-08-08 08:28:00,False
69,2026-08-08 08:30:00,15,57.0,2026-08-08 08:30:00,2026-08-08 08:44:00,False
69,2026-08-08 08:45:00,15,70.0,2026-08-08 08:45:00,2026-08-08 08:59:00,False
69,2026-08-08 09:00:00,15,84.0,2026-08-08 09:00:00,2026-08-08 09:14:00,False
69,2026-08-08 09:15:00,15,108.0,2026-08-08 09:15:00,2026-08-08 09:29:00,False
69,2026-08-08 09:30:00,15,82.0,2026-08-08 09:30:00,2026-08-08 09:44:00,False
69,2026-08-08 09:45:00,15,115.0,2026-08-08 09:45:00,2026-08-08 09:59:00,False
69,2026-08-08 10:00:00,15,129.0,2026-08-08 10:00:00,2026-08-08 10:14:00,False
69,2026-08-08 10:15:00,15,151.0,2026-08-08 10:15:00,2026-08-08 10:29:00,False
69,2026-08-08 10:30:00,15,154.0,2026-08-08 10:30:00,2026-08-08 10:44:00,False
69,2026-08-08 10:45:00,15,206.0,2026-08-08 10:45:00,2026-08-08 10:59:00,False
69,2026-08-08 11:00:00,15,150.0,2026-08-08 11:00:00,2026-08-08 11:14:00,False
69,2026-08-08 11:15:00,15,189.0,2026-08-08 11:15:00,2026-08-08 11:29:00,False
69,2026-08-08 11:30:00,15,186.0,2026-08-08 11:30:00,2026-08-08 11:44:00,False
69,2026-08-08 11:45:00,15,182.0,2026-08-08 11:45:00,2026-08-08 11:59:00,False
69,2026-08-08 12:00:00,15,225.0,2026-08-08 12:00:00,2026-08-08 12:14:00,False
69,2026-08-08 12:15:00,15,189.0,2026-08-08 12:15:00,2026-08-08 12:29:00,False
69,2026-08-08 12:30:00,15,216.0,2026-08-08 12:30:00,2026-08-08 12:44:00,False
69,2026-08-08 12:45:00,15,195.0,2026-08-08 12:45:00,2026-08-08 12:59:00,False
69,2026-08-08 13:00:00,15,218.0,2026-08-08 13:00:00,2026-08-08 13:14:00,False
69,2026-08-08 13:15:00,15,189.0,2026-08-08 13:15:00,2026-08-08 13:29:00,False
69,2026-08-08 13:30:00,15,190.0,2026-08-08 13:30:00,2026-08-08 13:44:00,False
69,2026-08-08 13:45:00,15,166.0,2026-08-08 13:45:00,2026-08-08 13:59:00,False
69,2026-08-08 14:00:00,15,160.0,2026-08-08 14:00:00,2026-08-08 14:14:00,False
69,2026-08-08 14:15:00,15,188.0,2026-08-08 14:15:00,2026-08-08 14:29:00,False
69,2026-08-08 14:30:00,15,235.0,2026-08-08 14:30:00,2026-08-08 14:44:00,False
69,2026-08-08 14:45:00,15,202.0,2026-08-08 14:45:00,2026-08-08 14:59:00,False
69,2026-08-08 15:00:00,15,138.0,2026-08-08 15:00:00,2026-08-08 15:14:00,False
69,2026-08-08 15:15:00,15,189.0,2026-08-08 15:15:00,2026-08-08 15:29:00,False
69,2026-08-08 15:30:00,15,199.0,2026-08-08 15:30:00,2026-08-08 15:44:00,False
69,2026-08-08 15:45:00,15,161.0,2026-08-08 15:45:00,2026-08-08 15:59:00,False
69,2026-08-08 16:00:00,15,146.0,2026-08-08 16:00:00,2026-08-08 16:14:00,False
69,2026-08-08 16:15:00,15,198.0,2026-08-08 16:15:00,2026-08-08 16:29:00,False
69,2026-08-08 16:30:00,15,159.0,2026-08-08 16:30:00,2026-08-08 16:44:00,False
69,2026-08-08 16:45:00,15,155.0,2026-08-08 16:45:00,2026-08-08 16:59:00,False
69,2026-08-08 17:00:00,15,194.0,2026-08-08 17:00:00,2026-08-08 17:14:00,False
69,2026-08-08 17:15:00,15,155.0,2026-08-08 17:15:00,2026-08-08 17:29:00,False
69,2026-08-08 17:30:00,14,105.0,2026-08-08 17:30:00,2026-08-08 17:44:00,False
69,2026-08-08 17:45:00,15,127.0,2026-08-08 17:45:00,2026-08-08 17:59:00,False
69,2026-08-08 18:00:00,15,91.0,2026-08-08 18:00:00,2026-08-08 18:14:00,False
69,2026-08-08 18:15:00,15,90.0,2026-08-08 18:15:00,2026-08-08 18:29:00,False
69,2026-08-08 18:30:00,13,41.0,2026-08-08 18:30:00,2026-08-08 18:44:00,False
69,2026-08-08 18:45:00,11,31.0,2026-08-08 18:45:00,2026-08-08 18:59:00,False
69,2026-08-08 19:00:00,14,35.0,2026-08-08 19:00:00,2026-08-08 19:14:00,False
69,2026-08-08 19:15:00,10,20.0,2026-08-08 19:16:00,2026-08-08 19:28:00,False
69,2026-08-08 19:30:00,13,41.0,2026-08-08 19:30:00,2026-08-08 19:43:00,False
69,2026-08-08 19:45:00,13,66.0,2026-08-08 19:45:00,2026-08-08 19:59:00,False
69,2026-08-08 20:00:00,10,28.0,2026-08-08 20:00:00,2026-08-08 20:14:00,False
69,2026-08-08 20:15:00,9,46.0,2026-08-08 20:18:00,2026-08-08 20:29:00,False
69,2026-08-08 20:30:00,10,33.0,2026-08-08 20:30:00,2026-08-08 20:43:00,False
69,2026-08-08 20:45:00,11,34.0,2026-08-08 20:45:00,2026-08-08 20:58:00,False
69,2026-08-08 21:00:00,9,31.0,2026-08-08 21:00:00,2026-08-08 21:13:00,False
69,2026-08-08 21:15:00,10,26.0,2026-08-08 21:15:00,2026-08-08 21:27:00,False
69,2026-08-08 21:30:00,3,8.0,2026-08-08 21:30:00,2026-08-08 21:33:00,False
70,2026-08-07 23:45:00,0,,,,True
70,2026-08-08 00:00:00,3,5.0,2026-08-08 00:05:00,2026-08-08 00:12:00,False
70,2026-08-08 00:15:00,2,3.0,2026-08-08 00:19:00,2026-08-08 00:25:00,False
70,2026-08-08 00:30:00,1,2.0,2026-08-08 00:35:00,2026-08-08 00:35:00,False
70,2026-08-08 00:45:00,4,8.0,2026-08-08 00:45:00,2026-08-08 00:59:00,False
70,2026-08-08 01:00:00,2,2.0,2026-08-08 01:08:00,2026-08-08 01:13:00,False
70,2026-08-08 01:15:00,1,2.0,2026-08-08 01:22:00,2026-08-08 01:22:00,False
70,2026-08-08 01:30:00,1,2.0,2026-08-08 01:44:00,2026-08-08 01:44:00,False
70,2026-08-08 01:45:00,0,,,,True
70,2026-08-08 02:00:00,1,1.0,2026-08-08 02:07:00,2026-08-08 02:07:00,False
70,2026-08-08 02:15:00,2,2.0,2026-08-08 02:19:00,2026-08-08 02:27:00,False
70,2026-08-08 02:30:00,2,4.0,2026-08-08 02:35:00,2026-08-08 02:44:00,False
70,2026-08-08 02:45:00,2,2.0,2026-08-08 02:46:00,2026-08-08 02:56:00,False
70,2026-08-08 03:00:00,1,1.0,2026-08-08 03:12:00,2026-08-08 03:12:00,False
70,2026-08-08 03:15:00,1,1.0,2026-08-08 03:17:00,2026-08-08 03:17:00,False
70,2026-08-08 03:30:00,2,5.0,2026-08-08 03:31:00,2026-08-08 03:37:00,False
70,2026-08-08 03:45:00,0,,,,True
70,2026-08-08 04:00:00,0,,,,True
70,2026-08-08 04:15:00,0,,,,True
70,2026-08-08 04:30:00,1,1.0,2026-08-08 04:35:00,2026-08-08 04:35:00,False
70,2026-08-08 04:45:00,0,,,,True
70,2026-08-08 05:00:00,0,,,,True
70,2026-08-08 05:15:00,0,,,,True
70,2026-08-08 05:30:00,1,2.0,2026-08-08 05:30:00,2026-08-08 05:30:00,False
70,2026-08-08 05:45:00,0,,,,True
70,2026-08-08 06:00:00,0,,,,True
70,2026-08-08 06:15:00,0,,,,True
70,2026-08-08 06:30:00,2,2.0,2026-08-08 06:30:00,2026-08-08 06:38:00,False
70,2026-08-08 06:45:00,4,4.0,2026-08-08 06:47:00,2026-08-08 06:55:00,False
70,2026-08-08 07:00:00,3,4.0,2026-08-08 07:02:00,2026-08-08 07:09:00,False
70,2026-08-08 07:15:00,2,4.0,2026-08-08 07:16:00,2026-08-08 07:28:00,False
70,2026-08-08 07:30:00,10,14.0,2026-08-08 07:30:00,2026-08-08 07:43:00,False
70,2026-08-08 07:45:00,8,15.0,2026-08-08 07:45:00,2026-08-08 07:59:00,False
70,2026-08-08 08:00:00,7,9.0,2026-08-08 08:00:00,2026-08-08 08:11:00,False
70,2026-08-08 08:15:00,11,27.0,2026-08-08 08:15:00,2026-08-08 08:29:00,False
70,2026-08-08 08:30:00,9,31.0,2026-08-08 08:30:00,2026-08-08 08:44:00,False
70,2026-08-08 08:45:00,13,33.0,2026-08-08 08:46:00,2026-08-08 08:59:00,False
70,2026-08-08 09:00:00,15,47.0,2026-08-08 09:00:00,2026-08-08 09:14:00,False
70,2026-08-08 09:15:00,13,26.0,2026-08-08 09:15:00,2026-08-08 09:29:00,False
70,2026-08-08 09:30:00,14,50.0,2026-08-08 09:30:00,2026-08-08 09:44:00,False
70,2026-08-08 09:45:00,14,65.0,2026-08-08 09:45:00,2026-08-08 09:59:00,False
70,2026-08-08 10:00:00,15,55.0,2026-08-08 10:00:00,2026-08-08 10:14:00,False
70,2026-08-08 10:15:00,15,76.0,2026-08-08 10:15:00,2026-08-08 10:29:00,False
70,2026-08-08 10:30:00,15,81.0,2026-08-08 10:30:00,2026-08-08 10:44:00,False
70,2026-08-08 10:45:00,15,84.0,2026-08-08 10:45:00,2026-08-08 10:59:00,False
70,2026-08-08 11:00:00,14,83.0,2026-08-08 11:00:00,2026-08-08 11:14:00,False
70,2026-08-08 11:15:00,15,84.0,2026-08-08 11:15:00,2026-08-08 11:29:00,False
70,2026-08-08 11:30:00,15,89.0,2026-08-08 11:30:00,2026-08-08 11:44:00,False
70,2026-08-08 11:45:00,15,100.0,2026-08-08 11:45:00,2026-08-08 11:59:00,False
70,2026-08-08 12:00:00,14,95.0,2026-08-08 12:00:00,2026-08-08 12:14:00,False
70,2026-08-08 12:15:00,14,90.0,2026-08-08 12:15:00,2026-08-08 12:28:00,False
70,2026-08-08 12:30:00,15,103.0,2026-08-08 12:30:00,2026-08-08 12:44:00,False
70,2026-08-08 12:45:00,15,86.0,2026-08-08 12:45:00,2026-08-08 12:59:00,False
70,2026-08-08 13:00:00,15,98.0,2026-08-08 13:00:00,2026-08-08 13:14:00,False
70,2026-08-08 13:15:00,15,109.0,2026-08-08 13:15:00,2026-08-08 13:29:00,False
70,2026-08-08 13:30:00,15,113.0,2026-08-08 13:30:00,2026-08-08 13:44:00,False
70,2026-08-08 13:45:00,15,107.0,2026-08-08 13:45:00,2026-08-08 13:59:00,False
70,2026-08-08 14:00:00,15,80.0,2026-08-08 14:00:00,2026-08-08 14:14:00,False
70,2026-08-08 14:15:00,15,81.0,2026-08-08 14:15:00,2026-08-08 14:29:00,False
70,2026-08-08 14:30:00,15,73.0,2026-08-08 14:30:00,2026-08-08 14:44:00,False
70,2026-08-08 14:45:00,15,91.0,2026-08-08 14:45:00,2026-08-08 14:59:00,False
70,2026-08-08 15:00:00,15,90.0,2026-08-08 15:00:00,2026-08-08 15:14:00,False
70,2026-08-08 15:15:00,15,107.0,2026-08-08 15:15:00,2026-08-08 15:29:00,False
70,2026-08-08 15:30:00,15,108.0,2026-08-08 15:30:00,2026-08-08 15:44:00,False
70,2026-08-08 15:45:00,14,72.0,2026-08-08 15:46:00,2026-08-08 15:59:00,False
70,2026-08-08 16:00:00,15,75.0,2026-08-08 16:00:00,2026-08-08 16:14:00,False
70,2026-08-08 16:15:00,14,47.0,2026-08-08 16:15:00,2026-08-08 16:28:00,False
70,2026-08-08 16:30:00,15,57.0,2026-08-08 16:30:00,2026-08-08 16:44:00,False
70,2026-08-08 16:45:00,15,70.0,2026-08-08 16:45:00,2026-08-08 16:59:00,False
70,2026-08-08 17:00:00,15,91.0,2026-08-08 17:00:00,2026-08-08 17:14:00,False
70,2026-08-08 17:15:00,14,68.0,2026-08-08 17:15:00,2026-08-08 17:29:00,False
70,2026-08-08 17:30:00,15,88.0,2026-08-08 17:30:00,2026-08-08 17:44:00,False
70,2026-08-08 17:45:00,15,78.0,2026-08-08 17:45:00,2026-08-08 17:59:00,False
70,2026-08-08 18:00:00,15,73.0,2026-08-08 18:00:00,2026-08-08 18:14:00,False
70,2026-08-08 18:15:00,15,89.0,2026-08-08 18:15:00,2026-08-08 18:29:00,False
70,2026-08-08 18:30:00,15,111.0,2026-08-08 18:30:00,2026-08-08 18:44:00,False
70,2026-08-08 18:45:00,14,78.0,2026-08-08 18:45:00,2026-08-08 18:59:00,False
70,2026-08-08 19:00:00,15,105.0,2026-08-08 19:00:00,2026-08-08 19:14:00,False
70,2026-08-08 19:15:00,14,93.0,2026-08-08 19:15:00,2026-08-08 19:29:00,False
70,2026-08-08 19:30:00,14,108.0,2026-08-08 19:30:00,2026-08-08 19:44:00,False
70,2026-08-08 19:45:00,15,111.0,2026-08-08 19:45:00,2026-08-08 19:59:00,False
70,2026-08-08 20:00:00,14,73.0,2026-08-08 20:00:00,2026-08-08 20:14:00,False
70,2026-08-08 20:15:00,14,56.0,2026-08-08 20:15:00,2026-08-08 20:29:00,False
70,2026-08-08 20:30:00,12,72.0,2026-08-08 20:31:00,2026-08-08 20:44:00,False
70,2026-08-08 20:45:00,14,85.0,2026-08-08 20:46:00,2026-08-08 20:59:00,False
70,2026-08-08 21:00:00,13,48.0,2026-08-08 21:00:00,2026-08-08 21:14:00,False
70,2026-08-08 21:15:00,15,49.0,2026-08-08 21:15:00,2026-08-08 21:29:00,False
70,2026-08-08 21:30:00,4,11.0,2026-08-08 21:31:00,2026-08-08 21:34:00,False
71,2026-08-07 23:45:00,3,6.0,2026-08-07 23:56:00,2026-08-07 23:59:00,False
71,2026-08-08 00:00:00,1,1.0,2026-08-08 00:14:00,2026-08-08 00:14:00,False
71,2026-08-08 00:15:00,0,,,,True
71,2026-08-08 00:30:00,1,1.0,2026-08-08 00:41:00,2026-08-08 00:41:00,False
71,2026-08-08 00:45:00,1,1.0,2026-08-08 00:55:00,2026-08-08 00:55:00,False
71,2026-08-08 01:00:00,3,5.0,2026-08-08 01:02:00,2026-08-08 01:10:00,False
71,2026-08-08 01:15:00,1,2.0,2026-08-08 01:21:00,2026-08-08 01:21:00,False
71,2026-08-08 01:30:00,1,2.0,2026-08-08 01:39:00,2026-08-08 01:39:00,False
71,2026-08-08 01:45:00,3,5.0,2026-08-08 01:50:00,2026-08-08 01:55:00,False
71,2026-08-08 02:00:00,1,1.0,2026-08-08 02:00:00,2026-08-08 02:00:00,False
71,2026-08-08 02:15:00,0,,,,True
71,2026-08-08 02:30:00,0,,,,True
71,2026-08-08 02:45:00,0,,,,True
71,2026-08-08 03:00:00,0,,,,True
71,2026-08-08 03:15:00,0,,,,True
71,2026-08-08 03:30:00,0,,,,True
71,2026-08-08 03:45:00,1,1.0,2026-08-08 03:47:00,2026-08-08 03:47:00,False
71,2026-08-08 04:00:00,0,,,,True
71,2026-08-08 04:15:00,1,1.0,2026-08-08 04:27:00,2026-08-08 04:27:00,False
71,2026-08-08 04:30:00,0,,,,True
71,2026-08-08 04:45:00,2,3.0,2026-08-08 04:46:00,2026-08-08 04:48:00,False
71,2026-08-08 05:00:00,1,2.0,2026-08-08 05:03:00,2026-08-08 05:03:00,False
71,2026-08-08 05:15:00,1,1.0,2026-08-08 05:29:00,2026-08-08 05:29:00,False
71,2026-08-08 05:30:00,1,1.0,2026-08-08 05:39:00,2026-08-08 05:39:00,False
71,2026-08-08 05:45:00,1,2.0,2026-08-08 05:49:00,2026-08-08 05:49:00,False
71,2026-08-08 06:00:00,1,2.0,2026-08-08 06:06:00,2026-08-08 06:06:00,False
71,2026-08-08 06:15:00,3,5.0,2026-08-08 06:22:00,2026-08-08 06:28:00,False
71,2026-08-08 06:30:00,2,2.0,2026-08-08 06:42:00,2026-08-08 06:44:00,False
71,2026-08-08 06:45:00,0,,,,True
71,2026-08-08 07:00:00,2,6.0,2026-08-08 07:05:00,2026-08-08 07:10:00,False
71,2026-08-08 07:15:00,1,1.0,2026-08-08 07:21:00,2026-08-08 07:21:00,False
71,2026-08-08 07:30:00,1,1.0,2026-08-08 07:35:00,2026-08-08 07:35:00,False
71,2026-08-08 07:45:00,5,6.0,2026-08-08 07:51:00,2026-08-08 07:58:00,False
71,2026-08-08 08:00:00,1,1.0,2026-08-08 08:01:00,2026-08-08 08:01:00,False
71,2026-08-08 08:15:00,1,1.0,2026-08-08 08:27:00,2026-08-08 08:27:00,False
71,2026-08-08 08:30:00,3,4.0,2026-08-08 08:31:00,2026-08-08 08:33:00,False
71,2026-08-08 08:45:00,1,1.0,2026-08-08 08:46:00,2026-08-08 08:46:00,False
71,2026-08-08 09:00:00,0,,,,True
71,2026-08-08 09:15:00,0,,,,True
71,2026-08-08 09:30:00,2,3.0,2026-08-08 09:31:00,2026-08-08 09:42:00,False
71,2026-08-08 09:45:00,3,3.0,2026-08-08 09:48:00,2026-08-08 09:51:00,False
71,2026-08-08 10:00:00,2,2.0,2026-08-08 10:00:00,2026-08-08 10:08:00,False
71,2026-08-08 10:15:00,3,4.0,2026-08-08 10:20:00,2026-08-08 10:24:00,False
71,2026-08-08 10:30:00,4,4.0,2026-08-08 10:35:00,2026-08-08 10:43:00,False
71,2026-08-08 10:45:00,3,3.0,2026-08-08 10:46:00,2026-08-08 10:51:00,False
71,2026-08-08 11:00:00,1,1.0,2026-08-08 11:05:00,2026-08-08 11:05:00,False
71,2026-08-08 11:15:00,1,3.0,2026-08-08 11:19:00,2026-08-08 11:19:00,False
71,2026-08-08 11:30:00,3,4.0,2026-08-08 11:33:00,2026-08-08 11:42:00,False
71,2026-08-08 11:45:00,3,3.0,2026-08-08 11:46:00,2026-08-08 11:54:00,False
71,2026-08-08 12:00:00,2,2.0,2026-08-08 12:05:00,2026-08-08 12:06:00,False
71,2026-08-08 12:15:00,1,1.0,2026-08-08 12:22:00,2026-08-08 12:22:00,False
71,2026-08-08 12:30:00,3,3.0,2026-08-08 12:37:00,2026-08-08 12:39:00,False
71,2026-08-08 12:45:00,0,,,,True
71,2026-08-08 13:00:00,2,3.0,2026-08-08 13:00:00,2026-08-08 13:02:00,False
71,2026-08-08 13:15:00,1,2.0,2026-08-08 13:29:00,2026-08-08 13:29:00,False
71,2026-08-08 13:30:00,4,8.0,2026-08-08 13:30:00,2026-08-08 13:39:00,False
71,2026-08-08 13:45:00,2,2.0,2026-08-08 13:47:00,2026-08-08 13:56:00,False
71,2026-08-08 14:00:00,1,1.0,2026-08-08 14:11:00,2026-08-08 14:11:00,False
71,2026-08-08 14:15:00,1,1.0,2026-08-08 14:24:00,2026-08-08 14:24:00,False
71,2026-08-08 14:30:00,1,1.0,2026-08-08 14:35:00,2026-08-08 14:35:00,False
71,2026-08-08 14:45:00,0,,,,True
71,2026-08-08 15:00:00,2,3.0,2026-08-08 15:05:00,2026-08-08 15:09:00,False
71,2026-08-08 15:15:00,1,2.0,2026-08-08 15:22:00,2026-08-08 15:22:00,False
71,2026-08-08 15:30:00,7,9.0,2026-08-08 15:34:00,2026-08-08 15:41:00,False
71,2026-08-08 15:45:00,3,4.0,2026-08-08 15:47:00,2026-08-08 15:50:00,False
71,2026-08-08 16:00:00,2,2.0,2026-08-08 16:02:00,2026-08-08 16:03:00,False
71,2026-08-08 16:15:00,2,2.0,2026-08-08 16:24:00,2026-08-08 16:28:00,False
71,2026-08-08 16:30:00,5,8.0,2026-08-08 16:31:00,2026-08-08 16:44:00,False
71,2026-08-08 16:45:00,6,11.0,2026-08-08 16:45:00,2026-08-08 16:58:00,False
71,2026-08-08 17:00:00,5,8.0,2026-08-08 17:01:00,2026-08-08 17:12:00,False
71,2026-08-08 17:15:00,0,,,,True
71,2026-08-08 17:30:00,3,4.0,2026-08-08 17:30:00,2026-08-08 17:39:00,False
71,2026-08-08 17:45:00,4,6.0,2026-08-08 17:46:00,2026-08-08 17:55:00,False
71,2026-08-08 18:00:00,5,8.0,2026-08-08 18:00:00,2026-08-08 18:06:00,False
71,2026-08-08 18:15:00,6,9.0,2026-08-08 18:16:00,2026-08-08 18:24:00,False
71,2026-08-08 18:30:00,6,10.0,2026-08-08 18:31:00,2026-08-08 18:40:00,False
71,2026-08-08 18:45:00,2,3.0,2026-08-08 18:54:00,2026-08-08 18:57:00,False
71,2026-08-08 19:00:00,3,6.0,2026-08-08 19:03:00,2026-08-08 19:11:00,False
71,2026-08-08 19:15:00,0,,,,True
71,2026-08-08 19:30:00,1,2.0,2026-08-08 19:42:00,2026-08-08 19:42:00,False
71,2026-08-08 19:45:00,2,5.0,2026-08-08 19:45:00,2026-08-08 19:55:00,False
71,2026-08-08 20:00:00,0,,,,True
71,2026-08-08 20:15:00,4,7.0,2026-08-08 20:16:00,2026-08-08 20:29:00,False
71,2026-08-08 20:30:00,3,3.0,2026-08-08 20:30:00,2026-08-08 20:37:00,False
71,2026-08-08 20:45:00,1,2.0,2026-08-08 20:55:00,2026-08-08 20:55:00,False
71,2026-08-08 21:00:00,3,4.0,2026-08-08 21:04:00,2026-08-08 21:10:00,False
71,2026-08-08 21:15:00,0,,,,True
71,2026-08-08 21:30:00,0,,,,True
72,2026-08-07 23:45:00,3,5.0,2026-08-07 23:55:00,2026-08-07 23:59:00,False
72,2026-08-08 00:00:00,5,13.0,2026-08-08 00:01:00,2026-08-08 00:13:00,False
72,2026-08-08 00:15:00,5,9.0,2026-08-08 00:15:00,2026-08-08 00:29:00,False
72,2026-08-08 00:30:00,7,12.0,2026-08-08 00:31:00,2026-08-08 00:44:00,False
72,2026-08-08 00:45:00,4,4.0,2026-08-08 00:48:00,2026-08-08 00:59:00,False
72,2026-08-08 01:00:00,1,1.0,2026-08-08 01:14:00,2026-08-08 01:14:00,False
72,2026-08-08 01:15:00,3,4.0,2026-08-08 01:22:00,2026-08-08 01:29:00,False
72,2026-08-08 01:30:00,3,5.0,2026-08-08 01:30:00,2026-08-08 01:43:00,False
72,2026-08-08 01:45:00,1,1.0,2026-08-08 01:53:00,2026-08-08 01:53:00,False
72,2026-08-08 02:00:00,1,1.0,2026-08-08 02:02:00,2026-08-08 02:02:00,False
72,2026-08-08 02:15:00,0,,,,True
72,2026-08-08 02:30:00,1,1.0,2026-08-08 02:39:00,2026-08-08 02:39:00,False
72,2026-08-08 02:45:00,0,,,,True
72,2026-08-08 03:00:00,0,,,,True
72,2026-08-08 03:15:00,0,,,,True
72,2026-08-08 03:30:00,1,1.0,2026-08-08 03:40:00,2026-08-08 03:40:00,False
72,2026-08-08 03:45:00,1,3.0,2026-08-08 03:57:00,2026-08-08 03:57:00,False
72,2026-08-08 04:00:00,1,2.0,2026-08-08 04:04:00,2026-08-08 04:04:00,False
72,2026-08-08 04:15:00,4,7.0,2026-08-08 04:15:00,2026-08-08 04:24:00,False
72,2026-08-08 04:30:00,0,,,,True
72,2026-08-08 04:45:00,0,,,,True
72,2026-08-08 05:00:00,3,3.0,2026-08-08 05:05:00,2026-08-08 05:12:00,False
72,2026-08-08 05:15:00,3,3.0,2026-08-08 05:19:00,2026-08-08 05:29:00,False
72,2026-08-08 05:30:00,2,2.0,2026-08-08 05:37:00,2026-08-08 05:44:00,False
72,2026-08-08 05:45:00,7,11.0,2026-08-08 05:47:00,2026-08-08 05:58:00,False
72,2026-08-08 06:00:00,6,9.0,2026-08-08 06:02:00,2026-08-08 06:10:00,False
72,2026-08-08 06:15:00,5,10.0,2026-08-08 06:16:00,2026-08-08 06:24:00,False
72,2026-08-08 06:30:00,7,12.0,2026-08-08 06:30:00,2026-08-08 06:41:00,False
72,2026-08-08 06:45:00,8,15.0,2026-08-08 06:48:00,2026-08-08 06:59:00,False
72,2026-08-08 07:00:00,6,13.0,2026-08-08 07:00:00,2026-08-08 07:13:00,False
72,2026-08-08 07:15:00,10,23.0,2026-08-08 07:15:00,2026-08-08 07:28:00,False
72,2026-08-08 07:30:00,11,64.0,2026-08-08 07:30:00,2026-08-08 07:44:00,False
72,2026-08-08 07:45:00,7,16.0,2026-08-08 07:45:00,2026-08-08 07:56:00,False
72,2026-08-08 08:00:00,9,12.0,2026-08-08 08:03:00,2026-08-08 08:14:00,False
72,2026-08-08 08:15:00,11,24.0,2026-08-08 08:16:00,2026-08-08 08:29:00,False
72,2026-08-08 08:30:00,13,39.0,2026-08-08 08:30:00,2026-08-08 08:44:00,False
72,2026-08-08 08:45:00,11,29.0,2026-08-08 08:45:00,2026-08-08 08:59:00,False
72,2026-08-08 09:00:00,11,24.0,2026-08-08 09:00:00,2026-08-08 09:14:00,False
72,2026-08-08 09:15:00,15,51.0,2026-08-08 09:15:00,2026-08-08 09:29:00,False
72,2026-08-08 09:30:00,13,67.0,2026-08-08 09:30:00,2026-08-08 09:44:00,False
72,2026-08-08 09:45:00,12,34.0,2026-08-08 09:45:00,2026-08-08 09:58:00,False
72,2026-08-08 10:00:00,12,43.0,2026-08-08 10:00:00,2026-08-08 10:14:00,False
72,2026-08-08 10:15:00,14,56.0,2026-08-08 10:15:00,2026-08-08 10:29:00,False
72,2026-08-08 10:30:00,11,43.0,2026-08-08 10:30:00,2026-08-08 10:43:00,False
72,2026-08-08 10:45:00,13,77.0,2026-08-08 10:46:00,2026-08-08 10:59:00,False
72,2026-08-08 11:00:00,10,62.0,2026-08-08 11:00:00,2026-08-08 11:14:00,False
72,2026-08-08 11:15:00,15,74.0,2026-08-08 11:15:00,2026-08-08 11:29:00,False
72,2026-08-08 11:30:00,14,90.0,2026-08-08 11:30:00,2026-08-08 11:44:00,False
72,2026-08-08 11:45:00,15,101.0,2026-08-08 11:45:00,2026-08-08 11:59:00,False
72,2026-08-08 12:00:00,14,93.0,2026-08-08 12:00:00,2026-08-08 12:14:00,False
72,2026-08-08 12:15:00,15,138.0,2026-08-08 12:15:00,2026-08-08 12:29:00,False
72,2026-08-08 12:30:00,15,137.0,2026-08-08 12:30:00,2026-08-08 12:44:00,False
72,2026-08-08 12:45:00,15,160.0,2026-08-08 12:45:00,2026-08-08 12:59:00,False
72,2026-08-08 13:00:00,15,154.0,2026-08-08 13:00:00,2026-08-08 13:14:00,False
72,2026-08-08 13:15:00,15,153.0,2026-08-08 13:15:00,2026-08-08 13:29:00,False
72,2026-08-08 13:30:00,15,155.0,2026-08-08 13:30:00,2026-08-08 13:44:00,False
72,2026-08-08 13:45:00,15,147.0,2026-08-08 13:45:00,2026-08-08 13:59:00,False
72,2026-08-08 14:00:00,15,102.0,2026-08-08 14:00:00,2026-08-08 14:14:00,False
72,2026-08-08 14:15:00,15,119.0,2026-08-08 14:15:00,2026-08-08 14:29:00,False
72,2026-08-08 14:30:00,15,227.0,2026-08-08 14:30:00,2026-08-08 14:44:00,False
72,2026-08-08 14:45:00,15,155.0,2026-08-08 14:45:00,2026-08-08 14:59:00,False
72,2026-08-08 15:00:00,15,172.0,2026-08-08 15:00:00,2026-08-08 15:14:00,False
72,2026-08-08 15:15:00,15,134.0,2026-08-08 15:15:00,2026-08-08 15:29:00,False
72,2026-08-08 15:30:00,15,167.0,2026-08-08 15:30:00,2026-08-08 15:44:00,False
72,2026-08-08 15:45:00,15,173.0,2026-08-08 15:45:00,2026-08-08 15:59:00,False
72,2026-08-08 16:00:00,13,151.0,2026-08-08 16:00:00,2026-08-08 16:14:00,False
72,2026-08-08 16:15:00,15,459.0,2026-08-08 16:15:00,2026-08-08 16:29:00,False
72,2026-08-08 16:30:00,15,255.0,2026-08-08 16:30:00,2026-08-08 16:44:00,False
72,2026-08-08 16:45:00,15,211.0,2026-08-08 16:45:00,2026-08-08 16:59:00,False
72,2026-08-08 17:00:00,15,190.0,2026-08-08 17:00:00,2026-08-08 17:14:00,False
72,2026-08-08 17:15:00,15,125.0,2026-08-08 17:15:00,2026-08-08 17:29:00,False
72,2026-08-08 17:30:00,15,171.0,2026-08-08 17:30:00,2026-08-08 17:44:00,False
72,2026-08-08 17:45:00,15,148.0,2026-08-08 17:45:00,2026-08-08 17:59:00,False
72,2026-08-08 18:00:00,14,156.0,2026-08-08 18:00:00,2026-08-08 18:14:00,False
72,2026-08-08 18:15:00,14,85.0,2026-08-08 18:15:00,2026-08-08 18:29:00,False
72,2026-08-08 18:30:00,13,62.0,2026-08-08 18:30:00,2026-08-08 18:44:00,False
72,2026-08-08 18:45:00,14,37.0,2026-08-08 18:45:00,2026-08-08 18:59:00,False
72,2026-08-08 19:00:00,11,29.0,2026-08-08 19:00:00,2026-08-08 19:14:00,False
72,2026-08-08 19:15:00,12,36.0,2026-08-08 19:15:00,2026-08-08 19:29:00,False
72,2026-08-08 19:30:00,12,38.0,2026-08-08 19:30:00,2026-08-08 19:44:00,False
72,2026-08-08 19:45:00,13,47.0,2026-08-08 19:45:00,2026-08-08 19:59:00,False
72,2026-08-08 20:00:00,11,52.0,2026-08-08 20:00:00,2026-08-08 20:14:00,False
72,2026-08-08 20:15:00,13,57.0,2026-08-08 20:16:00,2026-08-08 20:29:00,False
72,2026-08-08 20:30:00,11,29.0,2026-08-08 20:30:00,2026-08-08 20:42:00,False
72,2026-08-08 20:45:00,11,30.0,2026-08-08 20:45:00,2026-08-08 20:59:00,False
72,2026-08-08 21:00:00,6,17.0,2026-08-08 21:00:00,2026-08-08 21:13:00,False
72,2026-08-08 21:15:00,9,35.0,2026-08-08 21:15:00,2026-08-08 21:29:00,False
72,2026-08-08 21:30:00,3,5.0,2026-08-08 21:30:00,2026-08-08 21:32:00,False
75,2026-08-07 23:45:00,3,5.0,2026-08-07 23:55:00,2026-08-07 23:59:00,False
75,2026-08-08 00:00:00,4,5.0,2026-08-08 00:06:00,2026-08-08 00:14:00,False
75,2026-08-08 00:15:00,1,1.0,2026-08-08 00:16:00,2026-08-08 00:16:00,False
75,2026-08-08 00:30:00,2,3.0,2026-08-08 00:36:00,2026-08-08 00:41:00,False
75,2026-08-08 00:45:00,0,,,,True
75,2026-08-08 01:00:00,2,2.0,2026-08-08 01:06:00,2026-08-08 01:07:00,False
75,2026-08-08 01:15:00,0,,,,True
75,2026-08-08 01:30:00,0,,,,True
75,2026-08-08 01:45:00,0,,,,True
75,2026-08-08 02:00:00,0,,,,True
75,2026-08-08 02:15:00,0,,,,True
75,2026-08-08 02:30:00,0,,,,True
75,2026-08-08 02:45:00,0,,,,True
75,2026-08-08 03:00:00,2,4.0,2026-08-08 03:00:00,2026-08-08 03:08:00,False
75,2026-08-08 03:15:00,2,2.0,2026-08-08 03:16:00,2026-08-08 03:24:00,False
75,2026-08-08 03:30:00,1,1.0,2026-08-08 03:41:00,2026-08-08 03:41:00,False
75,2026-08-08 03:45:00,0,,,,True
75,2026-08-08 04:00:00,0,,,,True
75,2026-08-08 04:15:00,1,1.0,2026-08-08 04:19:00,2026-08-08 04:19:00,False
75,2026-08-08 04:30:00,0,,,,True
75,2026-08-08 04:45:00,0,,,,True
75,2026-08-08 05:00:00,0,,,,True
75,2026-08-08 05:15:00,2,2.0,2026-08-08 05:21:00,2026-08-08 05:27:00,False
75,2026-08-08 05:30:00,2,3.0,2026-08-08 05:33:00,2026-08-08 05:34:00,False
75,2026-08-08 05:45:00,3,4.0,2026-08-08 05:48:00,2026-08-08 05:59:00,False
75,2026-08-08 06:00:00,4,5.0,2026-08-08 06:00:00,2026-08-08 06:12:00,False
75,2026-08-08 06:15:00,1,1.0,2026-08-08 06:18:00,2026-08-08 06:18:00,False
75,2026-08-08 06:30:00,3,3.0,2026-08-08 06:30:00,2026-08-08 06:43:00,False
75,2026-08-08 06:45:00,2,3.0,2026-08-08 06:54:00,2026-08-08 06:55:00,False
75,2026-08-08 07:00:00,3,5.0,2026-08-08 07:04:00,2026-08-08 07:13:00,False
75,2026-08-08 07:15:00,5,9.0,2026-08-08 07:15:00,2026-08-08 07:28:00,False
75,2026-08-08 07:30:00,5,11.0,2026-08-08 07:34:00,2026-08-08 07:43:00,False
75,2026-08-08 07:45:00,9,10.0,2026-08-08 07:45:00,2026-08-08 07:59:00,False
75,2026-08-08 08:00:00,7,13.0,2026-08-08 08:01:00,2026-08-08 08:12:00,False
75,2026-08-08 08:15:00,5,8.0,2026-08-08 08:16:00,2026-08-08 08:23:00,False
75,2026-08-08 08:30:00,8,10.0,2026-08-08 08:34:00,2026-08-08 08:44:00,False
75,2026-08-08 08:45:00,9,16.0,2026-08-08 08:46:00,2026-08-08 08:59:00,False
75,2026-08-08 09:00:00,7,9.0,2026-08-08 09:00:00,2026-08-08 09:14:00,False
75,2026-08-08 09:15:00,8,13.0,2026-08-08 09:15:00,2026-08-08 09:29:00,False
75,2026-08-08 09:30:00,5,8.0,2026-08-08 09:31:00,2026-08-08 09:41:00,False
75,2026-08-08 09:45:00,6,18.0,2026-08-08 09:45:00,2026-08-08 09:57:00,False
75,2026-08-08 10:00:00,8,14.0,2026-08-08 10:01:00,2026-08-08 10:14:00,False
75,2026-08-08 10:15:00,8,21.0,2026-08-08 10:15:00,2026-08-08 10:29:00,False
75,2026-08-08 10:30:00,9,25.0,2026-08-08 10:31:00,2026-08-08 10:43:00,False
75,2026-08-08 10:45:00,6,11.0,2026-08-08 10:48:00,2026-08-08 10:55:00,False
75,2026-08-08 11:00:00,10,15.0,2026-08-08 11:02:00,2026-08-08 11:13:00,False
75,2026-08-08 11:15:00,11,19.0,2026-08-08 11:15:00,2026-08-08 11:29:00,False
75,2026-08-08 11:30:00,10,35.0,2026-08-08 11:30:00,2026-08-08 11:42:00,False
75,2026-08-08 11:45:00,10,23.0,2026-08-08 11:45:00,2026-08-08 11:58:00,False
75,2026-08-08 12:00:00,13,40.0,2026-08-08 12:00:00,2026-08-08 12:14:00,False
75,2026-08-08 12:15:00,12,60.0,2026-08-08 12:15:00,2026-08-08 12:29:00,False
75,2026-08-08 12:30:00,14,40.0,2026-08-08 12:30:00,2026-08-08 12:44:00,False
75,2026-08-08 12:45:00,12,47.0,2026-08-08 12:45:00,2026-08-08 12:59:00,False
75,2026-08-08 13:00:00,12,63.0,2026-08-08 13:00:00,2026-08-08 13:14:00,False
75,2026-08-08 13:15:00,7,33.0,2026-08-08 13:16:00,2026-08-08 13:29:00,False
75,2026-08-08 13:30:00,11,25.0,2026-08-08 13:31:00,2026-08-08 13:41:00,False
75,2026-08-08 13:45:00,10,15.0,2026-08-08 13:45:00,2026-08-08 13:58:00,False
75,2026-08-08 14:00:00,11,37.0,2026-08-08 14:02:00,2026-08-08 14:14:00,False
75,2026-08-08 14:15:00,9,28.0,2026-08-08 14:15:00,2026-08-08 14:29:00,False
75,2026-08-08 14:30:00,13,33.0,2026-08-08 14:30:00,2026-08-08 14:43:00,False
75,2026-08-08 14:45:00,6,11.0,2026-08-08 14:46:00,2026-08-08 14:59:00,False
75,2026-08-08 15:00:00,9,20.0,2026-08-08 15:02:00,2026-08-08 15:14:00,False
75,2026-08-08 15:15:00,8,17.0,2026-08-08 15:15:00,2026-08-08 15:29:00,False
75,2026-08-08 15:30:00,7,26.0,2026-08-08 15:30:00,2026-08-08 15:43:00,False
75,2026-08-08 15:45:00,9,26.0,2026-08-08 15:45:00,2026-08-08 15:59:00,False
75,2026-08-08 16:00:00,11,41.0,2026-08-08 16:01:00,2026-08-08 16:14:00,False
75,2026-08-08 16:15:00,14,83.0,2026-08-08 16:15:00,2026-08-08 16:29:00,False
75,2026-08-08 16:30:00,14,46.0,2026-08-08 16:30:00,2026-08-08 16:44:00,False
75,2026-08-08 16:45:00,12,37.0,2026-08-08 16:45:00,2026-08-08 16:57:00,False
75,2026-08-08 17:00:00,9,35.0,2026-08-08 17:04:00,2026-08-08 17:14:00,False
75,2026-08-08 17:15:00,8,18.0,2026-08-08 17:15:00,2026-08-08 17:29:00,False
75,2026-08-08 17:30:00,13,34.0,2026-08-08 17:30:00,2026-08-08 17:44:00,False
75,2026-08-08 17:45:00,11,23.0,2026-08-08 17:45:00,2026-08-08 17:58:00,False
75,2026-08-08 18:00:00,9,23.0,2026-08-08 18:03:00,2026-08-08 18:12:00,False
75,2026-08-08 18:15:00,3,3.0,2026-08-08 18:15:00,2026-08-08 18:26:00,False
75,2026-08-08 18:30:00,4,7.0,2026-08-08 18:32:00,2026-08-08 18:41:00,False
75,2026-08-08 18:45:00,3,4.0,2026-08-08 18:48:00,2026-08-08 18:58:00,False
75,2026-08-08 19:00:00,6,7.0,2026-08-08 19:00:00,2026-08-08 19:14:00,False
75,2026-08-08 19:15:00,0,,,,True
75,2026-08-08 19:30:00,5,10.0,2026-08-08 19:33:00,2026-08-08 19:43:00,False
75,2026-08-08 19:45:00,4,6.0,2026-08-08 19:51:00,2026-08-08 19:56:00,False
75,2026-08-08 20:00:00,7,8.0,2026-08-08 20:01:00,2026-08-08 20:12:00,False
75,2026-08-08 20:15:00,4,7.0,2026-08-08 20:18:00,2026-08-08 20:27:00,False
75,2026-08-08 20:30:00,6,6.0,2026-08-08 20:32:00,2026-08-08 20:42:00,False
75,2026-08-08 20:45:00,2,3.0,2026-08-08 20:49:00,2026-08-08 20:50:00,False
75,2026-08-08 21:00:00,4,6.0,2026-08-08 21:01:00,2026-08-08 21:09:00,False
75,2026-08-08 21:15:00,2,4.0,2026-08-08 21:20:00,2026-08-08 21:25:00,False
75,2026-08-08 21:30:00,2,6.0,2026-08-08 21:31:00,2026-08-08 21:32:00,False
76,2026-08-07 23:45:00,1,1.0,2026-08-07 23:55:00,2026-08-07 23:55:00,False
76,2026-08-08 00:00:00,0,,,,True
76,2026-08-08 00:15:00,0,,,,True
76,2026-08-08 00:30:00,1,2.0,2026-08-08 00:39:00,2026-08-08 00:39:00,False
76,2026-08-08 00:45:00,1,1.0,2026-08-08 00:47:00,2026-08-08 00:47:00,False
76,2026-08-08 01:00:00,0,,,,True
76,2026-08-08 01:15:00,1,1.0,2026-08-08 01:17:00,2026-08-08 01:17:00,False
76,2026-08-08 01:30:00,0,,,,True
76,2026-08-08 01:45:00,0,,,,True
76,2026-08-08 02:00:00,0,,,,True
76,2026-08-08 02:15:00,0,,,,True
76,2026-08-08 02:30:00,0,,,,True
76,2026-08-08 02:45:00,1,1.0,2026-08-08 02:52:00,2026-08-08 02:52:00,False
76,2026-08-08 03:00:00,0,,,,True
76,2026-08-08 03:15:00,0,,,,True
76,2026-08-08 03:30:00,0,,,,True
76,2026-08-08 03:45:00,0,,,,True
76,2026-08-08 04:00:00,0,,,,True
76,2026-08-08 04:15:00,2,2.0,2026-08-08 04:21:00,2026-08-08 04:27:00,False
76,2026-08-08 04:30:00,0,,,,True
76,2026-08-08 04:45:00,0,,,,True
76,2026-08-08 05:00:00,0,,,,True
76,2026-08-08 05:15:00,0,,,,True
76,2026-08-08 05:30:00,1,1.0,2026-08-08 05:30:00,2026-08-08 05:30:00,False
76,2026-08-08 05:45:00,0,,,,True
76,2026-08-08 06:00:00,1,1.0,2026-08-08 06:11:00,2026-08-08 06:11:00,False
76,2026-08-08 06:15:00,0,,,,True
76,2026-08-08 06:30:00,3,3.0,2026-08-08 06:36:00,2026-08-08 06:41:00,False
76,2026-08-08 06:45:00,2,2.0,2026-08-08 06:52:00,2026-08-08 06:53:00,False
76,2026-08-08 07:00:00,4,7.0,2026-08-08 07:03:00,2026-08-08 07:10:00,False
76,2026-08-08 07:15:00,6,8.0,2026-08-08 07:16:00,2026-08-08 07:28:00,False
76,2026-08-08 07:30:00,8,10.0,2026-08-08 07:30:00,2026-08-08 07:43:00,False
76,2026-08-08 07:45:00,9,10.0,2026-08-08 07:46:00,2026-08-08 07:59:00,False
76,2026-08-08 08:00:00,10,11.0,2026-08-08 08:00:00,2026-08-08 08:14:00,False
76,2026-08-08 08:15:00,8,12.0,2026-08-08 08:15:00,2026-08-08 08:29:00,False
76,2026-08-08 08:30:00,7,9.0,2026-08-08 08:30:00,2026-08-08 08:43:00,False
76,2026-08-08 08:45:00,11,18.0,2026-08-08 08:45:00,2026-08-08 08:59:00,False
76,2026-08-08 09:00:00,9,19.0,2026-08-08 09:01:00,2026-08-08 09:13:00,False
76,2026-08-08 09:15:00,13,26.0,2026-08-08 09:15:00,2026-08-08 09:29:00,False
76,2026-08-08 09:30:00,13,34.0,2026-08-08 09:31:00,2026-08-08 09:44:00,False
76,2026-08-08 09:45:00,11,33.0,2026-08-08 09:46:00,2026-08-08 09:59:00,False
76,2026-08-08 10:00:00,15,49.0,2026-08-08 10:00:00,2026-08-08 10:14:00,False
76,2026-08-08 10:15:00,11,37.0,2026-08-08 10:15:00,2026-08-08 10:29:00,False
76,2026-08-08 10:30:00,13,28.0,2026-08-08 10:30:00,2026-08-08 10:43:00,False
76,2026-08-08 10:45:00,12,42.0,2026-08-08 10:45:00,2026-08-08 10:58:00,False
76,2026-08-08 11:00:00,15,45.0,2026-08-08 11:00:00,2026-08-08 11:14:00,False
76,2026-08-08 11:15:00,12,45.0,2026-08-08 11:15:00,2026-08-08 11:26:00,False
76,2026-08-08 11:30:00,12,46.0,2026-08-08 11:31:00,2026-08-08 11:43:00,False
76,2026-08-08 11:45:00,13,38.0,2026-08-08 11:45:00,2026-08-08 11:59:00,False
76,2026-08-08 12:00:00,14,28.0,2026-08-08 12:00:00,2026-08-08 12:14:00,False
76,2026-08-08 12:15:00,12,32.0,2026-08-08 12:15:00,2026-08-08 12:29:00,False
76,2026-08-08 12:30:00,12,35.0,2026-08-08 12:30:00,2026-08-08 12:43:00,False
76,2026-08-08 12:45:00,13,39.0,2026-08-08 12:45:00,2026-08-08 12:59:00,False
76,2026-08-08 13:00:00,12,37.0,2026-08-08 13:01:00,2026-08-08 13:13:00,False
76,2026-08-08 13:15:00,13,37.0,2026-08-08 13:15:00,2026-08-08 13:29:00,False
76,2026-08-08 13:30:00,13,30.0,2026-08-08 13:30:00,2026-08-08 13:44:00,False
76,2026-08-08 13:45:00,10,30.0,2026-08-08 13:45:00,2026-08-08 13:57:00,False
76,2026-08-08 14:00:00,12,29.0,2026-08-08 14:00:00,2026-08-08 14:14:00,False
76,2026-08-08 14:15:00,10,31.0,2026-08-08 14:15:00,2026-08-08 14:29:00,False
76,2026-08-08 14:30:00,10,22.0,2026-08-08 14:30:00,2026-08-08 14:44:00,False
76,2026-08-08 14:45:00,13,30.0,2026-08-08 14:45:00,2026-08-08 14:59:00,False
76,2026-08-08 15:00:00,13,41.0,2026-08-08 15:00:00,2026-08-08 15:14:00,False
76,2026-08-08 15:15:00,10,22.0,2026-08-08 15:16:00,2026-08-08 15:29:00,False
76,2026-08-08 15:30:00,12,25.0,2026-08-08 15:30:00,2026-08-08 15:44:00,False
76,2026-08-08 15:45:00,9,20.0,2026-08-08 15:45:00,2026-08-08 15:58:00,False
76,2026-08-08 16:00:00,11,29.0,2026-08-08 16:00:00,2026-08-08 16:14:00,False
76,2026-08-08 16:15:00,11,23.0,2026-08-08 16:15:00,2026-08-08 16:29:00,False
76,2026-08-08 16:30:00,10,20.0,2026-08-08 16:30:00,2026-08-08 16:44:00,False
76,2026-08-08 16:45:00,12,20.0,2026-08-08 16:45:00,2026-08-08 16:59:00,False
76,2026-08-08 17:00:00,11,25.0,2026-08-08 17:00:00,2026-08-08 17:14:00,False
76,2026-08-08 17:15:00,13,36.0,2026-08-08 17:15:00,2026-08-08 17:29:00,False
76,2026-08-08 17:30:00,15,35.0,2026-08-08 17:30:00,2026-08-08 17:44:00,False
76,2026-08-08 17:45:00,11,20.0,2026-08-08 17:45:00,2026-08-08 17:59:00,False
76,2026-08-08 18:00:00,10,28.0,2026-08-08 18:00:00,2026-08-08 18:13:00,False
76,2026-08-08 18:15:00,11,22.0,2026-08-08 18:15:00,2026-08-08 18:28:00,False
76,2026-08-08 18:30:00,3,5.0,2026-08-08 18:32:00,2026-08-08 18:37:00,False
76,2026-08-08 18:45:00,9,13.0,2026-08-08 18:45:00,2026-08-08 18:58:00,False
76,2026-08-08 19:00:00,6,13.0,2026-08-08 19:00:00,2026-08-08 19:11:00,False
76,2026-08-08 19:15:00,7,14.0,2026-08-08 19:15:00,2026-08-08 19:29:00,False
76,2026-08-08 19:30:00,6,8.0,2026-08-08 19:33:00,2026-08-08 19:44:00,False
76,2026-08-08 19:45:00,4,7.0,2026-08-08 19:52:00,2026-08-08 19:58:00,False
76,2026-08-08 20:00:00,7,11.0,2026-08-08 20:00:00,2026-08-08 20:12:00,False
76,2026-08-08 20:15:00,4,6.0,2026-08-08 20:15:00,2026-08-08 20:29:00,False
76,2026-08-08 20:30:00,5,9.0,2026-08-08 20:33:00,2026-08-08 20:44:00,False
76,2026-08-08 20:45:00,5,8.0,2026-08-08 20:46:00,2026-08-08 20:59:00,False
76,2026-08-08 21:00:00,3,3.0,2026-08-08 21:00:00,2026-08-08 21:12:00,False
76,2026-08-08 21:15:00,4,8.0,2026-08-08 21:16:00,2026-08-08 21:29:00,False
76,2026-08-08 21:30:00,2,2.0,2026-08-08 21:32:00,2026-08-08 21:34:00,False
77,2026-08-07 23:45:00,1,7.0,2026-08-07 23:55:00,2026-08-07 23:55:00,False
77,2026-08-08 00:00:00,3,12.0,2026-08-08 00:00:00,2026-08-08 00:10:00,False
77,2026-08-08 00:15:00,3,19.0,2026-08-08 00:15:00,2026-08-08 00:25:00,False
77,2026-08-08 00:30:00,3,17.0,2026-08-08 00:30:00,2026-08-08 00:40:00,False
77,2026-08-08 00:45:00,3,11.0,2026-08-08 00:45:00,2026-08-08 00:55:00,False
77,2026-08-08 01:00:00,3,15.0,2026-08-08 01:00:00,2026-08-08 01:10:00,False
77,2026-08-08 01:15:00,2,7.0,2026-08-08 01:15:00,2026-08-08 01:25:00,False
77,2026-08-08 01:30:00,3,6.0,2026-08-08 01:30:00,2026-08-08 01:40:00,False
77,2026-08-08 01:45:00,1,3.0,2026-08-08 01:55:00,2026-08-08 01:55:00,False
77,2026-08-08 02:00:00,2,4.0,2026-08-08 02:00:00,2026-08-08 02:05:00,False
77,2026-08-08 02:15:00,2,4.0,2026-08-08 02:20:00,2026-08-08 02:25:00,False
77,2026-08-08 02:30:00,2,3.0,2026-08-08 02:30:00,2026-08-08 02:40:00,False
77,2026-08-08 02:45:00,1,2.0,2026-08-08 02:45:00,2026-08-08 02:45:00,False
77,2026-08-08 03:00:00,1,1.0,2026-08-08 03:10:00,2026-08-08 03:10:00,False
77,2026-08-08 03:15:00,2,2.0,2026-08-08 03:20:00,2026-08-08 03:25:00,False
77,2026-08-08 03:30:00,2,4.0,2026-08-08 03:30:00,2026-08-08 03:40:00,False
77,2026-08-08 03:45:00,0,,,,True
77,2026-08-08 04:00:00,3,3.0,2026-08-08 04:00:00,2026-08-08 04:10:00,False
77,2026-08-08 04:15:00,0,,,,True
77,2026-08-08 04:30:00,1,1.0,2026-08-08 04:30:00,2026-08-08 04:30:00,False
77,2026-08-08 04:45:00,0,,,,True
77,2026-08-08 05:00:00,2,3.0,2026-08-08 05:05:00,2026-08-08 05:10:00,False
77,2026-08-08 05:15:00,1,1.0,2026-08-08 05:15:00,2026-08-08 05:15:00,False
77,2026-08-08 05:30:00,2,2.0,2026-08-08 05:35:00,2026-08-08 05:40:00,False
77,2026-08-08 05:45:00,3,7.0,2026-08-08 05:45:00,2026-08-08 05:55:00,False
77,2026-08-08 06:00:00,2,3.0,2026-08-08 06:00:00,2026-08-08 06:05:00,False
77,2026-08-08 06:15:00,3,6.0,2026-08-08 06:15:00,2026-08-08 06:25:00,False
77,2026-08-08 06:30:00,3,15.0,2026-08-08 06:30:00,2026-08-08 06:40:00,False
77,2026-08-08 06:45:00,3,12.0,2026-08-08 06:45:00,2026-08-08 06:55:00,False
77,2026-08-08 07:00:00,3,16.0,2026-08-08 07:00:00,2026-08-08 07:10:00,False
77,2026-08-08 07:15:00,3,29.0,2026-08-08 07:15:00,2026-08-08 07:25:00,False
77,2026-08-08 07:30:00,3,27.0,2026-08-08 07:30:00,2026-08-08 07:40:00,False
77,2026-08-08 07:45:00,3,31.0,2026-08-08 07:45:00,2026-08-08 07:55:00,False
77,2026-08-08 08:00:00,3,42.0,2026-08-08 08:00:00,2026-08-08 08:10:00,False
77,2026-08-08 08:15:00,3,51.0,2026-08-08 08:15:00,2026-08-08 08:25:00,False
77,2026-08-08 08:30:00,3,65.0,2026-08-08 08:30:00,2026-08-08 08:40:00,False
77,2026-08-08 08:45:00,3,74.0,2026-08-08 08:45:00,2026-08-08 08:55:00,False
77,2026-08-08 09:00:00,3,50.0,2026-08-08 09:00:00,2026-08-08 09:10:00,False
77,2026-08-08 09:15:00,3,47.0,2026-08-08 09:15:00,2026-08-08 09:25:00,False
77,2026-08-08 09:30:00,3,69.0,2026-08-08 09:30:00,2026-08-08 09:40:00,False
77,2026-08-08 09:45:00,3,68.0,2026-08-08 09:45:00,2026-08-08 09:55:00,False
77,2026-08-08 10:00:00,3,75.0,2026-08-08 10:00:00,2026-08-08 10:10:00,False
77,2026-08-08 10:15:00,3,66.0,2026-08-08 10:15:00,2026-08-08 10:25:00,False
77,2026-08-08 10:30:00,3,66.0,2026-08-08 10:30:00,2026-08-08 10:40:00,False
77,2026-08-08 10:45:00,3,79.0,2026-08-08 10:45:00,2026-08-08 10:55:00,False
77,2026-08-08 11:00:00,3,74.0,2026-08-08 11:00:00,2026-08-08 11:10:00,False
77,2026-08-08 11:15:00,3,99.0,2026-08-08 11:15:00,2026-08-08 11:25:00,False
77,2026-08-08 11:30:00,3,89.0,2026-08-08 11:30:00,2026-08-08 11:40:00,False
77,2026-08-08 11:45:00,3,124.0,2026-08-08 11:45:00,2026-08-08 11:55:00,False
77,2026-08-08 12:00:00,3,107.0,2026-08-08 12:00:00,2026-08-08 12:10:00,False
77,2026-08-08 12:15:00,3,76.0,2026-08-08 12:15:00,2026-08-08 12:25:00,False
77,2026-08-08 12:30:00,3,87.0,2026-08-08 12:30:00,2026-08-08 12:40:00,False
77,2026-08-08 12:45:00,3,78.0,2026-08-08 12:45:00,2026-08-08 12:55:00,False
77,2026-08-08 13:00:00,3,80.0,2026-08-08 13:00:00,2026-08-08 13:10:00,False
77,2026-08-08 13:15:00,3,70.0,2026-08-08 13:15:00,2026-08-08 13:25:00,False
77,2026-08-08 13:30:00,3,79.0,2026-08-08 13:30:00,2026-08-08 13:40:00,False
77,2026-08-08 13:45:00,3,83.0,2026-08-08 13:45:00,2026-08-08 13:55:00,False
77,2026-08-08 14:00:00,3,110.0,2026-08-08 14:00:00,2026-08-08 14:10:00,False
77,2026-08-08 14:15:00,3,124.0,2026-08-08 14:15:00,2026-08-08 14:25:00,False
77,2026-08-08 14:30:00,3,88.0,2026-08-08 14:30:00,2026-08-08 14:40:00,False
77,2026-08-08 14:45:00,3,68.0,2026-08-08 14:45:00,2026-08-08 14:55:00,False
77,2026-08-08 15:00:00,3,81.0,2026-08-08 15:00:00,2026-08-08 15:10:00,False
77,2026-08-08 15:15:00,3,94.0,2026-08-08 15:15:00,2026-08-08 15:25:00,False
77,2026-08-08 15:30:00,3,53.0,2026-08-08 15:30:00,2026-08-08 15:40:00,False
77,2026-08-08 15:45:00,3,78.0,2026-08-08 15:45:00,2026-08-08 15:55:00,False
77,2026-08-08 16:00:00,3,72.0,2026-08-08 16:00:00,2026-08-08 16:10:00,False
77,2026-08-08 16:15:00,3,113.0,2026-08-08 16:15:00,2026-08-08 16:25:00,False
77,2026-08-08 16:30:00,3,123.0,2026-08-08 16:30:00,2026-08-08 16:40:00,False
77,2026-08-08 16:45:00,3,152.0,2026-08-08 16:45:00,2026-08-08 16:55:00,False
77,2026-08-08 17:00:00,3,163.0,2026-08-08 17:00:00,2026-08-08 17:10:00,False
77,2026-08-08 17:15:00,3,103.0,2026-08-08 17:15:00,2026-08-08 17:25:00,False
77,2026-08-08 17:30:00,3,114.0,2026-08-08 17:30:00,2026-08-08 17:40:00,False
77,2026-08-08 17:45:00,3,82.0,2026-08-08 17:45:00,2026-08-08 17:55:00,False
77,2026-08-08 18:00:00,3,86.0,2026-08-08 18:00:00,2026-08-08 18:10:00,False
77,2026-08-08 18:15:00,3,30.0,2026-08-08 18:15:00,2026-08-08 18:25:00,False
77,2026-08-08 18:30:00,3,30.0,2026-08-08 18:30:00,2026-08-08 18:40:00,False
77,2026-08-08 18:45:00,3,22.0,2026-08-08 18:45:00,2026-08-08 18:55:00,False
77,2026-08-08 19:00:00,3,19.0,2026-08-08 19:00:00,2026-08-08 19:10:00,False
77,2026-08-08 19:15:00,3,19.0,2026-08-08 19:15:00,2026-08-08 19:25:00,False
77,2026-08-08 19:30:00,3,15.0,2026-08-08 19:30:00,2026-08-08 19:40:00,False
77,2026-08-08 19:45:00,3,51.0,2026-08-08 19:45:00,2026-08-08 19:55:00,False
77,2026-08-08 20:00:00,3,72.0,2026-08-08 20:00:00,2026-08-08 20:10:00,False
77,2026-08-08 20:15:00,3,28.0,2026-08-08 20:15:00,2026-08-08 20:25:00,False
77,2026-08-08 20:30:00,3,24.0,2026-08-08 20:30:00,2026-08-08 20:40:00,False
77,2026-08-08 20:45:00,2,29.0,2026-08-08 20:50:00,2026-08-08 20:55:00,False
77,2026-08-08 21:00:00,3,14.0,2026-08-08 21:00:00,2026-08-08 21:10:00,False
77,2026-08-08 21:15:00,3,23.0,2026-08-08 21:15:00,2026-08-08 21:25:00,False
77,2026-08-08 21:30:00,0,,,,True
79,2026-08-07 23:45:00,5,26.0,2026-08-07 23:55:00,2026-08-07 23:59:00,False
79,2026-08-08 00:00:00,15,55.0,2026-08-08 00:00:00,2026-08-08 00:14:00,False
79,2026-08-08 00:15:00,10,24.0,2026-08-08 00:15:00,2026-08-08 00:28:00,False
79,2026-08-08 00:30:00,13,43.0,2026-08-08 00:30:00,2026-08-08 00:44:00,False
79,2026-08-08 00:45:00,12,43.0,2026-08-08 00:46:00,2026-08-08 00:59:00,False
79,2026-08-08 01:00:00,9,32.0,2026-08-08 01:01:00,2026-08-08 01:14:00,False
79,2026-08-08 01:15:00,12,36.0,2026-08-08 01:16:00,2026-08-08 01:28:00,False
79,2026-08-08 01:30:00,11,25.0,2026-08-08 01:31:00,2026-08-08 01:44:00,False
79,2026-08-08 01:45:00,13,40.0,2026-08-08 01:45:00,2026-08-08 01:59:00,False
79,2026-08-08 02:00:00,9,24.0,2026-08-08 02:00:00,2026-08-08 02:14:00,False
79,2026-08-08 02:15:00,7,21.0,2026-08-08 02:16:00,2026-08-08 02:27:00,False
79,2026-08-08 02:30:00,10,18.0,2026-08-08 02:30:00,2026-08-08 02:44:00,False
79,2026-08-08 02:45:00,8,16.0,2026-08-08 02:45:00,2026-08-08 02:59:00,False
79,2026-08-08 03:00:00,8,16.0,2026-08-08 03:00:00,2026-08-08 03:13:00,False
79,2026-08-08 03:15:00,11,21.0,2026-08-08 03:16:00,2026-08-08 03:29:00,False
79,2026-08-08 03:30:00,8,16.0,2026-08-08 03:30:00,2026-08-08 03:39:00,False
79,2026-08-08 03:45:00,8,12.0,2026-08-08 03:46:00,2026-08-08 03:55:00,False
79,2026-08-08 04:00:00,6,9.0,2026-08-08 04:00:00,2026-08-08 04:14:00,False
79,2026-08-08 04:15:00,4,5.0,2026-08-08 04:15:00,2026-08-08 04:28:00,False
79,2026-08-08 04:30:00,9,17.0,2026-08-08 04:31:00,2026-08-08 04:44:00,False
79,2026-08-08 04:45:00,4,7.0,2026-08-08 04:45:00,2026-08-08 04:53:00,False
79,2026-08-08 05:00:00,3,5.0,2026-08-08 05:02:00,2026-08-08 05:14:00,False
79,2026-08-08 05:15:00,6,7.0,2026-08-08 05:15:00,2026-08-08 05:26:00,False
79,2026-08-08 05:30:00,9,15.0,2026-08-08 05:30:00,2026-08-08 05:44:00,False
79,2026-08-08 05:45:00,10,13.0,2026-08-08 05:46:00,2026-08-08 05:59:00,False
79,2026-08-08 06:00:00,6,12.0,2026-08-08 06:01:00,2026-08-08 06:10:00,False
79,2026-08-08 06:15:00,7,17.0,2026-08-08 06:15:00,2026-08-08 06:29:00,False
79,2026-08-08 06:30:00,8,13.0,2026-08-08 06:31:00,2026-08-08 06:44:00,False
79,2026-08-08 06:45:00,10,18.0,2026-08-08 06:45:00,2026-08-08 06:57:00,False
79,2026-08-08 07:00:00,10,16.0,2026-08-08 07:01:00,2026-08-08 07:14:00,False
79,2026-08-08 07:15:00,11,29.0,2026-08-08 07:15:00,2026-08-08 07:29:00,False
79,2026-08-08 07:30:00,12,21.0,2026-08-08 07:30:00,2026-08-08 07:43:00,False
79,2026-08-08 07:45:00,8,18.0,2026-08-08 07:45:00,2026-08-08 07:59:00,False
79,2026-08-08 08:00:00,11,27.0,2026-08-08 08:00:00,2026-08-08 08:14:00,False
79,2026-08-08 08:15:00,13,30.0,2026-08-08 08:15:00,2026-08-08 08:29:00,False
79,2026-08-08 08:30:00,12,44.0,2026-08-08 08:30:00,2026-08-08 08:44:00,False
79,2026-08-08 08:45:00,12,43.0,2026-08-08 08:45:00,2026-08-08 08:58:00,False
79,2026-08-08 09:00:00,15,78.0,2026-08-08 09:00:00,2026-08-08 09:14:00,False
79,2026-08-08 09:15:00,15,72.0,2026-08-08 09:15:00,2026-08-08 09:29:00,False
79,2026-08-08 09:30:00,15,76.0,2026-08-08 09:30:00,2026-08-08 09:44:00,False
79,2026-08-08 09:45:00,15,121.0,2026-08-08 09:45:00,2026-08-08 09:59:00,False
79,2026-08-08 10:00:00,14,98.0,2026-08-08 10:00:00,2026-08-08 10:14:00,False
79,2026-08-08 10:15:00,15,108.0,2026-08-08 10:15:00,2026-08-08 10:29:00,False
79,2026-08-08 10:30:00,15,143.0,2026-08-08 10:30:00,2026-08-08 10:44:00,False
79,2026-08-08 10:45:00,15,146.0,2026-08-08 10:45:00,2026-08-08 10:59:00,False
79,2026-08-08 11:00:00,15,179.0,2026-08-08 11:00:00,2026-08-08 11:14:00,False
79,2026-08-08 11:15:00,15,211.0,2026-08-08 11:15:00,2026-08-08 11:29:00,False
79,2026-08-08 11:30:00,15,185.0,2026-08-08 11:30:00,2026-08-08 11:44:00,False
79,2026-08-08 11:45:00,15,227.0,2026-08-08 11:45:00,2026-08-08 11:59:00,False
79,2026-08-08 12:00:00,15,253.0,2026-08-08 12:00:00,2026-08-08 12:14:00,False
79,2026-08-08 12:15:00,15,265.0,2026-08-08 12:15:00,2026-08-08 12:29:00,False
79,2026-08-08 12:30:00,15,237.0,2026-08-08 12:30:00,2026-08-08 12:44:00,False
79,2026-08-08 12:45:00,15,259.0,2026-08-08 12:45:00,2026-08-08 12:59:00,False
79,2026-08-08 13:00:00,15,218.0,2026-08-08 13:00:00,2026-08-08 13:14:00,False
79,2026-08-08 13:15:00,15,208.0,2026-08-08 13:15:00,2026-08-08 13:29:00,False
79,2026-08-08 13:30:00,15,273.0,2026-08-08 13:30:00,2026-08-08 13:44:00,False
79,2026-08-08 13:45:00,15,211.0,2026-08-08 13:45:00,2026-08-08 13:59:00,False
79,2026-08-08 14:00:00,15,222.0,2026-08-08 14:00:00,2026-08-08 14:14:00,False
79,2026-08-08 14:15:00,15,216.0,2026-08-08 14:15:00,2026-08-08 14:29:00,False
79,2026-08-08 14:30:00,15,259.0,2026-08-08 14:30:00,2026-08-08 14:44:00,False
79,2026-08-08 14:45:00,15,215.0,2026-08-08 14:45:00,2026-08-08 14:59:00,False
79,2026-08-08 15:00:00,15,201.0,2026-08-08 15:00:00,2026-08-08 15:14:00,False
79,2026-08-08 15:15:00,15,216.0,2026-08-08 15:15:00,2026-08-08 15:29:00,False
79,2026-08-08 15:30:00,15,208.0,2026-08-08 15:30:00,2026-08-08 15:44:00,False
79,2026-08-08 15:45:00,15,303.0,2026-08-08 15:45:00,2026-08-08 15:59:00,False
79,2026-08-08 16:00:00,15,228.0,2026-08-08 16:00:00,2026-08-08 16:14:00,False
79,2026-08-08 16:15:00,15,450.0,2026-08-08 16:15:00,2026-08-08 16:29:00,False
79,2026-08-08 16:30:00,15,287.0,2026-08-08 16:30:00,2026-08-08 16:44:00,False
79,2026-08-08 16:45:00,15,270.0,2026-08-08 16:45:00,2026-08-08 16:59:00,False
79,2026-08-08 17:00:00,15,264.0,2026-08-08 17:00:00,2026-08-08 17:14:00,False
79,2026-08-08 17:15:00,15,225.0,2026-08-08 17:15:00,2026-08-08 17:29:00,False
79,2026-08-08 17:30:00,15,297.0,2026-08-08 17:30:00,2026-08-08 17:44:00,False
79,2026-08-08 17:45:00,15,265.0,2026-08-08 17:45:00,2026-08-08 17:59:00,False
79,2026-08-08 18:00:00,15,232.0,2026-08-08 18:00:00,2026-08-08 18:14:00,False
79,2026-08-08 18:15:00,15,203.0,2026-08-08 18:15:00,2026-08-08 18:29:00,False
79,2026-08-08 18:30:00,15,198.0,2026-08-08 18:30:00,2026-08-08 18:44:00,False
79,2026-08-08 18:45:00,15,263.0,2026-08-08 18:45:00,2026-08-08 18:59:00,False
79,2026-08-08 19:00:00,15,184.0,2026-08-08 19:00:00,2026-08-08 19:14:00,False
79,2026-08-08 19:15:00,15,169.0,2026-08-08 19:15:00,2026-08-08 19:29:00,False
79,2026-08-08 19:30:00,15,164.0,2026-08-08 19:30:00,2026-08-08 19:44:00,False
79,2026-08-08 19:45:00,15,185.0,2026-08-08 19:45:00,2026-08-08 19:59:00,False
79,2026-08-08 20:00:00,15,154.0,2026-08-08 20:00:00,2026-08-08 20:14:00,False
79,2026-08-08 20:15:00,15,174.0,2026-08-08 20:15:00,2026-08-08 20:29:00,False
79,2026-08-08 20:30:00,15,185.0,2026-08-08 20:30:00,2026-08-08 20:44:00,False
79,2026-08-08 20:45:00,15,149.0,2026-08-08 20:45:00,2026-08-08 20:59:00,False
79,2026-08-08 21:00:00,15,174.0,2026-08-08 21:00:00,2026-08-08 21:14:00,False
79,2026-08-08 21:15:00,15,138.0,2026-08-08 21:15:00,2026-08-08 21:29:00,False
79,2026-08-08 21:30:00,5,38.0,2026-08-08 21:30:00,2026-08-08 21:34:00,False
84,2026-08-07 23:45:00,1,36.0,2026-08-07 23:55:00,2026-08-07 23:55:00,False
84,2026-08-08 00:00:00,3,104.0,2026-08-08 00:00:00,2026-08-08 00:10:00,False
84,2026-08-08 00:15:00,3,103.0,2026-08-08 00:15:00,2026-08-08 00:25:00,False
84,2026-08-08 00:30:00,3,83.0,2026-08-08 00:30:00,2026-08-08 00:40:00,False
84,2026-08-08 00:45:00,3,77.0,2026-08-08 00:45:00,2026-08-08 00:55:00,False
84,2026-08-08 01:00:00,3,44.0,2026-08-08 01:00:00,2026-08-08 01:10:00,False
84,2026-08-08 01:15:00,3,76.0,2026-08-08 01:15:00,2026-08-08 01:25:00,False
84,2026-08-08 01:30:00,3,60.0,2026-08-08 01:30:00,2026-08-08 01:40:00,False
84,2026-08-08 01:45:00,3,45.0,2026-08-08 01:45:00,2026-08-08 01:55:00,False
84,2026-08-08 02:00:00,3,46.0,2026-08-08 02:00:00,2026-08-08 02:10:00,False
84,2026-08-08 02:15:00,3,34.0,2026-08-08 02:15:00,2026-08-08 02:25:00,False
84,2026-08-08 02:30:00,3,50.0,2026-08-08 02:30:00,2026-08-08 02:40:00,False
84,2026-08-08 02:45:00,3,21.0,2026-08-08 02:45:00,2026-08-08 02:55:00,False
84,2026-08-08 03:00:00,3,14.0,2026-08-08 03:00:00,2026-08-08 03:10:00,False
84,2026-08-08 03:15:00,3,22.0,2026-08-08 03:15:00,2026-08-08 03:25:00,False
84,2026-08-08 03:30:00,3,29.0,2026-08-08 03:30:00,2026-08-08 03:40:00,False
84,2026-08-08 03:45:00,3,19.0,2026-08-08 03:45:00,2026-08-08 03:55:00,False
84,2026-08-08 04:00:00,3,22.0,2026-08-08 04:00:00,2026-08-08 04:10:00,False
84,2026-08-08 04:15:00,3,19.0,2026-08-08 04:15:00,2026-08-08 04:25:00,False
84,2026-08-08 04:30:00,3,14.0,2026-08-08 04:30:00,2026-08-08 04:40:00,False
84,2026-08-08 04:45:00,3,14.0,2026-08-08 04:45:00,2026-08-08 04:55:00,False
84,2026-08-08 05:00:00,3,13.0,2026-08-08 05:00:00,2026-08-08 05:10:00,False
84,2026-08-08 05:15:00,1,2.0,2026-08-08 05:15:00,2026-08-08 05:15:00,False
84,2026-08-08 05:30:00,3,12.0,2026-08-08 05:30:00,2026-08-08 05:40:00,False
84,2026-08-08 05:45:00,3,14.0,2026-08-08 05:45:00,2026-08-08 05:55:00,False
84,2026-08-08 06:00:00,3,22.0,2026-08-08 06:00:00,2026-08-08 06:10:00,False
84,2026-08-08 06:15:00,3,23.0,2026-08-08 06:15:00,2026-08-08 06:25:00,False
84,2026-08-08 06:30:00,3,28.0,2026-08-08 06:30:00,2026-08-08 06:40:00,False
84,2026-08-08 06:45:00,3,22.0,2026-08-08 06:45:00,2026-08-08 06:55:00,False
84,2026-08-08 07:00:00,3,43.0,2026-08-08 07:00:00,2026-08-08 07:10:00,False
84,2026-08-08 07:15:00,3,49.0,2026-08-08 07:15:00,2026-08-08 07:25:00,False
84,2026-08-08 07:30:00,3,46.0,2026-08-08 07:30:00,2026-08-08 07:40:00,False
84,2026-08-08 07:45:00,3,76.0,2026-08-08 07:45:00,2026-08-08 07:55:00,False
84,2026-08-08 08:00:00,3,86.0,2026-08-08 08:00:00,2026-08-08 08:10:00,False
84,2026-08-08 08:15:00,3,84.0,2026-08-08 08:15:00,2026-08-08 08:25:00,False
84,2026-08-08 08:30:00,3,127.0,2026-08-08 08:30:00,2026-08-08 08:40:00,False
84,2026-08-08 08:45:00,3,157.0,2026-08-08 08:45:00,2026-08-08 08:55:00,False
84,2026-08-08 09:00:00,3,151.0,2026-08-08 09:00:00,2026-08-08 09:10:00,False
84,2026-08-08 09:15:00,3,167.0,2026-08-08 09:15:00,2026-08-08 09:25:00,False
84,2026-08-08 09:30:00,3,227.0,2026-08-08 09:30:00,2026-08-08 09:40:00,False
84,2026-08-08 09:45:00,3,258.0,2026-08-08 09:45:00,2026-08-08 09:55:00,False
84,2026-08-08 10:00:00,3,243.0,2026-08-08 10:00:00,2026-08-08 10:10:00,False
84,2026-08-08 10:15:00,3,281.0,2026-08-08 10:15:00,2026-08-08 10:25:00,False
84,2026-08-08 10:30:00,3,328.0,2026-08-08 10:30:00,2026-08-08 10:40:00,False
84,2026-08-08 10:45:00,3,366.0,2026-08-08 10:45:00,2026-08-08 10:55:00,False
84,2026-08-08 11:00:00,3,312.0,2026-08-08 11:00:00,2026-08-08 11:10:00,False
84,2026-08-08 11:15:00,3,366.0,2026-08-08 11:15:00,2026-08-08 11:25:00,False
84,2026-08-08 11:30:00,3,436.0,2026-08-08 11:30:00,2026-08-08 11:40:00,False
84,2026-08-08 11:45:00,3,493.0,2026-08-08 11:45:00,2026-08-08 11:55:00,False
84,2026-08-08 12:00:00,3,496.0,2026-08-08 12:00:00,2026-08-08 12:10:00,False
84,2026-08-08 12:15:00,3,445.0,2026-08-08 12:15:00,2026-08-08 12:25:00,False
84,2026-08-08 12:30:00,3,502.0,2026-08-08 12:30:00,2026-08-08 12:40:00,False
84,2026-08-08 12:45:00,3,469.0,2026-08-08 12:45:00,2026-08-08 12:55:00,False
84,2026-08-08 13:00:00,3,533.0,2026-08-08 13:00:00,2026-08-08 13:10:00,False
84,2026-08-08 13:15:00,3,585.0,2026-08-08 13:15:00,2026-08-08 13:25:00,False
84,2026-08-08 13:30:00,3,525.0,2026-08-08 13:30:00,2026-08-08 13:40:00,False
84,2026-08-08 13:45:00,3,468.0,2026-08-08 13:45:00,2026-08-08 13:55:00,False
84,2026-08-08 14:00:00,3,583.0,2026-08-08 14:00:00,2026-08-08 14:10:00,False
84,2026-08-08 14:15:00,3,465.0,2026-08-08 14:15:00,2026-08-08 14:25:00,False
84,2026-08-08 14:30:00,3,586.0,2026-08-08 14:30:00,2026-08-08 14:40:00,False
84,2026-08-08 14:45:00,3,523.0,2026-08-08 14:45:00,2026-08-08 14:55:00,False
84,2026-08-08 15:00:00,3,518.0,2026-08-08 15:00:00,2026-08-08 15:10:00,False
84,2026-08-08 15:15:00,3,541.0,2026-08-08 15:15:00,2026-08-08 15:25:00,False
84,2026-08-08 15:30:00,3,557.0,2026-08-08 15:30:00,2026-08-08 15:40:00,False
84,2026-08-08 15:45:00,3,596.0,2026-08-08 15:45:00,2026-08-08 15:55:00,False
84,2026-08-08 16:00:00,3,575.0,2026-08-08 16:00:00,2026-08-08 16:10:00,False
84,2026-08-08 16:15:00,3,677.0,2026-08-08 16:15:00,2026-08-08 16:25:00,False
84,2026-08-08 16:30:00,3,678.0,2026-08-08 16:30:00,2026-08-08 16:40:00,False
84,2026-08-08 16:45:00,3,603.0,2026-08-08 16:45:00,2026-08-08 16:55:00,False
84,2026-08-08 17:00:00,3,558.0,2026-08-08 17:00:00,2026-08-08 17:10:00,False
84,2026-08-08 17:15:00,3,545.0,2026-08-08 17:15:00,2026-08-08 17:25:00,False
84,2026-08-08 17:30:00,3,588.0,2026-08-08 17:30:00,2026-08-08 17:40:00,False
84,2026-08-08 17:45:00,3,490.0,2026-08-08 17:45:00,2026-08-08 17:55:00,False
84,2026-08-08 18:00:00,3,479.0,2026-08-08 18:00:00,2026-08-08 18:10:00,False
84,2026-08-08 18:15:00,3,508.0,2026-08-08 18:15:00,2026-08-08 18:25:00,False
84,2026-08-08 18:30:00,3,467.0,2026-08-08 18:30:00,2026-08-08 18:40:00,False
84,2026-08-08 18:45:00,3,413.0,2026-08-08 18:45:00,2026-08-08 18:55:00,False
84,2026-08-08 19:00:00,3,412.0,2026-08-08 19:00:00,2026-08-08 19:10:00,False
84,2026-08-08 19:15:00,3,373.0,2026-08-08 19:15:00,2026-08-08 19:25:00,False
84,2026-08-08 19:30:00,3,352.0,2026-08-08 19:30:00,2026-08-08 19:40:00,False
84,2026-08-08 19:45:00,3,325.0,2026-08-08 19:45:00,2026-08-08 19:55:00,False
84,2026-08-08 20:00:00,3,324.0,2026-08-08 20:00:00,2026-08-08 20:10:00,False
84,2026-08-08 20:15:00,3,339.0,2026-08-08 20:15:00,2026-08-08 20:25:00,False
84,2026-08-08 20:30:00,3,308.0,2026-08-08 20:30:00,2026-08-08 20:40:00,False
84,2026-08-08 20:45:00,3,326.0,2026-08-08 20:45:00,2026-08-08 20:55:00,False
84,2026-08-08 21:00:00,3,310.0,2026-08-08 21:00:00,2026-08-08 21:10:00,False
84,2026-08-08 21:15:00,3,275.0,2026-08-08 21:15:00,2026-08-08 21:25:00,False
84,2026-08-08 21:30:00,0,,,,True
85,2026-08-07 23:45:00,0,,,,True
85,2026-08-08 00:00:00,3,5.0,2026-08-08 00:08:00,2026-08-08 00:11:00,False
85,2026-08-08 00:15:00,1,1.0,2026-08-08 00:24:00,2026-08-08 00:24:00,False
85,2026-08-08 00:30:00,0,,,,True
85,2026-08-08 00:45:00,3,3.0,2026-08-08 00:47:00,2026-08-08 00:55:00,False
85,2026-08-08 01:00:00,1,1.0,2026-08-08 01:11:00,2026-08-08 01:11:00,False
85,2026-08-08 01:15:00,1,1.0,2026-08-08 01:21:00,2026-08-08 01:21:00,False
85,2026-08-08 01:30:00,0,,,,True
85,2026-08-08 01:45:00,0,,,,True
85,2026-08-08 02:00:00,0,,,,True
85,2026-08-08 02:15:00,0,,,,True
85,2026-08-08 02:30:00,0,,,,True
85,2026-08-08 02:45:00,1,2.0,2026-08-08 02:52:00,2026-08-08 02:52:00,False
85,2026-08-08 03:00:00,0,,,,True
85,2026-08-08 03:15:00,0,,,,True
85,2026-08-08 03:30:00,0,,,,True
85,2026-08-08 03:45:00,0,,,,True
85,2026-08-08 04:00:00,0,,,,True
85,2026-08-08 04:15:00,2,4.0,2026-08-08 04:22:00,2026-08-08 04:23:00,False
85,2026-08-08 04:30:00,0,,,,True
85,2026-08-08 04:45:00,0,,,,True
85,2026-08-08 05:00:00,0,,,,True
85,2026-08-08 05:15:00,0,,,,True
85,2026-08-08 05:30:00,0,,,,True
85,2026-08-08 05:45:00,0,,,,True
85,2026-08-08 06:00:00,2,2.0,2026-08-08 06:03:00,2026-08-08 06:09:00,False
85,2026-08-08 06:15:00,3,3.0,2026-08-08 06:22:00,2026-08-08 06:24:00,False
85,2026-08-08 06:30:00,2,2.0,2026-08-08 06:37:00,2026-08-08 06:41:00,False
85,2026-08-08 06:45:00,5,5.0,2026-08-08 06:45:00,2026-08-08 06:56:00,False
85,2026-08-08 07:00:00,9,11.0,2026-08-08 07:00:00,2026-08-08 07:13:00,False
85,2026-08-08 07:15:00,1,1.0,2026-08-08 07:21:00,2026-08-08 07:21:00,False
85,2026-08-08 07:30:00,10,12.0,2026-08-08 07:30:00,2026-08-08 07:44:00,False
85,2026-08-08 07:45:00,6,8.0,2026-08-08 07:45:00,2026-08-08 07:58:00,False
85,2026-08-08 08:00:00,12,21.0,2026-08-08 08:00:00,2026-08-08 08:14:00,False
85,2026-08-08 08:15:00,11,18.0,2026-08-08 08:15:00,2026-08-08 08:29:00,False
85,2026-08-08 08:30:00,14,26.0,2026-08-08 08:31:00,2026-08-08 08:44:00,False
85,2026-08-08 08:45:00,11,22.0,2026-08-08 08:46:00,2026-08-08 08:59:00,False
85,2026-08-08 09:00:00,14,39.0,2026-08-08 09:00:00,2026-08-08 09:14:00,False
85,2026-08-08 09:15:00,15,55.0,2026-08-08 09:15:00,2026-08-08 09:29:00,False
85,2026-08-08 09:30:00,14,43.0,2026-08-08 09:30:00,2026-08-08 09:44:00,False
85,2026-08-08 09:45:00,15,63.0,2026-08-08 09:45:00,2026-08-08 09:59:00,False
85,2026-08-08 10:00:00,15,61.0,2026-08-08 10:00:00,2026-08-08 10:14:00,False
85,2026-08-08 10:15:00,15,57.0,2026-08-08 10:15:00,2026-08-08 10:29:00,False
85,2026-08-08 10:30:00,15,54.0,2026-08-08 10:30:00,2026-08-08 10:44:00,False
85,2026-08-08 10:45:00,15,101.0,2026-08-08 10:45:00,2026-08-08 10:59:00,False
85,2026-08-08 11:00:00,15,85.0,2026-08-08 11:00:00,2026-08-08 11:14:00,False
85,2026-08-08 11:15:00,14,74.0,2026-08-08 11:15:00,2026-08-08 11:29:00,False
85,2026-08-08 11:30:00,15,63.0,2026-08-08 11:30:00,2026-08-08 11:44:00,False
85,2026-08-08 11:45:00,15,84.0,2026-08-08 11:45:00,2026-08-08 11:59:00,False
85,2026-08-08 12:00:00,14,76.0,2026-08-08 12:00:00,2026-08-08 12:14:00,False
85,2026-08-08 12:15:00,15,83.0,2026-08-08 12:15:00,2026-08-08 12:29:00,False
85,2026-08-08 12:30:00,13,50.0,2026-08-08 12:30:00,2026-08-08 12:44:00,False
85,2026-08-08 12:45:00,15,71.0,2026-08-08 12:45:00,2026-08-08 12:59:00,False
85,2026-08-08 13:00:00,12,59.0,2026-08-08 13:00:00,2026-08-08 13:14:00,False
85,2026-08-08 13:15:00,15,69.0,2026-08-08 13:15:00,2026-08-08 13:29:00,False
85,2026-08-08 13:30:00,14,63.0,2026-08-08 13:30:00,2026-08-08 13:44:00,False
85,2026-08-08 13:45:00,15,62.0,2026-08-08 13:45:00,2026-08-08 13:59:00,False
85,2026-08-08 14:00:00,15,61.0,2026-08-08 14:00:00,2026-08-08 14:14:00,False
85,2026-08-08 14:15:00,13,38.0,2026-08-08 14:15:00,2026-08-08 14:29:00,False
85,2026-08-08 14:30:00,12,40.0,2026-08-08 14:30:00,2026-08-08 14:44:00,False
85,2026-08-08 14:45:00,15,51.0,2026-08-08 14:45:00,2026-08-08 14:59:00,False
85,2026-08-08 15:00:00,13,47.0,2026-08-08 15:00:00,2026-08-08 15:14:00,False
85,2026-08-08 15:15:00,15,55.0,2026-08-08 15:15:00,2026-08-08 15:29:00,False
85,2026-08-08 15:30:00,13,40.0,2026-08-08 15:30:00,2026-08-08 15:44:00,False
85,2026-08-08 15:45:00,14,46.0,2026-08-08 15:45:00,2026-08-08 15:59:00,False
85,2026-08-08 16:00:00,15,52.0,2026-08-08 16:00:00,2026-08-08 16:14:00,False
85,2026-08-08 16:15:00,14,52.0,2026-08-08 16:15:00,2026-08-08 16:29:00,False
85,2026-08-08 16:30:00,13,45.0,2026-08-08 16:30:00,2026-08-08 16:43:00,False
85,2026-08-08 16:45:00,14,44.0,2026-08-08 16:45:00,2026-08-08 16:59:00,False
85,2026-08-08 17:00:00,13,44.0,2026-08-08 17:00:00,2026-08-08 17:14:00,False
85,2026-08-08 17:15:00,12,36.0,2026-08-08 17:16:00,2026-08-08 17:29:00,False
85,2026-08-08 17:30:00,8,23.0,2026-08-08 17:30:00,2026-08-08 17:44:00,False
85,2026-08-08 17:45:00,14,51.0,2026-08-08 17:45:00,2026-08-08 17:59:00,False
85,2026-08-08 18:00:00,12,52.0,2026-08-08 18:00:00,2026-08-08 18:13:00,False
85,2026-08-08 18:15:00,13,35.0,2026-08-08 18:15:00,2026-08-08 18:29:00,False
85,2026-08-08 18:30:00,10,25.0,2026-08-08 18:30:00,2026-08-08 18:44:00,False
85,2026-08-08 18:45:00,10,21.0,2026-08-08 18:45:00,2026-08-08 18:58:00,False
85,2026-08-08 19:00:00,10,24.0,2026-08-08 19:00:00,2026-08-08 19:14:00,False
85,2026-08-08 19:15:00,9,23.0,2026-08-08 19:15:00,2026-08-08 19:28:00,False
85,2026-08-08 19:30:00,11,26.0,2026-08-08 19:30:00,2026-08-08 19:44:00,False
85,2026-08-08 19:45:00,8,17.0,2026-08-08 19:46:00,2026-08-08 19:59:00,False
85,2026-08-08 20:00:00,8,14.0,2026-08-08 20:00:00,2026-08-08 20:14:00,False
85,2026-08-08 20:15:00,8,16.0,2026-08-08 20:15:00,2026-08-08 20:28:00,False
85,2026-08-08 20:30:00,8,21.0,2026-08-08 20:30:00,2026-08-08 20:43:00,False
85,2026-08-08 20:45:00,8,16.0,2026-08-08 20:45:00,2026-08-08 20:56:00,False
85,2026-08-08 21:00:00,5,9.0,2026-08-08 21:03:00,2026-08-08 21:14:00,False
85,2026-08-08 21:15:00,4,6.0,2026-08-08 21:19:00,2026-08-08 21:25:00,False
85,2026-08-08 21:30:00,0,,,,True
86,2026-08-07 23:45:00,1,1.0,2026-08-07 23:59:00,2026-08-07 23:59:00,False
86,2026-08-08 00:00:00,1,3.0,2026-08-08 00:12:00,2026-08-08 00:12:00,False
86,2026-08-08 00:15:00,0,,,,True
86,2026-08-08 00:30:00,0,,,,True
86,2026-08-08 00:45:00,1,1.0,2026-08-08 00:50:00,2026-08-08 00:50:00,False
86,2026-08-08 01:00:00,0,,,,True
86,2026-08-08 01:15:00,1,1.0,2026-08-08 01:25:00,2026-08-08 01:25:00,False
86,2026-08-08 01:30:00,0,,,,True
86,2026-08-08 01:45:00,0,,,,True
86,2026-08-08 02:00:00,0,,,,True
86,2026-08-08 02:15:00,0,,,,True
86,2026-08-08 02:30:00,0,,,,True
86,2026-08-08 02:45:00,0,,,,True
86,2026-08-08 03:00:00,1,1.0,2026-08-08 03:14:00,2026-08-08 03:14:00,False
86,2026-08-08 03:15:00,1,1.0,2026-08-08 03:25:00,2026-08-08 03:25:00,False
86,2026-08-08 03:30:00,0,,,,True
86,2026-08-08 03:45:00,0,,,,True
86,2026-08-08 04:00:00,0,,,,True
86,2026-08-08 04:15:00,0,,,,True
86,2026-08-08 04:30:00,0,,,,True
86,2026-08-08 04:45:00,0,,,,True
86,2026-08-08 05:00:00,0,,,,True
86,2026-08-08 05:15:00,1,1.0,2026-08-08 05:28:00,2026-08-08 05:28:00,False
86,2026-08-08 05:30:00,0,,,,True
86,2026-08-08 05:45:00,0,,,,True
86,2026-08-08 06:00:00,1,1.0,2026-08-08 06:12:00,2026-08-08 06:12:00,False
86,2026-08-08 06:15:00,0,,,,True
86,2026-08-08 06:30:00,0,,,,True
86,2026-08-08 06:45:00,0,,,,True
86,2026-08-08 07:00:00,0,,,,True
86,2026-08-08 07:15:00,2,2.0,2026-08-08 07:20:00,2026-08-08 07:29:00,False
86,2026-08-08 07:30:00,3,3.0,2026-08-08 07:35:00,2026-08-08 07:44:00,False
86,2026-08-08 07:45:00,7,13.0,2026-08-08 07:46:00,2026-08-08 07:57:00,False
86,2026-08-08 08:00:00,3,4.0,2026-08-08 08:09:00,2026-08-08 08:13:00,False
86,2026-08-08 08:15:00,7,16.0,2026-08-08 08:19:00,2026-08-08 08:29:00,False
86,2026-08-08 08:30:00,10,12.0,2026-08-08 08:30:00,2026-08-08 08:43:00,False
86,2026-08-08 08:45:00,12,18.0,2026-08-08 08:45:00,2026-08-08 08:59:00,False
86,2026-08-08 09:00:00,14,32.0,2026-08-08 09:00:00,2026-08-08 09:14:00,False
86,2026-08-08 09:15:00,12,23.0,2026-08-08 09:15:00,2026-08-08 09:29:00,False
86,2026-08-08 09:30:00,12,28.0,2026-08-08 09:30:00,2026-08-08 09:43:00,False
86,2026-08-08 09:45:00,11,32.0,2026-08-08 09:46:00,2026-08-08 09:59:00,False
86,2026-08-08 10:00:00,12,27.0,2026-08-08 10:00:00,2026-08-08 10:13:00,False
86,2026-08-08 10:15:00,13,38.0,2026-08-08 10:15:00,2026-08-08 10:29:00,False
86,2026-08-08 10:30:00,13,44.0,2026-08-08 10:30:00,2026-08-08 10:44:00,False
86,2026-08-08 10:45:00,15,46.0,2026-08-08 10:45:00,2026-08-08 10:59:00,False
86,2026-08-08 11:00:00,12,27.0,2026-08-08 11:01:00,2026-08-08 11:14:00,False
86,2026-08-08 11:15:00,13,43.0,2026-08-08 11:15:00,2026-08-08 11:29:00,False
86,2026-08-08 11:30:00,13,55.0,2026-08-08 11:31:00,2026-08-08 11:44:00,False
86,2026-08-08 11:45:00,14,47.0,2026-08-08 11:45:00,2026-08-08 11:59:00,False
86,2026-08-08 12:00:00,12,37.0,2026-08-08 12:00:00,2026-08-08 12:14:00,False
86,2026-08-08 12:15:00,12,39.0,2026-08-08 12:15:00,2026-08-08 12:28:00,False
86,2026-08-08 12:30:00,13,41.0,2026-08-08 12:30:00,2026-08-08 12:44:00,False
86,2026-08-08 12:45:00,12,28.0,2026-08-08 12:45:00,2026-08-08 12:58:00,False
86,2026-08-08 13:00:00,11,35.0,2026-08-08 13:00:00,2026-08-08 13:14:00,False
86,2026-08-08 13:15:00,13,41.0,2026-08-08 13:15:00,2026-08-08 13:29:00,False
86,2026-08-08 13:30:00,12,41.0,2026-08-08 13:30:00,2026-08-08 13:44:00,False
86,2026-08-08 13:45:00,12,39.0,2026-08-08 13:46:00,2026-08-08 13:58:00,False
86,2026-08-08 14:00:00,12,37.0,2026-08-08 14:00:00,2026-08-08 14:13:00,False
86,2026-08-08 14:15:00,9,20.0,2026-08-08 14:15:00,2026-08-08 14:29:00,False
86,2026-08-08 14:30:00,13,32.0,2026-08-08 14:30:00,2026-08-08 14:44:00,False
86,2026-08-08 14:45:00,8,24.0,2026-08-08 14:45:00,2026-08-08 14:58:00,False
86,2026-08-08 15:00:00,14,35.0,2026-08-08 15:00:00,2026-08-08 15:14:00,False
86,2026-08-08 15:15:00,11,29.0,2026-08-08 15:17:00,2026-08-08 15:29:00,False
86,2026-08-08 15:30:00,10,34.0,2026-08-08 15:31:00,2026-08-08 15:44:00,False
86,2026-08-08 15:45:00,11,24.0,2026-08-08 15:46:00,2026-08-08 15:59:00,False
86,2026-08-08 16:00:00,13,28.0,2026-08-08 16:00:00,2026-08-08 16:14:00,False
86,2026-08-08 16:15:00,9,14.0,2026-08-08 16:16:00,2026-08-08 16:29:00,False
86,2026-08-08 16:30:00,11,23.0,2026-08-08 16:32:00,2026-08-08 16:44:00,False
86,2026-08-08 16:45:00,12,21.0,2026-08-08 16:45:00,2026-08-08 16:59:00,False
86,2026-08-08 17:00:00,9,16.0,2026-08-08 17:00:00,2026-08-08 17:13:00,False
86,2026-08-08 17:15:00,6,7.0,2026-08-08 17:15:00,2026-08-08 17:27:00,False
86,2026-08-08 17:30:00,10,22.0,2026-08-08 17:31:00,2026-08-08 17:43:00,False
86,2026-08-08 17:45:00,10,24.0,2026-08-08 17:47:00,2026-08-08 17:59:00,False
86,2026-08-08 18:00:00,12,20.0,2026-08-08 18:00:00,2026-08-08 18:14:00,False
86,2026-08-08 18:15:00,6,9.0,2026-08-08 18:16:00,2026-08-08 18:25:00,False
86,2026-08-08 18:30:00,9,29.0,2026-08-08 18:34:00,2026-08-08 18:44:00,False
86,2026-08-08 18:45:00,13,33.0,2026-08-08 18:45:00,2026-08-08 18:59:00,False
86,2026-08-08 19:00:00,9,23.0,2026-08-08 19:01:00,2026-08-08 19:14:00,False
86,2026-08-08 19:15:00,7,12.0,2026-08-08 19:15:00,2026-08-08 19:27:00,False
86,2026-08-08 19:30:00,6,18.0,2026-08-08 19:30:00,2026-08-08 19:44:00,False
86,2026-08-08 19:45:00,4,10.0,2026-08-08 19:45:00,2026-08-08 19:58:00,False
86,2026-08-08 20:00:00,5,11.0,2026-08-08 20:02:00,2026-08-08 20:11:00,False
86,2026-08-08 20:15:00,2,3.0,2026-08-08 20:19:00,2026-08-08 20:20:00,False
86,2026-08-08 20:30:00,6,10.0,2026-08-08 20:31:00,2026-08-08 20:44:00,False
86,2026-08-08 20:45:00,5,13.0,2026-08-08 20:47:00,2026-08-08 20:59:00,False
86,2026-08-08 21:00:00,2,3.0,2026-08-08 21:06:00,2026-08-08 21:14:00,False
86,2026-08-08 21:15:00,5,15.0,2026-08-08 21:20:00,2026-08-08 21:28:00,False
86,2026-08-08 21:30:00,1,2.0,2026-08-08 21:31:00,2026-08-08 21:31:00,False
87,2026-08-07 23:45:00,1,1.0,2026-08-07 23:59:00,2026-08-07 23:59:00,False
87,2026-08-08 00:00:00,2,5.0,2026-08-08 00:06:00,2026-08-08 00:10:00,False
87,2026-08-08 00:15:00,2,4.0,2026-08-08 00:25:00,2026-08-08 00:28:00,False
87,2026-08-08 00:30:00,3,6.0,2026-08-08 00:30:00,2026-08-08 00:35:00,False
87,2026-08-08 00:45:00,1,5.0,2026-08-08 00:59:00,2026-08-08 00:59:00,False
87,2026-08-08 01:00:00,1,1.0,2026-08-08 01:03:00,2026-08-08 01:03:00,False
87,2026-08-08 01:15:00,3,12.0,2026-08-08 01:23:00,2026-08-08 01:28:00,False
87,2026-08-08 01:30:00,0,,,,True
87,2026-08-08 01:45:00,0,,,,True
87,2026-08-08 02:00:00,4,6.0,2026-08-08 02:07:00,2026-08-08 02:10:00,False
87,2026-08-08 02:15:00,2,2.0,2026-08-08 02:16:00,2026-08-08 02:20:00,False
87,2026-08-08 02:30:00,0,,,,True
87,2026-08-08 02:45:00,1,1.0,2026-08-08 02:51:00,2026-08-08 02:51:00,False
87,2026-08-08 03:00:00,0,,,,True
87,2026-08-08 03:15:00,0,,,,True
87,2026-08-08 03:30:00,0,,,,True
87,2026-08-08 03:45:00,0,,,,True
87,2026-08-08 04:00:00,0,,,,True
87,2026-08-08 04:15:00,1,1.0,2026-08-08 04:27:00,2026-08-08 04:27:00,False
87,2026-08-08 04:30:00,1,1.0,2026-08-08 04:39:00,2026-08-08 04:39:00,False
87,2026-08-08 04:45:00,0,,,,True
87,2026-08-08 05:00:00,0,,,,True
87,2026-08-08 05:15:00,1,2.0,2026-08-08 05:15:00,2026-08-08 05:15:00,False
87,2026-08-08 05:30:00,4,6.0,2026-08-08 05:36:00,2026-08-08 05:40:00,False
87,2026-08-08 05:45:00,2,4.0,2026-08-08 05:46:00,2026-08-08 05:47:00,False
87,2026-08-08 06:00:00,1,1.0,2026-08-08 06:14:00,2026-08-08 06:14:00,False
87,2026-08-08 06:15:00,2,2.0,2026-08-08 06:17:00,2026-08-08 06:25:00,False
87,2026-08-08 06:30:00,3,3.0,2026-08-08 06:32:00,2026-08-08 06:35:00,False
87,2026-08-08 06:45:00,5,5.0,2026-08-08 06:45:00,2026-08-08 06:57:00,False
87,2026-08-08 07:00:00,4,5.0,2026-08-08 07:04:00,2026-08-08 07:14:00,False
87,2026-08-08 07:15:00,6,7.0,2026-08-08 07:17:00,2026-08-08 07:29:00,False
87,2026-08-08 07:30:00,4,5.0,2026-08-08 07:30:00,2026-08-08 07:44:00,False
87,2026-08-08 07:45:00,4,4.0,2026-08-08 07:48:00,2026-08-08 07:59:00,False
87,2026-08-08 08:00:00,4,4.0,2026-08-08 08:00:00,2026-08-08 08:14:00,False
87,2026-08-08 08:15:00,10,14.0,2026-08-08 08:15:00,2026-08-08 08:28:00,False
87,2026-08-08 08:30:00,10,18.0,2026-08-08 08:30:00,2026-08-08 08:44:00,False
87,2026-08-08 08:45:00,13,26.0,2026-08-08 08:45:00,2026-08-08 08:59:00,False
87,2026-08-08 09:00:00,10,30.0,2026-08-08 09:00:00,2026-08-08 09:14:00,False
87,2026-08-08 09:15:00,13,34.0,2026-08-08 09:15:00,2026-08-08 09:29:00,False
87,2026-08-08 09:30:00,13,31.0,2026-08-08 09:30:00,2026-08-08 09:44:00,False
87,2026-08-08 09:45:00,15,52.0,2026-08-08 09:45:00,2026-08-08 09:59:00,False
87,2026-08-08 10:00:00,14,58.0,2026-08-08 10:00:00,2026-08-08 10:14:00,False
87,2026-08-08 10:15:00,15,58.0,2026-08-08 10:15:00,2026-08-08 10:29:00,False
87,2026-08-08 10:30:00,14,68.0,2026-08-08 10:30:00,2026-08-08 10:44:00,False
87,2026-08-08 10:45:00,15,54.0,2026-08-08 10:45:00,2026-08-08 10:59:00,False
87,2026-08-08 11:00:00,14,73.0,2026-08-08 11:00:00,2026-08-08 11:14:00,False
87,2026-08-08 11:15:00,15,59.0,2026-08-08 11:15:00,2026-08-08 11:29:00,False
87,2026-08-08 11:30:00,14,61.0,2026-08-08 11:30:00,2026-08-08 11:44:00,False
87,2026-08-08 11:45:00,15,76.0,2026-08-08 11:45:00,2026-08-08 11:59:00,False
87,2026-08-08 12:00:00,14,55.0,2026-08-08 12:00:00,2026-08-08 12:13:00,False
87,2026-08-08 12:15:00,13,59.0,2026-08-08 12:15:00,2026-08-08 12:29:00,False
87,2026-08-08 12:30:00,14,61.0,2026-08-08 12:30:00,2026-08-08 12:44:00,False
87,2026-08-08 12:45:00,15,47.0,2026-08-08 12:45:00,2026-08-08 12:59:00,False
87,2026-08-08 13:00:00,15,94.0,2026-08-08 13:00:00,2026-08-08 13:14:00,False
87,2026-08-08 13:15:00,13,67.0,2026-08-08 13:15:00,2026-08-08 13:29:00,False
87,2026-08-08 13:30:00,15,69.0,2026-08-08 13:30:00,2026-08-08 13:44:00,False
87,2026-08-08 13:45:00,15,62.0,2026-08-08 13:45:00,2026-08-08 13:59:00,False
87,2026-08-08 14:00:00,13,71.0,2026-08-08 14:00:00,2026-08-08 14:13:00,False
87,2026-08-08 14:15:00,14,44.0,2026-08-08 14:16:00,2026-08-08 14:29:00,False
87,2026-08-08 14:30:00,15,67.0,2026-08-08 14:30:00,2026-08-08 14:44:00,False
87,2026-08-08 14:45:00,13,44.0,2026-08-08 14:45:00,2026-08-08 14:59:00,False
87,2026-08-08 15:00:00,13,60.0,2026-08-08 15:00:00,2026-08-08 15:14:00,False
87,2026-08-08 15:15:00,15,37.0,2026-08-08 15:15:00,2026-08-08 15:29:00,False
87,2026-08-08 15:30:00,12,42.0,2026-08-08 15:30:00,2026-08-08 15:44:00,False
87,2026-08-08 15:45:00,15,61.0,2026-08-08 15:45:00,2026-08-08 15:59:00,False
87,2026-08-08 16:00:00,13,53.0,2026-08-08 16:00:00,2026-08-08 16:14:00,False
87,2026-08-08 16:15:00,13,33.0,2026-08-08 16:15:00,2026-08-08 16:29:00,False
87,2026-08-08 16:30:00,13,44.0,2026-08-08 16:30:00,2026-08-08 16:44:00,False
87,2026-08-08 16:45:00,14,46.0,2026-08-08 16:45:00,2026-08-08 16:59:00,False
87,2026-08-08 17:00:00,15,46.0,2026-08-08 17:00:00,2026-08-08 17:14:00,False
87,2026-08-08 17:15:00,12,43.0,2026-08-08 17:18:00,2026-08-08 17:29:00,False
87,2026-08-08 17:30:00,13,37.0,2026-08-08 17:30:00,2026-08-08 17:44:00,False
87,2026-08-08 17:45:00,13,55.0,2026-08-08 17:46:00,2026-08-08 17:59:00,False
87,2026-08-08 18:00:00,13,50.0,2026-08-08 18:00:00,2026-08-08 18:14:00,False
87,2026-08-08 18:15:00,12,66.0,2026-08-08 18:15:00,2026-08-08 18:28:00,False
87,2026-08-08 18:30:00,13,54.0,2026-08-08 18:30:00,2026-08-08 18:44:00,False
87,2026-08-08 18:45:00,11,51.0,2026-08-08 18:45:00,2026-08-08 18:58:00,False
87,2026-08-08 19:00:00,13,44.0,2026-08-08 19:00:00,2026-08-08 19:14:00,False
87,2026-08-08 19:15:00,14,39.0,2026-08-08 19:15:00,2026-08-08 19:29:00,False
87,2026-08-08 19:30:00,11,62.0,2026-08-08 19:30:00,2026-08-08 19:44:00,False
87,2026-08-08 19:45:00,12,43.0,2026-08-08 19:45:00,2026-08-08 19:58:00,False
87,2026-08-08 20:00:00,10,30.0,2026-08-08 20:00:00,2026-08-08 20:13:00,False
87,2026-08-08 20:15:00,9,29.0,2026-08-08 20:19:00,2026-08-08 20:29:00,False
87,2026-08-08 20:30:00,6,25.0,2026-08-08 20:30:00,2026-08-08 20:43:00,False
87,2026-08-08 20:45:00,10,35.0,2026-08-08 20:45:00,2026-08-08 20:58:00,False
87,2026-08-08 21:00:00,11,36.0,2026-08-08 21:00:00,2026-08-08 21:13:00,False
87,2026-08-08 21:15:00,11,40.0,2026-08-08 21:16:00,2026-08-08 21:28:00,False
87,2026-08-08 21:30:00,3,7.0,2026-08-08 21:30:00,2026-08-08 21:32:00,False
107,2026-08-07 23:45:00,1,11.0,2026-08-07 23:55:00,2026-08-07 23:55:00,False
107,2026-08-08 00:00:00,3,11.0,2026-08-08 00:00:00,2026-08-08 00:10:00,False
107,2026-08-08 00:15:00,3,10.0,2026-08-08 00:15:00,2026-08-08 00:25:00,False
107,2026-08-08 00:30:00,3,14.0,2026-08-08 00:30:00,2026-08-08 00:40:00,False
107,2026-08-08 00:45:00,3,6.0,2026-08-08 00:45:00,2026-08-08 00:55:00,False
107,2026-08-08 01:00:00,3,14.0,2026-08-08 01:00:00,2026-08-08 01:10:00,False
107,2026-08-08 01:15:00,2,4.0,2026-08-08 01:15:00,2026-08-08 01:20:00,False
107,2026-08-08 01:30:00,3,5.0,2026-08-08 01:30:00,2026-08-08 01:40:00,False
107,2026-08-08 01:45:00,3,14.0,2026-08-08 01:45:00,2026-08-08 01:55:00,False
107,2026-08-08 02:00:00,2,4.0,2026-08-08 02:00:00,2026-08-08 02:10:00,False
107,2026-08-08 02:15:00,1,1.0,2026-08-08 02:15:00,2026-08-08 02:15:00,False
107,2026-08-08 02:30:00,1,3.0,2026-08-08 02:30:00,2026-08-08 02:30:00,False
107,2026-08-08 02:45:00,2,2.0,2026-08-08 02:50:00,2026-08-08 02:55:00,False
107,2026-08-08 03:00:00,1,1.0,2026-08-08 03:10:00,2026-08-08 03:10:00,False
107,2026-08-08 03:15:00,1,3.0,2026-08-08 03:25:00,2026-08-08 03:25:00,False
107,2026-08-08 03:30:00,1,3.0,2026-08-08 03:40:00,2026-08-08 03:40:00,False
107,2026-08-08 03:45:00,3,4.0,2026-08-08 03:45:00,2026-08-08 03:55:00,False
107,2026-08-08 04:00:00,1,1.0,2026-08-08 04:10:00,2026-08-08 04:10:00,False
107,2026-08-08 04:15:00,2,4.0,2026-08-08 04:15:00,2026-08-08 04:20:00,False
107,2026-08-08 04:30:00,1,1.0,2026-08-08 04:30:00,2026-08-08 04:30:00,False
107,2026-08-08 04:45:00,2,2.0,2026-08-08 04:45:00,2026-08-08 04:55:00,False
107,2026-08-08 05:00:00,2,2.0,2026-08-08 05:05:00,2026-08-08 05:10:00,False
107,2026-08-08 05:15:00,1,1.0,2026-08-08 05:20:00,2026-08-08 05:20:00,False
107,2026-08-08 05:30:00,0,,,,True
107,2026-08-08 05:45:00,3,4.0,2026-08-08 05:45:00,2026-08-08 05:55:00,False
107,2026-08-08 06:00:00,1,1.0,2026-08-08 06:10:00,2026-08-08 06:10:00,False
107,2026-08-08 06:15:00,1,6.0,2026-08-08 06:25:00,2026-08-08 06:25:00,False
107,2026-08-08 06:30:00,3,10.0,2026-08-08 06:30:00,2026-08-08 06:40:00,False
107,2026-08-08 06:45:00,3,8.0,2026-08-08 06:45:00,2026-08-08 06:55:00,False
107,2026-08-08 07:00:00,3,11.0,2026-08-08 07:00:00,2026-08-08 07:10:00,False
107,2026-08-08 07:15:00,2,11.0,2026-08-08 07:15:00,2026-08-08 07:25:00,False
107,2026-08-08 07:30:00,3,11.0,2026-08-08 07:30:00,2026-08-08 07:40:00,False
107,2026-08-08 07:45:00,3,29.0,2026-08-08 07:45:00,2026-08-08 07:55:00,False
107,2026-08-08 08:00:00,3,14.0,2026-08-08 08:00:00,2026-08-08 08:10:00,False
107,2026-08-08 08:15:00,3,23.0,2026-08-08 08:15:00,2026-08-08 08:25:00,False
107,2026-08-08 08:30:00,3,15.0,2026-08-08 08:30:00,2026-08-08 08:40:00,False
107,2026-08-08 08:45:00,3,28.0,2026-08-08 08:45:00,2026-08-08 08:55:00,False
107,2026-08-08 09:00:00,3,27.0,2026-08-08 09:00:00,2026-08-08 09:10:00,False
107,2026-08-08 09:15:00,3,25.0,2026-08-08 09:15:00,2026-08-08 09:25:00,False
107,2026-08-08 09:30:00,3,28.0,2026-08-08 09:30:00,2026-08-08 09:40:00,False
107,2026-08-08 09:45:00,3,41.0,2026-08-08 09:45:00,2026-08-08 09:55:00,False
107,2026-08-08 10:00:00,3,64.0,2026-08-08 10:00:00,2026-08-08 10:10:00,False
107,2026-08-08 10:15:00,3,47.0,2026-08-08 10:15:00,2026-08-08 10:25:00,False
107,2026-08-08 10:30:00,3,35.0,2026-08-08 10:30:00,2026-08-08 10:40:00,False
107,2026-08-08 10:45:00,3,51.0,2026-08-08 10:45:00,2026-08-08 10:55:00,False
107,2026-08-08 11:00:00,3,37.0,2026-08-08 11:00:00,2026-08-08 11:10:00,False
107,2026-08-08 11:15:00,3,41.0,2026-08-08 11:15:00,2026-08-08 11:25:00,False
107,2026-08-08 11:30:00,3,31.0,2026-08-08 11:30:00,2026-08-08 11:40:00,False
107,2026-08-08 11:45:00,3,66.0,2026-08-08 11:45:00,2026-08-08 11:55:00,False
107,2026-08-08 12:00:00,3,57.0,2026-08-08 12:00:00,2026-08-08 12:10:00,False
107,2026-08-08 12:15:00,3,51.0,2026-08-08 12:15:00,2026-08-08 12:25:00,False
107,2026-08-08 12:30:00,3,64.0,2026-08-08 12:30:00,2026-08-08 12:40:00,False
107,2026-08-08 12:45:00,3,41.0,2026-08-08 12:45:00,2026-08-08 12:55:00,False
107,2026-08-08 13:00:00,3,84.0,2026-08-08 13:00:00,2026-08-08 13:10:00,False
107,2026-08-08 13:15:00,3,55.0,2026-08-08 13:15:00,2026-08-08 13:25:00,False
107,2026-08-08 13:30:00,3,66.0,2026-08-08 13:30:00,2026-08-08 13:40:00,False
107,2026-08-08 13:45:00,3,64.0,2026-08-08 13:45:00,2026-08-08 13:55:00,False
107,2026-08-08 14:00:00,3,55.0,2026-08-08 14:00:00,2026-08-08 14:10:00,False
107,2026-08-08 14:15:00,3,48.0,2026-08-08 14:15:00,2026-08-08 14:25:00,False
107,2026-08-08 14:30:00,3,55.0,2026-08-08 14:30:00,2026-08-08 14:40:00,False
107,2026-08-08 14:45:00,3,84.0,2026-08-08 14:45:00,2026-08-08 14:55:00,False
107,2026-08-08 15:00:00,3,51.0,2026-08-08 15:00:00,2026-08-08 15:10:00,False
107,2026-08-08 15:15:00,3,56.0,2026-08-08 15:15:00,2026-08-08 15:25:00,False
107,2026-08-08 15:30:00,3,57.0,2026-08-08 15:30:00,2026-08-08 15:40:00,False
107,2026-08-08 15:45:00,3,54.0,2026-08-08 15:45:00,2026-08-08 15:55:00,False
107,2026-08-08 16:00:00,3,55.0,2026-08-08 16:00:00,2026-08-08 16:10:00,False
107,2026-08-08 16:15:00,3,80.0,2026-08-08 16:15:00,2026-08-08 16:25:00,False
107,2026-08-08 16:30:00,3,75.0,2026-08-08 16:30:00,2026-08-08 16:40:00,False
107,2026-08-08 16:45:00,3,70.0,2026-08-08 16:45:00,2026-08-08 16:55:00,False
107,2026-08-08 17:00:00,3,45.0,2026-08-08 17:00:00,2026-08-08 17:10:00,False
107,2026-08-08 17:15:00,3,59.0,2026-08-08 17:15:00,2026-08-08 17:25:00,False
107,2026-08-08 17:30:00,3,43.0,2026-08-08 17:30:00,2026-08-08 17:40:00,False
107,2026-08-08 17:45:00,3,76.0,2026-08-08 17:45:00,2026-08-08 17:55:00,False
107,2026-08-08 18:00:00,3,80.0,2026-08-08 18:00:00,2026-08-08 18:10:00,False
107,2026-08-08 18:15:00,3,48.0,2026-08-08 18:15:00,2026-08-08 18:25:00,False
107,2026-08-08 18:30:00,3,29.0,2026-08-08 18:30:00,2026-08-08 18:40:00,False
107,2026-08-08 18:45:00,3,20.0,2026-08-08 18:45:00,2026-08-08 18:55:00,False
107,2026-08-08 19:00:00,3,30.0,2026-08-08 19:00:00,2026-08-08 19:10:00,False
107,2026-08-08 19:15:00,3,32.0,2026-08-08 19:15:00,2026-08-08 19:25:00,False
107,2026-08-08 19:30:00,3,30.0,2026-08-08 19:30:00,2026-08-08 19:40:00,False
107,2026-08-08 19:45:00,3,31.0,2026-08-08 19:45:00,2026-08-08 19:55:00,False
107,2026-08-08 20:00:00,3,29.0,2026-08-08 20:00:00,2026-08-08 20:10:00,False
107,2026-08-08 20:15:00,3,41.0,2026-08-08 20:15:00,2026-08-08 20:25:00,False
107,2026-08-08 20:30:00,3,21.0,2026-08-08 20:30:00,2026-08-08 20:40:00,False
107,2026-08-08 20:45:00,3,34.0,2026-08-08 20:45:00,2026-08-08 20:55:00,False
107,2026-08-08 21:00:00,3,15.0,2026-08-08 21:00:00,2026-08-08 21:10:00,False
107,2026-08-08 21:15:00,3,9.0,2026-08-08 21:15:00,2026-08-08 21:25:00,False
107,2026-08-08 21:30:00,0,,,,True
108,2026-08-07 23:45:00,0,,,,True
108,2026-08-08 00:00:00,0,,,,True
108,2026-08-08 00:15:00,0,,,,True
108,2026-08-08 00:30:00,0,,,,True
108,2026-08-08 00:45:00,0,,,,True
108,2026-08-08 01:00:00,0,,,,True
108,2026-08-08 01:15:00,0,,,,True
108,2026-08-08 01:30:00,0,,,,True
108,2026-08-08 01:45:00,0,,,,True
108,2026-08-08 02:00:00,0,,,,True
108,2026-08-08 02:15:00,0,,,,True
108,2026-08-08 02:30:00,0,,,,True
108,2026-08-08 02:45:00,0,,,,True
108,2026-08-08 03:00:00,0,,,,True
108,2026-08-08 03:15:00,0,,,,True
108,2026-08-08 03:30:00,0,,,,True
108,2026-08-08 03:45:00,0,,,,True
108,2026-08-08 04:00:00,0,,,,True
108,2026-08-08 04:15:00,0,,,,True
108,2026-08-08 04:30:00,0,,,,True
108,2026-08-08 04:45:00,0,,,,True
108,2026-08-08 05:00:00,0,,,,True
108,2026-08-08 05:15:00,0,,,,True
108,2026-08-08 05:30:00,0,,,,True
108,2026-08-08 05:45:00,0,,,,True
108,2026-08-08 06:00:00,0,,,,True
108,2026-08-08 06:15:00,0,,,,True
108,2026-08-08 06:30:00,0,,,,True
108,2026-08-08 06:45:00,0,,,,True
108,2026-08-08 07:00:00,0,,,,True
108,2026-08-08 07:15:00,0,,,,True
108,2026-08-08 07:30:00,0,,,,True
108,2026-08-08 07:45:00,0,,,,True
108,2026-08-08 08:00:00,0,,,,True
108,2026-08-08 08:15:00,0,,,,True
108,2026-08-08 08:30:00,0,,,,True
108,2026-08-08 08:45:00,0,,,,True
108,2026-08-08 09:00:00,0,,,,True
108,2026-08-08 09:15:00,0,,,,True
108,2026-08-08 09:30:00,0,,,,True
108,2026-08-08 09:45:00,0,,,,True
108,2026-08-08 10:00:00,0,,,,True
108,2026-08-08 10:15:00,0,,,,True
108,2026-08-08 10:30:00,0,,,,True
108,2026-08-08 10:45:00,0,,,,True
108,2026-08-08 11:00:00,0,,,,True
108,2026-08-08 11:15:00,0,,,,True
108,2026-08-08 11:30:00,0,,,,True
108,2026-08-08 11:45:00,0,,,,True
108,2026-08-08 12:00:00,0,,,,True
108,2026-08-08 12:15:00,0,,,,True
108,2026-08-08 12:30:00,0,,,,True
108,2026-08-08 12:45:00,0,,,,True
108,2026-08-08 13:00:00,0,,,,True
108,2026-08-08 13:15:00,0,,,,True
108,2026-08-08 13:30:00,0,,,,True
108,2026-08-08 13:45:00,0,,,,True
108,2026-08-08 14:00:00,0,,,,True
108,2026-08-08 14:15:00,0,,,,True
108,2026-08-08 14:30:00,0,,,,True
108,2026-08-08 14:45:00,0,,,,True
108,2026-08-08 15:00:00,0,,,,True
108,2026-08-08 15:15:00,0,,,,True
108,2026-08-08 15:30:00,0,,,,True
108,2026-08-08 15:45:00,0,,,,True
108,2026-08-08 16:00:00,0,,,,True
108,2026-08-08 16:15:00,0,,,,True
108,2026-08-08 16:30:00,0,,,,True
108,2026-08-08 16:45:00,0,,,,True
108,2026-08-08 17:00:00,0,,,,True
108,2026-08-08 17:15:00,0,,,,True
108,2026-08-08 17:30:00,0,,,,True
108,2026-08-08 17:45:00,0,,,,True
108,2026-08-08 18:00:00,0,,,,True
108,2026-08-08 18:15:00,0,,,,True
108,2026-08-08 18:30:00,0,,,,True
108,2026-08-08 18:45:00,0,,,,True
108,2026-08-08 19:00:00,0,,,,True
108,2026-08-08 19:15:00,0,,,,True
108,2026-08-08 19:30:00,0,,,,True
108,2026-08-08 19:45:00,0,,,,True
108,2026-08-08 20:00:00,0,,,,True
108,2026-08-08 20:15:00,0,,,,True
108,2026-08-08 20:30:00,0,,,,True
108,2026-08-08 20:45:00,0,,,,True
108,2026-08-08 21:00:00,0,,,,True
108,2026-08-08 21:15:00,0,,,,True
108,2026-08-08 21:30:00,0,,,,True
109,2026-08-07 23:45:00,1,4.0,2026-08-07 23:55:00,2026-08-07 23:55:00,False
109,2026-08-08 00:00:00,3,13.0,2026-08-08 00:00:00,2026-08-08 00:10:00,False
109,2026-08-08 00:15:00,3,23.0,2026-08-08 00:15:00,2026-08-08 00:25:00,False
109,2026-08-08 00:30:00,3,24.0,2026-08-08 00:30:00,2026-08-08 00:40:00,False
109,2026-08-08 00:45:00,2,7.0,2026-08-08 00:50:00,2026-08-08 00:55:00,False
109,2026-08-08 01:00:00,3,12.0,2026-08-08 01:00:00,2026-08-08 01:10:00,False
109,2026-08-08 01:15:00,3,10.0,2026-08-08 01:15:00,2026-08-08 01:25:00,False
109,2026-08-08 01:30:00,2,4.0,2026-08-08 01:30:00,2026-08-08 01:35:00,False
109,2026-08-08 01:45:00,3,7.0,2026-08-08 01:45:00,2026-08-08 01:55:00,False
109,2026-08-08 02:00:00,3,13.0,2026-08-08 02:00:00,2026-08-08 02:10:00,False
109,2026-08-08 02:15:00,3,4.0,2026-08-08 02:15:00,2026-08-08 02:25:00,False
109,2026-08-08 02:30:00,3,14.0,2026-08-08 02:30:00,2026-08-08 02:40:00,False
109,2026-08-08 02:45:00,1,1.0,2026-08-08 02:45:00,2026-08-08 02:45:00,False
109,2026-08-08 03:00:00,2,2.0,2026-08-08 03:00:00,2026-08-08 03:10:00,False
109,2026-08-08 03:15:00,2,4.0,2026-08-08 03:15:00,2026-08-08 03:25:00,False
109,2026-08-08 03:30:00,2,3.0,2026-08-08 03:35:00,2026-08-08 03:40:00,False
109,2026-08-08 03:45:00,2,4.0,2026-08-08 03:45:00,2026-08-08 03:50:00,False
109,2026-08-08 04:00:00,2,6.0,2026-08-08 04:00:00,2026-08-08 04:05:00,False
109,2026-08-08 04:15:00,2,2.0,2026-08-08 04:20:00,2026-08-08 04:25:00,False
109,2026-08-08 04:30:00,1,1.0,2026-08-08 04:30:00,2026-08-08 04:30:00,False
109,2026-08-08 04:45:00,1,1.0,2026-08-08 04:55:00,2026-08-08 04:55:00,False
109,2026-08-08 05:00:00,2,2.0,2026-08-08 05:05:00,2026-08-08 05:10:00,False
109,2026-08-08 05:15:00,2,2.0,2026-08-08 05:15:00,2026-08-08 05:20:00,False
109,2026-08-08 05:30:00,2,6.0,2026-08-08 05:30:00,2026-08-08 05:35:00,False
109,2026-08-08 05:45:00,3,3.0,2026-08-08 05:45:00,2026-08-08 05:55:00,False
109,2026-08-08 06:00:00,3,6.0,2026-08-08 06:00:00,2026-08-08 06:10:00,False
109,2026-08-08 06:15:00,2,3.0,2026-08-08 06:20:00,2026-08-08 06:25:00,False
109,2026-08-08 06:30:00,3,3.0,2026-08-08 06:30:00,2026-08-08 06:40:00,False
109,2026-08-08 06:45:00,3,9.0,2026-08-08 06:45:00,2026-08-08 06:55:00,False
109,2026-08-08 07:00:00,2,5.0,2026-08-08 07:00:00,2026-08-08 07:05:00,False
109,2026-08-08 07:15:00,3,7.0,2026-08-08 07:15:00,2026-08-08 07:25:00,False
109,2026-08-08 07:30:00,3,11.0,2026-08-08 07:30:00,2026-08-08 07:40:00,False
109,2026-08-08 07:45:00,3,19.0,2026-08-08 07:45:00,2026-08-08 07:55:00,False
109,2026-08-08 08:00:00,3,38.0,2026-08-08 08:00:00,2026-08-08 08:10:00,False
109,2026-08-08 08:15:00,3,26.0,2026-08-08 08:15:00,2026-08-08 08:25:00,False
109,2026-08-08 08:30:00,3,21.0,2026-08-08 08:30:00,2026-08-08 08:40:00,False
109,2026-08-08 08:45:00,3,17.0,2026-08-08 08:45:00,2026-08-08 08:55:00,False
109,2026-08-08 09:00:00,3,27.0,2026-08-08 09:00:00,2026-08-08 09:10:00,False
109,2026-08-08 09:15:00,3,31.0,2026-08-08 09:15:00,2026-08-08 09:25:00,False
109,2026-08-08 09:30:00,3,25.0,2026-08-08 09:30:00,2026-08-08 09:40:00,False
109,2026-08-08 09:45:00,3,27.0,2026-08-08 09:45:00,2026-08-08 09:55:00,False
109,2026-08-08 10:00:00,3,23.0,2026-08-08 10:00:00,2026-08-08 10:10:00,False
109,2026-08-08 10:15:00,3,23.0,2026-08-08 10:15:00,2026-08-08 10:25:00,False
109,2026-08-08 10:30:00,3,35.0,2026-08-08 10:30:00,2026-08-08 10:40:00,False
109,2026-08-08 10:45:00,3,50.0,2026-08-08 10:45:00,2026-08-08 10:55:00,False
109,2026-08-08 11:00:00,3,32.0,2026-08-08 11:00:00,2026-08-08 11:10:00,False
109,2026-08-08 11:15:00,3,38.0,2026-08-08 11:15:00,2026-08-08 11:25:00,False
109,2026-08-08 11:30:00,3,46.0,2026-08-08 11:30:00,2026-08-08 11:40:00,False
109,2026-08-08 11:45:00,3,34.0,2026-08-08 11:45:00,2026-08-08 11:55:00,False
109,2026-08-08 12:00:00,3,52.0,2026-08-08 12:00:00,2026-08-08 12:10:00,False
109,2026-08-08 12:15:00,3,65.0,2026-08-08 12:15:00,2026-08-08 12:25:00,False
109,2026-08-08 12:30:00,3,48.0,2026-08-08 12:30:00,2026-08-08 12:40:00,False
109,2026-08-08 12:45:00,3,45.0,2026-08-08 12:45:00,2026-08-08 12:55:00,False
109,2026-08-08 13:00:00,3,45.0,2026-08-08 13:00:00,2026-08-08 13:10:00,False
109,2026-08-08 13:15:00,3,56.0,2026-08-08 13:15:00,2026-08-08 13:25:00,False
109,2026-08-08 13:30:00,3,38.0,2026-08-08 13:30:00,2026-08-08 13:40:00,False
109,2026-08-08 13:45:00,3,49.0,2026-08-08 13:45:00,2026-08-08 13:55:00,False
109,2026-08-08 14:00:00,3,75.0,2026-08-08 14:00:00,2026-08-08 14:10:00,False
109,2026-08-08 14:15:00,3,41.0,2026-08-08 14:15:00,2026-08-08 14:25:00,False
109,2026-08-08 14:30:00,3,46.0,2026-08-08 14:30:00,2026-08-08 14:40:00,False
109,2026-08-08 14:45:00,3,47.0,2026-08-08 14:45:00,2026-08-08 14:55:00,False
109,2026-08-08 15:00:00,3,45.0,2026-08-08 15:00:00,2026-08-08 15:10:00,False
109,2026-08-08 15:15:00,3,47.0,2026-08-08 15:15:00,2026-08-08 15:25:00,False
109,2026-08-08 15:30:00,3,41.0,2026-08-08 15:30:00,2026-08-08 15:40:00,False
109,2026-08-08 15:45:00,3,62.0,2026-08-08 15:45:00,2026-08-08 15:55:00,False
109,2026-08-08 16:00:00,3,40.0,2026-08-08 16:00:00,2026-08-08 16:10:00,False
109,2026-08-08 16:15:00,3,57.0,2026-08-08 16:15:00,2026-08-08 16:25:00,False
109,2026-08-08 16:30:00,3,84.0,2026-08-08 16:30:00,2026-08-08 16:40:00,False
109,2026-08-08 16:45:00,3,54.0,2026-08-08 16:45:00,2026-08-08 16:55:00,False
109,2026-08-08 17:00:00,3,55.0,2026-08-08 17:00:00,2026-08-08 17:10:00,False
109,2026-08-08 17:15:00,3,52.0,2026-08-08 17:15:00,2026-08-08 17:25:00,False
109,2026-08-08 17:30:00,3,43.0,2026-08-08 17:30:00,2026-08-08 17:40:00,False
109,2026-08-08 17:45:00,3,63.0,2026-08-08 17:45:00,2026-08-08 17:55:00,False
109,2026-08-08 18:00:00,3,49.0,2026-08-08 18:00:00,2026-08-08 18:10:00,False
109,2026-08-08 18:15:00,3,31.0,2026-08-08 18:15:00,2026-08-08 18:25:00,False
109,2026-08-08 18:30:00,3,29.0,2026-08-08 18:30:00,2026-08-08 18:40:00,False
109,2026-08-08 18:45:00,3,25.0,2026-08-08 18:45:00,2026-08-08 18:55:00,False
109,2026-08-08 19:00:00,3,26.0,2026-08-08 19:00:00,2026-08-08 19:10:00,False
109,2026-08-08 19:15:00,3,37.0,2026-08-08 19:15:00,2026-08-08 19:25:00,False
109,2026-08-08 19:30:00,3,32.0,2026-08-08 19:30:00,2026-08-08 19:40:00,False
109,2026-08-08 19:45:00,3,26.0,2026-08-08 19:45:00,2026-08-08 19:55:00,False
109,2026-08-08 20:00:00,3,38.0,2026-08-08 20:00:00,2026-08-08 20:10:00,False
109,2026-08-08 20:15:00,3,16.0,2026-08-08 20:15:00,2026-08-08 20:25:00,False
109,2026-08-08 20:30:00,3,34.0,2026-08-08 20:30:00,2026-08-08 20:40:00,False
109,2026-08-08 20:45:00,3,27.0,2026-08-08 20:45:00,2026-08-08 20:55:00,False
109,2026-08-08 21:00:00,3,13.0,2026-08-08 21:00:00,2026-08-08 21:10:00,False
109,2026-08-08 21:15:00,3,27.0,2026-08-08 21:15:00,2026-08-08 21:25:00,False
109,2026-08-08 21:30:00,0,,,,True
117,2026-08-07 23:45:00,1,2.0,2026-08-07 23:55:00,2026-08-07 23:55:00,False
117,2026-08-08 00:00:00,2,9.0,2026-08-08 00:00:00,2026-08-08 00:05:00,False
117,2026-08-08 00:15:00,2,7.0,2026-08-08 00:15:00,2026-08-08 00:20:00,False
117,2026-08-08 00:30:00,3,23.0,2026-08-08 00:30:00,2026-08-08 00:40:00,False
117,2026-08-08 00:45:00,2,6.0,2026-08-08 00:50:00,2026-08-08 00:55:00,False
117,2026-08-08 01:00:00,2,15.0,2026-08-08 01:00:00,2026-08-08 01:05:00,False
117,2026-08-08 01:15:00,1,3.0,2026-08-08 01:25:00,2026-08-08 01:25:00,False
117,2026-08-08 01:30:00,2,3.0,2026-08-08 01:30:00,2026-08-08 01:35:00,False
117,2026-08-08 01:45:00,1,3.0,2026-08-08 01:55:00,2026-08-08 01:55:00,False
117,2026-08-08 02:00:00,1,1.0,2026-08-08 02:00:00,2026-08-08 02:00:00,False
117,2026-08-08 02:15:00,1,2.0,2026-08-08 02:20:00,2026-08-08 02:20:00,False
117,2026-08-08 02:30:00,2,4.0,2026-08-08 02:30:00,2026-08-08 02:35:00,False
117,2026-08-08 02:45:00,2,3.0,2026-08-08 02:45:00,2026-08-08 02:50:00,False
117,2026-08-08 03:00:00,0,,,,True
117,2026-08-08 03:15:00,1,3.0,2026-08-08 03:15:00,2026-08-08 03:15:00,False
117,2026-08-08 03:30:00,1,1.0,2026-08-08 03:30:00,2026-08-08 03:30:00,False
117,2026-08-08 03:45:00,0,,,,True
117,2026-08-08 04:00:00,0,,,,True
117,2026-08-08 04:15:00,0,,,,True
117,2026-08-08 04:30:00,1,2.0,2026-08-08 04:40:00,2026-08-08 04:40:00,False
117,2026-08-08 04:45:00,1,1.0,2026-08-08 04:50:00,2026-08-08 04:50:00,False
117,2026-08-08 05:00:00,1,1.0,2026-08-08 05:00:00,2026-08-08 05:00:00,False
117,2026-08-08 05:15:00,2,4.0,2026-08-08 05:20:00,2026-08-08 05:25:00,False
117,2026-08-08 05:30:00,2,3.0,2026-08-08 05:30:00,2026-08-08 05:35:00,False
117,2026-08-08 05:45:00,1,1.0,2026-08-08 05:55:00,2026-08-08 05:55:00,False
117,2026-08-08 06:00:00,1,4.0,2026-08-08 06:00:00,2026-08-08 06:00:00,False
117,2026-08-08 06:15:00,2,7.0,2026-08-08 06:15:00,2026-08-08 06:25:00,False
117,2026-08-08 06:30:00,2,7.0,2026-08-08 06:30:00,2026-08-08 06:35:00,False
117,2026-08-08 06:45:00,2,3.0,2026-08-08 06:50:00,2026-08-08 06:55:00,False
117,2026-08-08 07:00:00,1,1.0,2026-08-08 07:05:00,2026-08-08 07:05:00,False
117,2026-08-08 07:15:00,3,10.0,2026-08-08 07:15:00,2026-08-08 07:25:00,False
117,2026-08-08 07:30:00,3,11.0,2026-08-08 07:30:00,2026-08-08 07:40:00,False
117,2026-08-08 07:45:00,3,15.0,2026-08-08 07:45:00,2026-08-08 07:55:00,False
117,2026-08-08 08:00:00,3,24.0,2026-08-08 08:00:00,2026-08-08 08:10:00,False
117,2026-08-08 08:15:00,3,13.0,2026-08-08 08:15:00,2026-08-08 08:25:00,False
117,2026-08-08 08:30:00,3,23.0,2026-08-08 08:30:00,2026-08-08 08:40:00,False
117,2026-08-08 08:45:00,3,43.0,2026-08-08 08:45:00,2026-08-08 08:55:00,False
117,2026-08-08 09:00:00,3,25.0,2026-08-08 09:00:00,2026-08-08 09:10:00,False
117,2026-08-08 09:15:00,3,48.0,2026-08-08 09:15:00,2026-08-08 09:25:00,False
117,2026-08-08 09:30:00,3,47.0,2026-08-08 09:30:00,2026-08-08 09:40:00,False
117,2026-08-08 09:45:00,3,42.0,2026-08-08 09:45:00,2026-08-08 09:55:00,False
117,2026-08-08 10:00:00,3,51.0,2026-08-08 10:00:00,2026-08-08 10:10:00,False
117,2026-08-08 10:15:00,3,64.0,2026-08-08 10:15:00,2026-08-08 10:25:00,False
117,2026-08-08 10:30:00,3,36.0,2026-08-08 10:30:00,2026-08-08 10:40:00,False
117,2026-08-08 10:45:00,3,69.0,2026-08-08 10:45:00,2026-08-08 10:55:00,False
117,2026-08-08 11:00:00,3,61.0,2026-08-08 11:00:00,2026-08-08 11:10:00,False
117,2026-08-08 11:15:00,3,85.0,2026-08-08 11:15:00,2026-08-08 11:25:00,False
117,2026-08-08 11:30:00,3,63.0,2026-08-08 11:30:00,2026-08-08 11:40:00,False
117,2026-08-08 11:45:00,3,109.0,2026-08-08 11:45:00,2026-08-08 11:55:00,False
117,2026-08-08 12:00:00,3,130.0,2026-08-08 12:00:00,2026-08-08 12:10:00,False
117,2026-08-08 12:15:00,3,132.0,2026-08-08 12:15:00,2026-08-08 12:25:00,False
117,2026-08-08 12:30:00,3,146.0,2026-08-08 12:30:00,2026-08-08 12:40:00,False
117,2026-08-08 12:45:00,3,89.0,2026-08-08 12:45:00,2026-08-08 12:55:00,False
117,2026-08-08 13:00:00,3,88.0,2026-08-08 13:00:00,2026-08-08 13:10:00,False
117,2026-08-08 13:15:00,3,86.0,2026-08-08 13:15:00,2026-08-08 13:25:00,False
117,2026-08-08 13:30:00,3,78.0,2026-08-08 13:30:00,2026-08-08 13:40:00,False
117,2026-08-08 13:45:00,3,80.0,2026-08-08 13:45:00,2026-08-08 13:55:00,False
117,2026-08-08 14:00:00,3,64.0,2026-08-08 14:00:00,2026-08-08 14:10:00,False
117,2026-08-08 14:15:00,3,85.0,2026-08-08 14:15:00,2026-08-08 14:25:00,False
117,2026-08-08 14:30:00,3,67.0,2026-08-08 14:30:00,2026-08-08 14:40:00,False
117,2026-08-08 14:45:00,3,65.0,2026-08-08 14:45:00,2026-08-08 14:55:00,False
117,2026-08-08 15:00:00,3,75.0,2026-08-08 15:00:00,2026-08-08 15:10:00,False
117,2026-08-08 15:15:00,3,93.0,2026-08-08 15:15:00,2026-08-08 15:25:00,False
117,2026-08-08 15:30:00,3,105.0,2026-08-08 15:30:00,2026-08-08 15:40:00,False
117,2026-08-08 15:45:00,3,85.0,2026-08-08 15:45:00,2026-08-08 15:55:00,False
117,2026-08-08 16:00:00,3,139.0,2026-08-08 16:00:00,2026-08-08 16:10:00,False
117,2026-08-08 16:15:00,3,259.0,2026-08-08 16:15:00,2026-08-08 16:25:00,False
117,2026-08-08 16:30:00,3,172.0,2026-08-08 16:30:00,2026-08-08 16:40:00,False
117,2026-08-08 16:45:00,3,101.0,2026-08-08 16:45:00,2026-08-08 16:55:00,False
117,2026-08-08 17:00:00,3,85.0,2026-08-08 17:00:00,2026-08-08 17:10:00,False
117,2026-08-08 17:15:00,3,152.0,2026-08-08 17:15:00,2026-08-08 17:25:00,False
117,2026-08-08 17:30:00,3,156.0,2026-08-08 17:30:00,2026-08-08 17:40:00,False
117,2026-08-08 17:45:00,3,118.0,2026-08-08 17:45:00,2026-08-08 17:55:00,False
117,2026-08-08 18:00:00,3,104.0,2026-08-08 18:00:00,2026-08-08 18:10:00,False
117,2026-08-08 18:15:00,3,70.0,2026-08-08 18:15:00,2026-08-08 18:25:00,False
117,2026-08-08 18:30:00,3,75.0,2026-08-08 18:30:00,2026-08-08 18:40:00,False
117,2026-08-08 18:45:00,3,57.0,2026-08-08 18:45:00,2026-08-08 18:55:00,False
117,2026-08-08 19:00:00,3,48.0,2026-08-08 19:00:00,2026-08-08 19:10:00,False
117,2026-08-08 19:15:00,3,39.0,2026-08-08 19:15:00,2026-08-08 19:25:00,False
117,2026-08-08 19:30:00,3,53.0,2026-08-08 19:30:00,2026-08-08 19:40:00,False
117,2026-08-08 19:45:00,3,62.0,2026-08-08 19:45:00,2026-08-08 19:55:00,False
117,2026-08-08 20:00:00,3,58.0,2026-08-08 20:00:00,2026-08-08 20:10:00,False
117,2026-08-08 20:15:00,3,57.0,2026-08-08 20:15:00,2026-08-08 20:25:00,False
117,2026-08-08 20:30:00,3,22.0,2026-08-08 20:30:00,2026-08-08 20:40:00,False
117,2026-08-08 20:45:00,3,39.0,2026-08-08 20:45:00,2026-08-08 20:55:00,False
117,2026-08-08 21:00:00,3,35.0,2026-08-08 21:00:00,2026-08-08 21:10:00,False
117,2026-08-08 21:15:00,3,27.0,2026-08-08 21:15:00,2026-08-08 21:25:00,False
117,2026-08-08 21:30:00,0,,,,True
118,2026-08-07 23:45:00,0,,,,True
118,2026-08-08 00:00:00,1,1.0,2026-08-08 00:00:00,2026-08-08 00:00:00,False
118,2026-08-08 00:15:00,0,,,,True
118,2026-08-08 00:30:00,2,6.0,2026-08-08 00:30:00,2026-08-08 00:35:00,False
118,2026-08-08 00:45:00,0,,,,True
118,2026-08-08 01:00:00,0,,,,True
118,2026-08-08 01:15:00,1,4.0,2026-08-08 01:25:00,2026-08-08 01:25:00,False
118,2026-08-08 01:30:00,1,1.0,2026-08-08 01:30:00,2026-08-08 01:30:00,False
118,2026-08-08 01:45:00,0,,,,True
118,2026-08-08 02:00:00,0,,,,True
118,2026-08-08 02:15:00,0,,,,True
118,2026-08-08 02:30:00,0,,,,True
118,2026-08-08 02:45:00,2,3.0,2026-08-08 02:45:00,2026-08-08 02:50:00,False
118,2026-08-08 03:00:00,0,,,,True
118,2026-08-08 03:15:00,0,,,,True
118,2026-08-08 03:30:00,0,,,,True
118,2026-08-08 03:45:00,0,,,,True
118,2026-08-08 04:00:00,0,,,,True
118,2026-08-08 04:15:00,0,,,,True
118,2026-08-08 04:30:00,0,,,,True
118,2026-08-08 04:45:00,0,,,,True
118,2026-08-08 05:00:00,0,,,,True
118,2026-08-08 05:15:00,0,,,,True
118,2026-08-08 05:30:00,0,,,,True
118,2026-08-08 05:45:00,0,,,,True
118,2026-08-08 06:00:00,0,,,,True
118,2026-08-08 06:15:00,0,,,,True
118,2026-08-08 06:30:00,0,,,,True
118,2026-08-08 06:45:00,0,,,,True
118,2026-08-08 07:00:00,0,,,,True
118,2026-08-08 07:15:00,2,2.0,2026-08-08 07:15:00,2026-08-08 07:25:00,False
118,2026-08-08 07:30:00,2,2.0,2026-08-08 07:30:00,2026-08-08 07:40:00,False
118,2026-08-08 07:45:00,1,1.0,2026-08-08 07:55:00,2026-08-08 07:55:00,False
118,2026-08-08 08:00:00,2,2.0,2026-08-08 08:00:00,2026-08-08 08:10:00,False
118,2026-08-08 08:15:00,1,2.0,2026-08-08 08:25:00,2026-08-08 08:25:00,False
118,2026-08-08 08:30:00,1,1.0,2026-08-08 08:30:00,2026-08-08 08:30:00,False
118,2026-08-08 08:45:00,3,5.0,2026-08-08 08:45:00,2026-08-08 08:55:00,False
118,2026-08-08 09:00:00,2,6.0,2026-08-08 09:00:00,2026-08-08 09:10:00,False
118,2026-08-08 09:15:00,1,4.0,2026-08-08 09:15:00,2026-08-08 09:15:00,False
118,2026-08-08 09:30:00,2,3.0,2026-08-08 09:35:00,2026-08-08 09:40:00,False
118,2026-08-08 09:45:00,2,4.0,2026-08-08 09:45:00,2026-08-08 09:55:00,False
118,2026-08-08 10:00:00,2,8.0,2026-08-08 10:00:00,2026-08-08 10:05:00,False
118,2026-08-08 10:15:00,1,5.0,2026-08-08 10:20:00,2026-08-08 10:20:00,False
118,2026-08-08 10:30:00,2,3.0,2026-08-08 10:30:00,2026-08-08 10:40:00,False
118,2026-08-08 10:45:00,2,8.0,2026-08-08 10:45:00,2026-08-08 10:50:00,False
118,2026-08-08 11:00:00,2,3.0,2026-08-08 11:00:00,2026-08-08 11:05:00,False
118,2026-08-08 11:15:00,2,9.0,2026-08-08 11:15:00,2026-08-08 11:25:00,False
118,2026-08-08 11:30:00,3,12.0,2026-08-08 11:30:00,2026-08-08 11:40:00,False
118,2026-08-08 11:45:00,2,18.0,2026-08-08 11:50:00,2026-08-08 11:55:00,False
118,2026-08-08 12:00:00,3,13.0,2026-08-08 12:00:00,2026-08-08 12:10:00,False
118,2026-08-08 12:15:00,2,15.0,2026-08-08 12:15:00,2026-08-08 12:25:00,False
118,2026-08-08 12:30:00,3,24.0,2026-08-08 12:30:00,2026-08-08 12:40:00,False
118,2026-08-08 12:45:00,3,14.0,2026-08-08 12:45:00,2026-08-08 12:55:00,False
118,2026-08-08 13:00:00,3,15.0,2026-08-08 13:00:00,2026-08-08 13:10:00,False
118,2026-08-08 13:15:00,3,13.0,2026-08-08 13:15:00,2026-08-08 13:25:00,False
118,2026-08-08 13:30:00,3,11.0,2026-08-08 13:30:00,2026-08-08 13:40:00,False
118,2026-08-08 13:45:00,3,19.0,2026-08-08 13:45:00,2026-08-08 13:55:00,False
118,2026-08-08 14:00:00,3,22.0,2026-08-08 14:00:00,2026-08-08 14:10:00,False
118,2026-08-08 14:15:00,3,7.0,2026-08-08 14:15:00,2026-08-08 14:25:00,False
118,2026-08-08 14:30:00,3,9.0,2026-08-08 14:30:00,2026-08-08 14:40:00,False
118,2026-08-08 14:45:00,3,14.0,2026-08-08 14:45:00,2026-08-08 14:55:00,False
118,2026-08-08 15:00:00,3,10.0,2026-08-08 15:00:00,2026-08-08 15:10:00,False
118,2026-08-08 15:15:00,3,16.0,2026-08-08 15:15:00,2026-08-08 15:25:00,False
118,2026-08-08 15:30:00,3,9.0,2026-08-08 15:30:00,2026-08-08 15:40:00,False
118,2026-08-08 15:45:00,2,7.0,2026-08-08 15:45:00,2026-08-08 15:50:00,False
118,2026-08-08 16:00:00,3,6.0,2026-08-08 16:00:00,2026-08-08 16:10:00,False
118,2026-08-08 16:15:00,3,22.0,2026-08-08 16:15:00,2026-08-08 16:25:00,False
118,2026-08-08 16:30:00,3,23.0,2026-08-08 16:30:00,2026-08-08 16:40:00,False
118,2026-08-08 16:45:00,2,12.0,2026-08-08 16:45:00,2026-08-08 16:50:00,False
118,2026-08-08 17:00:00,3,13.0,2026-08-08 17:00:00,2026-08-08 17:10:00,False
118,2026-08-08 17:15:00,3,13.0,2026-08-08 17:15:00,2026-08-08 17:25:00,False
118,2026-08-08 17:30:00,1,6.0,2026-08-08 17:40:00,2026-08-08 17:40:00,False
118,2026-08-08 17:45:00,3,18.0,2026-08-08 17:45:00,2026-08-08 17:55:00,False
118,2026-08-08 18:00:00,3,12.0,2026-08-08 18:00:00,2026-08-08 18:10:00,False
118,2026-08-08 18:15:00,1,4.0,2026-08-08 18:20:00,2026-08-08 18:20:00,False
118,2026-08-08 18:30:00,3,8.0,2026-08-08 18:30:00,2026-08-08 18:40:00,False
118,2026-08-08 18:45:00,2,6.0,2026-08-08 18:45:00,2026-08-08 18:55:00,False
118,2026-08-08 19:00:00,2,7.0,2026-08-08 19:05:00,2026-08-08 19:10:00,False
118,2026-08-08 19:15:00,2,6.0,2026-08-08 19:15:00,2026-08-08 19:25:00,False
118,2026-08-08 19:30:00,2,6.0,2026-08-08 19:30:00,2026-08-08 19:35:00,False
118,2026-08-08 19:45:00,2,8.0,2026-08-08 19:50:00,2026-08-08 19:55:00,False
118,2026-08-08 20:00:00,2,4.0,2026-08-08 20:05:00,2026-08-08 20:10:00,False
118,2026-08-08 20:15:00,2,6.0,2026-08-08 20:15:00,2026-08-08 20:20:00,False
118,2026-08-08 20:30:00,3,5.0,2026-08-08 20:30:00,2026-08-08 20:40:00,False
118,2026-08-08 20:45:00,3,3.0,2026-08-08 20:45:00,2026-08-08 20:55:00,False
118,2026-08-08 21:00:00,2,9.0,2026-08-08 21:00:00,2026-08-08 21:10:00,False
118,2026-08-08 21:15:00,2,10.0,2026-08-08 21:15:00,2026-08-08 21:25:00,False
118,2026-08-08 21:30:00,0,,,,True
123,2026-08-07 23:45:00,0,,,,True
123,2026-08-08 00:00:00,0,,,,True
123,2026-08-08 00:15:00,0,,,,True
123,2026-08-08 00:30:00,0,,,,True
123,2026-08-08 00:45:00,0,,,,True
123,2026-08-08 01:00:00,0,,,,True
123,2026-08-08 01:15:00,0,,,,True
123,2026-08-08 01:30:00,0,,,,True
123,2026-08-08 01:45:00,0,,,,True
123,2026-08-08 02:00:00,0,,,,True
123,2026-08-08 02:15:00,0,,,,True
123,2026-08-08 02:30:00,0,,,,True
123,2026-08-08 02:45:00,0,,,,True
123,2026-08-08 03:00:00,0,,,,True
123,2026-08-08 03:15:00,0,,,,True
123,2026-08-08 03:30:00,0,,,,True
123,2026-08-08 03:45:00,0,,,,True
123,2026-08-08 04:00:00,0,,,,True
123,2026-08-08 04:15:00,0,,,,True
123,2026-08-08 04:30:00,0,,,,True
123,2026-08-08 04:45:00,0,,,,True
123,2026-08-08 05:00:00,0,,,,True
123,2026-08-08 05:15:00,0,,,,True
123,2026-08-08 05:30:00,0,,,,True
123,2026-08-08 05:45:00,0,,,,True
123,2026-08-08 06:00:00,0,,,,True
123,2026-08-08 06:15:00,0,,,,True
123,2026-08-08 06:30:00,0,,,,True
123,2026-08-08 06:45:00,1,1.0,2026-08-08 06:45:00,2026-08-08 06:45:00,False
123,2026-08-08 07:00:00,3,5.0,2026-08-08 07:00:00,2026-08-08 07:10:00,False
123,2026-08-08 07:15:00,2,8.0,2026-08-08 07:15:00,2026-08-08 07:20:00,False
123,2026-08-08 07:30:00,2,4.0,2026-08-08 07:30:00,2026-08-08 07:35:00,False
123,2026-08-08 07:45:00,4,9.0,2026-08-08 07:45:00,2026-08-08 07:55:00,False
123,2026-08-08 08:00:00,2,3.0,2026-08-08 08:00:00,2026-08-08 08:10:00,False
123,2026-08-08 08:15:00,3,12.0,2026-08-08 08:15:00,2026-08-08 08:25:00,False
123,2026-08-08 08:30:00,2,4.0,2026-08-08 08:30:00,2026-08-08 08:40:00,False
123,2026-08-08 08:45:00,3,16.0,2026-08-08 08:45:00,2026-08-08 08:55:00,False
123,2026-08-08 09:00:00,3,7.0,2026-08-08 09:00:00,2026-08-08 09:10:00,False
123,2026-08-08 09:15:00,3,9.0,2026-08-08 09:15:00,2026-08-08 09:25:00,False
123,2026-08-08 09:30:00,3,11.0,2026-08-08 09:30:00,2026-08-08 09:40:00,False
123,2026-08-08 09:45:00,3,21.0,2026-08-08 09:45:00,2026-08-08 09:55:00,False
123,2026-08-08 10:00:00,3,12.0,2026-08-08 10:00:00,2026-08-08 10:10:00,False
123,2026-08-08 10:15:00,3,13.0,2026-08-08 10:15:00,2026-08-08 10:25:00,False
123,2026-08-08 10:30:00,3,12.0,2026-08-08 10:30:00,2026-08-08 10:40:00,False
123,2026-08-08 10:45:00,3,15.0,2026-08-08 10:45:00,2026-08-08 10:55:00,False
123,2026-08-08 11:00:00,3,16.0,2026-08-08 11:00:00,2026-08-08 11:10:00,False
123,2026-08-08 11:15:00,3,5.0,2026-08-08 11:15:00,2026-08-08 11:25:00,False
123,2026-08-08 11:30:00,3,10.0,2026-08-08 11:30:00,2026-08-08 11:40:00,False
123,2026-08-08 11:45:00,2,5.0,2026-08-08 11:50:00,2026-08-08 11:55:00,False
123,2026-08-08 12:00:00,3,16.0,2026-08-08 12:00:00,2026-08-08 12:10:00,False
123,2026-08-08 12:15:00,3,17.0,2026-08-08 12:15:00,2026-08-08 12:25:00,False
123,2026-08-08 12:30:00,3,40.0,2026-08-08 12:30:00,2026-08-08 12:40:00,False
123,2026-08-08 12:45:00,3,29.0,2026-08-08 12:45:00,2026-08-08 12:55:00,False
123,2026-08-08 13:00:00,3,29.0,2026-08-08 13:00:00,2026-08-08 13:10:00,False
123,2026-08-08 13:15:00,3,33.0,2026-08-08 13:15:00,2026-08-08 13:25:00,False
123,2026-08-08 13:30:00,3,27.0,2026-08-08 13:30:00,2026-08-08 13:40:00,False
123,2026-08-08 13:45:00,3,23.0,2026-08-08 13:45:00,2026-08-08 13:55:00,False
123,2026-08-08 14:00:00,3,19.0,2026-08-08 14:00:00,2026-08-08 14:10:00,False
123,2026-08-08 14:15:00,3,20.0,2026-08-08 14:15:00,2026-08-08 14:25:00,False
123,2026-08-08 14:30:00,3,20.0,2026-08-08 14:30:00,2026-08-08 14:40:00,False
123,2026-08-08 14:45:00,3,12.0,2026-08-08 14:45:00,2026-08-08 14:55:00,False
123,2026-08-08 15:00:00,3,15.0,2026-08-08 15:00:00,2026-08-08 15:10:00,False
123,2026-08-08 15:15:00,3,16.0,2026-08-08 15:15:00,2026-08-08 15:25:00,False
123,2026-08-08 15:30:00,3,10.0,2026-08-08 15:30:00,2026-08-08 15:40:00,False
123,2026-08-08 15:45:00,3,17.0,2026-08-08 15:45:00,2026-08-08 15:55:00,False
123,2026-08-08 16:00:00,3,28.0,2026-08-08 16:00:00,2026-08-08 16:10:00,False
123,2026-08-08 16:15:00,3,72.0,2026-08-08 16:15:00,2026-08-08 16:25:00,False
123,2026-08-08 16:30:00,3,19.0,2026-08-08 16:30:00,2026-08-08 16:40:00,False
123,2026-08-08 16:45:00,2,10.0,2026-08-08 16:50:00,2026-08-08 16:55:00,False
123,2026-08-08 17:00:00,3,14.0,2026-08-08 17:00:00,2026-08-08 17:10:00,False
123,2026-08-08 17:15:00,3,34.0,2026-08-08 17:15:00,2026-08-08 17:25:00,False
123,2026-08-08 17:30:00,3,71.0,2026-08-08 17:30:00,2026-08-08 17:40:00,False
123,2026-08-08 17:45:00,2,15.0,2026-08-08 17:45:00,2026-08-08 17:50:00,False
123,2026-08-08 18:00:00,1,1.0,2026-08-08 18:00:00,2026-08-08 18:00:00,False
123,2026-08-08 18:15:00,0,,,,True
123,2026-08-08 18:30:00,0,,,,True
123,2026-08-08 18:45:00,0,,,,True
123,2026-08-08 19:00:00,0,,,,True
123,2026-08-08 19:15:00,0,,,,True
123,2026-08-08 19:30:00,0,,,,True
123,2026-08-08 19:45:00,0,,,,True
123,2026-08-08 20:00:00,0,,,,True
123,2026-08-08 20:15:00,0,,,,True
123,2026-08-08 20:30:00,0,,,,True
123,2026-08-08 20:45:00,0,,,,True
123,2026-08-08 21:00:00,0,,,,True
123,2026-08-08 21:15:00,0,,,,True
123,2026-08-08 21:30:00,0,,,,True
124,2026-08-07 23:45:00,0,,,,True
124,2026-08-08 00:00:00,0,,,,True
124,2026-08-08 00:15:00,0,,,,True
124,2026-08-08 00:30:00,0,,,,True
124,2026-08-08 00:45:00,0,,,,True
124,2026-08-08 01:00:00,0,,,,True
124,2026-08-08 01:15:00,0,,,,True
124,2026-08-08 01:30:00,0,,,,True
124,2026-08-08 01:45:00,0,,,,True
124,2026-08-08 02:00:00,0,,,,True
124,2026-08-08 02:15:00,0,,,,True
124,2026-08-08 02:30:00,0,,,,True
124,2026-08-08 02:45:00,0,,,,True
124,2026-08-08 03:00:00,0,,,,True
124,2026-08-08 03:15:00,0,,,,True
124,2026-08-08 03:30:00,0,,,,True
124,2026-08-08 03:45:00,0,,,,True
124,2026-08-08 04:00:00,0,,,,True
124,2026-08-08 04:15:00,0,,,,True
124,2026-08-08 04:30:00,0,,,,True
124,2026-08-08 04:45:00,0,,,,True
124,2026-08-08 05:00:00,0,,,,True
124,2026-08-08 05:15:00,0,,,,True
124,2026-08-08 05:30:00,0,,,,True
124,2026-08-08 05:45:00,0,,,,True
124,2026-08-08 06:00:00,0,,,,True
124,2026-08-08 06:15:00,0,,,,True
124,2026-08-08 06:30:00,0,,,,True
124,2026-08-08 06:45:00,0,,,,True
124,2026-08-08 07:00:00,0,,,,True
124,2026-08-08 07:15:00,0,,,,True
124,2026-08-08 07:30:00,0,,,,True
124,2026-08-08 07:45:00,0,,,,True
124,2026-08-08 08:00:00,0,,,,True
124,2026-08-08 08:15:00,1,3.0,2026-08-08 08:20:00,2026-08-08 08:20:00,False
124,2026-08-08 08:30:00,0,,,,True
124,2026-08-08 08:45:00,0,,,,True
124,2026-08-08 09:00:00,0,,,,True
124,2026-08-08 09:15:00,1,1.0,2026-08-08 09:25:00,2026-08-08 09:25:00,False
124,2026-08-08 09:30:00,0,,,,True
124,2026-08-08 09:45:00,1,2.0,2026-08-08 09:55:00,2026-08-08 09:55:00,False
124,2026-08-08 10:00:00,2,2.0,2026-08-08 10:00:00,2026-08-08 10:05:00,False
124,2026-08-08 10:15:00,0,,,,True
124,2026-08-08 10:30:00,0,,,,True
124,2026-08-08 10:45:00,0,,,,True
124,2026-08-08 11:00:00,2,2.0,2026-08-08 11:05:00,2026-08-08 11:10:00,False
124,2026-08-08 11:15:00,0,,,,True
124,2026-08-08 11:30:00,1,3.0,2026-08-08 11:35:00,2026-08-08 11:35:00,False
124,2026-08-08 11:45:00,0,,,,True
124,2026-08-08 12:00:00,0,,,,True
124,2026-08-08 12:15:00,0,,,,True
124,2026-08-08 12:30:00,2,3.0,2026-08-08 12:30:00,2026-08-08 12:40:00,False
124,2026-08-08 12:45:00,3,7.0,2026-08-08 12:45:00,2026-08-08 12:55:00,False
124,2026-08-08 13:00:00,2,3.0,2026-08-08 13:00:00,2026-08-08 13:05:00,False
124,2026-08-08 13:15:00,2,5.0,2026-08-08 13:15:00,2026-08-08 13:20:00,False
124,2026-08-08 13:30:00,2,4.0,2026-08-08 13:30:00,2026-08-08 13:40:00,False
124,2026-08-08 13:45:00,0,,,,True
124,2026-08-08 14:00:00,1,4.0,2026-08-08 14:10:00,2026-08-08 14:10:00,False
124,2026-08-08 14:15:00,0,,,,True
124,2026-08-08 14:30:00,0,,,,True
124,2026-08-08 14:45:00,0,,,,True
124,2026-08-08 15:00:00,1,1.0,2026-08-08 15:05:00,2026-08-08 15:05:00,False
124,2026-08-08 15:15:00,0,,,,True
124,2026-08-08 15:30:00,1,1.0,2026-08-08 15:30:00,2026-08-08 15:30:00,False
124,2026-08-08 15:45:00,1,1.0,2026-08-08 15:45:00,2026-08-08 15:45:00,False
124,2026-08-08 16:00:00,1,1.0,2026-08-08 16:00:00,2026-08-08 16:00:00,False
124,2026-08-08 16:15:00,2,5.0,2026-08-08 16:15:00,2026-08-08 16:25:00,False
124,2026-08-08 16:30:00,0,,,,True
124,2026-08-08 16:45:00,2,2.0,2026-08-08 16:45:00,2026-08-08 16:55:00,False
124,2026-08-08 17:00:00,2,2.0,2026-08-08 17:05:00,2026-08-08 17:10:00,False
124,2026-08-08 17:15:00,1,2.0,2026-08-08 17:25:00,2026-08-08 17:25:00,False
124,2026-08-08 17:30:00,2,4.0,2026-08-08 17:30:00,2026-08-08 17:40:00,False
124,2026-08-08 17:45:00,0,,,,True
124,2026-08-08 18:00:00,0,,,,True
124,2026-08-08 18:15:00,0,,,,True
124,2026-08-08 18:30:00,0,,,,True
124,2026-08-08 18:45:00,0,,,,True
124,2026-08-08 19:00:00,0,,,,True
124,2026-08-08 19:15:00,0,,,,True
124,2026-08-08 19:30:00,0,,,,True
124,2026-08-08 19:45:00,0,,,,True
124,2026-08-08 20:00:00,0,,,,True
124,2026-08-08 20:15:00,0,,,,True
124,2026-08-08 20:30:00,0,,,,True
124,2026-08-08 20:45:00,0,,,,True
124,2026-08-08 21:00:00,0,,,,True
124,2026-08-08 21:15:00,0,,,,True
124,2026-08-08 21:30:00,0,,,,True
130,2026-08-07 23:45:00,1,3.0,2026-08-07 23:55:00,2026-08-07 23:55:00,False
130,2026-08-08 00:00:00,0,,,,True
130,2026-08-08 00:15:00,0,,,,True
130,2026-08-08 00:30:00,0,,,,True
130,2026-08-08 00:45:00,0,,,,True
130,2026-08-08 01:00:00,0,,,,True
130,2026-08-08 01:15:00,0,,,,True
130,2026-08-08 01:30:00,0,,,,True
130,2026-08-08 01:45:00,0,,,,True
130,2026-08-08 02:00:00,0,,,,True
130,2026-08-08 02:15:00,0,,,,True
130,2026-08-08 02:30:00,0,,,,True
130,2026-08-08 02:45:00,0,,,,True
130,2026-08-08 03:00:00,0,,,,True
130,2026-08-08 03:15:00,0,,,,True
130,2026-08-08 03:30:00,0,,,,True
130,2026-08-08 03:45:00,0,,,,True
130,2026-08-08 04:00:00,0,,,,True
130,2026-08-08 04:15:00,0,,,,True
130,2026-08-08 04:30:00,0,,,,True
130,2026-08-08 04:45:00,0,,,,True
130,2026-08-08 05:00:00,0,,,,True
130,2026-08-08 05:15:00,0,,,,True
130,2026-08-08 05:30:00,0,,,,True
130,2026-08-08 05:45:00,1,1.0,2026-08-08 05:55:00,2026-08-08 05:55:00,False
130,2026-08-08 06:00:00,2,2.0,2026-08-08 06:00:00,2026-08-08 06:05:00,False
130,2026-08-08 06:15:00,1,3.0,2026-08-08 06:20:00,2026-08-08 06:20:00,False
130,2026-08-08 06:30:00,1,1.0,2026-08-08 06:35:00,2026-08-08 06:35:00,False
130,2026-08-08 06:45:00,3,5.0,2026-08-08 06:45:00,2026-08-08 06:55:00,False
130,2026-08-08 07:00:00,3,16.0,2026-08-08 07:00:00,2026-08-08 07:10:00,False
130,2026-08-08 07:15:00,3,19.0,2026-08-08 07:15:00,2026-08-08 07:25:00,False
130,2026-08-08 07:30:00,3,36.0,2026-08-08 07:30:00,2026-08-08 07:40:00,False
130,2026-08-08 07:45:00,3,40.0,2026-08-08 07:45:00,2026-08-08 07:55:00,False
130,2026-08-08 08:00:00,3,23.0,2026-08-08 08:00:00,2026-08-08 08:10:00,False
130,2026-08-08 08:15:00,3,24.0,2026-08-08 08:15:00,2026-08-08 08:25:00,False
130,2026-08-08 08:30:00,3,24.0,2026-08-08 08:30:00,2026-08-08 08:40:00,False
130,2026-08-08 08:45:00,3,18.0,2026-08-08 08:45:00,2026-08-08 08:55:00,False
130,2026-08-08 09:00:00,3,15.0,2026-08-08 09:00:00,2026-08-08 09:10:00,False
130,2026-08-08 09:15:00,3,10.0,2026-08-08 09:15:00,2026-08-08 09:25:00,False
130,2026-08-08 09:30:00,3,16.0,2026-08-08 09:30:00,2026-08-08 09:40:00,False
130,2026-08-08 09:45:00,3,22.0,2026-08-08 09:45:00,2026-08-08 09:55:00,False
130,2026-08-08 10:00:00,3,25.0,2026-08-08 10:00:00,2026-08-08 10:10:00,False
130,2026-08-08 10:15:00,3,46.0,2026-08-08 10:15:00,2026-08-08 10:25:00,False
130,2026-08-08 10:30:00,3,38.0,2026-08-08 10:30:00,2026-08-08 10:40:00,False
130,2026-08-08 10:45:00,3,41.0,2026-08-08 10:45:00,2026-08-08 10:55:00,False
130,2026-08-08 11:00:00,3,26.0,2026-08-08 11:00:00,2026-08-08 11:10:00,False
130,2026-08-08 11:15:00,3,51.0,2026-08-08 11:15:00,2026-08-08 11:25:00,False
130,2026-08-08 11:30:00,3,45.0,2026-08-08 11:30:00,2026-08-08 11:40:00,False
130,2026-08-08 11:45:00,3,54.0,2026-08-08 11:45:00,2026-08-08 11:55:00,False
130,2026-08-08 12:00:00,3,42.0,2026-08-08 12:00:00,2026-08-08 12:10:00,False
130,2026-08-08 12:15:00,3,37.0,2026-08-08 12:15:00,2026-08-08 12:25:00,False
130,2026-08-08 12:30:00,3,48.0,2026-08-08 12:30:00,2026-08-08 12:40:00,False
130,2026-08-08 12:45:00,3,44.0,2026-08-08 12:45:00,2026-08-08 12:55:00,False
130,2026-08-08 13:00:00,3,52.0,2026-08-08 13:00:00,2026-08-08 13:10:00,False
130,2026-08-08 13:15:00,3,31.0,2026-08-08 13:15:00,2026-08-08 13:25:00,False
130,2026-08-08 13:30:00,3,39.0,2026-08-08 13:30:00,2026-08-08 13:40:00,False
130,2026-08-08 13:45:00,3,44.0,2026-08-08 13:45:00,2026-08-08 13:55:00,False
130,2026-08-08 14:00:00,3,45.0,2026-08-08 14:00:00,2026-08-08 14:10:00,False
130,2026-08-08 14:15:00,3,48.0,2026-08-08 14:15:00,2026-08-08 14:25:00,False
130,2026-08-08 14:30:00,3,29.0,2026-08-08 14:30:00,2026-08-08 14:40:00,False
130,2026-08-08 14:45:00,3,23.0,2026-08-08 14:45:00,2026-08-08 14:55:00,False
130,2026-08-08 15:00:00,3,32.0,2026-08-08 15:00:00,2026-08-08 15:10:00,False
130,2026-08-08 15:15:00,3,19.0,2026-08-08 15:15:00,2026-08-08 15:25:00,False
130,2026-08-08 15:30:00,3,31.0,2026-08-08 15:30:00,2026-08-08 15:40:00,False
130,2026-08-08 15:45:00,3,48.0,2026-08-08 15:45:00,2026-08-08 15:55:00,False
130,2026-08-08 16:00:00,3,29.0,2026-08-08 16:00:00,2026-08-08 16:10:00,False
130,2026-08-08 16:15:00,3,12.0,2026-08-08 16:15:00,2026-08-08 16:25:00,False
130,2026-08-08 16:30:00,3,36.0,2026-08-08 16:30:00,2026-08-08 16:40:00,False
130,2026-08-08 16:45:00,3,26.0,2026-08-08 16:45:00,2026-08-08 16:55:00,False
130,2026-08-08 17:00:00,3,23.0,2026-08-08 17:00:00,2026-08-08 17:10:00,False
130,2026-08-08 17:15:00,3,30.0,2026-08-08 17:15:00,2026-08-08 17:25:00,False
130,2026-08-08 17:30:00,3,7.0,2026-08-08 17:30:00,2026-08-08 17:40:00,False
130,2026-08-08 17:45:00,3,15.0,2026-08-08 17:45:00,2026-08-08 17:55:00,False
130,2026-08-08 18:00:00,2,4.0,2026-08-08 18:00:00,2026-08-08 18:10:00,False
130,2026-08-08 18:15:00,1,1.0,2026-08-08 18:25:00,2026-08-08 18:25:00,False
130,2026-08-08 18:30:00,0,,,,True
130,2026-08-08 18:45:00,1,1.0,2026-08-08 18:50:00,2026-08-08 18:50:00,False
130,2026-08-08 19:00:00,0,,,,True
130,2026-08-08 19:15:00,1,1.0,2026-08-08 19:25:00,2026-08-08 19:25:00,False
130,2026-08-08 19:30:00,1,1.0,2026-08-08 19:35:00,2026-08-08 19:35:00,False
130,2026-08-08 19:45:00,0,,,,True
130,2026-08-08 20:00:00,1,1.0,2026-08-08 20:00:00,2026-08-08 20:00:00,False
130,2026-08-08 20:15:00,0,,,,True
130,2026-08-08 20:30:00,0,,,,True
130,2026-08-08 20:45:00,0,,,,True
130,2026-08-08 21:00:00,1,3.0,2026-08-08 21:05:00,2026-08-08 21:05:00,False
130,2026-08-08 21:15:00,1,1.0,2026-08-08 21:20:00,2026-08-08 21:20:00,False
130,2026-08-08 21:30:00,0,,,,True
131,2026-08-07 23:45:00,1,20.0,2026-08-07 23:55:00,2026-08-07 23:55:00,False
131,2026-08-08 00:00:00,3,32.0,2026-08-08 00:00:00,2026-08-08 00:10:00,False
131,2026-08-08 00:15:00,3,37.0,2026-08-08 00:15:00,2026-08-08 00:25:00,False
131,2026-08-08 00:30:00,3,37.0,2026-08-08 00:30:00,2026-08-08 00:40:00,False
131,2026-08-08 00:45:00,3,40.0,2026-08-08 00:45:00,2026-08-08 00:55:00,False
131,2026-08-08 01:00:00,3,43.0,2026-08-08 01:00:00,2026-08-08 01:10:00,False
131,2026-08-08 01:15:00,3,39.0,2026-08-08 01:15:00,2026-08-08 01:25:00,False
131,2026-08-08 01:30:00,3,58.0,2026-08-08 01:30:00,2026-08-08 01:40:00,False
131,2026-08-08 01:45:00,3,66.0,2026-08-08 01:45:00,2026-08-08 01:55:00,False
131,2026-08-08 02:00:00,3,46.0,2026-08-08 02:00:00,2026-08-08 02:10:00,False
131,2026-08-08 02:15:00,3,33.0,2026-08-08 02:15:00,2026-08-08 02:25:00,False
131,2026-08-08 02:30:00,3,18.0,2026-08-08 02:30:00,2026-08-08 02:40:00,False
131,2026-08-08 02:45:00,2,9.0,2026-08-08 02:45:00,2026-08-08 02:50:00,False
131,2026-08-08 03:00:00,3,15.0,2026-08-08 03:00:00,2026-08-08 03:10:00,False
131,2026-08-08 03:15:00,3,14.0,2026-08-08 03:15:00,2026-08-08 03:25:00,False
131,2026-08-08 03:30:00,3,15.0,2026-08-08 03:30:00,2026-08-08 03:40:00,False
131,2026-08-08 03:45:00,3,10.0,2026-08-08 03:45:00,2026-08-08 03:55:00,False
131,2026-08-08 04:00:00,2,11.0,2026-08-08 04:05:00,2026-08-08 04:10:00,False
131,2026-08-08 04:15:00,3,22.0,2026-08-08 04:15:00,2026-08-08 04:25:00,False
131,2026-08-08 04:30:00,3,8.0,2026-08-08 04:30:00,2026-08-08 04:40:00,False
131,2026-08-08 04:45:00,2,4.0,2026-08-08 04:45:00,2026-08-08 04:55:00,False
131,2026-08-08 05:00:00,3,13.0,2026-08-08 05:00:00,2026-08-08 05:10:00,False
131,2026-08-08 05:15:00,3,9.0,2026-08-08 05:15:00,2026-08-08 05:25:00,False
131,2026-08-08 05:30:00,2,4.0,2026-08-08 05:30:00,2026-08-08 05:35:00,False
131,2026-08-08 05:45:00,3,9.0,2026-08-08 05:45:00,2026-08-08 05:55:00,False
131,2026-08-08 06:00:00,3,15.0,2026-08-08 06:00:00,2026-08-08 06:10:00,False
131,2026-08-08 06:15:00,3,12.0,2026-08-08 06:15:00,2026-08-08 06:25:00,False
131,2026-08-08 06:30:00,2,8.0,2026-08-08 06:35:00,2026-08-08 06:40:00,False
131,2026-08-08 06:45:00,3,14.0,2026-08-08 06:45:00,2026-08-08 06:55:00,False
131,2026-08-08 07:00:00,2,4.0,2026-08-08 07:00:00,2026-08-08 07:10:00,False
131,2026-08-08 07:15:00,3,8.0,2026-08-08 07:15:00,2026-08-08 07:25:00,False
131,2026-08-08 07:30:00,2,4.0,2026-08-08 07:35:00,2026-08-08 07:40:00,False
131,2026-08-08 07:45:00,3,11.0,2026-08-08 07:45:00,2026-08-08 07:55:00,False
131,2026-08-08 08:00:00,3,21.0,2026-08-08 08:00:00,2026-08-08 08:10:00,False
131,2026-08-08 08:15:00,3,25.0,2026-08-08 08:15:00,2026-08-08 08:25:00,False
131,2026-08-08 08:30:00,3,17.0,2026-08-08 08:30:00,2026-08-08 08:40:00,False
131,2026-08-08 08:45:00,3,24.0,2026-08-08 08:45:00,2026-08-08 08:55:00,False
131,2026-08-08 09:00:00,3,24.0,2026-08-08 09:00:00,2026-08-08 09:10:00,False
131,2026-08-08 09:15:00,3,42.0,2026-08-08 09:15:00,2026-08-08 09:25:00,False
131,2026-08-08 09:30:00,3,48.0,2026-08-08 09:30:00,2026-08-08 09:40:00,False
131,2026-08-08 09:45:00,3,45.0,2026-08-08 09:45:00,2026-08-08 09:55:00,False
131,2026-08-08 10:00:00,3,47.0,2026-08-08 10:00:00,2026-08-08 10:10:00,False
131,2026-08-08 10:15:00,3,41.0,2026-08-08 10:15:00,2026-08-08 10:25:00,False
131,2026-08-08 10:30:00,3,61.0,2026-08-08 10:30:00,2026-08-08 10:40:00,False
131,2026-08-08 10:45:00,3,39.0,2026-08-08 10:45:00,2026-08-08 10:55:00,False
131,2026-08-08 11:00:00,3,64.0,2026-08-08 11:00:00,2026-08-08 11:10:00,False
131,2026-08-08 11:15:00,3,79.0,2026-08-08 11:15:00,2026-08-08 11:25:00,False
131,2026-08-08 11:30:00,3,77.0,2026-08-08 11:30:00,2026-08-08 11:40:00,False
131,2026-08-08 11:45:00,3,76.0,2026-08-08 11:45:00,2026-08-08 11:55:00,False
131,2026-08-08 12:00:00,3,59.0,2026-08-08 12:00:00,2026-08-08 12:10:00,False
131,2026-08-08 12:15:00,3,52.0,2026-08-08 12:15:00,2026-08-08 12:25:00,False
131,2026-08-08 12:30:00,3,70.0,2026-08-08 12:30:00,2026-08-08 12:40:00,False
131,2026-08-08 12:45:00,3,55.0,2026-08-08 12:45:00,2026-08-08 12:55:00,False
131,2026-08-08 13:00:00,3,69.0,2026-08-08 13:00:00,2026-08-08 13:10:00,False
131,2026-08-08 13:15:00,3,53.0,2026-08-08 13:15:00,2026-08-08 13:25:00,False
131,2026-08-08 13:30:00,3,59.0,2026-08-08 13:30:00,2026-08-08 13:40:00,False
131,2026-08-08 13:45:00,3,74.0,2026-08-08 13:45:00,2026-08-08 13:55:00,False
131,2026-08-08 14:00:00,3,89.0,2026-08-08 14:00:00,2026-08-08 14:10:00,False
131,2026-08-08 14:15:00,3,59.0,2026-08-08 14:15:00,2026-08-08 14:25:00,False
131,2026-08-08 14:30:00,3,71.0,2026-08-08 14:30:00,2026-08-08 14:40:00,False
131,2026-08-08 14:45:00,3,54.0,2026-08-08 14:45:00,2026-08-08 14:55:00,False
131,2026-08-08 15:00:00,3,44.0,2026-08-08 15:00:00,2026-08-08 15:10:00,False
131,2026-08-08 15:15:00,3,69.0,2026-08-08 15:15:00,2026-08-08 15:25:00,False
131,2026-08-08 15:30:00,3,81.0,2026-08-08 15:30:00,2026-08-08 15:40:00,False
131,2026-08-08 15:45:00,3,80.0,2026-08-08 15:45:00,2026-08-08 15:55:00,False
131,2026-08-08 16:00:00,3,50.0,2026-08-08 16:00:00,2026-08-08 16:10:00,False
131,2026-08-08 16:15:00,3,73.0,2026-08-08 16:15:00,2026-08-08 16:25:00,False
131,2026-08-08 16:30:00,3,90.0,2026-08-08 16:30:00,2026-08-08 16:40:00,False
131,2026-08-08 16:45:00,3,78.0,2026-08-08 16:45:00,2026-08-08 16:55:00,False
131,2026-08-08 17:00:00,3,82.0,2026-08-08 17:00:00,2026-08-08 17:10:00,False
131,2026-08-08 17:15:00,3,60.0,2026-08-08 17:15:00,2026-08-08 17:25:00,False
131,2026-08-08 17:30:00,3,34.0,2026-08-08 17:30:00,2026-08-08 17:40:00,False
131,2026-08-08 17:45:00,3,76.0,2026-08-08 17:45:00,2026-08-08 17:55:00,False
131,2026-08-08 18:00:00,3,44.0,2026-08-08 18:00:00,2026-08-08 18:10:00,False
131,2026-08-08 18:15:00,3,65.0,2026-08-08 18:15:00,2026-08-08 18:25:00,False
131,2026-08-08 18:30:00,3,35.0,2026-08-08 18:30:00,2026-08-08 18:40:00,False
131,2026-08-08 18:45:00,3,47.0,2026-08-08 18:45:00,2026-08-08 18:55:00,False
131,2026-08-08 19:00:00,3,34.0,2026-08-08 19:00:00,2026-08-08 19:10:00,False
131,2026-08-08 19:15:00,3,44.0,2026-08-08 19:15:00,2026-08-08 19:25:00,False
131,2026-08-08 19:30:00,3,49.0,2026-08-08 19:30:00,2026-08-08 19:40:00,False
131,2026-08-08 19:45:00,3,63.0,2026-08-08 19:45:00,2026-08-08 19:55:00,False
131,2026-08-08 20:00:00,3,54.0,2026-08-08 20:00:00,2026-08-08 20:10:00,False
131,2026-08-08 20:15:00,3,64.0,2026-08-08 20:15:00,2026-08-08 20:25:00,False
131,2026-08-08 20:30:00,3,29.0,2026-08-08 20:30:00,2026-08-08 20:40:00,False
131,2026-08-08 20:45:00,3,47.0,2026-08-08 20:45:00,2026-08-08 20:55:00,False
131,2026-08-08 21:00:00,3,39.0,2026-08-08 21:00:00,2026-08-08 21:10:00,False
131,2026-08-08 21:15:00,3,42.0,2026-08-08 21:15:00,2026-08-08 21:25:00,False
131,2026-08-08 21:30:00,0,,,,True
132,2026-08-07 23:45:00,1,7.0,2026-08-07 23:55:00,2026-08-07 23:55:00,False
132,2026-08-08 00:00:00,3,30.0,2026-08-08 00:00:00,2026-08-08 00:10:00,False
132,2026-08-08 00:15:00,3,24.0,2026-08-08 00:15:00,2026-08-08 00:25:00,False
132,2026-08-08 00:30:00,3,28.0,2026-08-08 00:30:00,2026-08-08 00:40:00,False
132,2026-08-08 00:45:00,3,20.0,2026-08-08 00:45:00,2026-08-08 00:55:00,False
132,2026-08-08 01:00:00,2,5.0,2026-08-08 01:00:00,2026-08-08 01:10:00,False
132,2026-08-08 01:15:00,3,15.0,2026-08-08 01:15:00,2026-08-08 01:25:00,False
132,2026-08-08 01:30:00,3,17.0,2026-08-08 01:30:00,2026-08-08 01:40:00,False
132,2026-08-08 01:45:00,3,13.0,2026-08-08 01:45:00,2026-08-08 01:55:00,False
132,2026-08-08 02:00:00,3,12.0,2026-08-08 02:00:00,2026-08-08 02:10:00,False
132,2026-08-08 02:15:00,3,12.0,2026-08-08 02:15:00,2026-08-08 02:25:00,False
132,2026-08-08 02:30:00,3,14.0,2026-08-08 02:30:00,2026-08-08 02:40:00,False
132,2026-08-08 02:45:00,2,9.0,2026-08-08 02:50:00,2026-08-08 02:55:00,False
132,2026-08-08 03:00:00,2,8.0,2026-08-08 03:05:00,2026-08-08 03:10:00,False
132,2026-08-08 03:15:00,1,3.0,2026-08-08 03:20:00,2026-08-08 03:20:00,False
132,2026-08-08 03:30:00,1,1.0,2026-08-08 03:35:00,2026-08-08 03:35:00,False
132,2026-08-08 03:45:00,3,5.0,2026-08-08 03:45:00,2026-08-08 03:55:00,False
132,2026-08-08 04:00:00,1,6.0,2026-08-08 04:00:00,2026-08-08 04:00:00,False
132,2026-08-08 04:15:00,3,3.0,2026-08-08 04:15:00,2026-08-08 04:25:00,False
132,2026-08-08 04:30:00,0,,,,True
132,2026-08-08 04:45:00,2,3.0,2026-08-08 04:50:00,2026-08-08 04:55:00,False
132,2026-08-08 05:00:00,1,2.0,2026-08-08 05:10:00,2026-08-08 05:10:00,False
132,2026-08-08 05:15:00,1,3.0,2026-08-08 05:15:00,2026-08-08 05:15:00,False
132,2026-08-08 05:30:00,2,4.0,2026-08-08 05:30:00,2026-08-08 05:40:00,False
132,2026-08-08 05:45:00,3,8.0,2026-08-08 05:45:00,2026-08-08 05:55:00,False
132,2026-08-08 06:00:00,2,7.0,2026-08-08 06:05:00,2026-08-08 06:10:00,False
132,2026-08-08 06:15:00,3,9.0,2026-08-08 06:15:00,2026-08-08 06:25:00,False
132,2026-08-08 06:30:00,3,11.0,2026-08-08 06:30:00,2026-08-08 06:40:00,False
132,2026-08-08 06:45:00,3,16.0,2026-08-08 06:45:00,2026-08-08 06:55:00,False
132,2026-08-08 07:00:00,3,14.0,2026-08-08 07:00:00,2026-08-08 07:10:00,False
132,2026-08-08 07:15:00,3,24.0,2026-08-08 07:15:00,2026-08-08 07:25:00,False
132,2026-08-08 07:30:00,3,16.0,2026-08-08 07:30:00,2026-08-08 07:40:00,False
132,2026-08-08 07:45:00,3,26.0,2026-08-08 07:45:00,2026-08-08 07:55:00,False
132,2026-08-08 08:00:00,3,29.0,2026-08-08 08:00:00,2026-08-08 08:10:00,False
132,2026-08-08 08:15:00,3,42.0,2026-08-08 08:15:00,2026-08-08 08:25:00,False
132,2026-08-08 08:30:00,3,40.0,2026-08-08 08:30:00,2026-08-08 08:40:00,False
132,2026-08-08 08:45:00,3,50.0,2026-08-08 08:45:00,2026-08-08 08:55:00,False
132,2026-08-08 09:00:00,3,72.0,2026-08-08 09:00:00,2026-08-08 09:10:00,False
132,2026-08-08 09:15:00,3,55.0,2026-08-08 09:15:00,2026-08-08 09:25:00,False
132,2026-08-08 09:30:00,3,67.0,2026-08-08 09:30:00,2026-08-08 09:40:00,False
132,2026-08-08 09:45:00,3,76.0,2026-08-08 09:45:00,2026-08-08 09:55:00,False
132,2026-08-08 10:00:00,3,47.0,2026-08-08 10:00:00,2026-08-08 10:10:00,False
132,2026-08-08 10:15:00,3,72.0,2026-08-08 10:15:00,2026-08-08 10:25:00,False
132,2026-08-08 10:30:00,3,85.0,2026-08-08 10:30:00,2026-08-08 10:40:00,False
132,2026-08-08 10:45:00,3,58.0,2026-08-08 10:45:00,2026-08-08 10:55:00,False
132,2026-08-08 11:00:00,3,92.0,2026-08-08 11:00:00,2026-08-08 11:10:00,False
132,2026-08-08 11:15:00,3,81.0,2026-08-08 11:15:00,2026-08-08 11:25:00,False
132,2026-08-08 11:30:00,3,59.0,2026-08-08 11:30:00,2026-08-08 11:40:00,False
132,2026-08-08 11:45:00,3,104.0,2026-08-08 11:45:00,2026-08-08 11:55:00,False
132,2026-08-08 12:00:00,3,86.0,2026-08-08 12:00:00,2026-08-08 12:10:00,False
132,2026-08-08 12:15:00,3,92.0,2026-08-08 12:15:00,2026-08-08 12:25:00,False
132,2026-08-08 12:30:00,3,86.0,2026-08-08 12:30:00,2026-08-08 12:40:00,False
132,2026-08-08 12:45:00,3,91.0,2026-08-08 12:45:00,2026-08-08 12:55:00,False
132,2026-08-08 13:00:00,3,74.0,2026-08-08 13:00:00,2026-08-08 13:10:00,False
132,2026-08-08 13:15:00,3,97.0,2026-08-08 13:15:00,2026-08-08 13:25:00,False
132,2026-08-08 13:30:00,3,78.0,2026-08-08 13:30:00,2026-08-08 13:40:00,False
132,2026-08-08 13:45:00,3,96.0,2026-08-08 13:45:00,2026-08-08 13:55:00,False
132,2026-08-08 14:00:00,3,73.0,2026-08-08 14:00:00,2026-08-08 14:10:00,False
132,2026-08-08 14:15:00,3,97.0,2026-08-08 14:15:00,2026-08-08 14:25:00,False
132,2026-08-08 14:30:00,3,81.0,2026-08-08 14:30:00,2026-08-08 14:40:00,False
132,2026-08-08 14:45:00,3,98.0,2026-08-08 14:45:00,2026-08-08 14:55:00,False
132,2026-08-08 15:00:00,3,61.0,2026-08-08 15:00:00,2026-08-08 15:10:00,False
132,2026-08-08 15:15:00,3,79.0,2026-08-08 15:15:00,2026-08-08 15:25:00,False
132,2026-08-08 15:30:00,3,92.0,2026-08-08 15:30:00,2026-08-08 15:40:00,False
132,2026-08-08 15:45:00,3,81.0,2026-08-08 15:45:00,2026-08-08 15:55:00,False
132,2026-08-08 16:00:00,3,91.0,2026-08-08 16:00:00,2026-08-08 16:10:00,False
132,2026-08-08 16:15:00,3,95.0,2026-08-08 16:15:00,2026-08-08 16:25:00,False
132,2026-08-08 16:30:00,3,83.0,2026-08-08 16:30:00,2026-08-08 16:40:00,False
132,2026-08-08 16:45:00,3,90.0,2026-08-08 16:45:00,2026-08-08 16:55:00,False
132,2026-08-08 17:00:00,3,75.0,2026-08-08 17:00:00,2026-08-08 17:10:00,False
132,2026-08-08 17:15:00,3,76.0,2026-08-08 17:15:00,2026-08-08 17:25:00,False
132,2026-08-08 17:30:00,3,61.0,2026-08-08 17:30:00,2026-08-08 17:40:00,False
132,2026-08-08 17:45:00,3,101.0,2026-08-08 17:45:00,2026-08-08 17:55:00,False
132,2026-08-08 18:00:00,3,72.0,2026-08-08 18:00:00,2026-08-08 18:10:00,False
132,2026-08-08 18:15:00,3,71.0,2026-08-08 18:15:00,2026-08-08 18:25:00,False
132,2026-08-08 18:30:00,3,67.0,2026-08-08 18:30:00,2026-08-08 18:40:00,False
132,2026-08-08 18:45:00,3,51.0,2026-08-08 18:45:00,2026-08-08 18:55:00,False
132,2026-08-08 19:00:00,3,64.0,2026-08-08 19:00:00,2026-08-08 19:10:00,False
132,2026-08-08 19:15:00,4,51.0,2026-08-08 19:15:00,2026-08-08 19:25:00,False
132,2026-08-08 19:30:00,3,36.0,2026-08-08 19:30:00,2026-08-08 19:40:00,False
132,2026-08-08 19:45:00,3,58.0,2026-08-08 19:45:00,2026-08-08 19:55:00,False
132,2026-08-08 20:00:00,3,68.0,2026-08-08 20:00:00,2026-08-08 20:10:00,False
132,2026-08-08 20:15:00,3,38.0,2026-08-08 20:15:00,2026-08-08 20:25:00,False
132,2026-08-08 20:30:00,3,43.0,2026-08-08 20:30:00,2026-08-08 20:40:00,False
132,2026-08-08 20:45:00,3,46.0,2026-08-08 20:45:00,2026-08-08 20:55:00,False
132,2026-08-08 21:00:00,3,28.0,2026-08-08 21:00:00,2026-08-08 21:10:00,False
132,2026-08-08 21:15:00,3,36.0,2026-08-08 21:15:00,2026-08-08 21:25:00,False
132,2026-08-08 21:30:00,0,,,,True
133,2026-08-07 23:45:00,1,9.0,2026-08-07 23:55:00,2026-08-07 23:55:00,False
133,2026-08-08 00:00:00,3,45.0,2026-08-08 00:00:00,2026-08-08 00:10:00,False
133,2026-08-08 00:15:00,3,22.0,2026-08-08 00:15:00,2026-08-08 00:25:00,False
133,2026-08-08 00:30:00,3,20.0,2026-08-08 00:30:00,2026-08-08 00:40:00,False
133,2026-08-08 00:45:00,3,26.0,2026-08-08 00:45:00,2026-08-08 00:55:00,False
133,2026-08-08 01:00:00,3,21.0,2026-08-08 01:00:00,2026-08-08 01:10:00,False
133,2026-08-08 01:15:00,3,23.0,2026-08-08 01:15:00,2026-08-08 01:25:00,False
133,2026-08-08 01:30:00,2,8.0,2026-08-08 01:35:00,2026-08-08 01:40:00,False
133,2026-08-08 01:45:00,3,13.0,2026-08-08 01:45:00,2026-08-08 01:55:00,False
133,2026-08-08 02:00:00,2,9.0,2026-08-08 02:05:00,2026-08-08 02:10:00,False
133,2026-08-08 02:15:00,3,17.0,2026-08-08 02:15:00,2026-08-08 02:25:00,False
133,2026-08-08 02:30:00,2,4.0,2026-08-08 02:30:00,2026-08-08 02:40:00,False
133,2026-08-08 02:45:00,1,4.0,2026-08-08 02:55:00,2026-08-08 02:55:00,False
133,2026-08-08 03:00:00,2,9.0,2026-08-08 03:00:00,2026-08-08 03:10:00,False
133,2026-08-08 03:15:00,3,9.0,2026-08-08 03:15:00,2026-08-08 03:25:00,False
133,2026-08-08 03:30:00,2,5.0,2026-08-08 03:35:00,2026-08-08 03:40:00,False
133,2026-08-08 03:45:00,2,3.0,2026-08-08 03:45:00,2026-08-08 03:55:00,False
133,2026-08-08 04:00:00,2,7.0,2026-08-08 04:00:00,2026-08-08 04:05:00,False
133,2026-08-08 04:15:00,3,14.0,2026-08-08 04:15:00,2026-08-08 04:25:00,False
133,2026-08-08 04:30:00,3,9.0,2026-08-08 04:30:00,2026-08-08 04:40:00,False
133,2026-08-08 04:45:00,2,5.0,2026-08-08 04:45:00,2026-08-08 04:55:00,False
133,2026-08-08 05:00:00,3,18.0,2026-08-08 05:00:00,2026-08-08 05:10:00,False
133,2026-08-08 05:15:00,3,12.0,2026-08-08 05:15:00,2026-08-08 05:25:00,False
133,2026-08-08 05:30:00,3,14.0,2026-08-08 05:30:00,2026-08-08 05:40:00,False
133,2026-08-08 05:45:00,3,40.0,2026-08-08 05:45:00,2026-08-08 05:55:00,False
133,2026-08-08 06:00:00,3,39.0,2026-08-08 06:00:00,2026-08-08 06:10:00,False
133,2026-08-08 06:15:00,3,55.0,2026-08-08 06:15:00,2026-08-08 06:25:00,False
133,2026-08-08 06:30:00,3,47.0,2026-08-08 06:30:00,2026-08-08 06:40:00,False
133,2026-08-08 06:45:00,3,65.0,2026-08-08 06:45:00,2026-08-08 06:55:00,False
133,2026-08-08 07:00:00,3,97.0,2026-08-08 07:00:00,2026-08-08 07:10:00,False
133,2026-08-08 07:15:00,3,60.0,2026-08-08 07:15:00,2026-08-08 07:25:00,False
133,2026-08-08 07:30:00,3,99.0,2026-08-08 07:30:00,2026-08-08 07:40:00,False
133,2026-08-08 07:45:00,3,104.0,2026-08-08 07:45:00,2026-08-08 07:55:00,False
133,2026-08-08 08:00:00,3,119.0,2026-08-08 08:00:00,2026-08-08 08:10:00,False
133,2026-08-08 08:15:00,3,123.0,2026-08-08 08:15:00,2026-08-08 08:25:00,False
133,2026-08-08 08:30:00,3,141.0,2026-08-08 08:30:00,2026-08-08 08:40:00,False
133,2026-08-08 08:45:00,3,139.0,2026-08-08 08:45:00,2026-08-08 08:55:00,False
133,2026-08-08 09:00:00,3,161.0,2026-08-08 09:00:00,2026-08-08 09:10:00,False
133,2026-08-08 09:15:00,3,179.0,2026-08-08 09:15:00,2026-08-08 09:25:00,False
133,2026-08-08 09:30:00,3,216.0,2026-08-08 09:30:00,2026-08-08 09:40:00,False
133,2026-08-08 09:45:00,3,179.0,2026-08-08 09:45:00,2026-08-08 09:55:00,False
133,2026-08-08 10:00:00,3,178.0,2026-08-08 10:00:00,2026-08-08 10:10:00,False
133,2026-08-08 10:15:00,3,235.0,2026-08-08 10:15:00,2026-08-08 10:25:00,False
133,2026-08-08 10:30:00,3,202.0,2026-08-08 10:30:00,2026-08-08 10:40:00,False
133,2026-08-08 10:45:00,3,222.0,2026-08-08 10:45:00,2026-08-08 10:55:00,False
133,2026-08-08 11:00:00,3,244.0,2026-08-08 11:00:00,2026-08-08 11:10:00,False
133,2026-08-08 11:15:00,3,193.0,2026-08-08 11:15:00,2026-08-08 11:25:00,False
133,2026-08-08 11:30:00,3,188.0,2026-08-08 11:30:00,2026-08-08 11:40:00,False
133,2026-08-08 11:45:00,3,219.0,2026-08-08 11:45:00,2026-08-08 11:55:00,False
133,2026-08-08 12:00:00,3,177.0,2026-08-08 12:00:00,2026-08-08 12:10:00,False
133,2026-08-08 12:15:00,3,450.0,2026-08-08 12:15:00,2026-08-08 12:25:00,False
133,2026-08-08 12:30:00,3,323.0,2026-08-08 12:30:00,2026-08-08 12:40:00,False
133,2026-08-08 12:45:00,3,437.0,2026-08-08 12:45:00,2026-08-08 12:55:00,False
133,2026-08-08 13:00:00,3,187.0,2026-08-08 13:00:00,2026-08-08 13:10:00,False
133,2026-08-08 13:15:00,3,167.0,2026-08-08 13:15:00,2026-08-08 13:25:00,False
133,2026-08-08 13:30:00,3,219.0,2026-08-08 13:30:00,2026-08-08 13:40:00,False
133,2026-08-08 13:45:00,3,208.0,2026-08-08 13:45:00,2026-08-08 13:55:00,False
133,2026-08-08 14:00:00,3,241.0,2026-08-08 14:00:00,2026-08-08 14:10:00,False
133,2026-08-08 14:15:00,3,240.0,2026-08-08 14:15:00,2026-08-08 14:25:00,False
133,2026-08-08 14:30:00,3,226.0,2026-08-08 14:30:00,2026-08-08 14:40:00,False
133,2026-08-08 14:45:00,3,224.0,2026-08-08 14:45:00,2026-08-08 14:55:00,False
133,2026-08-08 15:00:00,3,215.0,2026-08-08 15:00:00,2026-08-08 15:10:00,False
133,2026-08-08 15:15:00,3,254.0,2026-08-08 15:15:00,2026-08-08 15:25:00,False
133,2026-08-08 15:30:00,3,271.0,2026-08-08 15:30:00,2026-08-08 15:40:00,False
133,2026-08-08 15:45:00,3,287.0,2026-08-08 15:45:00,2026-08-08 15:55:00,False
133,2026-08-08 16:00:00,3,233.0,2026-08-08 16:00:00,2026-08-08 16:10:00,False
133,2026-08-08 16:15:00,3,252.0,2026-08-08 16:15:00,2026-08-08 16:25:00,False
133,2026-08-08 16:30:00,3,290.0,2026-08-08 16:30:00,2026-08-08 16:40:00,False
133,2026-08-08 16:45:00,3,286.0,2026-08-08 16:45:00,2026-08-08 16:55:00,False
133,2026-08-08 17:00:00,3,260.0,2026-08-08 17:00:00,2026-08-08 17:10:00,False
133,2026-08-08 17:15:00,3,281.0,2026-08-08 17:15:00,2026-08-08 17:25:00,False
133,2026-08-08 17:30:00,3,270.0,2026-08-08 17:30:00,2026-08-08 17:40:00,False
133,2026-08-08 17:45:00,3,268.0,2026-08-08 17:45:00,2026-08-08 17:55:00,False
133,2026-08-08 18:00:00,3,283.0,2026-08-08 18:00:00,2026-08-08 18:10:00,False
133,2026-08-08 18:15:00,3,297.0,2026-08-08 18:15:00,2026-08-08 18:25:00,False
133,2026-08-08 18:30:00,3,234.0,2026-08-08 18:30:00,2026-08-08 18:40:00,False
133,2026-08-08 18:45:00,3,223.0,2026-08-08 18:45:00,2026-08-08 18:55:00,False
133,2026-08-08 19:00:00,3,194.0,2026-08-08 19:00:00,2026-08-08 19:10:00,False
133,2026-08-08 19:15:00,3,156.0,2026-08-08 19:15:00,2026-08-08 19:25:00,False
133,2026-08-08 19:30:00,3,152.0,2026-08-08 19:30:00,2026-08-08 19:40:00,False
133,2026-08-08 19:45:00,3,181.0,2026-08-08 19:45:00,2026-08-08 19:55:00,False
133,2026-08-08 20:00:00,3,183.0,2026-08-08 20:00:00,2026-08-08 20:10:00,False
133,2026-08-08 20:15:00,3,142.0,2026-08-08 20:15:00,2026-08-08 20:25:00,False
133,2026-08-08 20:30:00,3,169.0,2026-08-08 20:30:00,2026-08-08 20:40:00,False
133,2026-08-08 20:45:00,3,104.0,2026-08-08 20:45:00,2026-08-08 20:55:00,False
133,2026-08-08 21:00:00,3,161.0,2026-08-08 21:00:00,2026-08-08 21:10:00,False
133,2026-08-08 21:15:00,3,129.0,2026-08-08 21:15:00,2026-08-08 21:25:00,False
133,2026-08-08 21:30:00,0,,,,True
134,2026-08-07 23:45:00,1,14.0,2026-08-07 23:55:00,2026-08-07 23:55:00,False
134,2026-08-08 00:00:00,3,58.0,2026-08-08 00:00:00,2026-08-08 00:10:00,False
134,2026-08-08 00:15:00,3,45.0,2026-08-08 00:15:00,2026-08-08 00:25:00,False
134,2026-08-08 00:30:00,3,34.0,2026-08-08 00:30:00,2026-08-08 00:40:00,False
134,2026-08-08 00:45:00,3,32.0,2026-08-08 00:45:00,2026-08-08 00:55:00,False
134,2026-08-08 01:00:00,3,37.0,2026-08-08 01:00:00,2026-08-08 01:10:00,False
134,2026-08-08 01:15:00,3,34.0,2026-08-08 01:15:00,2026-08-08 01:25:00,False
134,2026-08-08 01:30:00,3,23.0,2026-08-08 01:30:00,2026-08-08 01:40:00,False
134,2026-08-08 01:45:00,3,19.0,2026-08-08 01:45:00,2026-08-08 01:55:00,False
134,2026-08-08 02:00:00,3,17.0,2026-08-08 02:00:00,2026-08-08 02:10:00,False
134,2026-08-08 02:15:00,3,29.0,2026-08-08 02:15:00,2026-08-08 02:25:00,False
134,2026-08-08 02:30:00,3,14.0,2026-08-08 02:30:00,2026-08-08 02:40:00,False
134,2026-08-08 02:45:00,3,11.0,2026-08-08 02:45:00,2026-08-08 02:55:00,False
134,2026-08-08 03:00:00,3,10.0,2026-08-08 03:00:00,2026-08-08 03:10:00,False
134,2026-08-08 03:15:00,3,11.0,2026-08-08 03:15:00,2026-08-08 03:25:00,False
134,2026-08-08 03:30:00,3,9.0,2026-08-08 03:30:00,2026-08-08 03:40:00,False
134,2026-08-08 03:45:00,3,19.0,2026-08-08 03:45:00,2026-08-08 03:55:00,False
134,2026-08-08 04:00:00,3,6.0,2026-08-08 04:00:00,2026-08-08 04:10:00,False
134,2026-08-08 04:15:00,3,9.0,2026-08-08 04:15:00,2026-08-08 04:25:00,False
134,2026-08-08 04:30:00,3,11.0,2026-08-08 04:30:00,2026-08-08 04:40:00,False
134,2026-08-08 04:45:00,3,6.0,2026-08-08 04:45:00,2026-08-08 04:55:00,False
134,2026-08-08 05:00:00,3,19.0,2026-08-08 05:00:00,2026-08-08 05:10:00,False
134,2026-08-08 05:15:00,3,22.0,2026-08-08 05:15:00,2026-08-08 05:25:00,False
134,2026-08-08 05:30:00,3,13.0,2026-08-08 05:30:00,2026-08-08 05:40:00,False
134,2026-08-08 05:45:00,3,29.0,2026-08-08 05:45:00,2026-08-08 05:55:00,False
134,2026-08-08 06:00:00,3,23.0,2026-08-08 06:00:00,2026-08-08 06:10:00,False
134,2026-08-08 06:15:00,3,48.0,2026-08-08 06:15:00,2026-08-08 06:25:00,False
134,2026-08-08 06:30:00,3,37.0,2026-08-08 06:30:00,2026-08-08 06:40:00,False
134,2026-08-08 06:45:00,3,29.0,2026-08-08 06:45:00,2026-08-08 06:55:00,False
134,2026-08-08 07:00:00,3,46.0,2026-08-08 07:00:00,2026-08-08 07:10:00,False
134,2026-08-08 07:15:00,3,33.0,2026-08-08 07:15:00,2026-08-08 07:25:00,False
134,2026-08-08 07:30:00,3,62.0,2026-08-08 07:30:00,2026-08-08 07:40:00,False
134,2026-08-08 07:45:00,3,88.0,2026-08-08 07:45:00,2026-08-08 07:55:00,False
134,2026-08-08 08:00:00,3,94.0,2026-08-08 08:00:00,2026-08-08 08:10:00,False
134,2026-08-08 08:15:00,3,87.0,2026-08-08 08:15:00,2026-08-08 08:25:00,False
134,2026-08-08 08:30:00,3,94.0,2026-08-08 08:30:00,2026-08-08 08:40:00,False
134,2026-08-08 08:45:00,3,86.0,2026-08-08 08:45:00,2026-08-08 08:55:00,False
134,2026-08-08 09:00:00,3,100.0,2026-08-08 09:00:00,2026-08-08 09:10:00,False
134,2026-08-08 09:15:00,3,79.0,2026-08-08 09:15:00,2026-08-08 09:25:00,False
134,2026-08-08 09:30:00,3,137.0,2026-08-08 09:30:00,2026-08-08 09:40:00,False
134,2026-08-08 09:45:00,3,150.0,2026-08-08 09:45:00,2026-08-08 09:55:00,False
134,2026-08-08 10:00:00,3,164.0,2026-08-08 10:00:00,2026-08-08 10:10:00,False
134,2026-08-08 10:15:00,3,218.0,2026-08-08 10:15:00,2026-08-08 10:25:00,False
134,2026-08-08 10:30:00,3,182.0,2026-08-08 10:30:00,2026-08-08 10:40:00,False
134,2026-08-08 10:45:00,3,174.0,2026-08-08 10:45:00,2026-08-08 10:55:00,False
134,2026-08-08 11:00:00,3,189.0,2026-08-08 11:00:00,2026-08-08 11:10:00,False
134,2026-08-08 11:15:00,3,161.0,2026-08-08 11:15:00,2026-08-08 11:25:00,False
134,2026-08-08 11:30:00,3,206.0,2026-08-08 11:30:00,2026-08-08 11:40:00,False
134,2026-08-08 11:45:00,3,188.0,2026-08-08 11:45:00,2026-08-08 11:55:00,False
134,2026-08-08 12:00:00,3,163.0,2026-08-08 12:00:00,2026-08-08 12:10:00,False
134,2026-08-08 12:15:00,3,241.0,2026-08-08 12:15:00,2026-08-08 12:25:00,False
134,2026-08-08 12:30:00,3,232.0,2026-08-08 12:30:00,2026-08-08 12:40:00,False
134,2026-08-08 12:45:00,3,270.0,2026-08-08 12:45:00,2026-08-08 12:55:00,False
134,2026-08-08 13:00:00,3,144.0,2026-08-08 13:00:00,2026-08-08 13:10:00,False
134,2026-08-08 13:15:00,3,106.0,2026-08-08 13:15:00,2026-08-08 13:25:00,False
134,2026-08-08 13:30:00,3,167.0,2026-08-08 13:30:00,2026-08-08 13:40:00,False
134,2026-08-08 13:45:00,3,153.0,2026-08-08 13:45:00,2026-08-08 13:55:00,False
134,2026-08-08 14:00:00,3,140.0,2026-08-08 14:00:00,2026-08-08 14:10:00,False
134,2026-08-08 14:15:00,3,162.0,2026-08-08 14:15:00,2026-08-08 14:25:00,False
134,2026-08-08 14:30:00,3,176.0,2026-08-08 14:30:00,2026-08-08 14:40:00,False
134,2026-08-08 14:45:00,3,140.0,2026-08-08 14:45:00,2026-08-08 14:55:00,False
134,2026-08-08 15:00:00,3,149.0,2026-08-08 15:00:00,2026-08-08 15:10:00,False
134,2026-08-08 15:15:00,3,180.0,2026-08-08 15:15:00,2026-08-08 15:25:00,False
134,2026-08-08 15:30:00,3,225.0,2026-08-08 15:30:00,2026-08-08 15:40:00,False
134,2026-08-08 15:45:00,3,173.0,2026-08-08 15:45:00,2026-08-08 15:55:00,False
134,2026-08-08 16:00:00,3,150.0,2026-08-08 16:00:00,2026-08-08 16:10:00,False
134,2026-08-08 16:15:00,3,191.0,2026-08-08 16:15:00,2026-08-08 16:25:00,False
134,2026-08-08 16:30:00,3,209.0,2026-08-08 16:30:00,2026-08-08 16:40:00,False
134,2026-08-08 16:45:00,3,219.0,2026-08-08 16:45:00,2026-08-08 16:55:00,False
134,2026-08-08 17:00:00,3,210.0,2026-08-08 17:00:00,2026-08-08 17:10:00,False
134,2026-08-08 17:15:00,3,199.0,2026-08-08 17:15:00,2026-08-08 17:25:00,False
134,2026-08-08 17:30:00,3,243.0,2026-08-08 17:30:00,2026-08-08 17:40:00,False
134,2026-08-08 17:45:00,3,181.0,2026-08-08 17:45:00,2026-08-08 17:55:00,False
134,2026-08-08 18:00:00,3,195.0,2026-08-08 18:00:00,2026-08-08 18:10:00,False
134,2026-08-08 18:15:00,3,139.0,2026-08-08 18:15:00,2026-08-08 18:25:00,False
134,2026-08-08 18:30:00,3,89.0,2026-08-08 18:30:00,2026-08-08 18:40:00,False
134,2026-08-08 18:45:00,3,80.0,2026-08-08 18:45:00,2026-08-08 18:55:00,False
134,2026-08-08 19:00:00,3,59.0,2026-08-08 19:00:00,2026-08-08 19:10:00,False
134,2026-08-08 19:15:00,3,78.0,2026-08-08 19:15:00,2026-08-08 19:25:00,False
134,2026-08-08 19:30:00,3,83.0,2026-08-08 19:30:00,2026-08-08 19:40:00,False
134,2026-08-08 19:45:00,3,101.0,2026-08-08 19:45:00,2026-08-08 19:55:00,False
134,2026-08-08 20:00:00,3,86.0,2026-08-08 20:00:00,2026-08-08 20:10:00,False
134,2026-08-08 20:15:00,3,75.0,2026-08-08 20:15:00,2026-08-08 20:25:00,False
134,2026-08-08 20:30:00,3,73.0,2026-08-08 20:30:00,2026-08-08 20:40:00,False
134,2026-08-08 20:45:00,3,58.0,2026-08-08 20:45:00,2026-08-08 20:55:00,False
134,2026-08-08 21:00:00,3,58.0,2026-08-08 21:00:00,2026-08-08 21:10:00,False
134,2026-08-08 21:15:00,3,59.0,2026-08-08 21:15:00,2026-08-08 21:25:00,False
134,2026-08-08 21:30:00,0,,,,True
135,2026-08-07 23:45:00,1,8.0,2026-08-07 23:55:00,2026-08-07 23:55:00,False
135,2026-08-08 00:00:00,3,49.0,2026-08-08 00:00:00,2026-08-08 00:10:00,False
135,2026-08-08 00:15:00,3,27.0,2026-08-08 00:15:00,2026-08-08 00:25:00,False
135,2026-08-08 00:30:00,3,24.0,2026-08-08 00:30:00,2026-08-08 00:40:00,False
135,2026-08-08 00:45:00,3,19.0,2026-08-08 00:45:00,2026-08-08 00:55:00,False
135,2026-08-08 01:00:00,3,16.0,2026-08-08 01:00:00,2026-08-08 01:10:00,False
135,2026-08-08 01:15:00,3,15.0,2026-08-08 01:15:00,2026-08-08 01:25:00,False
135,2026-08-08 01:30:00,3,28.0,2026-08-08 01:30:00,2026-08-08 01:40:00,False
135,2026-08-08 01:45:00,3,31.0,2026-08-08 01:45:00,2026-08-08 01:55:00,False
135,2026-08-08 02:00:00,3,18.0,2026-08-08 02:00:00,2026-08-08 02:10:00,False
135,2026-08-08 02:15:00,3,9.0,2026-08-08 02:15:00,2026-08-08 02:25:00,False
135,2026-08-08 02:30:00,3,10.0,2026-08-08 02:30:00,2026-08-08 02:40:00,False
135,2026-08-08 02:45:00,2,5.0,2026-08-08 02:45:00,2026-08-08 02:50:00,False
135,2026-08-08 03:00:00,3,10.0,2026-08-08 03:00:00,2026-08-08 03:10:00,False
135,2026-08-08 03:15:00,3,10.0,2026-08-08 03:15:00,2026-08-08 03:25:00,False
135,2026-08-08 03:30:00,2,5.0,2026-08-08 03:30:00,2026-08-08 03:40:00,False
135,2026-08-08 03:45:00,3,17.0,2026-08-08 03:45:00,2026-08-08 03:55:00,False
135,2026-08-08 04:00:00,3,7.0,2026-08-08 04:00:00,2026-08-08 04:10:00,False
135,2026-08-08 04:15:00,2,10.0,2026-08-08 04:15:00,2026-08-08 04:20:00,False
135,2026-08-08 04:30:00,2,4.0,2026-08-08 04:30:00,2026-08-08 04:35:00,False
135,2026-08-08 04:45:00,3,3.0,2026-08-08 04:45:00,2026-08-08 04:55:00,False
135,2026-08-08 05:00:00,3,15.0,2026-08-08 05:00:00,2026-08-08 05:10:00,False
135,2026-08-08 05:15:00,3,5.0,2026-08-08 05:15:00,2026-08-08 05:25:00,False
135,2026-08-08 05:30:00,3,4.0,2026-08-08 05:30:00,2026-08-08 05:40:00,False
135,2026-08-08 05:45:00,3,15.0,2026-08-08 05:45:00,2026-08-08 05:55:00,False
135,2026-08-08 06:00:00,3,12.0,2026-08-08 06:00:00,2026-08-08 06:10:00,False
135,2026-08-08 06:15:00,3,23.0,2026-08-08 06:15:00,2026-08-08 06:25:00,False
135,2026-08-08 06:30:00,3,16.0,2026-08-08 06:30:00,2026-08-08 06:40:00,False
135,2026-08-08 06:45:00,3,26.0,2026-08-08 06:45:00,2026-08-08 06:55:00,False
135,2026-08-08 07:00:00,3,24.0,2026-08-08 07:00:00,2026-08-08 07:10:00,False
135,2026-08-08 07:15:00,3,19.0,2026-08-08 07:15:00,2026-08-08 07:25:00,False
135,2026-08-08 07:30:00,3,52.0,2026-08-08 07:30:00,2026-08-08 07:40:00,False
135,2026-08-08 07:45:00,3,63.0,2026-08-08 07:45:00,2026-08-08 07:55:00,False
135,2026-08-08 08:00:00,3,78.0,2026-08-08 08:00:00,2026-08-08 08:10:00,False
135,2026-08-08 08:15:00,3,82.0,2026-08-08 08:15:00,2026-08-08 08:25:00,False
135,2026-08-08 08:30:00,3,69.0,2026-08-08 08:30:00,2026-08-08 08:40:00,False
135,2026-08-08 08:45:00,3,66.0,2026-08-08 08:45:00,2026-08-08 08:55:00,False
135,2026-08-08 09:00:00,3,83.0,2026-08-08 09:00:00,2026-08-08 09:10:00,False
135,2026-08-08 09:15:00,3,109.0,2026-08-08 09:15:00,2026-08-08 09:25:00,False
135,2026-08-08 09:30:00,3,170.0,2026-08-08 09:30:00,2026-08-08 09:40:00,False
135,2026-08-08 09:45:00,3,157.0,2026-08-08 09:45:00,2026-08-08 09:55:00,False
135,2026-08-08 10:00:00,3,152.0,2026-08-08 10:00:00,2026-08-08 10:10:00,False
135,2026-08-08 10:15:00,3,215.0,2026-08-08 10:15:00,2026-08-08 10:25:00,False
135,2026-08-08 10:30:00,3,212.0,2026-08-08 10:30:00,2026-08-08 10:40:00,False
135,2026-08-08 10:45:00,3,231.0,2026-08-08 10:45:00,2026-08-08 10:55:00,False
135,2026-08-08 11:00:00,3,206.0,2026-08-08 11:00:00,2026-08-08 11:10:00,False
135,2026-08-08 11:15:00,3,212.0,2026-08-08 11:15:00,2026-08-08 11:25:00,False
135,2026-08-08 11:30:00,3,294.0,2026-08-08 11:30:00,2026-08-08 11:40:00,False
135,2026-08-08 11:45:00,3,283.0,2026-08-08 11:45:00,2026-08-08 11:55:00,False
135,2026-08-08 12:00:00,3,167.0,2026-08-08 12:00:00,2026-08-08 12:10:00,False
135,2026-08-08 12:15:00,3,250.0,2026-08-08 12:15:00,2026-08-08 12:25:00,False
135,2026-08-08 12:30:00,3,214.0,2026-08-08 12:30:00,2026-08-08 12:40:00,False
135,2026-08-08 12:45:00,3,276.0,2026-08-08 12:45:00,2026-08-08 12:55:00,False
135,2026-08-08 13:00:00,3,175.0,2026-08-08 13:00:00,2026-08-08 13:10:00,False
135,2026-08-08 13:15:00,3,141.0,2026-08-08 13:15:00,2026-08-08 13:25:00,False
135,2026-08-08 13:30:00,3,209.0,2026-08-08 13:30:00,2026-08-08 13:40:00,False
135,2026-08-08 13:45:00,3,177.0,2026-08-08 13:45:00,2026-08-08 13:55:00,False
135,2026-08-08 14:00:00,3,177.0,2026-08-08 14:00:00,2026-08-08 14:10:00,False
135,2026-08-08 14:15:00,3,147.0,2026-08-08 14:15:00,2026-08-08 14:25:00,False
135,2026-08-08 14:30:00,3,193.0,2026-08-08 14:30:00,2026-08-08 14:40:00,False
135,2026-08-08 14:45:00,3,138.0,2026-08-08 14:45:00,2026-08-08 14:55:00,False
135,2026-08-08 15:00:00,3,184.0,2026-08-08 15:00:00,2026-08-08 15:10:00,False
135,2026-08-08 15:15:00,3,222.0,2026-08-08 15:15:00,2026-08-08 15:25:00,False
135,2026-08-08 15:30:00,3,212.0,2026-08-08 15:30:00,2026-08-08 15:40:00,False
135,2026-08-08 15:45:00,3,179.0,2026-08-08 15:45:00,2026-08-08 15:55:00,False
135,2026-08-08 16:00:00,3,142.0,2026-08-08 16:00:00,2026-08-08 16:10:00,False
135,2026-08-08 16:15:00,3,225.0,2026-08-08 16:15:00,2026-08-08 16:25:00,False
135,2026-08-08 16:30:00,3,258.0,2026-08-08 16:30:00,2026-08-08 16:40:00,False
135,2026-08-08 16:45:00,3,193.0,2026-08-08 16:45:00,2026-08-08 16:55:00,False
135,2026-08-08 17:00:00,3,235.0,2026-08-08 17:00:00,2026-08-08 17:10:00,False
135,2026-08-08 17:15:00,3,185.0,2026-08-08 17:15:00,2026-08-08 17:25:00,False
135,2026-08-08 17:30:00,3,192.0,2026-08-08 17:30:00,2026-08-08 17:40:00,False
135,2026-08-08 17:45:00,3,175.0,2026-08-08 17:45:00,2026-08-08 17:55:00,False
135,2026-08-08 18:00:00,3,160.0,2026-08-08 18:00:00,2026-08-08 18:10:00,False
135,2026-08-08 18:15:00,3,171.0,2026-08-08 18:15:00,2026-08-08 18:25:00,False
135,2026-08-08 18:30:00,3,120.0,2026-08-08 18:30:00,2026-08-08 18:40:00,False
135,2026-08-08 18:45:00,3,128.0,2026-08-08 18:45:00,2026-08-08 18:55:00,False
135,2026-08-08 19:00:00,3,95.0,2026-08-08 19:00:00,2026-08-08 19:10:00,False
135,2026-08-08 19:15:00,3,76.0,2026-08-08 19:15:00,2026-08-08 19:25:00,False
135,2026-08-08 19:30:00,3,91.0,2026-08-08 19:30:00,2026-08-08 19:40:00,False
135,2026-08-08 19:45:00,3,102.0,2026-08-08 19:45:00,2026-08-08 19:55:00,False
135,2026-08-08 20:00:00,3,90.0,2026-08-08 20:00:00,2026-08-08 20:10:00,False
135,2026-08-08 20:15:00,3,74.0,2026-08-08 20:15:00,2026-08-08 20:25:00,False
135,2026-08-08 20:30:00,3,67.0,2026-08-08 20:30:00,2026-08-08 20:40:00,False
135,2026-08-08 20:45:00,3,58.0,2026-08-08 20:45:00,2026-08-08 20:55:00,False
135,2026-08-08 21:00:00,3,64.0,2026-08-08 21:00:00,2026-08-08 21:10:00,False
135,2026-08-08 21:15:00,3,68.0,2026-08-08 21:15:00,2026-08-08 21:25:00,False
135,2026-08-08 21:30:00,0,,,,True
136,2026-08-07 23:45:00,0,,,,True
136,2026-08-08 00:00:00,0,,,,True
136,2026-08-08 00:15:00,2,2.0,2026-08-08 00:15:00,2026-08-08 00:20:00,False
136,2026-08-08 00:30:00,0,,,,True
136,2026-08-08 00:45:00,0,,,,True
136,2026-08-08 01:00:00,0,,,,True
136,2026-08-08 01:15:00,1,3.0,2026-08-08 01:20:00,2026-08-08 01:20:00,False
136,2026-08-08 01:30:00,0,,,,True
136,2026-08-08 01:45:00,1,1.0,2026-08-08 01:55:00,2026-08-08 01:55:00,False
136,2026-08-08 02:00:00,0,,,,True
136,2026-08-08 02:15:00,0,,,,True
136,2026-08-08 02:30:00,0,,,,True
136,2026-08-08 02:45:00,0,,,,True
136,2026-08-08 03:00:00,0,,,,True
136,2026-08-08 03:15:00,0,,,,True
136,2026-08-08 03:30:00,1,1.0,2026-08-08 03:35:00,2026-08-08 03:35:00,False
136,2026-08-08 03:45:00,0,,,,True
136,2026-08-08 04:00:00,0,,,,True
136,2026-08-08 04:15:00,0,,,,True
136,2026-08-08 04:30:00,0,,,,True
136,2026-08-08 04:45:00,0,,,,True
136,2026-08-08 05:00:00,0,,,,True
136,2026-08-08 05:15:00,0,,,,True
136,2026-08-08 05:30:00,0,,,,True
136,2026-08-08 05:45:00,0,,,,True
136,2026-08-08 06:00:00,1,1.0,2026-08-08 06:10:00,2026-08-08 06:10:00,False
136,2026-08-08 06:15:00,0,,,,True
136,2026-08-08 06:30:00,0,,,,True
136,2026-08-08 06:45:00,2,2.0,2026-08-08 06:45:00,2026-08-08 06:55:00,False
136,2026-08-08 07:00:00,3,5.0,2026-08-08 07:00:00,2026-08-08 07:10:00,False
136,2026-08-08 07:15:00,3,9.0,2026-08-08 07:15:00,2026-08-08 07:25:00,False
136,2026-08-08 07:30:00,3,15.0,2026-08-08 07:30:00,2026-08-08 07:40:00,False
136,2026-08-08 07:45:00,3,15.0,2026-08-08 07:45:00,2026-08-08 07:55:00,False
136,2026-08-08 08:00:00,3,13.0,2026-08-08 08:00:00,2026-08-08 08:10:00,False
136,2026-08-08 08:15:00,3,15.0,2026-08-08 08:15:00,2026-08-08 08:25:00,False
136,2026-08-08 08:30:00,3,36.0,2026-08-08 08:30:00,2026-08-08 08:40:00,False
136,2026-08-08 08:45:00,3,153.0,2026-08-08 08:45:00,2026-08-08 08:55:00,False
136,2026-08-08 09:00:00,3,27.0,2026-08-08 09:00:00,2026-08-08 09:10:00,False
136,2026-08-08 09:15:00,3,39.0,2026-08-08 09:15:00,2026-08-08 09:25:00,False
136,2026-08-08 09:30:00,3,56.0,2026-08-08 09:30:00,2026-08-08 09:40:00,False
136,2026-08-08 09:45:00,3,52.0,2026-08-08 09:45:00,2026-08-08 09:55:00,False
136,2026-08-08 10:00:00,3,24.0,2026-08-08 10:00:00,2026-08-08 10:10:00,False
136,2026-08-08 10:15:00,3,30.0,2026-08-08 10:15:00,2026-08-08 10:25:00,False
136,2026-08-08 10:30:00,3,109.0,2026-08-08 10:30:00,2026-08-08 10:40:00,False
136,2026-08-08 10:45:00,3,86.0,2026-08-08 10:45:00,2026-08-08 10:55:00,False
136,2026-08-08 11:00:00,3,106.0,2026-08-08 11:00:00,2026-08-08 11:10:00,False
136,2026-08-08 11:15:00,3,124.0,2026-08-08 11:15:00,2026-08-08 11:25:00,False
136,2026-08-08 11:30:00,3,219.0,2026-08-08 11:30:00,2026-08-08 11:40:00,False
136,2026-08-08 11:45:00,3,236.0,2026-08-08 11:45:00,2026-08-08 11:55:00,False
136,2026-08-08 12:00:00,3,391.0,2026-08-08 12:00:00,2026-08-08 12:10:00,False
136,2026-08-08 12:15:00,3,533.0,2026-08-08 12:15:00,2026-08-08 12:25:00,False
136,2026-08-08 12:30:00,3,548.0,2026-08-08 12:30:00,2026-08-08 12:40:00,False
136,2026-08-08 12:45:00,3,491.0,2026-08-08 12:45:00,2026-08-08 12:55:00,False
136,2026-08-08 13:00:00,3,219.0,2026-08-08 13:00:00,2026-08-08 13:10:00,False
136,2026-08-08 13:15:00,3,76.0,2026-08-08 13:15:00,2026-08-08 13:25:00,False
136,2026-08-08 13:30:00,3,48.0,2026-08-08 13:30:00,2026-08-08 13:40:00,False
136,2026-08-08 13:45:00,3,52.0,2026-08-08 13:45:00,2026-08-08 13:55:00,False
136,2026-08-08 14:00:00,3,60.0,2026-08-08 14:00:00,2026-08-08 14:10:00,False
136,2026-08-08 14:15:00,3,46.0,2026-08-08 14:15:00,2026-08-08 14:25:00,False
136,2026-08-08 14:30:00,3,58.0,2026-08-08 14:30:00,2026-08-08 14:40:00,False
136,2026-08-08 14:45:00,3,43.0,2026-08-08 14:45:00,2026-08-08 14:55:00,False
136,2026-08-08 15:00:00,3,38.0,2026-08-08 15:00:00,2026-08-08 15:10:00,False
136,2026-08-08 15:15:00,3,25.0,2026-08-08 15:15:00,2026-08-08 15:25:00,False
136,2026-08-08 15:30:00,3,62.0,2026-08-08 15:30:00,2026-08-08 15:40:00,False
136,2026-08-08 15:45:00,3,52.0,2026-08-08 15:45:00,2026-08-08 15:55:00,False
136,2026-08-08 16:00:00,3,1545.0,2026-08-08 16:00:00,2026-08-08 16:10:00,False
136,2026-08-08 16:15:00,3,1914.0,2026-08-08 16:15:00,2026-08-08 16:25:00,False
136,2026-08-08 16:30:00,3,320.0,2026-08-08 16:30:00,2026-08-08 16:40:00,False
136,2026-08-08 16:45:00,3,140.0,2026-08-08 16:45:00,2026-08-08 16:55:00,False
136,2026-08-08 17:00:00,3,89.0,2026-08-08 17:00:00,2026-08-08 17:10:00,False
136,2026-08-08 17:15:00,3,117.0,2026-08-08 17:15:00,2026-08-08 17:25:00,False
136,2026-08-08 17:30:00,3,93.0,2026-08-08 17:30:00,2026-08-08 17:40:00,False
136,2026-08-08 17:45:00,3,33.0,2026-08-08 17:45:00,2026-08-08 17:55:00,False
136,2026-08-08 18:00:00,3,4.0,2026-08-08 18:00:00,2026-08-08 18:10:00,False
136,2026-08-08 18:15:00,1,1.0,2026-08-08 18:20:00,2026-08-08 18:20:00,False
136,2026-08-08 18:30:00,2,6.0,2026-08-08 18:30:00,2026-08-08 18:40:00,False
136,2026-08-08 18:45:00,1,3.0,2026-08-08 18:45:00,2026-08-08 18:45:00,False
136,2026-08-08 19:00:00,0,,,,True
136,2026-08-08 19:15:00,0,,,,True
136,2026-08-08 19:30:00,0,,,,True
136,2026-08-08 19:45:00,0,,,,True
136,2026-08-08 20:00:00,0,,,,True
136,2026-08-08 20:15:00,0,,,,True
136,2026-08-08 20:30:00,1,1.0,2026-08-08 20:30:00,2026-08-08 20:30:00,False
136,2026-08-08 20:45:00,0,,,,True
136,2026-08-08 21:00:00,0,,,,True
136,2026-08-08 21:15:00,0,,,,True
136,2026-08-08 21:30:00,0,,,,True
137,2026-08-07 23:45:00,0,,,,True
137,2026-08-08 00:00:00,1,1.0,2026-08-08 00:05:00,2026-08-08 00:05:00,False
137,2026-08-08 00:15:00,0,,,,True
137,2026-08-08 00:30:00,0,,,,True
137,2026-08-08 00:45:00,0,,,,True
137,2026-08-08 01:00:00,1,1.0,2026-08-08 01:05:00,2026-08-08 01:05:00,False
137,2026-08-08 01:15:00,0,,,,True
137,2026-08-08 01:30:00,0,,,,True
137,2026-08-08 01:45:00,0,,,,True
137,2026-08-08 02:00:00,0,,,,True
137,2026-08-08 02:15:00,0,,,,True
137,2026-08-08 02:30:00,0,,,,True
137,2026-08-08 02:45:00,1,1.0,2026-08-08 02:55:00,2026-08-08 02:55:00,False
137,2026-08-08 03:00:00,0,,,,True
137,2026-08-08 03:15:00,0,,,,True
137,2026-08-08 03:30:00,0,,,,True
137,2026-08-08 03:45:00,0,,,,True
137,2026-08-08 04:00:00,0,,,,True
137,2026-08-08 04:15:00,0,,,,True
137,2026-08-08 04:30:00,0,,,,True
137,2026-08-08 04:45:00,1,1.0,2026-08-08 04:50:00,2026-08-08 04:50:00,False
137,2026-08-08 05:00:00,0,,,,True
137,2026-08-08 05:15:00,0,,,,True
137,2026-08-08 05:30:00,0,,,,True
137,2026-08-08 05:45:00,0,,,,True
137,2026-08-08 06:00:00,2,2.0,2026-08-08 06:05:00,2026-08-08 06:10:00,False
137,2026-08-08 06:15:00,0,,,,True
137,2026-08-08 06:30:00,1,1.0,2026-08-08 06:40:00,2026-08-08 06:40:00,False
137,2026-08-08 06:45:00,0,,,,True
137,2026-08-08 07:00:00,1,4.0,2026-08-08 07:10:00,2026-08-08 07:10:00,False
137,2026-08-08 07:15:00,2,3.0,2026-08-08 07:20:00,2026-08-08 07:25:00,False
137,2026-08-08 07:30:00,3,5.0,2026-08-08 07:30:00,2026-08-08 07:40:00,False
137,2026-08-08 07:45:00,3,7.0,2026-08-08 07:45:00,2026-08-08 07:55:00,False
137,2026-08-08 08:00:00,3,10.0,2026-08-08 08:00:00,2026-08-08 08:10:00,False
137,2026-08-08 08:15:00,3,8.0,2026-08-08 08:15:00,2026-08-08 08:25:00,False
137,2026-08-08 08:30:00,3,6.0,2026-08-08 08:30:00,2026-08-08 08:40:00,False
137,2026-08-08 08:45:00,3,5.0,2026-08-08 08:45:00,2026-08-08 08:55:00,False
137,2026-08-08 09:00:00,2,8.0,2026-08-08 09:05:00,2026-08-08 09:10:00,False
137,2026-08-08 09:15:00,3,5.0,2026-08-08 09:15:00,2026-08-08 09:25:00,False
137,2026-08-08 09:30:00,3,8.0,2026-08-08 09:30:00,2026-08-08 09:40:00,False
137,2026-08-08 09:45:00,3,15.0,2026-08-08 09:45:00,2026-08-08 09:55:00,False
137,2026-08-08 10:00:00,3,9.0,2026-08-08 10:00:00,2026-08-08 10:10:00,False
137,2026-08-08 10:15:00,3,18.0,2026-08-08 10:15:00,2026-08-08 10:25:00,False
137,2026-08-08 10:30:00,3,15.0,2026-08-08 10:30:00,2026-08-08 10:40:00,False
137,2026-08-08 10:45:00,3,18.0,2026-08-08 10:45:00,2026-08-08 10:55:00,False
137,2026-08-08 11:00:00,3,13.0,2026-08-08 11:00:00,2026-08-08 11:10:00,False
137,2026-08-08 11:15:00,3,18.0,2026-08-08 11:15:00,2026-08-08 11:25:00,False
137,2026-08-08 11:30:00,3,16.0,2026-08-08 11:30:00,2026-08-08 11:40:00,False
137,2026-08-08 11:45:00,3,17.0,2026-08-08 11:45:00,2026-08-08 11:55:00,False
137,2026-08-08 12:00:00,3,7.0,2026-08-08 12:00:00,2026-08-08 12:10:00,False
137,2026-08-08 12:15:00,2,8.0,2026-08-08 12:15:00,2026-08-08 12:20:00,False
137,2026-08-08 12:30:00,3,16.0,2026-08-08 12:30:00,2026-08-08 12:40:00,False
137,2026-08-08 12:45:00,3,20.0,2026-08-08 12:45:00,2026-08-08 12:55:00,False
137,2026-08-08 13:00:00,3,8.0,2026-08-08 13:00:00,2026-08-08 13:10:00,False
137,2026-08-08 13:15:00,3,12.0,2026-08-08 13:15:00,2026-08-08 13:25:00,False
137,2026-08-08 13:30:00,3,12.0,2026-08-08 13:30:00,2026-08-08 13:40:00,False
137,2026-08-08 13:45:00,3,20.0,2026-08-08 13:45:00,2026-08-08 13:55:00,False
137,2026-08-08 14:00:00,3,11.0,2026-08-08 14:00:00,2026-08-08 14:10:00,False
137,2026-08-08 14:15:00,3,21.0,2026-08-08 14:15:00,2026-08-08 14:25:00,False
137,2026-08-08 14:30:00,3,13.0,2026-08-08 14:30:00,2026-08-08 14:40:00,False
137,2026-08-08 14:45:00,3,16.0,2026-08-08 14:45:00,2026-08-08 14:55:00,False
137,2026-08-08 15:00:00,3,16.0,2026-08-08 15:00:00,2026-08-08 15:10:00,False
137,2026-08-08 15:15:00,3,8.0,2026-08-08 15:15:00,2026-08-08 15:25:00,False
137,2026-08-08 15:30:00,3,12.0,2026-08-08 15:30:00,2026-08-08 15:40:00,False
137,2026-08-08 15:45:00,3,7.0,2026-08-08 15:45:00,2026-08-08 15:55:00,False
137,2026-08-08 16:00:00,3,20.0,2026-08-08 16:00:00,2026-08-08 16:10:00,False
137,2026-08-08 16:15:00,3,8.0,2026-08-08 16:15:00,2026-08-08 16:25:00,False
137,2026-08-08 16:30:00,3,8.0,2026-08-08 16:30:00,2026-08-08 16:40:00,False
137,2026-08-08 16:45:00,3,9.0,2026-08-08 16:45:00,2026-08-08 16:55:00,False
137,2026-08-08 17:00:00,3,4.0,2026-08-08 17:00:00,2026-08-08 17:10:00,False
137,2026-08-08 17:15:00,3,13.0,2026-08-08 17:15:00,2026-08-08 17:25:00,False
137,2026-08-08 17:30:00,3,7.0,2026-08-08 17:30:00,2026-08-08 17:40:00,False
137,2026-08-08 17:45:00,3,7.0,2026-08-08 17:45:00,2026-08-08 17:55:00,False
137,2026-08-08 18:00:00,1,2.0,2026-08-08 18:05:00,2026-08-08 18:05:00,False
137,2026-08-08 18:15:00,3,4.0,2026-08-08 18:15:00,2026-08-08 18:25:00,False
137,2026-08-08 18:30:00,0,,,,True
137,2026-08-08 18:45:00,0,,,,True
137,2026-08-08 19:00:00,0,,,,True
137,2026-08-08 19:15:00,1,1.0,2026-08-08 19:20:00,2026-08-08 19:20:00,False
137,2026-08-08 19:30:00,0,,,,True
137,2026-08-08 19:45:00,0,,,,True
137,2026-08-08 20:00:00,0,,,,True
137,2026-08-08 20:15:00,0,,,,True
137,2026-08-08 20:30:00,0,,,,True
137,2026-08-08 20:45:00,0,,,,True
137,2026-08-08 21:00:00,0,,,,True
137,2026-08-08 21:15:00,1,1.0,2026-08-08 21:15:00,2026-08-08 21:15:00,False
137,2026-08-08 21:30:00,0,,,,True
138,2026-08-07 23:45:00,0,,,,True
138,2026-08-08 00:00:00,0,,,,True
138,2026-08-08 00:15:00,0,,,,True
138,2026-08-08 00:30:00,0,,,,True
138,2026-08-08 00:45:00,0,,,,True
138,2026-08-08 01:00:00,0,,,,True
138,2026-08-08 01:15:00,0,,,,True
138,2026-08-08 01:30:00,0,,,,True
138,2026-08-08 01:45:00,0,,,,True
138,2026-08-08 02:00:00,0,,,,True
138,2026-08-08 02:15:00,0,,,,True
138,2026-08-08 02:30:00,0,,,,True
138,2026-08-08 02:45:00,0,,,,True
138,2026-08-08 03:00:00,0,,,,True
138,2026-08-08 03:15:00,0,,,,True
138,2026-08-08 03:30:00,0,,,,True
138,2026-08-08 03:45:00,0,,,,True
138,2026-08-08 04:00:00,0,,,,True
138,2026-08-08 04:15:00,0,,,,True
138,2026-08-08 04:30:00,0,,,,True
138,2026-08-08 04:45:00,0,,,,True
138,2026-08-08 05:00:00,0,,,,True
138,2026-08-08 05:15:00,0,,,,True
138,2026-08-08 05:30:00,0,,,,True
138,2026-08-08 05:45:00,0,,,,True
138,2026-08-08 06:00:00,0,,,,True
138,2026-08-08 06:15:00,0,,,,True
138,2026-08-08 06:30:00,0,,,,True
138,2026-08-08 06:45:00,0,,,,True
138,2026-08-08 07:00:00,0,,,,True
138,2026-08-08 07:15:00,1,2.0,2026-08-08 07:20:00,2026-08-08 07:20:00,False
138,2026-08-08 07:30:00,0,,,,True
138,2026-08-08 07:45:00,0,,,,True
138,2026-08-08 08:00:00,0,,,,True
138,2026-08-08 08:15:00,1,1.0,2026-08-08 08:25:00,2026-08-08 08:25:00,False
138,2026-08-08 08:30:00,0,,,,True
138,2026-08-08 08:45:00,1,1.0,2026-08-08 08:50:00,2026-08-08 08:50:00,False
138,2026-08-08 09:00:00,0,,,,True
138,2026-08-08 09:15:00,1,4.0,2026-08-08 09:20:00,2026-08-08 09:20:00,False
138,2026-08-08 09:30:00,2,3.0,2026-08-08 09:30:00,2026-08-08 09:40:00,False
138,2026-08-08 09:45:00,1,1.0,2026-08-08 09:45:00,2026-08-08 09:45:00,False
138,2026-08-08 10:00:00,1,1.0,2026-08-08 10:00:00,2026-08-08 10:00:00,False
138,2026-08-08 10:15:00,1,2.0,2026-08-08 10:15:00,2026-08-08 10:15:00,False
138,2026-08-08 10:30:00,0,,,,True
138,2026-08-08 10:45:00,2,3.0,2026-08-08 10:45:00,2026-08-08 10:55:00,False
138,2026-08-08 11:00:00,2,2.0,2026-08-08 11:05:00,2026-08-08 11:10:00,False
138,2026-08-08 11:15:00,2,5.0,2026-08-08 11:20:00,2026-08-08 11:25:00,False
138,2026-08-08 11:30:00,1,2.0,2026-08-08 11:30:00,2026-08-08 11:30:00,False
138,2026-08-08 11:45:00,1,2.0,2026-08-08 11:45:00,2026-08-08 11:45:00,False
138,2026-08-08 12:00:00,1,2.0,2026-08-08 12:10:00,2026-08-08 12:10:00,False
138,2026-08-08 12:15:00,1,1.0,2026-08-08 12:15:00,2026-08-08 12:15:00,False
138,2026-08-08 12:30:00,2,3.0,2026-08-08 12:30:00,2026-08-08 12:40:00,False
138,2026-08-08 12:45:00,1,2.0,2026-08-08 12:50:00,2026-08-08 12:50:00,False
138,2026-08-08 13:00:00,0,,,,True
138,2026-08-08 13:15:00,1,1.0,2026-08-08 13:20:00,2026-08-08 13:20:00,False
138,2026-08-08 13:30:00,1,2.0,2026-08-08 13:30:00,2026-08-08 13:30:00,False
138,2026-08-08 13:45:00,2,4.0,2026-08-08 13:45:00,2026-08-08 13:50:00,False
138,2026-08-08 14:00:00,2,2.0,2026-08-08 14:05:00,2026-08-08 14:10:00,False
138,2026-08-08 14:15:00,1,1.0,2026-08-08 14:25:00,2026-08-08 14:25:00,False
138,2026-08-08 14:30:00,1,1.0,2026-08-08 14:30:00,2026-08-08 14:30:00,False
138,2026-08-08 14:45:00,0,,,,True
138,2026-08-08 15:00:00,0,,,,True
138,2026-08-08 15:15:00,2,2.0,2026-08-08 15:15:00,2026-08-08 15:25:00,False
138,2026-08-08 15:30:00,3,11.0,2026-08-08 15:30:00,2026-08-08 15:40:00,False
138,2026-08-08 15:45:00,2,5.0,2026-08-08 15:50:00,2026-08-08 15:55:00,False
138,2026-08-08 16:00:00,3,41.0,2026-08-08 16:00:00,2026-08-08 16:10:00,False
138,2026-08-08 16:15:00,3,40.0,2026-08-08 16:15:00,2026-08-08 16:25:00,False
138,2026-08-08 16:30:00,2,7.0,2026-08-08 16:30:00,2026-08-08 16:35:00,False
138,2026-08-08 16:45:00,1,3.0,2026-08-08 16:50:00,2026-08-08 16:50:00,False
138,2026-08-08 17:00:00,2,9.0,2026-08-08 17:00:00,2026-08-08 17:10:00,False
138,2026-08-08 17:15:00,0,,,,True
138,2026-08-08 17:30:00,0,,,,True
138,2026-08-08 17:45:00,0,,,,True
138,2026-08-08 18:00:00,0,,,,True
138,2026-08-08 18:15:00,0,,,,True
138,2026-08-08 18:30:00,0,,,,True
138,2026-08-08 18:45:00,0,,,,True
138,2026-08-08 19:00:00,0,,,,True
138,2026-08-08 19:15:00,0,,,,True
138,2026-08-08 19:30:00,0,,,,True
138,2026-08-08 19:45:00,0,,,,True
138,2026-08-08 20:00:00,0,,,,True
138,2026-08-08 20:15:00,0,,,,True
138,2026-08-08 20:30:00,0,,,,True
138,2026-08-08 20:45:00,0,,,,True
138,2026-08-08 21:00:00,0,,,,True
138,2026-08-08 21:15:00,0,,,,True
138,2026-08-08 21:30:00,0,,,,True
139,2026-08-07 23:45:00,1,4.0,2026-08-07 23:55:00,2026-08-07 23:55:00,False
139,2026-08-08 00:00:00,2,2.0,2026-08-08 00:00:00,2026-08-08 00:10:00,False
139,2026-08-08 00:15:00,2,2.0,2026-08-08 00:15:00,2026-08-08 00:25:00,False
139,2026-08-08 00:30:00,2,11.0,2026-08-08 00:35:00,2026-08-08 00:40:00,False
139,2026-08-08 00:45:00,2,2.0,2026-08-08 00:45:00,2026-08-08 00:55:00,False
139,2026-08-08 01:00:00,2,5.0,2026-08-08 01:00:00,2026-08-08 01:10:00,False
139,2026-08-08 01:15:00,1,7.0,2026-08-08 01:15:00,2026-08-08 01:15:00,False
139,2026-08-08 01:30:00,0,,,,True
139,2026-08-08 01:45:00,0,,,,True
139,2026-08-08 02:00:00,0,,,,True
139,2026-08-08 02:15:00,0,,,,True
139,2026-08-08 02:30:00,0,,,,True
139,2026-08-08 02:45:00,1,1.0,2026-08-08 02:55:00,2026-08-08 02:55:00,False
139,2026-08-08 03:00:00,0,,,,True
139,2026-08-08 03:15:00,0,,,,True
139,2026-08-08 03:30:00,1,1.0,2026-08-08 03:40:00,2026-08-08 03:40:00,False
139,2026-08-08 03:45:00,1,1.0,2026-08-08 03:55:00,2026-08-08 03:55:00,False
139,2026-08-08 04:00:00,0,,,,True
139,2026-08-08 04:15:00,0,,,,True
139,2026-08-08 04:30:00,0,,,,True
139,2026-08-08 04:45:00,2,4.0,2026-08-08 04:45:00,2026-08-08 04:50:00,False
139,2026-08-08 05:00:00,1,1.0,2026-08-08 05:05:00,2026-08-08 05:05:00,False
139,2026-08-08 05:15:00,0,,,,True
139,2026-08-08 05:30:00,0,,,,True
139,2026-08-08 05:45:00,0,,,,True
139,2026-08-08 06:00:00,0,,,,True
139,2026-08-08 06:15:00,2,3.0,2026-08-08 06:15:00,2026-08-08 06:25:00,False
139,2026-08-08 06:30:00,0,,,,True
139,2026-08-08 06:45:00,2,2.0,2026-08-08 06:45:00,2026-08-08 06:50:00,False
139,2026-08-08 07:00:00,0,,,,True
139,2026-08-08 07:15:00,2,4.0,2026-08-08 07:15:00,2026-08-08 07:20:00,False
139,2026-08-08 07:30:00,3,15.0,2026-08-08 07:30:00,2026-08-08 07:40:00,False
139,2026-08-08 07:45:00,3,9.0,2026-08-08 07:45:00,2026-08-08 07:55:00,False
139,2026-08-08 08:00:00,3,8.0,2026-08-08 08:00:00,2026-08-08 08:10:00,False
139,2026-08-08 08:15:00,3,7.0,2026-08-08 08:15:00,2026-08-08 08:25:00,False
139,2026-08-08 08:30:00,3,10.0,2026-08-08 08:30:00,2026-08-08 08:40:00,False
139,2026-08-08 08:45:00,3,12.0,2026-08-08 08:45:00,2026-08-08 08:55:00,False
139,2026-08-08 09:00:00,3,8.0,2026-08-08 09:00:00,2026-08-08 09:10:00,False
139,2026-08-08 09:15:00,2,10.0,2026-08-08 09:15:00,2026-08-08 09:20:00,False
139,2026-08-08 09:30:00,3,19.0,2026-08-08 09:30:00,2026-08-08 09:40:00,False
139,2026-08-08 09:45:00,3,32.0,2026-08-08 09:45:00,2026-08-08 09:55:00,False
139,2026-08-08 10:00:00,3,24.0,2026-08-08 10:00:00,2026-08-08 10:10:00,False
139,2026-08-08 10:15:00,3,46.0,2026-08-08 10:15:00,2026-08-08 10:25:00,False
139,2026-08-08 10:30:00,3,16.0,2026-08-08 10:30:00,2026-08-08 10:40:00,False
139,2026-08-08 10:45:00,3,29.0,2026-08-08 10:45:00,2026-08-08 10:55:00,False
139,2026-08-08 11:00:00,3,15.0,2026-08-08 11:00:00,2026-08-08 11:10:00,False
139,2026-08-08 11:15:00,3,25.0,2026-08-08 11:15:00,2026-08-08 11:25:00,False
139,2026-08-08 11:30:00,3,17.0,2026-08-08 11:30:00,2026-08-08 11:40:00,False
139,2026-08-08 11:45:00,3,26.0,2026-08-08 11:45:00,2026-08-08 11:55:00,False
139,2026-08-08 12:00:00,3,26.0,2026-08-08 12:00:00,2026-08-08 12:10:00,False
139,2026-08-08 12:15:00,3,33.0,2026-08-08 12:15:00,2026-08-08 12:25:00,False
139,2026-08-08 12:30:00,3,23.0,2026-08-08 12:30:00,2026-08-08 12:40:00,False
139,2026-08-08 12:45:00,3,9.0,2026-08-08 12:45:00,2026-08-08 12:55:00,False
139,2026-08-08 13:00:00,3,18.0,2026-08-08 13:00:00,2026-08-08 13:10:00,False
139,2026-08-08 13:15:00,3,19.0,2026-08-08 13:15:00,2026-08-08 13:25:00,False
139,2026-08-08 13:30:00,3,36.0,2026-08-08 13:30:00,2026-08-08 13:40:00,False
139,2026-08-08 13:45:00,3,14.0,2026-08-08 13:45:00,2026-08-08 13:55:00,False
139,2026-08-08 14:00:00,3,21.0,2026-08-08 14:00:00,2026-08-08 14:10:00,False
139,2026-08-08 14:15:00,3,32.0,2026-08-08 14:15:00,2026-08-08 14:25:00,False
139,2026-08-08 14:30:00,3,16.0,2026-08-08 14:30:00,2026-08-08 14:40:00,False
139,2026-08-08 14:45:00,3,31.0,2026-08-08 14:45:00,2026-08-08 14:55:00,False
139,2026-08-08 15:00:00,3,28.0,2026-08-08 15:00:00,2026-08-08 15:10:00,False
139,2026-08-08 15:15:00,2,9.0,2026-08-08 15:15:00,2026-08-08 15:25:00,False
139,2026-08-08 15:30:00,3,23.0,2026-08-08 15:30:00,2026-08-08 15:40:00,False
139,2026-08-08 15:45:00,3,28.0,2026-08-08 15:45:00,2026-08-08 15:55:00,False
139,2026-08-08 16:00:00,3,31.0,2026-08-08 16:00:00,2026-08-08 16:10:00,False
139,2026-08-08 16:15:00,3,45.0,2026-08-08 16:15:00,2026-08-08 16:25:00,False
139,2026-08-08 16:30:00,3,28.0,2026-08-08 16:30:00,2026-08-08 16:40:00,False
139,2026-08-08 16:45:00,3,32.0,2026-08-08 16:45:00,2026-08-08 16:55:00,False
139,2026-08-08 17:00:00,3,23.0,2026-08-08 17:00:00,2026-08-08 17:10:00,False
139,2026-08-08 17:15:00,3,24.0,2026-08-08 17:15:00,2026-08-08 17:25:00,False
139,2026-08-08 17:30:00,3,25.0,2026-08-08 17:30:00,2026-08-08 17:40:00,False
139,2026-08-08 17:45:00,3,36.0,2026-08-08 17:45:00,2026-08-08 17:55:00,False
139,2026-08-08 18:00:00,3,29.0,2026-08-08 18:00:00,2026-08-08 18:10:00,False
139,2026-08-08 18:15:00,2,11.0,2026-08-08 18:15:00,2026-08-08 18:20:00,False
139,2026-08-08 18:30:00,3,12.0,2026-08-08 18:30:00,2026-08-08 18:40:00,False
139,2026-08-08 18:45:00,3,16.0,2026-08-08 18:45:00,2026-08-08 18:55:00,False
139,2026-08-08 19:00:00,3,12.0,2026-08-08 19:00:00,2026-08-08 19:10:00,False
139,2026-08-08 19:15:00,3,21.0,2026-08-08 19:15:00,2026-08-08 19:25:00,False
139,2026-08-08 19:30:00,3,7.0,2026-08-08 19:30:00,2026-08-08 19:40:00,False
139,2026-08-08 19:45:00,3,11.0,2026-08-08 19:45:00,2026-08-08 19:55:00,False
139,2026-08-08 20:00:00,3,17.0,2026-08-08 20:00:00,2026-08-08 20:10:00,False
139,2026-08-08 20:15:00,2,18.0,2026-08-08 20:15:00,2026-08-08 20:20:00,False
139,2026-08-08 20:30:00,3,12.0,2026-08-08 20:30:00,2026-08-08 20:40:00,False
139,2026-08-08 20:45:00,2,9.0,2026-08-08 20:50:00,2026-08-08 20:55:00,False
139,2026-08-08 21:00:00,1,2.0,2026-08-08 21:00:00,2026-08-08 21:00:00,False
139,2026-08-08 21:15:00,2,4.0,2026-08-08 21:20:00,2026-08-08 21:25:00,False
139,2026-08-08 21:30:00,0,,,,True
140,2026-08-07 23:45:00,0,,,,True
140,2026-08-08 00:00:00,0,,,,True
140,2026-08-08 00:15:00,0,,,,True
140,2026-08-08 00:30:00,0,,,,True
140,2026-08-08 00:45:00,0,,,,True
140,2026-08-08 01:00:00,0,,,,True
140,2026-08-08 01:15:00,0,,,,True
140,2026-08-08 01:30:00,0,,,,True
140,2026-08-08 01:45:00,0,,,,True
140,2026-08-08 02:00:00,0,,,,True
140,2026-08-08 02:15:00,0,,,,True
140,2026-08-08 02:30:00,0,,,,True
140,2026-08-08 02:45:00,0,,,,True
140,2026-08-08 03:00:00,0,,,,True
140,2026-08-08 03:15:00,0,,,,True
140,2026-08-08 03:30:00,0,,,,True
140,2026-08-08 03:45:00,0,,,,True
140,2026-08-08 04:00:00,0,,,,True
140,2026-08-08 04:15:00,0,,,,True
140,2026-08-08 04:30:00,0,,,,True
140,2026-08-08 04:45:00,0,,,,True
140,2026-08-08 05:00:00,0,,,,True
140,2026-08-08 05:15:00,0,,,,True
140,2026-08-08 05:30:00,0,,,,True
140,2026-08-08 05:45:00,0,,,,True
140,2026-08-08 06:00:00,0,,,,True
140,2026-08-08 06:15:00,0,,,,True
140,2026-08-08 06:30:00,0,,,,True
140,2026-08-08 06:45:00,1,1.0,2026-08-08 06:55:00,2026-08-08 06:55:00,False
140,2026-08-08 07:00:00,3,6.0,2026-08-08 07:00:00,2026-08-08 07:10:00,False
140,2026-08-08 07:15:00,3,7.0,2026-08-08 07:15:00,2026-08-08 07:25:00,False
140,2026-08-08 07:30:00,3,14.0,2026-08-08 07:30:00,2026-08-08 07:40:00,False
140,2026-08-08 07:45:00,3,14.0,2026-08-08 07:45:00,2026-08-08 07:55:00,False
140,2026-08-08 08:00:00,3,13.0,2026-08-08 08:00:00,2026-08-08 08:10:00,False
140,2026-08-08 08:15:00,3,23.0,2026-08-08 08:15:00,2026-08-08 08:25:00,False
140,2026-08-08 08:30:00,3,39.0,2026-08-08 08:30:00,2026-08-08 08:40:00,False
140,2026-08-08 08:45:00,3,38.0,2026-08-08 08:45:00,2026-08-08 08:55:00,False
140,2026-08-08 09:00:00,3,40.0,2026-08-08 09:00:00,2026-08-08 09:10:00,False
140,2026-08-08 09:15:00,3,31.0,2026-08-08 09:15:00,2026-08-08 09:25:00,False
140,2026-08-08 09:30:00,3,39.0,2026-08-08 09:30:00,2026-08-08 09:40:00,False
140,2026-08-08 09:45:00,3,50.0,2026-08-08 09:45:00,2026-08-08 09:55:00,False
140,2026-08-08 10:00:00,3,57.0,2026-08-08 10:00:00,2026-08-08 10:10:00,False
140,2026-08-08 10:15:00,3,40.0,2026-08-08 10:15:00,2026-08-08 10:25:00,False
140,2026-08-08 10:30:00,3,66.0,2026-08-08 10:30:00,2026-08-08 10:40:00,False
140,2026-08-08 10:45:00,3,37.0,2026-08-08 10:45:00,2026-08-08 10:55:00,False
140,2026-08-08 11:00:00,3,68.0,2026-08-08 11:00:00,2026-08-08 11:10:00,False
140,2026-08-08 11:15:00,3,72.0,2026-08-08 11:15:00,2026-08-08 11:25:00,False
140,2026-08-08 11:30:00,3,53.0,2026-08-08 11:30:00,2026-08-08 11:40:00,False
140,2026-08-08 11:45:00,3,38.0,2026-08-08 11:45:00,2026-08-08 11:55:00,False
140,2026-08-08 12:00:00,3,65.0,2026-08-08 12:00:00,2026-08-08 12:10:00,False
140,2026-08-08 12:15:00,3,66.0,2026-08-08 12:15:00,2026-08-08 12:25:00,False
140,2026-08-08 12:30:00,3,71.0,2026-08-08 12:30:00,2026-08-08 12:40:00,False
140,2026-08-08 12:45:00,3,77.0,2026-08-08 12:45:00,2026-08-08 12:55:00,False
140,2026-08-08 13:00:00,3,47.0,2026-08-08 13:00:00,2026-08-08 13:10:00,False
140,2026-08-08 13:15:00,3,53.0,2026-08-08 13:15:00,2026-08-08 13:25:00,False
140,2026-08-08 13:30:00,3,61.0,2026-08-08 13:30:00,2026-08-08 13:40:00,False
140,2026-08-08 13:45:00,3,74.0,2026-08-08 13:45:00,2026-08-08 13:55:00,False
140,2026-08-08 14:00:00,3,65.0,2026-08-08 14:00:00,2026-08-08 14:10:00,False
140,2026-08-08 14:15:00,3,47.0,2026-08-08 14:15:00,2026-08-08 14:25:00,False
140,2026-08-08 14:30:00,3,51.0,2026-08-08 14:30:00,2026-08-08 14:40:00,False
140,2026-08-08 14:45:00,3,56.0,2026-08-08 14:45:00,2026-08-08 14:55:00,False
140,2026-08-08 15:00:00,3,39.0,2026-08-08 15:00:00,2026-08-08 15:10:00,False
140,2026-08-08 15:15:00,3,50.0,2026-08-08 15:15:00,2026-08-08 15:25:00,False
140,2026-08-08 15:30:00,3,61.0,2026-08-08 15:30:00,2026-08-08 15:40:00,False
140,2026-08-08 15:45:00,3,71.0,2026-08-08 15:45:00,2026-08-08 15:55:00,False
140,2026-08-08 16:00:00,3,67.0,2026-08-08 16:00:00,2026-08-08 16:10:00,False
140,2026-08-08 16:15:00,3,70.0,2026-08-08 16:15:00,2026-08-08 16:25:00,False
140,2026-08-08 16:30:00,3,73.0,2026-08-08 16:30:00,2026-08-08 16:40:00,False
140,2026-08-08 16:45:00,3,91.0,2026-08-08 16:45:00,2026-08-08 16:55:00,False
140,2026-08-08 17:00:00,3,66.0,2026-08-08 17:00:00,2026-08-08 17:10:00,False
140,2026-08-08 17:15:00,3,57.0,2026-08-08 17:15:00,2026-08-08 17:25:00,False
140,2026-08-08 17:30:00,3,72.0,2026-08-08 17:30:00,2026-08-08 17:40:00,False
140,2026-08-08 17:45:00,1,26.0,2026-08-08 17:45:00,2026-08-08 17:45:00,False
140,2026-08-08 18:00:00,0,,,,True
140,2026-08-08 18:15:00,1,1.0,2026-08-08 18:25:00,2026-08-08 18:25:00,False
140,2026-08-08 18:30:00,0,,,,True
140,2026-08-08 18:45:00,0,,,,True
140,2026-08-08 19:00:00,0,,,,True
140,2026-08-08 19:15:00,0,,,,True
140,2026-08-08 19:30:00,0,,,,True
140,2026-08-08 19:45:00,0,,,,True
140,2026-08-08 20:00:00,0,,,,True
140,2026-08-08 20:15:00,0,,,,True
140,2026-08-08 20:30:00,0,,,,True
140,2026-08-08 20:45:00,0,,,,True
140,2026-08-08 21:00:00,0,,,,True
140,2026-08-08 21:15:00,0,,,,True
140,2026-08-08 21:30:00,0,,,,True
141,2026-08-07 23:45:00,1,8.0,2026-08-07 23:55:00,2026-08-07 23:55:00,False
141,2026-08-08 00:00:00,3,32.0,2026-08-08 00:00:00,2026-08-08 00:10:00,False
141,2026-08-08 00:15:00,3,29.0,2026-08-08 00:15:00,2026-08-08 00:25:00,False
141,2026-08-08 00:30:00,3,31.0,2026-08-08 00:30:00,2026-08-08 00:40:00,False
141,2026-08-08 00:45:00,3,25.0,2026-08-08 00:45:00,2026-08-08 00:55:00,False
141,2026-08-08 01:00:00,3,26.0,2026-08-08 01:00:00,2026-08-08 01:10:00,False
141,2026-08-08 01:15:00,3,30.0,2026-08-08 01:15:00,2026-08-08 01:25:00,False
141,2026-08-08 01:30:00,3,31.0,2026-08-08 01:30:00,2026-08-08 01:40:00,False
141,2026-08-08 01:45:00,3,25.0,2026-08-08 01:45:00,2026-08-08 01:55:00,False
141,2026-08-08 02:00:00,3,24.0,2026-08-08 02:00:00,2026-08-08 02:10:00,False
141,2026-08-08 02:15:00,3,18.0,2026-08-08 02:15:00,2026-08-08 02:25:00,False
141,2026-08-08 02:30:00,3,16.0,2026-08-08 02:30:00,2026-08-08 02:40:00,False
141,2026-08-08 02:45:00,3,8.0,2026-08-08 02:45:00,2026-08-08 02:55:00,False
141,2026-08-08 03:00:00,3,8.0,2026-08-08 03:00:00,2026-08-08 03:10:00,False
141,2026-08-08 03:15:00,3,8.0,2026-08-08 03:15:00,2026-08-08 03:25:00,False
141,2026-08-08 03:30:00,3,11.0,2026-08-08 03:30:00,2026-08-08 03:40:00,False
141,2026-08-08 03:45:00,2,9.0,2026-08-08 03:50:00,2026-08-08 03:55:00,False
141,2026-08-08 04:00:00,3,6.0,2026-08-08 04:00:00,2026-08-08 04:10:00,False
141,2026-08-08 04:15:00,3,16.0,2026-08-08 04:15:00,2026-08-08 04:25:00,False
141,2026-08-08 04:30:00,3,11.0,2026-08-08 04:30:00,2026-08-08 04:40:00,False
141,2026-08-08 04:45:00,1,5.0,2026-08-08 04:45:00,2026-08-08 04:45:00,False
141,2026-08-08 05:00:00,3,13.0,2026-08-08 05:00:00,2026-08-08 05:10:00,False
141,2026-08-08 05:15:00,2,4.0,2026-08-08 05:15:00,2026-08-08 05:20:00,False
141,2026-08-08 05:30:00,3,4.0,2026-08-08 05:30:00,2026-08-08 05:40:00,False
141,2026-08-08 05:45:00,3,11.0,2026-08-08 05:45:00,2026-08-08 05:55:00,False
141,2026-08-08 06:00:00,2,5.0,2026-08-08 06:00:00,2026-08-08 06:10:00,False
141,2026-08-08 06:15:00,3,8.0,2026-08-08 06:15:00,2026-08-08 06:25:00,False
141,2026-08-08 06:30:00,3,11.0,2026-08-08 06:30:00,2026-08-08 06:40:00,False
141,2026-08-08 06:45:00,3,11.0,2026-08-08 06:45:00,2026-08-08 06:55:00,False
141,2026-08-08 07:00:00,2,5.0,2026-08-08 07:00:00,2026-08-08 07:10:00,False
141,2026-08-08 07:15:00,3,9.0,2026-08-08 07:15:00,2026-08-08 07:25:00,False
141,2026-08-08 07:30:00,3,11.0,2026-08-08 07:30:00,2026-08-08 07:40:00,False
141,2026-08-08 07:45:00,3,17.0,2026-08-08 07:45:00,2026-08-08 07:55:00,False
141,2026-08-08 08:00:00,3,11.0,2026-08-08 08:00:00,2026-08-08 08:10:00,False
141,2026-08-08 08:15:00,3,16.0,2026-08-08 08:15:00,2026-08-08 08:25:00,False
141,2026-08-08 08:30:00,3,19.0,2026-08-08 08:30:00,2026-08-08 08:40:00,False
141,2026-08-08 08:45:00,3,31.0,2026-08-08 08:45:00,2026-08-08 08:55:00,False
141,2026-08-08 09:00:00,3,29.0,2026-08-08 09:00:00,2026-08-08 09:10:00,False
141,2026-08-08 09:15:00,3,33.0,2026-08-08 09:15:00,2026-08-08 09:25:00,False
141,2026-08-08 09:30:00,3,46.0,2026-08-08 09:30:00,2026-08-08 09:40:00,False
141,2026-08-08 09:45:00,3,70.0,2026-08-08 09:45:00,2026-08-08 09:55:00,False
141,2026-08-08 10:00:00,3,54.0,2026-08-08 10:00:00,2026-08-08 10:10:00,False
141,2026-08-08 10:15:00,3,57.0,2026-08-08 10:15:00,2026-08-08 10:25:00,False
141,2026-08-08 10:30:00,3,63.0,2026-08-08 10:30:00,2026-08-08 10:40:00,False
141,2026-08-08 10:45:00,3,49.0,2026-08-08 10:45:00,2026-08-08 10:55:00,False
141,2026-08-08 11:00:00,3,76.0,2026-08-08 11:00:00,2026-08-08 11:10:00,False
141,2026-08-08 11:15:00,3,95.0,2026-08-08 11:15:00,2026-08-08 11:25:00,False
141,2026-08-08 11:30:00,3,75.0,2026-08-08 11:30:00,2026-08-08 11:40:00,False
141,2026-08-08 11:45:00,3,80.0,2026-08-08 11:45:00,2026-08-08 11:55:00,False
141,2026-08-08 12:00:00,3,98.0,2026-08-08 12:00:00,2026-08-08 12:10:00,False
141,2026-08-08 12:15:00,3,111.0,2026-08-08 12:15:00,2026-08-08 12:25:00,False
141,2026-08-08 12:30:00,3,59.0,2026-08-08 12:30:00,2026-08-08 12:40:00,False
141,2026-08-08 12:45:00,3,99.0,2026-08-08 12:45:00,2026-08-08 12:55:00,False
141,2026-08-08 13:00:00,3,53.0,2026-08-08 13:00:00,2026-08-08 13:10:00,False
141,2026-08-08 13:15:00,3,62.0,2026-08-08 13:15:00,2026-08-08 13:25:00,False
141,2026-08-08 13:30:00,3,103.0,2026-08-08 13:30:00,2026-08-08 13:40:00,False
141,2026-08-08 13:45:00,3,104.0,2026-08-08 13:45:00,2026-08-08 13:55:00,False
141,2026-08-08 14:00:00,3,94.0,2026-08-08 14:00:00,2026-08-08 14:10:00,False
141,2026-08-08 14:15:00,3,100.0,2026-08-08 14:15:00,2026-08-08 14:25:00,False
141,2026-08-08 14:30:00,3,82.0,2026-08-08 14:30:00,2026-08-08 14:40:00,False
141,2026-08-08 14:45:00,3,73.0,2026-08-08 14:45:00,2026-08-08 14:55:00,False
141,2026-08-08 15:00:00,3,78.0,2026-08-08 15:00:00,2026-08-08 15:10:00,False
141,2026-08-08 15:15:00,3,101.0,2026-08-08 15:15:00,2026-08-08 15:25:00,False
141,2026-08-08 15:30:00,3,85.0,2026-08-08 15:30:00,2026-08-08 15:40:00,False
141,2026-08-08 15:45:00,3,71.0,2026-08-08 15:45:00,2026-08-08 15:55:00,False
141,2026-08-08 16:00:00,3,110.0,2026-08-08 16:00:00,2026-08-08 16:10:00,False
141,2026-08-08 16:15:00,3,123.0,2026-08-08 16:15:00,2026-08-08 16:25:00,False
141,2026-08-08 16:30:00,3,154.0,2026-08-08 16:30:00,2026-08-08 16:40:00,False
141,2026-08-08 16:45:00,3,93.0,2026-08-08 16:45:00,2026-08-08 16:55:00,False
141,2026-08-08 17:00:00,3,104.0,2026-08-08 17:00:00,2026-08-08 17:10:00,False
141,2026-08-08 17:15:00,3,69.0,2026-08-08 17:15:00,2026-08-08 17:25:00,False
141,2026-08-08 17:30:00,3,85.0,2026-08-08 17:30:00,2026-08-08 17:40:00,False
141,2026-08-08 17:45:00,3,122.0,2026-08-08 17:45:00,2026-08-08 17:55:00,False
141,2026-08-08 18:00:00,3,130.0,2026-08-08 18:00:00,2026-08-08 18:10:00,False
141,2026-08-08 18:15:00,3,120.0,2026-08-08 18:15:00,2026-08-08 18:25:00,False
141,2026-08-08 18:30:00,3,101.0,2026-08-08 18:30:00,2026-08-08 18:40:00,False
141,2026-08-08 18:45:00,3,100.0,2026-08-08 18:45:00,2026-08-08 18:55:00,False
141,2026-08-08 19:00:00,3,70.0,2026-08-08 19:00:00,2026-08-08 19:10:00,False
141,2026-08-08 19:15:00,3,65.0,2026-08-08 19:15:00,2026-08-08 19:25:00,False
141,2026-08-08 19:30:00,3,63.0,2026-08-08 19:30:00,2026-08-08 19:40:00,False
141,2026-08-08 19:45:00,3,80.0,2026-08-08 19:45:00,2026-08-08 19:55:00,False
141,2026-08-08 20:00:00,3,78.0,2026-08-08 20:00:00,2026-08-08 20:10:00,False
141,2026-08-08 20:15:00,3,76.0,2026-08-08 20:15:00,2026-08-08 20:25:00,False
141,2026-08-08 20:30:00,3,58.0,2026-08-08 20:30:00,2026-08-08 20:40:00,False
141,2026-08-08 20:45:00,3,77.0,2026-08-08 20:45:00,2026-08-08 20:55:00,False
141,2026-08-08 21:00:00,3,70.0,2026-08-08 21:00:00,2026-08-08 21:10:00,False
141,2026-08-08 21:15:00,3,68.0,2026-08-08 21:15:00,2026-08-08 21:25:00,False
141,2026-08-08 21:30:00,0,,,,True
142,2026-08-07 23:45:00,1,5.0,2026-08-07 23:55:00,2026-08-07 23:55:00,False
142,2026-08-08 00:00:00,3,21.0,2026-08-08 00:00:00,2026-08-08 00:10:00,False
142,2026-08-08 00:15:00,3,24.0,2026-08-08 00:15:00,2026-08-08 00:25:00,False
142,2026-08-08 00:30:00,2,10.0,2026-08-08 00:35:00,2026-08-08 00:40:00,False
142,2026-08-08 00:45:00,3,24.0,2026-08-08 00:45:00,2026-08-08 00:55:00,False
142,2026-08-08 01:00:00,3,15.0,2026-08-08 01:00:00,2026-08-08 01:10:00,False
142,2026-08-08 01:15:00,3,12.0,2026-08-08 01:15:00,2026-08-08 01:25:00,False
142,2026-08-08 01:30:00,3,6.0,2026-08-08 01:30:00,2026-08-08 01:40:00,False
142,2026-08-08 01:45:00,2,4.0,2026-08-08 01:50:00,2026-08-08 01:55:00,False
142,2026-08-08 02:00:00,2,5.0,2026-08-08 02:05:00,2026-08-08 02:10:00,False
142,2026-08-08 02:15:00,2,3.0,2026-08-08 02:15:00,2026-08-08 02:20:00,False
142,2026-08-08 02:30:00,1,1.0,2026-08-08 02:30:00,2026-08-08 02:30:00,False
142,2026-08-08 02:45:00,3,5.0,2026-08-08 02:45:00,2026-08-08 02:55:00,False
142,2026-08-08 03:00:00,0,,,,True
142,2026-08-08 03:15:00,1,1.0,2026-08-08 03:15:00,2026-08-08 03:15:00,False
142,2026-08-08 03:30:00,2,3.0,2026-08-08 03:35:00,2026-08-08 03:40:00,False
142,2026-08-08 03:45:00,2,3.0,2026-08-08 03:45:00,2026-08-08 03:50:00,False
142,2026-08-08 04:00:00,0,,,,True
142,2026-08-08 04:15:00,1,2.0,2026-08-08 04:20:00,2026-08-08 04:20:00,False
142,2026-08-08 04:30:00,2,6.0,2026-08-08 04:30:00,2026-08-08 04:35:00,False
142,2026-08-08 04:45:00,2,2.0,2026-08-08 04:45:00,2026-08-08 04:50:00,False
142,2026-08-08 05:00:00,1,1.0,2026-08-08 05:00:00,2026-08-08 05:00:00,False
142,2026-08-08 05:15:00,1,1.0,2026-08-08 05:20:00,2026-08-08 05:20:00,False
142,2026-08-08 05:30:00,1,1.0,2026-08-08 05:35:00,2026-08-08 05:35:00,False
142,2026-08-08 05:45:00,2,4.0,2026-08-08 05:45:00,2026-08-08 05:50:00,False
142,2026-08-08 06:00:00,2,7.0,2026-08-08 06:00:00,2026-08-08 06:10:00,False
142,2026-08-08 06:15:00,3,5.0,2026-08-08 06:15:00,2026-08-08 06:25:00,False
142,2026-08-08 06:30:00,3,12.0,2026-08-08 06:30:00,2026-08-08 06:40:00,False
142,2026-08-08 06:45:00,3,15.0,2026-08-08 06:45:00,2026-08-08 06:55:00,False
142,2026-08-08 07:00:00,3,49.0,2026-08-08 07:00:00,2026-08-08 07:10:00,False
142,2026-08-08 07:15:00,3,61.0,2026-08-08 07:15:00,2026-08-08 07:25:00,False
142,2026-08-08 07:30:00,3,66.0,2026-08-08 07:30:00,2026-08-08 07:40:00,False
142,2026-08-08 07:45:00,3,114.0,2026-08-08 07:45:00,2026-08-08 07:55:00,False
142,2026-08-08 08:00:00,3,123.0,2026-08-08 08:00:00,2026-08-08 08:10:00,False
142,2026-08-08 08:15:00,3,133.0,2026-08-08 08:15:00,2026-08-08 08:25:00,False
142,2026-08-08 08:30:00,3,157.0,2026-08-08 08:30:00,2026-08-08 08:40:00,False
142,2026-08-08 08:45:00,3,235.0,2026-08-08 08:45:00,2026-08-08 08:55:00,False
142,2026-08-08 09:00:00,3,191.0,2026-08-08 09:00:00,2026-08-08 09:10:00,False
142,2026-08-08 09:15:00,3,209.0,2026-08-08 09:15:00,2026-08-08 09:25:00,False
142,2026-08-08 09:30:00,3,206.0,2026-08-08 09:30:00,2026-08-08 09:40:00,False
142,2026-08-08 09:45:00,3,207.0,2026-08-08 09:45:00,2026-08-08 09:55:00,False
142,2026-08-08 10:00:00,3,207.0,2026-08-08 10:00:00,2026-08-08 10:10:00,False
142,2026-08-08 10:15:00,3,184.0,2026-08-08 10:15:00,2026-08-08 10:25:00,False
142,2026-08-08 10:30:00,3,207.0,2026-08-08 10:30:00,2026-08-08 10:40:00,False
142,2026-08-08 10:45:00,3,224.0,2026-08-08 10:45:00,2026-08-08 10:55:00,False
142,2026-08-08 11:00:00,3,175.0,2026-08-08 11:00:00,2026-08-08 11:10:00,False
142,2026-08-08 11:15:00,3,242.0,2026-08-08 11:15:00,2026-08-08 11:25:00,False
142,2026-08-08 11:30:00,3,299.0,2026-08-08 11:30:00,2026-08-08 11:40:00,False
142,2026-08-08 11:45:00,3,302.0,2026-08-08 11:45:00,2026-08-08 11:55:00,False
142,2026-08-08 12:00:00,3,327.0,2026-08-08 12:00:00,2026-08-08 12:10:00,False
142,2026-08-08 12:15:00,3,289.0,2026-08-08 12:15:00,2026-08-08 12:25:00,False
142,2026-08-08 12:30:00,3,368.0,2026-08-08 12:30:00,2026-08-08 12:40:00,False
142,2026-08-08 12:45:00,3,335.0,2026-08-08 12:45:00,2026-08-08 12:55:00,False
142,2026-08-08 13:00:00,3,271.0,2026-08-08 13:00:00,2026-08-08 13:10:00,False
142,2026-08-08 13:15:00,3,349.0,2026-08-08 13:15:00,2026-08-08 13:25:00,False
142,2026-08-08 13:30:00,3,400.0,2026-08-08 13:30:00,2026-08-08 13:40:00,False
142,2026-08-08 13:45:00,3,299.0,2026-08-08 13:45:00,2026-08-08 13:55:00,False
142,2026-08-08 14:00:00,3,267.0,2026-08-08 14:00:00,2026-08-08 14:10:00,False
142,2026-08-08 14:15:00,3,225.0,2026-08-08 14:15:00,2026-08-08 14:25:00,False
142,2026-08-08 14:30:00,3,241.0,2026-08-08 14:30:00,2026-08-08 14:40:00,False
142,2026-08-08 14:45:00,3,258.0,2026-08-08 14:45:00,2026-08-08 14:55:00,False
142,2026-08-08 15:00:00,3,271.0,2026-08-08 15:00:00,2026-08-08 15:10:00,False
142,2026-08-08 15:15:00,3,274.0,2026-08-08 15:15:00,2026-08-08 15:25:00,False
142,2026-08-08 15:30:00,3,245.0,2026-08-08 15:30:00,2026-08-08 15:40:00,False
142,2026-08-08 15:45:00,3,228.0,2026-08-08 15:45:00,2026-08-08 15:55:00,False
142,2026-08-08 16:00:00,3,254.0,2026-08-08 16:00:00,2026-08-08 16:10:00,False
142,2026-08-08 16:15:00,3,467.0,2026-08-08 16:15:00,2026-08-08 16:25:00,False
142,2026-08-08 16:30:00,3,338.0,2026-08-08 16:30:00,2026-08-08 16:40:00,False
142,2026-08-08 16:45:00,3,246.0,2026-08-08 16:45:00,2026-08-08 16:55:00,False
142,2026-08-08 17:00:00,3,286.0,2026-08-08 17:00:00,2026-08-08 17:10:00,False
142,2026-08-08 17:15:00,3,263.0,2026-08-08 17:15:00,2026-08-08 17:25:00,False
142,2026-08-08 17:30:00,3,400.0,2026-08-08 17:30:00,2026-08-08 17:40:00,False
142,2026-08-08 17:45:00,3,252.0,2026-08-08 17:45:00,2026-08-08 17:55:00,False
142,2026-08-08 18:00:00,3,218.0,2026-08-08 18:00:00,2026-08-08 18:10:00,False
142,2026-08-08 18:15:00,3,147.0,2026-08-08 18:15:00,2026-08-08 18:25:00,False
142,2026-08-08 18:30:00,3,31.0,2026-08-08 18:30:00,2026-08-08 18:40:00,False
142,2026-08-08 18:45:00,3,47.0,2026-08-08 18:45:00,2026-08-08 18:55:00,False
142,2026-08-08 19:00:00,3,39.0,2026-08-08 19:00:00,2026-08-08 19:10:00,False
142,2026-08-08 19:15:00,3,35.0,2026-08-08 19:15:00,2026-08-08 19:25:00,False
142,2026-08-08 19:30:00,3,51.0,2026-08-08 19:30:00,2026-08-08 19:40:00,False
142,2026-08-08 19:45:00,3,67.0,2026-08-08 19:45:00,2026-08-08 19:55:00,False
142,2026-08-08 20:00:00,3,75.0,2026-08-08 20:00:00,2026-08-08 20:10:00,False
142,2026-08-08 20:15:00,3,61.0,2026-08-08 20:15:00,2026-08-08 20:25:00,False
142,2026-08-08 20:30:00,3,22.0,2026-08-08 20:30:00,2026-08-08 20:40:00,False
142,2026-08-08 20:45:00,3,35.0,2026-08-08 20:45:00,2026-08-08 20:55:00,False
142,2026-08-08 21:00:00,3,20.0,2026-08-08 21:00:00,2026-08-08 21:10:00,False
142,2026-08-08 21:15:00,3,42.0,2026-08-08 21:15:00,2026-08-08 21:25:00,False
142,2026-08-08 21:30:00,0,,,,True
143,2026-08-07 23:45:00,1,6.0,2026-08-07 23:55:00,2026-08-07 23:55:00,False
143,2026-08-08 00:00:00,3,42.0,2026-08-08 00:00:00,2026-08-08 00:10:00,False
143,2026-08-08 00:15:00,3,51.0,2026-08-08 00:15:00,2026-08-08 00:25:00,False
143,2026-08-08 00:30:00,3,34.0,2026-08-08 00:30:00,2026-08-08 00:40:00,False
143,2026-08-08 00:45:00,3,33.0,2026-08-08 00:45:00,2026-08-08 00:55:00,False
143,2026-08-08 01:00:00,3,36.0,2026-08-08 01:00:00,2026-08-08 01:10:00,False
143,2026-08-08 01:15:00,3,27.0,2026-08-08 01:15:00,2026-08-08 01:25:00,False
143,2026-08-08 01:30:00,3,24.0,2026-08-08 01:30:00,2026-08-08 01:40:00,False
143,2026-08-08 01:45:00,3,34.0,2026-08-08 01:45:00,2026-08-08 01:55:00,False
143,2026-08-08 02:00:00,3,22.0,2026-08-08 02:00:00,2026-08-08 02:10:00,False
143,2026-08-08 02:15:00,3,20.0,2026-08-08 02:15:00,2026-08-08 02:25:00,False
143,2026-08-08 02:30:00,3,17.0,2026-08-08 02:30:00,2026-08-08 02:40:00,False
143,2026-08-08 02:45:00,2,9.0,2026-08-08 02:50:00,2026-08-08 02:55:00,False
143,2026-08-08 03:00:00,3,16.0,2026-08-08 03:00:00,2026-08-08 03:10:00,False
143,2026-08-08 03:15:00,3,22.0,2026-08-08 03:15:00,2026-08-08 03:25:00,False
143,2026-08-08 03:30:00,2,6.0,2026-08-08 03:30:00,2026-08-08 03:35:00,False
143,2026-08-08 03:45:00,2,4.0,2026-08-08 03:45:00,2026-08-08 03:55:00,False
143,2026-08-08 04:00:00,3,20.0,2026-08-08 04:00:00,2026-08-08 04:10:00,False
143,2026-08-08 04:15:00,1,5.0,2026-08-08 04:15:00,2026-08-08 04:15:00,False
143,2026-08-08 04:30:00,3,6.0,2026-08-08 04:30:00,2026-08-08 04:40:00,False
143,2026-08-08 04:45:00,3,11.0,2026-08-08 04:45:00,2026-08-08 04:55:00,False
143,2026-08-08 05:00:00,3,3.0,2026-08-08 05:00:00,2026-08-08 05:10:00,False
143,2026-08-08 05:15:00,3,4.0,2026-08-08 05:15:00,2026-08-08 05:25:00,False
143,2026-08-08 05:30:00,2,7.0,2026-08-08 05:30:00,2026-08-08 05:35:00,False
143,2026-08-08 05:45:00,3,15.0,2026-08-08 05:45:00,2026-08-08 05:55:00,False
143,2026-08-08 06:00:00,2,5.0,2026-08-08 06:00:00,2026-08-08 06:10:00,False
143,2026-08-08 06:15:00,3,15.0,2026-08-08 06:15:00,2026-08-08 06:25:00,False
143,2026-08-08 06:30:00,3,29.0,2026-08-08 06:30:00,2026-08-08 06:40:00,False
143,2026-08-08 06:45:00,3,22.0,2026-08-08 06:45:00,2026-08-08 06:55:00,False
143,2026-08-08 07:00:00,3,28.0,2026-08-08 07:00:00,2026-08-08 07:10:00,False
143,2026-08-08 07:15:00,3,37.0,2026-08-08 07:15:00,2026-08-08 07:25:00,False
143,2026-08-08 07:30:00,3,42.0,2026-08-08 07:30:00,2026-08-08 07:40:00,False
143,2026-08-08 07:45:00,3,40.0,2026-08-08 07:45:00,2026-08-08 07:55:00,False
143,2026-08-08 08:00:00,3,70.0,2026-08-08 08:00:00,2026-08-08 08:10:00,False
143,2026-08-08 08:15:00,3,79.0,2026-08-08 08:15:00,2026-08-08 08:25:00,False
143,2026-08-08 08:30:00,3,126.0,2026-08-08 08:30:00,2026-08-08 08:40:00,False
143,2026-08-08 08:45:00,3,123.0,2026-08-08 08:45:00,2026-08-08 08:55:00,False
143,2026-08-08 09:00:00,3,108.0,2026-08-08 09:00:00,2026-08-08 09:10:00,False
143,2026-08-08 09:15:00,3,82.0,2026-08-08 09:15:00,2026-08-08 09:25:00,False
143,2026-08-08 09:30:00,3,112.0,2026-08-08 09:30:00,2026-08-08 09:40:00,False
143,2026-08-08 09:45:00,3,77.0,2026-08-08 09:45:00,2026-08-08 09:55:00,False
143,2026-08-08 10:00:00,3,102.0,2026-08-08 10:00:00,2026-08-08 10:10:00,False
143,2026-08-08 10:15:00,3,105.0,2026-08-08 10:15:00,2026-08-08 10:25:00,False
143,2026-08-08 10:30:00,3,105.0,2026-08-08 10:30:00,2026-08-08 10:40:00,False
143,2026-08-08 10:45:00,3,91.0,2026-08-08 10:45:00,2026-08-08 10:55:00,False
143,2026-08-08 11:00:00,3,137.0,2026-08-08 11:00:00,2026-08-08 11:10:00,False
143,2026-08-08 11:15:00,3,127.0,2026-08-08 11:15:00,2026-08-08 11:25:00,False
143,2026-08-08 11:30:00,3,132.0,2026-08-08 11:30:00,2026-08-08 11:40:00,False
143,2026-08-08 11:45:00,3,109.0,2026-08-08 11:45:00,2026-08-08 11:55:00,False
143,2026-08-08 12:00:00,3,141.0,2026-08-08 12:00:00,2026-08-08 12:10:00,False
143,2026-08-08 12:15:00,3,134.0,2026-08-08 12:15:00,2026-08-08 12:25:00,False
143,2026-08-08 12:30:00,3,151.0,2026-08-08 12:30:00,2026-08-08 12:40:00,False
143,2026-08-08 12:45:00,3,98.0,2026-08-08 12:45:00,2026-08-08 12:55:00,False
143,2026-08-08 13:00:00,3,146.0,2026-08-08 13:00:00,2026-08-08 13:10:00,False
143,2026-08-08 13:15:00,3,112.0,2026-08-08 13:15:00,2026-08-08 13:25:00,False
143,2026-08-08 13:30:00,3,120.0,2026-08-08 13:30:00,2026-08-08 13:40:00,False
143,2026-08-08 13:45:00,3,102.0,2026-08-08 13:45:00,2026-08-08 13:55:00,False
143,2026-08-08 14:00:00,3,124.0,2026-08-08 14:00:00,2026-08-08 14:10:00,False
143,2026-08-08 14:15:00,3,130.0,2026-08-08 14:15:00,2026-08-08 14:25:00,False
143,2026-08-08 14:30:00,3,135.0,2026-08-08 14:30:00,2026-08-08 14:40:00,False
143,2026-08-08 14:45:00,3,114.0,2026-08-08 14:45:00,2026-08-08 14:55:00,False
143,2026-08-08 15:00:00,3,135.0,2026-08-08 15:00:00,2026-08-08 15:10:00,False
143,2026-08-08 15:15:00,3,156.0,2026-08-08 15:15:00,2026-08-08 15:25:00,False
143,2026-08-08 15:30:00,3,195.0,2026-08-08 15:30:00,2026-08-08 15:40:00,False
143,2026-08-08 15:45:00,3,137.0,2026-08-08 15:45:00,2026-08-08 15:55:00,False
143,2026-08-08 16:00:00,3,119.0,2026-08-08 16:00:00,2026-08-08 16:10:00,False
143,2026-08-08 16:15:00,3,155.0,2026-08-08 16:15:00,2026-08-08 16:25:00,False
143,2026-08-08 16:30:00,3,192.0,2026-08-08 16:30:00,2026-08-08 16:40:00,False
143,2026-08-08 16:45:00,3,183.0,2026-08-08 16:45:00,2026-08-08 16:55:00,False
143,2026-08-08 17:00:00,3,185.0,2026-08-08 17:00:00,2026-08-08 17:10:00,False
143,2026-08-08 17:15:00,3,224.0,2026-08-08 17:15:00,2026-08-08 17:25:00,False
143,2026-08-08 17:30:00,3,200.0,2026-08-08 17:30:00,2026-08-08 17:40:00,False
143,2026-08-08 17:45:00,3,210.0,2026-08-08 17:45:00,2026-08-08 17:55:00,False
143,2026-08-08 18:00:00,3,319.0,2026-08-08 18:00:00,2026-08-08 18:10:00,False
143,2026-08-08 18:15:00,3,187.0,2026-08-08 18:15:00,2026-08-08 18:25:00,False
143,2026-08-08 18:30:00,3,98.0,2026-08-08 18:30:00,2026-08-08 18:40:00,False
143,2026-08-08 18:45:00,3,74.0,2026-08-08 18:45:00,2026-08-08 18:55:00,False
143,2026-08-08 19:00:00,3,69.0,2026-08-08 19:00:00,2026-08-08 19:10:00,False
143,2026-08-08 19:15:00,3,84.0,2026-08-08 19:15:00,2026-08-08 19:25:00,False
143,2026-08-08 19:30:00,3,95.0,2026-08-08 19:30:00,2026-08-08 19:40:00,False
143,2026-08-08 19:45:00,3,100.0,2026-08-08 19:45:00,2026-08-08 19:55:00,False
143,2026-08-08 20:00:00,3,116.0,2026-08-08 20:00:00,2026-08-08 20:10:00,False
143,2026-08-08 20:15:00,3,136.0,2026-08-08 20:15:00,2026-08-08 20:25:00,False
143,2026-08-08 20:30:00,3,62.0,2026-08-08 20:30:00,2026-08-08 20:40:00,False
143,2026-08-08 20:45:00,3,96.0,2026-08-08 20:45:00,2026-08-08 20:55:00,False
143,2026-08-08 21:00:00,3,83.0,2026-08-08 21:00:00,2026-08-08 21:10:00,False
143,2026-08-08 21:15:00,3,67.0,2026-08-08 21:15:00,2026-08-08 21:25:00,False
143,2026-08-08 21:30:00,0,,,,True
161,2026-08-07 23:45:00,1,2.0,2026-08-07 23:55:00,2026-08-07 23:55:00,False
161,2026-08-08 00:00:00,2,3.0,2026-08-08 00:05:00,2026-08-08 00:10:00,False
161,2026-08-08 00:15:00,1,2.0,2026-08-08 00:20:00,2026-08-08 00:20:00,False
161,2026-08-08 00:30:00,3,4.0,2026-08-08 00:30:00,2026-08-08 00:40:00,False
161,2026-08-08 00:45:00,2,3.0,2026-08-08 00:50:00,2026-08-08 00:55:00,False
161,2026-08-08 01:00:00,0,,,,True
161,2026-08-08 01:15:00,2,11.0,2026-08-08 01:15:00,2026-08-08 01:20:00,False
161,2026-08-08 01:30:00,2,2.0,2026-08-08 01:35:00,2026-08-08 01:40:00,False
161,2026-08-08 01:45:00,1,2.0,2026-08-08 01:55:00,2026-08-08 01:55:00,False
161,2026-08-08 02:00:00,2,3.0,2026-08-08 02:00:00,2026-08-08 02:10:00,False
161,2026-08-08 02:15:00,0,,,,True
161,2026-08-08 02:30:00,1,1.0,2026-08-08 02:35:00,2026-08-08 02:35:00,False
161,2026-08-08 02:45:00,0,,,,True
161,2026-08-08 03:00:00,0,,,,True
161,2026-08-08 03:15:00,0,,,,True
161,2026-08-08 03:30:00,1,1.0,2026-08-08 03:40:00,2026-08-08 03:40:00,False
161,2026-08-08 03:45:00,0,,,,True
161,2026-08-08 04:00:00,1,3.0,2026-08-08 04:05:00,2026-08-08 04:05:00,False
161,2026-08-08 04:15:00,0,,,,True
161,2026-08-08 04:30:00,0,,,,True
161,2026-08-08 04:45:00,1,1.0,2026-08-08 04:50:00,2026-08-08 04:50:00,False
161,2026-08-08 05:00:00,1,2.0,2026-08-08 05:10:00,2026-08-08 05:10:00,False
161,2026-08-08 05:15:00,1,1.0,2026-08-08 05:15:00,2026-08-08 05:15:00,False
161,2026-08-08 05:30:00,0,,,,True
161,2026-08-08 05:45:00,0,,,,True
161,2026-08-08 06:00:00,2,3.0,2026-08-08 06:05:00,2026-08-08 06:10:00,False
161,2026-08-08 06:15:00,1,3.0,2026-08-08 06:25:00,2026-08-08 06:25:00,False
161,2026-08-08 06:30:00,1,1.0,2026-08-08 06:40:00,2026-08-08 06:40:00,False
161,2026-08-08 06:45:00,2,5.0,2026-08-08 06:45:00,2026-08-08 06:55:00,False
161,2026-08-08 07:00:00,3,10.0,2026-08-08 07:00:00,2026-08-08 07:10:00,False
161,2026-08-08 07:15:00,3,27.0,2026-08-08 07:15:00,2026-08-08 07:25:00,False
161,2026-08-08 07:30:00,3,22.0,2026-08-08 07:30:00,2026-08-08 07:40:00,False
161,2026-08-08 07:45:00,4,36.0,2026-08-08 07:45:00,2026-08-08 07:55:00,False
161,2026-08-08 08:00:00,3,21.0,2026-08-08 08:00:00,2026-08-08 08:10:00,False
161,2026-08-08 08:15:00,3,32.0,2026-08-08 08:15:00,2026-08-08 08:25:00,False
161,2026-08-08 08:30:00,3,88.0,2026-08-08 08:30:00,2026-08-08 08:40:00,False
161,2026-08-08 08:45:00,3,39.0,2026-08-08 08:45:00,2026-08-08 08:55:00,False
161,2026-08-08 09:00:00,3,40.0,2026-08-08 09:00:00,2026-08-08 09:10:00,False
161,2026-08-08 09:15:00,3,46.0,2026-08-08 09:15:00,2026-08-08 09:25:00,False
161,2026-08-08 09:30:00,3,79.0,2026-08-08 09:30:00,2026-08-08 09:40:00,False
161,2026-08-08 09:45:00,3,64.0,2026-08-08 09:45:00,2026-08-08 09:55:00,False
161,2026-08-08 10:00:00,3,44.0,2026-08-08 10:00:00,2026-08-08 10:10:00,False
161,2026-08-08 10:15:00,3,53.0,2026-08-08 10:15:00,2026-08-08 10:25:00,False
161,2026-08-08 10:30:00,3,113.0,2026-08-08 10:30:00,2026-08-08 10:40:00,False
161,2026-08-08 10:45:00,3,111.0,2026-08-08 10:45:00,2026-08-08 10:55:00,False
161,2026-08-08 11:00:00,3,117.0,2026-08-08 11:00:00,2026-08-08 11:10:00,False
161,2026-08-08 11:15:00,3,164.0,2026-08-08 11:15:00,2026-08-08 11:25:00,False
161,2026-08-08 11:30:00,3,213.0,2026-08-08 11:30:00,2026-08-08 11:40:00,False
161,2026-08-08 11:45:00,3,242.0,2026-08-08 11:45:00,2026-08-08 11:55:00,False
161,2026-08-08 12:00:00,3,406.0,2026-08-08 12:00:00,2026-08-08 12:10:00,False
161,2026-08-08 12:15:00,3,441.0,2026-08-08 12:15:00,2026-08-08 12:25:00,False
161,2026-08-08 12:30:00,3,491.0,2026-08-08 12:30:00,2026-08-08 12:40:00,False
161,2026-08-08 12:45:00,3,404.0,2026-08-08 12:45:00,2026-08-08 12:55:00,False
161,2026-08-08 13:00:00,3,186.0,2026-08-08 13:00:00,2026-08-08 13:10:00,False
161,2026-08-08 13:15:00,3,97.0,2026-08-08 13:15:00,2026-08-08 13:25:00,False
161,2026-08-08 13:30:00,3,77.0,2026-08-08 13:30:00,2026-08-08 13:40:00,False
161,2026-08-08 13:45:00,3,133.0,2026-08-08 13:45:00,2026-08-08 13:55:00,False
161,2026-08-08 14:00:00,3,134.0,2026-08-08 14:00:00,2026-08-08 14:10:00,False
161,2026-08-08 14:15:00,3,116.0,2026-08-08 14:15:00,2026-08-08 14:25:00,False
161,2026-08-08 14:30:00,3,104.0,2026-08-08 14:30:00,2026-08-08 14:40:00,False
161,2026-08-08 14:45:00,3,69.0,2026-08-08 14:45:00,2026-08-08 14:55:00,False
161,2026-08-08 15:00:00,3,84.0,2026-08-08 15:00:00,2026-08-08 15:10:00,False
161,2026-08-08 15:15:00,3,59.0,2026-08-08 15:15:00,2026-08-08 15:25:00,False
161,2026-08-08 15:30:00,3,91.0,2026-08-08 15:30:00,2026-08-08 15:40:00,False
161,2026-08-08 15:45:00,3,88.0,2026-08-08 15:45:00,2026-08-08 15:55:00,False
161,2026-08-08 16:00:00,3,841.0,2026-08-08 16:00:00,2026-08-08 16:10:00,False
161,2026-08-08 16:15:00,3,1591.0,2026-08-08 16:15:00,2026-08-08 16:25:00,False
161,2026-08-08 16:30:00,3,426.0,2026-08-08 16:30:00,2026-08-08 16:40:00,False
161,2026-08-08 16:45:00,3,185.0,2026-08-08 16:45:00,2026-08-08 16:55:00,False
161,2026-08-08 17:00:00,3,112.0,2026-08-08 17:00:00,2026-08-08 17:10:00,False
161,2026-08-08 17:15:00,3,254.0,2026-08-08 17:15:00,2026-08-08 17:25:00,False
161,2026-08-08 17:30:00,3,367.0,2026-08-08 17:30:00,2026-08-08 17:40:00,False
161,2026-08-08 17:45:00,3,87.0,2026-08-08 17:45:00,2026-08-08 17:55:00,False
161,2026-08-08 18:00:00,3,29.0,2026-08-08 18:00:00,2026-08-08 18:10:00,False
161,2026-08-08 18:15:00,3,18.0,2026-08-08 18:15:00,2026-08-08 18:25:00,False
161,2026-08-08 18:30:00,3,17.0,2026-08-08 18:30:00,2026-08-08 18:40:00,False
161,2026-08-08 18:45:00,2,14.0,2026-08-08 18:45:00,2026-08-08 18:50:00,False
161,2026-08-08 19:00:00,3,12.0,2026-08-08 19:00:00,2026-08-08 19:10:00,False
161,2026-08-08 19:15:00,2,2.0,2026-08-08 19:20:00,2026-08-08 19:25:00,False
161,2026-08-08 19:30:00,3,6.0,2026-08-08 19:30:00,2026-08-08 19:40:00,False
161,2026-08-08 19:45:00,1,6.0,2026-08-08 19:55:00,2026-08-08 19:55:00,False
161,2026-08-08 20:00:00,3,24.0,2026-08-08 20:00:00,2026-08-08 20:10:00,False
161,2026-08-08 20:15:00,3,8.0,2026-08-08 20:15:00,2026-08-08 20:25:00,False
161,2026-08-08 20:30:00,1,1.0,2026-08-08 20:30:00,2026-08-08 20:30:00,False
161,2026-08-08 20:45:00,0,,,,True
161,2026-08-08 21:00:00,2,3.0,2026-08-08 21:05:00,2026-08-08 21:10:00,False
161,2026-08-08 21:15:00,0,,,,True
161,2026-08-08 21:30:00,0,,,,True
162,2026-08-07 23:45:00,1,18.0,2026-08-07 23:55:00,2026-08-07 23:55:00,False
162,2026-08-08 00:00:00,3,50.0,2026-08-08 00:00:00,2026-08-08 00:10:00,False
162,2026-08-08 00:15:00,3,49.0,2026-08-08 00:15:00,2026-08-08 00:25:00,False
162,2026-08-08 00:30:00,3,34.0,2026-08-08 00:30:00,2026-08-08 00:40:00,False
162,2026-08-08 00:45:00,3,41.0,2026-08-08 00:45:00,2026-08-08 00:55:00,False
162,2026-08-08 01:00:00,3,48.0,2026-08-08 01:00:00,2026-08-08 01:10:00,False
162,2026-08-08 01:15:00,3,47.0,2026-08-08 01:15:00,2026-08-08 01:25:00,False
162,2026-08-08 01:30:00,3,44.0,2026-08-08 01:30:00,2026-08-08 01:40:00,False
162,2026-08-08 01:45:00,3,31.0,2026-08-08 01:45:00,2026-08-08 01:55:00,False
162,2026-08-08 02:00:00,3,24.0,2026-08-08 02:00:00,2026-08-08 02:10:00,False
162,2026-08-08 02:15:00,3,32.0,2026-08-08 02:15:00,2026-08-08 02:25:00,False
162,2026-08-08 02:30:00,3,22.0,2026-08-08 02:30:00,2026-08-08 02:40:00,False
162,2026-08-08 02:45:00,3,25.0,2026-08-08 02:45:00,2026-08-08 02:55:00,False
162,2026-08-08 03:00:00,3,16.0,2026-08-08 03:00:00,2026-08-08 03:10:00,False
162,2026-08-08 03:15:00,3,18.0,2026-08-08 03:15:00,2026-08-08 03:25:00,False
162,2026-08-08 03:30:00,3,21.0,2026-08-08 03:30:00,2026-08-08 03:40:00,False
162,2026-08-08 03:45:00,3,26.0,2026-08-08 03:45:00,2026-08-08 03:55:00,False
162,2026-08-08 04:00:00,3,28.0,2026-08-08 04:00:00,2026-08-08 04:10:00,False
162,2026-08-08 04:15:00,3,18.0,2026-08-08 04:15:00,2026-08-08 04:25:00,False
162,2026-08-08 04:30:00,3,30.0,2026-08-08 04:30:00,2026-08-08 04:40:00,False
162,2026-08-08 04:45:00,3,10.0,2026-08-08 04:45:00,2026-08-08 04:55:00,False
162,2026-08-08 05:00:00,3,14.0,2026-08-08 05:00:00,2026-08-08 05:10:00,False
162,2026-08-08 05:15:00,2,13.0,2026-08-08 05:15:00,2026-08-08 05:25:00,False
162,2026-08-08 05:30:00,3,12.0,2026-08-08 05:30:00,2026-08-08 05:40:00,False
162,2026-08-08 05:45:00,3,20.0,2026-08-08 05:45:00,2026-08-08 05:55:00,False
162,2026-08-08 06:00:00,3,13.0,2026-08-08 06:00:00,2026-08-08 06:10:00,False
162,2026-08-08 06:15:00,3,18.0,2026-08-08 06:15:00,2026-08-08 06:25:00,False
162,2026-08-08 06:30:00,3,28.0,2026-08-08 06:30:00,2026-08-08 06:40:00,False
162,2026-08-08 06:45:00,3,20.0,2026-08-08 06:45:00,2026-08-08 06:55:00,False
162,2026-08-08 07:00:00,3,26.0,2026-08-08 07:00:00,2026-08-08 07:10:00,False
162,2026-08-08 07:15:00,3,30.0,2026-08-08 07:15:00,2026-08-08 07:25:00,False
162,2026-08-08 07:30:00,3,41.0,2026-08-08 07:30:00,2026-08-08 07:40:00,False
162,2026-08-08 07:45:00,3,50.0,2026-08-08 07:45:00,2026-08-08 07:55:00,False
162,2026-08-08 08:00:00,3,53.0,2026-08-08 08:00:00,2026-08-08 08:10:00,False
162,2026-08-08 08:15:00,3,77.0,2026-08-08 08:15:00,2026-08-08 08:25:00,False
162,2026-08-08 08:30:00,3,121.0,2026-08-08 08:30:00,2026-08-08 08:40:00,False
162,2026-08-08 08:45:00,3,123.0,2026-08-08 08:45:00,2026-08-08 08:55:00,False
162,2026-08-08 09:00:00,3,164.0,2026-08-08 09:00:00,2026-08-08 09:10:00,False
162,2026-08-08 09:15:00,3,146.0,2026-08-08 09:15:00,2026-08-08 09:25:00,False
162,2026-08-08 09:30:00,3,183.0,2026-08-08 09:30:00,2026-08-08 09:40:00,False
162,2026-08-08 09:45:00,3,243.0,2026-08-08 09:45:00,2026-08-08 09:55:00,False
162,2026-08-08 10:00:00,3,258.0,2026-08-08 10:00:00,2026-08-08 10:10:00,False
162,2026-08-08 10:15:00,3,278.0,2026-08-08 10:15:00,2026-08-08 10:25:00,False
162,2026-08-08 10:30:00,3,336.0,2026-08-08 10:30:00,2026-08-08 10:40:00,False
162,2026-08-08 10:45:00,3,357.0,2026-08-08 10:45:00,2026-08-08 10:55:00,False
162,2026-08-08 11:00:00,3,376.0,2026-08-08 11:00:00,2026-08-08 11:10:00,False
162,2026-08-08 11:15:00,3,394.0,2026-08-08 11:15:00,2026-08-08 11:25:00,False
162,2026-08-08 11:30:00,3,370.0,2026-08-08 11:30:00,2026-08-08 11:40:00,False
162,2026-08-08 11:45:00,3,439.0,2026-08-08 11:45:00,2026-08-08 11:55:00,False
162,2026-08-08 12:00:00,3,475.0,2026-08-08 12:00:00,2026-08-08 12:10:00,False
162,2026-08-08 12:15:00,3,457.0,2026-08-08 12:15:00,2026-08-08 12:25:00,False
162,2026-08-08 12:30:00,3,439.0,2026-08-08 12:30:00,2026-08-08 12:40:00,False
162,2026-08-08 12:45:00,3,496.0,2026-08-08 12:45:00,2026-08-08 12:55:00,False
162,2026-08-08 13:00:00,3,530.0,2026-08-08 13:00:00,2026-08-08 13:10:00,False
162,2026-08-08 13:15:00,3,504.0,2026-08-08 13:15:00,2026-08-08 13:25:00,False
162,2026-08-08 13:30:00,3,528.0,2026-08-08 13:30:00,2026-08-08 13:40:00,False
162,2026-08-08 13:45:00,3,470.0,2026-08-08 13:45:00,2026-08-08 13:55:00,False
162,2026-08-08 14:00:00,3,468.0,2026-08-08 14:00:00,2026-08-08 14:10:00,False
162,2026-08-08 14:15:00,3,431.0,2026-08-08 14:15:00,2026-08-08 14:25:00,False
162,2026-08-08 14:30:00,3,553.0,2026-08-08 14:30:00,2026-08-08 14:40:00,False
162,2026-08-08 14:45:00,3,437.0,2026-08-08 14:45:00,2026-08-08 14:55:00,False
162,2026-08-08 15:00:00,3,488.0,2026-08-08 15:00:00,2026-08-08 15:10:00,False
162,2026-08-08 15:15:00,3,409.0,2026-08-08 15:15:00,2026-08-08 15:25:00,False
162,2026-08-08 15:30:00,3,390.0,2026-08-08 15:30:00,2026-08-08 15:40:00,False
162,2026-08-08 15:45:00,3,446.0,2026-08-08 15:45:00,2026-08-08 15:55:00,False
162,2026-08-08 16:00:00,3,451.0,2026-08-08 16:00:00,2026-08-08 16:10:00,False
162,2026-08-08 16:15:00,3,314.0,2026-08-08 16:15:00,2026-08-08 16:25:00,False
162,2026-08-08 16:30:00,3,251.0,2026-08-08 16:30:00,2026-08-08 16:40:00,False
162,2026-08-08 16:45:00,3,261.0,2026-08-08 16:45:00,2026-08-08 16:55:00,False
162,2026-08-08 17:00:00,3,227.0,2026-08-08 17:00:00,2026-08-08 17:10:00,False
162,2026-08-08 17:15:00,3,245.0,2026-08-08 17:15:00,2026-08-08 17:25:00,False
162,2026-08-08 17:30:00,3,165.0,2026-08-08 17:30:00,2026-08-08 17:40:00,False
162,2026-08-08 17:45:00,3,187.0,2026-08-08 17:45:00,2026-08-08 17:55:00,False
162,2026-08-08 18:00:00,3,182.0,2026-08-08 18:00:00,2026-08-08 18:10:00,False
162,2026-08-08 18:15:00,3,161.0,2026-08-08 18:15:00,2026-08-08 18:25:00,False
162,2026-08-08 18:30:00,3,146.0,2026-08-08 18:30:00,2026-08-08 18:40:00,False
162,2026-08-08 18:45:00,3,128.0,2026-08-08 18:45:00,2026-08-08 18:55:00,False
162,2026-08-08 19:00:00,3,124.0,2026-08-08 19:00:00,2026-08-08 19:10:00,False
162,2026-08-08 19:15:00,3,111.0,2026-08-08 19:15:00,2026-08-08 19:25:00,False
162,2026-08-08 19:30:00,3,110.0,2026-08-08 19:30:00,2026-08-08 19:40:00,False
162,2026-08-08 19:45:00,3,166.0,2026-08-08 19:45:00,2026-08-08 19:55:00,False
162,2026-08-08 20:00:00,3,131.0,2026-08-08 20:00:00,2026-08-08 20:10:00,False
162,2026-08-08 20:15:00,3,183.0,2026-08-08 20:15:00,2026-08-08 20:25:00,False
162,2026-08-08 20:30:00,3,91.0,2026-08-08 20:30:00,2026-08-08 20:40:00,False
162,2026-08-08 20:45:00,3,99.0,2026-08-08 20:45:00,2026-08-08 20:55:00,False
162,2026-08-08 21:00:00,3,82.0,2026-08-08 21:00:00,2026-08-08 21:10:00,False
162,2026-08-08 21:15:00,3,79.0,2026-08-08 21:15:00,2026-08-08 21:25:00,False
162,2026-08-08 21:30:00,0,,,,True
164,2026-08-07 23:45:00,1,6.0,2026-08-07 23:55:00,2026-08-07 23:55:00,False
164,2026-08-08 00:00:00,3,15.0,2026-08-08 00:00:00,2026-08-08 00:10:00,False
164,2026-08-08 00:15:00,1,3.0,2026-08-08 00:25:00,2026-08-08 00:25:00,False
164,2026-08-08 00:30:00,2,15.0,2026-08-08 00:30:00,2026-08-08 00:35:00,False
164,2026-08-08 00:45:00,3,8.0,2026-08-08 00:45:00,2026-08-08 00:55:00,False
164,2026-08-08 01:00:00,3,10.0,2026-08-08 01:00:00,2026-08-08 01:10:00,False
164,2026-08-08 01:15:00,2,6.0,2026-08-08 01:15:00,2026-08-08 01:25:00,False
164,2026-08-08 01:30:00,3,4.0,2026-08-08 01:30:00,2026-08-08 01:40:00,False
164,2026-08-08 01:45:00,1,6.0,2026-08-08 01:55:00,2026-08-08 01:55:00,False
164,2026-08-08 02:00:00,0,,,,True
164,2026-08-08 02:15:00,0,,,,True
164,2026-08-08 02:30:00,2,3.0,2026-08-08 02:30:00,2026-08-08 02:35:00,False
164,2026-08-08 02:45:00,2,5.0,2026-08-08 02:45:00,2026-08-08 02:55:00,False
164,2026-08-08 03:00:00,1,2.0,2026-08-08 03:05:00,2026-08-08 03:05:00,False
164,2026-08-08 03:15:00,2,3.0,2026-08-08 03:20:00,2026-08-08 03:25:00,False
164,2026-08-08 03:30:00,0,,,,True
164,2026-08-08 03:45:00,1,3.0,2026-08-08 03:50:00,2026-08-08 03:50:00,False
164,2026-08-08 04:00:00,0,,,,True
164,2026-08-08 04:15:00,1,4.0,2026-08-08 04:20:00,2026-08-08 04:20:00,False
164,2026-08-08 04:30:00,1,1.0,2026-08-08 04:35:00,2026-08-08 04:35:00,False
164,2026-08-08 04:45:00,1,5.0,2026-08-08 04:55:00,2026-08-08 04:55:00,False
164,2026-08-08 05:00:00,2,7.0,2026-08-08 05:05:00,2026-08-08 05:10:00,False
164,2026-08-08 05:15:00,2,3.0,2026-08-08 05:20:00,2026-08-08 05:25:00,False
164,2026-08-08 05:30:00,2,3.0,2026-08-08 05:35:00,2026-08-08 05:40:00,False
164,2026-08-08 05:45:00,3,9.0,2026-08-08 05:45:00,2026-08-08 05:55:00,False
164,2026-08-08 06:00:00,2,3.0,2026-08-08 06:00:00,2026-08-08 06:10:00,False
164,2026-08-08 06:15:00,2,4.0,2026-08-08 06:15:00,2026-08-08 06:25:00,False
164,2026-08-08 06:30:00,1,2.0,2026-08-08 06:40:00,2026-08-08 06:40:00,False
164,2026-08-08 06:45:00,3,10.0,2026-08-08 06:45:00,2026-08-08 06:55:00,False
164,2026-08-08 07:00:00,3,19.0,2026-08-08 07:00:00,2026-08-08 07:10:00,False
164,2026-08-08 07:15:00,3,23.0,2026-08-08 07:15:00,2026-08-08 07:25:00,False
164,2026-08-08 07:30:00,3,17.0,2026-08-08 07:30:00,2026-08-08 07:40:00,False
164,2026-08-08 07:45:00,3,25.0,2026-08-08 07:45:00,2026-08-08 07:55:00,False
164,2026-08-08 08:00:00,3,17.0,2026-08-08 08:00:00,2026-08-08 08:10:00,False
164,2026-08-08 08:15:00,3,15.0,2026-08-08 08:15:00,2026-08-08 08:25:00,False
164,2026-08-08 08:30:00,3,28.0,2026-08-08 08:30:00,2026-08-08 08:40:00,False
164,2026-08-08 08:45:00,3,52.0,2026-08-08 08:45:00,2026-08-08 08:55:00,False
164,2026-08-08 09:00:00,3,22.0,2026-08-08 09:00:00,2026-08-08 09:10:00,False
164,2026-08-08 09:15:00,3,36.0,2026-08-08 09:15:00,2026-08-08 09:25:00,False
164,2026-08-08 09:30:00,3,40.0,2026-08-08 09:30:00,2026-08-08 09:40:00,False
164,2026-08-08 09:45:00,3,40.0,2026-08-08 09:45:00,2026-08-08 09:55:00,False
164,2026-08-08 10:00:00,3,46.0,2026-08-08 10:00:00,2026-08-08 10:10:00,False
164,2026-08-08 10:15:00,3,48.0,2026-08-08 10:15:00,2026-08-08 10:25:00,False
164,2026-08-08 10:30:00,3,54.0,2026-08-08 10:30:00,2026-08-08 10:40:00,False
164,2026-08-08 10:45:00,3,49.0,2026-08-08 10:45:00,2026-08-08 10:55:00,False
164,2026-08-08 11:00:00,3,48.0,2026-08-08 11:00:00,2026-08-08 11:10:00,False
164,2026-08-08 11:15:00,3,51.0,2026-08-08 11:15:00,2026-08-08 11:25:00,False
164,2026-08-08 11:30:00,3,46.0,2026-08-08 11:30:00,2026-08-08 11:40:00,False
164,2026-08-08 11:45:00,3,64.0,2026-08-08 11:45:00,2026-08-08 11:55:00,False
164,2026-08-08 12:00:00,3,53.0,2026-08-08 12:00:00,2026-08-08 12:10:00,False
164,2026-08-08 12:15:00,3,36.0,2026-08-08 12:15:00,2026-08-08 12:25:00,False
164,2026-08-08 12:30:00,3,46.0,2026-08-08 12:30:00,2026-08-08 12:40:00,False
164,2026-08-08 12:45:00,3,48.0,2026-08-08 12:45:00,2026-08-08 12:55:00,False
164,2026-08-08 13:00:00,3,57.0,2026-08-08 13:00:00,2026-08-08 13:10:00,False
164,2026-08-08 13:15:00,3,48.0,2026-08-08 13:15:00,2026-08-08 13:25:00,False
164,2026-08-08 13:30:00,3,77.0,2026-08-08 13:30:00,2026-08-08 13:40:00,False
164,2026-08-08 13:45:00,3,61.0,2026-08-08 13:45:00,2026-08-08 13:55:00,False
164,2026-08-08 14:00:00,3,55.0,2026-08-08 14:00:00,2026-08-08 14:10:00,False
164,2026-08-08 14:15:00,3,56.0,2026-08-08 14:15:00,2026-08-08 14:25:00,False
164,2026-08-08 14:30:00,3,46.0,2026-08-08 14:30:00,2026-08-08 14:40:00,False
164,2026-08-08 14:45:00,3,66.0,2026-08-08 14:45:00,2026-08-08 14:55:00,False
164,2026-08-08 15:00:00,3,52.0,2026-08-08 15:00:00,2026-08-08 15:10:00,False
164,2026-08-08 15:15:00,3,50.0,2026-08-08 15:15:00,2026-08-08 15:25:00,False
164,2026-08-08 15:30:00,3,46.0,2026-08-08 15:30:00,2026-08-08 15:40:00,False
164,2026-08-08 15:45:00,3,61.0,2026-08-08 15:45:00,2026-08-08 15:55:00,False
164,2026-08-08 16:00:00,3,61.0,2026-08-08 16:00:00,2026-08-08 16:10:00,False
164,2026-08-08 16:15:00,3,45.0,2026-08-08 16:15:00,2026-08-08 16:25:00,False
164,2026-08-08 16:30:00,3,57.0,2026-08-08 16:30:00,2026-08-08 16:40:00,False
164,2026-08-08 16:45:00,3,79.0,2026-08-08 16:45:00,2026-08-08 16:55:00,False
164,2026-08-08 17:00:00,3,65.0,2026-08-08 17:00:00,2026-08-08 17:10:00,False
164,2026-08-08 17:15:00,3,39.0,2026-08-08 17:15:00,2026-08-08 17:25:00,False
164,2026-08-08 17:30:00,3,50.0,2026-08-08 17:30:00,2026-08-08 17:40:00,False
164,2026-08-08 17:45:00,3,66.0,2026-08-08 17:45:00,2026-08-08 17:55:00,False
164,2026-08-08 18:00:00,3,39.0,2026-08-08 18:00:00,2026-08-08 18:10:00,False
164,2026-08-08 18:15:00,3,46.0,2026-08-08 18:15:00,2026-08-08 18:25:00,False
164,2026-08-08 18:30:00,3,48.0,2026-08-08 18:30:00,2026-08-08 18:40:00,False
164,2026-08-08 18:45:00,3,29.0,2026-08-08 18:45:00,2026-08-08 18:55:00,False
164,2026-08-08 19:00:00,3,12.0,2026-08-08 19:00:00,2026-08-08 19:10:00,False
164,2026-08-08 19:15:00,3,31.0,2026-08-08 19:15:00,2026-08-08 19:25:00,False
164,2026-08-08 19:30:00,3,24.0,2026-08-08 19:30:00,2026-08-08 19:40:00,False
164,2026-08-08 19:45:00,3,37.0,2026-08-08 19:45:00,2026-08-08 19:55:00,False
164,2026-08-08 20:00:00,3,36.0,2026-08-08 20:00:00,2026-08-08 20:10:00,False
164,2026-08-08 20:15:00,3,19.0,2026-08-08 20:15:00,2026-08-08 20:25:00,False
164,2026-08-08 20:30:00,3,25.0,2026-08-08 20:30:00,2026-08-08 20:40:00,False
164,2026-08-08 20:45:00,3,13.0,2026-08-08 20:45:00,2026-08-08 20:55:00,False
164,2026-08-08 21:00:00,3,18.0,2026-08-08 21:00:00,2026-08-08 21:10:00,False
164,2026-08-08 21:15:00,3,29.0,2026-08-08 21:15:00,2026-08-08 21:25:00,False
164,2026-08-08 21:30:00,0,,,,True
165,2026-08-07 23:45:00,0,,,,True
165,2026-08-08 00:00:00,1,1.0,2026-08-08 00:10:00,2026-08-08 00:10:00,False
165,2026-08-08 00:15:00,1,2.0,2026-08-08 00:20:00,2026-08-08 00:20:00,False
165,2026-08-08 00:30:00,1,1.0,2026-08-08 00:30:00,2026-08-08 00:30:00,False
165,2026-08-08 00:45:00,0,,,,True
165,2026-08-08 01:00:00,1,1.0,2026-08-08 01:05:00,2026-08-08 01:05:00,False
165,2026-08-08 01:15:00,2,2.0,2026-08-08 01:15:00,2026-08-08 01:25:00,False
165,2026-08-08 01:30:00,1,2.0,2026-08-08 01:30:00,2026-08-08 01:30:00,False
165,2026-08-08 01:45:00,1,1.0,2026-08-08 01:50:00,2026-08-08 01:50:00,False
165,2026-08-08 02:00:00,0,,,,True
165,2026-08-08 02:15:00,1,1.0,2026-08-08 02:15:00,2026-08-08 02:15:00,False
165,2026-08-08 02:30:00,0,,,,True
165,2026-08-08 02:45:00,1,1.0,2026-08-08 02:45:00,2026-08-08 02:45:00,False
165,2026-08-08 03:00:00,1,3.0,2026-08-08 03:10:00,2026-08-08 03:10:00,False
165,2026-08-08 03:15:00,0,,,,True
165,2026-08-08 03:30:00,1,1.0,2026-08-08 03:30:00,2026-08-08 03:30:00,False
165,2026-08-08 03:45:00,0,,,,True
165,2026-08-08 04:00:00,0,,,,True
165,2026-08-08 04:15:00,0,,,,True
165,2026-08-08 04:30:00,0,,,,True
165,2026-08-08 04:45:00,0,,,,True
165,2026-08-08 05:00:00,0,,,,True
165,2026-08-08 05:15:00,0,,,,True
165,2026-08-08 05:30:00,2,2.0,2026-08-08 05:30:00,2026-08-08 05:35:00,False
165,2026-08-08 05:45:00,1,1.0,2026-08-08 05:55:00,2026-08-08 05:55:00,False
165,2026-08-08 06:00:00,0,,,,True
165,2026-08-08 06:15:00,1,1.0,2026-08-08 06:20:00,2026-08-08 06:20:00,False
165,2026-08-08 06:30:00,0,,,,True
165,2026-08-08 06:45:00,1,2.0,2026-08-08 06:55:00,2026-08-08 06:55:00,False
165,2026-08-08 07:00:00,1,1.0,2026-08-08 07:10:00,2026-08-08 07:10:00,False
165,2026-08-08 07:15:00,2,5.0,2026-08-08 07:15:00,2026-08-08 07:25:00,False
165,2026-08-08 07:30:00,1,1.0,2026-08-08 07:40:00,2026-08-08 07:40:00,False
165,2026-08-08 07:45:00,3,5.0,2026-08-08 07:45:00,2026-08-08 07:55:00,False
165,2026-08-08 08:00:00,3,7.0,2026-08-08 08:00:00,2026-08-08 08:10:00,False
165,2026-08-08 08:15:00,3,6.0,2026-08-08 08:15:00,2026-08-08 08:25:00,False
165,2026-08-08 08:30:00,2,4.0,2026-08-08 08:30:00,2026-08-08 08:35:00,False
165,2026-08-08 08:45:00,3,5.0,2026-08-08 08:45:00,2026-08-08 08:55:00,False
165,2026-08-08 09:00:00,3,5.0,2026-08-08 09:00:00,2026-08-08 09:10:00,False
165,2026-08-08 09:15:00,3,14.0,2026-08-08 09:15:00,2026-08-08 09:25:00,False
165,2026-08-08 09:30:00,3,11.0,2026-08-08 09:30:00,2026-08-08 09:40:00,False
165,2026-08-08 09:45:00,3,15.0,2026-08-08 09:45:00,2026-08-08 09:55:00,False
165,2026-08-08 10:00:00,3,11.0,2026-08-08 10:00:00,2026-08-08 10:10:00,False
165,2026-08-08 10:15:00,3,13.0,2026-08-08 10:15:00,2026-08-08 10:25:00,False
165,2026-08-08 10:30:00,3,10.0,2026-08-08 10:30:00,2026-08-08 10:40:00,False
165,2026-08-08 10:45:00,3,11.0,2026-08-08 10:45:00,2026-08-08 10:55:00,False
165,2026-08-08 11:00:00,3,16.0,2026-08-08 11:00:00,2026-08-08 11:10:00,False
165,2026-08-08 11:15:00,3,19.0,2026-08-08 11:15:00,2026-08-08 11:25:00,False
165,2026-08-08 11:30:00,3,15.0,2026-08-08 11:30:00,2026-08-08 11:40:00,False
165,2026-08-08 11:45:00,3,22.0,2026-08-08 11:45:00,2026-08-08 11:55:00,False
165,2026-08-08 12:00:00,3,8.0,2026-08-08 12:00:00,2026-08-08 12:10:00,False
165,2026-08-08 12:15:00,3,21.0,2026-08-08 12:15:00,2026-08-08 12:25:00,False
165,2026-08-08 12:30:00,3,12.0,2026-08-08 12:30:00,2026-08-08 12:40:00,False
165,2026-08-08 12:45:00,3,14.0,2026-08-08 12:45:00,2026-08-08 12:55:00,False
165,2026-08-08 13:00:00,3,16.0,2026-08-08 13:00:00,2026-08-08 13:10:00,False
165,2026-08-08 13:15:00,3,14.0,2026-08-08 13:15:00,2026-08-08 13:25:00,False
165,2026-08-08 13:30:00,3,19.0,2026-08-08 13:30:00,2026-08-08 13:40:00,False
165,2026-08-08 13:45:00,3,21.0,2026-08-08 13:45:00,2026-08-08 13:55:00,False
165,2026-08-08 14:00:00,3,12.0,2026-08-08 14:00:00,2026-08-08 14:10:00,False
165,2026-08-08 14:15:00,2,14.0,2026-08-08 14:15:00,2026-08-08 14:25:00,False
165,2026-08-08 14:30:00,3,23.0,2026-08-08 14:30:00,2026-08-08 14:40:00,False
165,2026-08-08 14:45:00,3,25.0,2026-08-08 14:45:00,2026-08-08 14:55:00,False
165,2026-08-08 15:00:00,3,13.0,2026-08-08 15:00:00,2026-08-08 15:10:00,False
165,2026-08-08 15:15:00,3,16.0,2026-08-08 15:15:00,2026-08-08 15:25:00,False
165,2026-08-08 15:30:00,3,10.0,2026-08-08 15:30:00,2026-08-08 15:40:00,False
165,2026-08-08 15:45:00,3,21.0,2026-08-08 15:45:00,2026-08-08 15:55:00,False
165,2026-08-08 16:00:00,3,16.0,2026-08-08 16:00:00,2026-08-08 16:10:00,False
165,2026-08-08 16:15:00,3,24.0,2026-08-08 16:15:00,2026-08-08 16:25:00,False
165,2026-08-08 16:30:00,3,14.0,2026-08-08 16:30:00,2026-08-08 16:40:00,False
165,2026-08-08 16:45:00,3,17.0,2026-08-08 16:45:00,2026-08-08 16:55:00,False
165,2026-08-08 17:00:00,3,17.0,2026-08-08 17:00:00,2026-08-08 17:10:00,False
165,2026-08-08 17:15:00,3,20.0,2026-08-08 17:15:00,2026-08-08 17:25:00,False
165,2026-08-08 17:30:00,3,26.0,2026-08-08 17:30:00,2026-08-08 17:40:00,False
165,2026-08-08 17:45:00,3,20.0,2026-08-08 17:45:00,2026-08-08 17:55:00,False
165,2026-08-08 18:00:00,3,18.0,2026-08-08 18:00:00,2026-08-08 18:10:00,False
165,2026-08-08 18:15:00,3,7.0,2026-08-08 18:15:00,2026-08-08 18:25:00,False
165,2026-08-08 18:30:00,2,11.0,2026-08-08 18:30:00,2026-08-08 18:35:00,False
165,2026-08-08 18:45:00,3,13.0,2026-08-08 18:45:00,2026-08-08 18:55:00,False
165,2026-08-08 19:00:00,2,6.0,2026-08-08 19:05:00,2026-08-08 19:10:00,False
165,2026-08-08 19:15:00,2,9.0,2026-08-08 19:20:00,2026-08-08 19:25:00,False
165,2026-08-08 19:30:00,3,7.0,2026-08-08 19:30:00,2026-08-08 19:40:00,False
165,2026-08-08 19:45:00,2,5.0,2026-08-08 19:45:00,2026-08-08 19:55:00,False
165,2026-08-08 20:00:00,3,10.0,2026-08-08 20:00:00,2026-08-08 20:10:00,False
165,2026-08-08 20:15:00,3,5.0,2026-08-08 20:15:00,2026-08-08 20:25:00,False
165,2026-08-08 20:30:00,2,3.0,2026-08-08 20:30:00,2026-08-08 20:35:00,False
165,2026-08-08 20:45:00,2,3.0,2026-08-08 20:50:00,2026-08-08 20:55:00,False
165,2026-08-08 21:00:00,2,4.0,2026-08-08 21:00:00,2026-08-08 21:05:00,False
165,2026-08-08 21:15:00,3,5.0,2026-08-08 21:15:00,2026-08-08 21:25:00,False
165,2026-08-08 21:30:00,0,,,,True
166,2026-08-07 23:45:00,0,,,,True
166,2026-08-08 00:00:00,1,8.0,2026-08-08 00:00:00,2026-08-08 00:00:00,False
166,2026-08-08 00:15:00,1,1.0,2026-08-08 00:20:00,2026-08-08 00:20:00,False
166,2026-08-08 00:30:00,2,4.0,2026-08-08 00:30:00,2026-08-08 00:40:00,False
166,2026-08-08 00:45:00,1,2.0,2026-08-08 00:55:00,2026-08-08 00:55:00,False
166,2026-08-08 01:00:00,0,,,,True
166,2026-08-08 01:15:00,1,1.0,2026-08-08 01:15:00,2026-08-08 01:15:00,False
166,2026-08-08 01:30:00,2,2.0,2026-08-08 01:35:00,2026-08-08 01:40:00,False
166,2026-08-08 01:45:00,1,1.0,2026-08-08 01:50:00,2026-08-08 01:50:00,False
166,2026-08-08 02:00:00,0,,,,True
166,2026-08-08 02:15:00,0,,,,True
166,2026-08-08 02:30:00,1,1.0,2026-08-08 02:30:00,2026-08-08 02:30:00,False
166,2026-08-08 02:45:00,0,,,,True
166,2026-08-08 03:00:00,0,,,,True
166,2026-08-08 03:15:00,1,1.0,2026-08-08 03:20:00,2026-08-08 03:20:00,False
166,2026-08-08 03:30:00,0,,,,True
166,2026-08-08 03:45:00,0,,,,True
166,2026-08-08 04:00:00,0,,,,True
166,2026-08-08 04:15:00,0,,,,True
166,2026-08-08 04:30:00,1,1.0,2026-08-08 04:35:00,2026-08-08 04:35:00,False
166,2026-08-08 04:45:00,0,,,,True
166,2026-08-08 05:00:00,0,,,,True
166,2026-08-08 05:15:00,0,,,,True
166,2026-08-08 05:30:00,1,1.0,2026-08-08 05:35:00,2026-08-08 05:35:00,False
166,2026-08-08 05:45:00,0,,,,True
166,2026-08-08 06:00:00,1,2.0,2026-08-08 06:10:00,2026-08-08 06:10:00,False
166,2026-08-08 06:15:00,0,,,,True
166,2026-08-08 06:30:00,1,2.0,2026-08-08 06:30:00,2026-08-08 06:30:00,False
166,2026-08-08 06:45:00,1,3.0,2026-08-08 06:45:00,2026-08-08 06:45:00,False
166,2026-08-08 07:00:00,3,4.0,2026-08-08 07:00:00,2026-08-08 07:10:00,False
166,2026-08-08 07:15:00,2,5.0,2026-08-08 07:20:00,2026-08-08 07:25:00,False
166,2026-08-08 07:30:00,1,2.0,2026-08-08 07:40:00,2026-08-08 07:40:00,False
166,2026-08-08 07:45:00,1,3.0,2026-08-08 07:45:00,2026-08-08 07:45:00,False
166,2026-08-08 08:00:00,3,11.0,2026-08-08 08:00:00,2026-08-08 08:10:00,False
166,2026-08-08 08:15:00,3,9.0,2026-08-08 08:15:00,2026-08-08 08:25:00,False
166,2026-08-08 08:30:00,3,8.0,2026-08-08 08:30:00,2026-08-08 08:40:00,False
166,2026-08-08 08:45:00,3,14.0,2026-08-08 08:45:00,2026-08-08 08:55:00,False
166,2026-08-08 09:00:00,3,15.0,2026-08-08 09:00:00,2026-08-08 09:10:00,False
166,2026-08-08 09:15:00,3,24.0,2026-08-08 09:15:00,2026-08-08 09:25:00,False
166,2026-08-08 09:30:00,3,14.0,2026-08-08 09:30:00,2026-08-08 09:40:00,False
166,2026-08-08 09:45:00,3,18.0,2026-08-08 09:45:00,2026-08-08 09:55:00,False
166,2026-08-08 10:00:00,3,16.0,2026-08-08 10:00:00,2026-08-08 10:10:00,False
166,2026-08-08 10:15:00,3,17.0,2026-08-08 10:15:00,2026-08-08 10:25:00,False
166,2026-08-08 10:30:00,3,20.0,2026-08-08 10:30:00,2026-08-08 10:40:00,False
166,2026-08-08 10:45:00,3,19.0,2026-08-08 10:45:00,2026-08-08 10:55:00,False
166,2026-08-08 11:00:00,3,17.0,2026-08-08 11:00:00,2026-08-08 11:10:00,False
166,2026-08-08 11:15:00,3,19.0,2026-08-08 11:15:00,2026-08-08 11:25:00,False
166,2026-08-08 11:30:00,3,24.0,2026-08-08 11:30:00,2026-08-08 11:40:00,False
166,2026-08-08 11:45:00,3,25.0,2026-08-08 11:45:00,2026-08-08 11:55:00,False
166,2026-08-08 12:00:00,3,28.0,2026-08-08 12:00:00,2026-08-08 12:10:00,False
166,2026-08-08 12:15:00,3,24.0,2026-08-08 12:15:00,2026-08-08 12:25:00,False
166,2026-08-08 12:30:00,3,42.0,2026-08-08 12:30:00,2026-08-08 12:40:00,False
166,2026-08-08 12:45:00,3,25.0,2026-08-08 12:45:00,2026-08-08 12:55:00,False
166,2026-08-08 13:00:00,3,25.0,2026-08-08 13:00:00,2026-08-08 13:10:00,False
166,2026-08-08 13:15:00,3,34.0,2026-08-08 13:15:00,2026-08-08 13:25:00,False
166,2026-08-08 13:30:00,3,15.0,2026-08-08 13:30:00,2026-08-08 13:40:00,False
166,2026-08-08 13:45:00,3,26.0,2026-08-08 13:45:00,2026-08-08 13:55:00,False
166,2026-08-08 14:00:00,3,20.0,2026-08-08 14:00:00,2026-08-08 14:10:00,False
166,2026-08-08 14:15:00,3,29.0,2026-08-08 14:15:00,2026-08-08 14:25:00,False
166,2026-08-08 14:30:00,3,30.0,2026-08-08 14:30:00,2026-08-08 14:40:00,False
166,2026-08-08 14:45:00,3,20.0,2026-08-08 14:45:00,2026-08-08 14:55:00,False
166,2026-08-08 15:00:00,3,24.0,2026-08-08 15:00:00,2026-08-08 15:10:00,False
166,2026-08-08 15:15:00,3,38.0,2026-08-08 15:15:00,2026-08-08 15:25:00,False
166,2026-08-08 15:30:00,3,23.0,2026-08-08 15:30:00,2026-08-08 15:40:00,False
166,2026-08-08 15:45:00,3,30.0,2026-08-08 15:45:00,2026-08-08 15:55:00,False
166,2026-08-08 16:00:00,3,28.0,2026-08-08 16:00:00,2026-08-08 16:10:00,False
166,2026-08-08 16:15:00,3,21.0,2026-08-08 16:15:00,2026-08-08 16:25:00,False
166,2026-08-08 16:30:00,3,26.0,2026-08-08 16:30:00,2026-08-08 16:40:00,False
166,2026-08-08 16:45:00,3,31.0,2026-08-08 16:45:00,2026-08-08 16:55:00,False
166,2026-08-08 17:00:00,3,34.0,2026-08-08 17:00:00,2026-08-08 17:10:00,False
166,2026-08-08 17:15:00,3,43.0,2026-08-08 17:15:00,2026-08-08 17:25:00,False
166,2026-08-08 17:30:00,3,41.0,2026-08-08 17:30:00,2026-08-08 17:40:00,False
166,2026-08-08 17:45:00,3,28.0,2026-08-08 17:45:00,2026-08-08 17:55:00,False
166,2026-08-08 18:00:00,3,17.0,2026-08-08 18:00:00,2026-08-08 18:10:00,False
166,2026-08-08 18:15:00,3,17.0,2026-08-08 18:15:00,2026-08-08 18:25:00,False
166,2026-08-08 18:30:00,3,14.0,2026-08-08 18:30:00,2026-08-08 18:40:00,False
166,2026-08-08 18:45:00,3,7.0,2026-08-08 18:45:00,2026-08-08 18:55:00,False
166,2026-08-08 19:00:00,3,12.0,2026-08-08 19:00:00,2026-08-08 19:10:00,False
166,2026-08-08 19:15:00,3,10.0,2026-08-08 19:15:00,2026-08-08 19:25:00,False
166,2026-08-08 19:30:00,3,6.0,2026-08-08 19:30:00,2026-08-08 19:40:00,False
166,2026-08-08 19:45:00,3,15.0,2026-08-08 19:45:00,2026-08-08 19:55:00,False
166,2026-08-08 20:00:00,2,11.0,2026-08-08 20:00:00,2026-08-08 20:05:00,False
166,2026-08-08 20:15:00,1,1.0,2026-08-08 20:25:00,2026-08-08 20:25:00,False
166,2026-08-08 20:30:00,1,1.0,2026-08-08 20:30:00,2026-08-08 20:30:00,False
166,2026-08-08 20:45:00,1,4.0,2026-08-08 20:45:00,2026-08-08 20:45:00,False
166,2026-08-08 21:00:00,1,2.0,2026-08-08 21:00:00,2026-08-08 21:00:00,False
166,2026-08-08 21:15:00,0,,,,True
166,2026-08-08 21:30:00,0,,,,True
167,2026-08-07 23:45:00,1,3.0,2026-08-07 23:55:00,2026-08-07 23:55:00,False
167,2026-08-08 00:00:00,2,3.0,2026-08-08 00:05:00,2026-08-08 00:10:00,False
167,2026-08-08 00:15:00,0,,,,True
167,2026-08-08 00:30:00,3,4.0,2026-08-08 00:30:00,2026-08-08 00:40:00,False
167,2026-08-08 00:45:00,2,2.0,2026-08-08 00:45:00,2026-08-08 00:50:00,False
167,2026-08-08 01:00:00,1,3.0,2026-08-08 01:00:00,2026-08-08 01:00:00,False
167,2026-08-08 01:15:00,2,2.0,2026-08-08 01:15:00,2026-08-08 01:25:00,False
167,2026-08-08 01:30:00,2,2.0,2026-08-08 01:30:00,2026-08-08 01:35:00,False
167,2026-08-08 01:45:00,1,1.0,2026-08-08 01:55:00,2026-08-08 01:55:00,False
167,2026-08-08 02:00:00,2,2.0,2026-08-08 02:00:00,2026-08-08 02:05:00,False
167,2026-08-08 02:15:00,0,,,,True
167,2026-08-08 02:30:00,1,1.0,2026-08-08 02:35:00,2026-08-08 02:35:00,False
167,2026-08-08 02:45:00,1,1.0,2026-08-08 02:45:00,2026-08-08 02:45:00,False
167,2026-08-08 03:00:00,0,,,,True
167,2026-08-08 03:15:00,1,1.0,2026-08-08 03:20:00,2026-08-08 03:20:00,False
167,2026-08-08 03:30:00,0,,,,True
167,2026-08-08 03:45:00,1,4.0,2026-08-08 03:50:00,2026-08-08 03:50:00,False
167,2026-08-08 04:00:00,0,,,,True
167,2026-08-08 04:15:00,1,1.0,2026-08-08 04:20:00,2026-08-08 04:20:00,False
167,2026-08-08 04:30:00,1,1.0,2026-08-08 04:40:00,2026-08-08 04:40:00,False
167,2026-08-08 04:45:00,1,1.0,2026-08-08 04:55:00,2026-08-08 04:55:00,False
167,2026-08-08 05:00:00,1,1.0,2026-08-08 05:10:00,2026-08-08 05:10:00,False
167,2026-08-08 05:15:00,1,2.0,2026-08-08 05:25:00,2026-08-08 05:25:00,False
167,2026-08-08 05:30:00,0,,,,True
167,2026-08-08 05:45:00,0,,,,True
167,2026-08-08 06:00:00,2,2.0,2026-08-08 06:05:00,2026-08-08 06:10:00,False
167,2026-08-08 06:15:00,1,1.0,2026-08-08 06:25:00,2026-08-08 06:25:00,False
167,2026-08-08 06:30:00,3,4.0,2026-08-08 06:30:00,2026-08-08 06:40:00,False
167,2026-08-08 06:45:00,1,1.0,2026-08-08 06:45:00,2026-08-08 06:45:00,False
167,2026-08-08 07:00:00,2,5.0,2026-08-08 07:00:00,2026-08-08 07:10:00,False
167,2026-08-08 07:15:00,3,11.0,2026-08-08 07:15:00,2026-08-08 07:25:00,False
167,2026-08-08 07:30:00,3,11.0,2026-08-08 07:30:00,2026-08-08 07:40:00,False
167,2026-08-08 07:45:00,3,13.0,2026-08-08 07:45:00,2026-08-08 07:55:00,False
167,2026-08-08 08:00:00,3,12.0,2026-08-08 08:00:00,2026-08-08 08:10:00,False
167,2026-08-08 08:15:00,3,9.0,2026-08-08 08:15:00,2026-08-08 08:25:00,False
167,2026-08-08 08:30:00,3,13.0,2026-08-08 08:30:00,2026-08-08 08:40:00,False
167,2026-08-08 08:45:00,3,24.0,2026-08-08 08:45:00,2026-08-08 08:55:00,False
167,2026-08-08 09:00:00,3,11.0,2026-08-08 09:00:00,2026-08-08 09:10:00,False
167,2026-08-08 09:15:00,3,23.0,2026-08-08 09:15:00,2026-08-08 09:25:00,False
167,2026-08-08 09:30:00,3,12.0,2026-08-08 09:30:00,2026-08-08 09:40:00,False
167,2026-08-08 09:45:00,3,20.0,2026-08-08 09:45:00,2026-08-08 09:55:00,False
167,2026-08-08 10:00:00,3,25.0,2026-08-08 10:00:00,2026-08-08 10:10:00,False
167,2026-08-08 10:15:00,3,13.0,2026-08-08 10:15:00,2026-08-08 10:25:00,False
167,2026-08-08 10:30:00,3,18.0,2026-08-08 10:30:00,2026-08-08 10:40:00,False
167,2026-08-08 10:45:00,3,17.0,2026-08-08 10:45:00,2026-08-08 10:55:00,False
167,2026-08-08 11:00:00,3,28.0,2026-08-08 11:00:00,2026-08-08 11:10:00,False
167,2026-08-08 11:15:00,3,12.0,2026-08-08 11:15:00,2026-08-08 11:25:00,False
167,2026-08-08 11:30:00,3,8.0,2026-08-08 11:30:00,2026-08-08 11:40:00,False
167,2026-08-08 11:45:00,3,20.0,2026-08-08 11:45:00,2026-08-08 11:55:00,False
167,2026-08-08 12:00:00,2,10.0,2026-08-08 12:00:00,2026-08-08 12:05:00,False
167,2026-08-08 12:15:00,3,9.0,2026-08-08 12:15:00,2026-08-08 12:25:00,False
167,2026-08-08 12:30:00,3,13.0,2026-08-08 12:30:00,2026-08-08 12:40:00,False
167,2026-08-08 12:45:00,2,10.0,2026-08-08 12:45:00,2026-08-08 12:55:00,False
167,2026-08-08 13:00:00,3,28.0,2026-08-08 13:00:00,2026-08-08 13:10:00,False
167,2026-08-08 13:15:00,3,14.0,2026-08-08 13:15:00,2026-08-08 13:25:00,False
167,2026-08-08 13:30:00,3,14.0,2026-08-08 13:30:00,2026-08-08 13:40:00,False
167,2026-08-08 13:45:00,3,15.0,2026-08-08 13:45:00,2026-08-08 13:55:00,False
167,2026-08-08 14:00:00,3,18.0,2026-08-08 14:00:00,2026-08-08 14:10:00,False
167,2026-08-08 14:15:00,3,11.0,2026-08-08 14:15:00,2026-08-08 14:25:00,False
167,2026-08-08 14:30:00,3,14.0,2026-08-08 14:30:00,2026-08-08 14:40:00,False
167,2026-08-08 14:45:00,3,12.0,2026-08-08 14:45:00,2026-08-08 14:55:00,False
167,2026-08-08 15:00:00,3,14.0,2026-08-08 15:00:00,2026-08-08 15:10:00,False
167,2026-08-08 15:15:00,3,13.0,2026-08-08 15:15:00,2026-08-08 15:25:00,False
167,2026-08-08 15:30:00,3,16.0,2026-08-08 15:30:00,2026-08-08 15:40:00,False
167,2026-08-08 15:45:00,3,33.0,2026-08-08 15:45:00,2026-08-08 15:55:00,False
167,2026-08-08 16:00:00,3,30.0,2026-08-08 16:00:00,2026-08-08 16:10:00,False
167,2026-08-08 16:15:00,3,32.0,2026-08-08 16:15:00,2026-08-08 16:25:00,False
167,2026-08-08 16:30:00,3,30.0,2026-08-08 16:30:00,2026-08-08 16:40:00,False
167,2026-08-08 16:45:00,3,37.0,2026-08-08 16:45:00,2026-08-08 16:55:00,False
167,2026-08-08 17:00:00,3,25.0,2026-08-08 17:00:00,2026-08-08 17:10:00,False
167,2026-08-08 17:15:00,3,33.0,2026-08-08 17:15:00,2026-08-08 17:25:00,False
167,2026-08-08 17:30:00,3,26.0,2026-08-08 17:30:00,2026-08-08 17:40:00,False
167,2026-08-08 17:45:00,3,12.0,2026-08-08 17:45:00,2026-08-08 17:55:00,False
167,2026-08-08 18:00:00,3,12.0,2026-08-08 18:00:00,2026-08-08 18:10:00,False
167,2026-08-08 18:15:00,3,10.0,2026-08-08 18:15:00,2026-08-08 18:25:00,False
167,2026-08-08 18:30:00,3,8.0,2026-08-08 18:30:00,2026-08-08 18:40:00,False
167,2026-08-08 18:45:00,2,6.0,2026-08-08 18:45:00,2026-08-08 18:55:00,False
167,2026-08-08 19:00:00,1,1.0,2026-08-08 19:05:00,2026-08-08 19:05:00,False
167,2026-08-08 19:15:00,3,7.0,2026-08-08 19:15:00,2026-08-08 19:25:00,False
167,2026-08-08 19:30:00,3,6.0,2026-08-08 19:30:00,2026-08-08 19:40:00,False
167,2026-08-08 19:45:00,2,4.0,2026-08-08 19:45:00,2026-08-08 19:55:00,False
167,2026-08-08 20:00:00,3,5.0,2026-08-08 20:00:00,2026-08-08 20:10:00,False
167,2026-08-08 20:15:00,2,3.0,2026-08-08 20:20:00,2026-08-08 20:25:00,False
167,2026-08-08 20:30:00,1,1.0,2026-08-08 20:35:00,2026-08-08 20:35:00,False
167,2026-08-08 20:45:00,3,3.0,2026-08-08 20:45:00,2026-08-08 20:55:00,False
167,2026-08-08 21:00:00,0,,,,True
167,2026-08-08 21:15:00,1,1.0,2026-08-08 21:25:00,2026-08-08 21:25:00,False
167,2026-08-08 21:30:00,0,,,,True
179,2026-08-07 23:45:00,1,6.0,2026-08-07 23:55:00,2026-08-07 23:55:00,False
179,2026-08-08 00:00:00,2,3.0,2026-08-08 00:05:00,2026-08-08 00:10:00,False
179,2026-08-08 00:15:00,2,4.0,2026-08-08 00:15:00,2026-08-08 00:25:00,False
179,2026-08-08 00:30:00,3,10.0,2026-08-08 00:30:00,2026-08-08 00:40:00,False
179,2026-08-08 00:45:00,2,7.0,2026-08-08 00:45:00,2026-08-08 00:55:00,False
179,2026-08-08 01:00:00,3,7.0,2026-08-08 01:00:00,2026-08-08 01:10:00,False
179,2026-08-08 01:15:00,2,6.0,2026-08-08 01:20:00,2026-08-08 01:25:00,False
179,2026-08-08 01:30:00,3,7.0,2026-08-08 01:30:00,2026-08-08 01:40:00,False
179,2026-08-08 01:45:00,3,5.0,2026-08-08 01:45:00,2026-08-08 01:55:00,False
179,2026-08-08 02:00:00,3,4.0,2026-08-08 02:00:00,2026-08-08 02:10:00,False
179,2026-08-08 02:15:00,1,2.0,2026-08-08 02:15:00,2026-08-08 02:15:00,False
179,2026-08-08 02:30:00,2,4.0,2026-08-08 02:30:00,2026-08-08 02:35:00,False
179,2026-08-08 02:45:00,0,,,,True
179,2026-08-08 03:00:00,2,4.0,2026-08-08 03:00:00,2026-08-08 03:10:00,False
179,2026-08-08 03:15:00,1,2.0,2026-08-08 03:15:00,2026-08-08 03:15:00,False
179,2026-08-08 03:30:00,0,,,,True
179,2026-08-08 03:45:00,0,,,,True
179,2026-08-08 04:00:00,0,,,,True
179,2026-08-08 04:15:00,2,4.0,2026-08-08 04:15:00,2026-08-08 04:20:00,False
179,2026-08-08 04:30:00,0,,,,True
179,2026-08-08 04:45:00,0,,,,True
179,2026-08-08 05:00:00,0,,,,True
179,2026-08-08 05:15:00,1,2.0,2026-08-08 05:25:00,2026-08-08 05:25:00,False
179,2026-08-08 05:30:00,0,,,,True
179,2026-08-08 05:45:00,1,1.0,2026-08-08 05:45:00,2026-08-08 05:45:00,False
179,2026-08-08 06:00:00,0,,,,True
179,2026-08-08 06:15:00,3,4.0,2026-08-08 06:15:00,2026-08-08 06:25:00,False
179,2026-08-08 06:30:00,1,1.0,2026-08-08 06:30:00,2026-08-08 06:30:00,False
179,2026-08-08 06:45:00,3,4.0,2026-08-08 06:45:00,2026-08-08 06:55:00,False
179,2026-08-08 07:00:00,2,2.0,2026-08-08 07:05:00,2026-08-08 07:10:00,False
179,2026-08-08 07:15:00,2,7.0,2026-08-08 07:15:00,2026-08-08 07:25:00,False
179,2026-08-08 07:30:00,3,8.0,2026-08-08 07:30:00,2026-08-08 07:40:00,False
179,2026-08-08 07:45:00,3,8.0,2026-08-08 07:45:00,2026-08-08 07:55:00,False
179,2026-08-08 08:00:00,3,14.0,2026-08-08 08:00:00,2026-08-08 08:10:00,False
179,2026-08-08 08:15:00,3,15.0,2026-08-08 08:15:00,2026-08-08 08:25:00,False
179,2026-08-08 08:30:00,3,12.0,2026-08-08 08:30:00,2026-08-08 08:40:00,False
179,2026-08-08 08:45:00,3,23.0,2026-08-08 08:45:00,2026-08-08 08:55:00,False
179,2026-08-08 09:00:00,3,15.0,2026-08-08 09:00:00,2026-08-08 09:10:00,False
179,2026-08-08 09:15:00,3,21.0,2026-08-08 09:15:00,2026-08-08 09:25:00,False
179,2026-08-08 09:30:00,3,21.0,2026-08-08 09:30:00,2026-08-08 09:40:00,False
179,2026-08-08 09:45:00,3,22.0,2026-08-08 09:45:00,2026-08-08 09:55:00,False
179,2026-08-08 10:00:00,3,24.0,2026-08-08 10:00:00,2026-08-08 10:10:00,False
179,2026-08-08 10:15:00,3,17.0,2026-08-08 10:15:00,2026-08-08 10:25:00,False
179,2026-08-08 10:30:00,3,21.0,2026-08-08 10:30:00,2026-08-08 10:40:00,False
179,2026-08-08 10:45:00,3,17.0,2026-08-08 10:45:00,2026-08-08 10:55:00,False
179,2026-08-08 11:00:00,3,25.0,2026-08-08 11:00:00,2026-08-08 11:10:00,False
179,2026-08-08 11:15:00,3,29.0,2026-08-08 11:15:00,2026-08-08 11:25:00,False
179,2026-08-08 11:30:00,3,36.0,2026-08-08 11:30:00,2026-08-08 11:40:00,False
179,2026-08-08 11:45:00,3,25.0,2026-08-08 11:45:00,2026-08-08 11:55:00,False
179,2026-08-08 12:00:00,3,27.0,2026-08-08 12:00:00,2026-08-08 12:10:00,False
179,2026-08-08 12:15:00,3,20.0,2026-08-08 12:15:00,2026-08-08 12:25:00,False
179,2026-08-08 12:30:00,3,37.0,2026-08-08 12:30:00,2026-08-08 12:40:00,False
179,2026-08-08 12:45:00,3,43.0,2026-08-08 12:45:00,2026-08-08 12:55:00,False
179,2026-08-08 13:00:00,3,32.0,2026-08-08 13:00:00,2026-08-08 13:10:00,False
179,2026-08-08 13:15:00,3,35.0,2026-08-08 13:15:00,2026-08-08 13:25:00,False
179,2026-08-08 13:30:00,3,34.0,2026-08-08 13:30:00,2026-08-08 13:40:00,False
179,2026-08-08 13:45:00,3,38.0,2026-08-08 13:45:00,2026-08-08 13:55:00,False
179,2026-08-08 14:00:00,3,40.0,2026-08-08 14:00:00,2026-08-08 14:10:00,False
179,2026-08-08 14:15:00,3,21.0,2026-08-08 14:15:00,2026-08-08 14:25:00,False
179,2026-08-08 14:30:00,3,24.0,2026-08-08 14:30:00,2026-08-08 14:40:00,False
179,2026-08-08 14:45:00,3,34.0,2026-08-08 14:45:00,2026-08-08 14:55:00,False
179,2026-08-08 15:00:00,3,37.0,2026-08-08 15:00:00,2026-08-08 15:10:00,False
179,2026-08-08 15:15:00,3,30.0,2026-08-08 15:15:00,2026-08-08 15:25:00,False
179,2026-08-08 15:30:00,3,27.0,2026-08-08 15:30:00,2026-08-08 15:40:00,False
179,2026-08-08 15:45:00,3,28.0,2026-08-08 15:45:00,2026-08-08 15:55:00,False
179,2026-08-08 16:00:00,3,16.0,2026-08-08 16:00:00,2026-08-08 16:10:00,False
179,2026-08-08 16:15:00,3,37.0,2026-08-08 16:15:00,2026-08-08 16:25:00,False
179,2026-08-08 16:30:00,3,38.0,2026-08-08 16:30:00,2026-08-08 16:40:00,False
179,2026-08-08 16:45:00,3,38.0,2026-08-08 16:45:00,2026-08-08 16:55:00,False
179,2026-08-08 17:00:00,3,34.0,2026-08-08 17:00:00,2026-08-08 17:10:00,False
179,2026-08-08 17:15:00,3,41.0,2026-08-08 17:15:00,2026-08-08 17:25:00,False
179,2026-08-08 17:30:00,3,50.0,2026-08-08 17:30:00,2026-08-08 17:40:00,False
179,2026-08-08 17:45:00,3,33.0,2026-08-08 17:45:00,2026-08-08 17:55:00,False
179,2026-08-08 18:00:00,3,32.0,2026-08-08 18:00:00,2026-08-08 18:10:00,False
179,2026-08-08 18:15:00,3,36.0,2026-08-08 18:15:00,2026-08-08 18:25:00,False
179,2026-08-08 18:30:00,3,41.0,2026-08-08 18:30:00,2026-08-08 18:40:00,False
179,2026-08-08 18:45:00,3,42.0,2026-08-08 18:45:00,2026-08-08 18:55:00,False
179,2026-08-08 19:00:00,3,45.0,2026-08-08 19:00:00,2026-08-08 19:10:00,False
179,2026-08-08 19:15:00,3,38.0,2026-08-08 19:15:00,2026-08-08 19:25:00,False
179,2026-08-08 19:30:00,3,33.0,2026-08-08 19:30:00,2026-08-08 19:40:00,False
179,2026-08-08 19:45:00,3,38.0,2026-08-08 19:45:00,2026-08-08 19:55:00,False
179,2026-08-08 20:00:00,3,40.0,2026-08-08 20:00:00,2026-08-08 20:10:00,False
179,2026-08-08 20:15:00,3,38.0,2026-08-08 20:15:00,2026-08-08 20:25:00,False
179,2026-08-08 20:30:00,3,41.0,2026-08-08 20:30:00,2026-08-08 20:40:00,False
179,2026-08-08 20:45:00,3,24.0,2026-08-08 20:45:00,2026-08-08 20:55:00,False
179,2026-08-08 21:00:00,3,17.0,2026-08-08 21:00:00,2026-08-08 21:10:00,False
179,2026-08-08 21:15:00,3,22.0,2026-08-08 21:15:00,2026-08-08 21:25:00,False
179,2026-08-08 21:30:00,0,,,,True
180,2026-08-07 23:45:00,0,,,,True
180,2026-08-08 00:00:00,0,,,,True
180,2026-08-08 00:15:00,0,,,,True
180,2026-08-08 00:30:00,1,1.0,2026-08-08 00:33:00,2026-08-08 00:33:00,False
180,2026-08-08 00:45:00,0,,,,True
180,2026-08-08 01:00:00,0,,,,True
180,2026-08-08 01:15:00,0,,,,True
180,2026-08-08 01:30:00,1,1.0,2026-08-08 01:32:00,2026-08-08 01:32:00,False
180,2026-08-08 01:45:00,0,,,,True
180,2026-08-08 02:00:00,0,,,,True
180,2026-08-08 02:15:00,0,,,,True
180,2026-08-08 02:30:00,0,,,,True
180,2026-08-08 02:45:00,0,,,,True
180,2026-08-08 03:00:00,0,,,,True
180,2026-08-08 03:15:00,0,,,,True
180,2026-08-08 03:30:00,0,,,,True
180,2026-08-08 03:45:00,0,,,,True
180,2026-08-08 04:00:00,0,,,,True
180,2026-08-08 04:15:00,0,,,,True
180,2026-08-08 04:30:00,0,,,,True
180,2026-08-08 04:45:00,0,,,,True
180,2026-08-08 05:00:00,1,1.0,2026-08-08 05:12:00,2026-08-08 05:12:00,False
180,2026-08-08 05:15:00,0,,,,True
180,2026-08-08 05:30:00,0,,,,True
180,2026-08-08 05:45:00,0,,,,True
180,2026-08-08 06:00:00,1,1.0,2026-08-08 06:13:00,2026-08-08 06:13:00,False
180,2026-08-08 06:15:00,1,1.0,2026-08-08 06:24:00,2026-08-08 06:24:00,False
180,2026-08-08 06:30:00,1,1.0,2026-08-08 06:43:00,2026-08-08 06:43:00,False
180,2026-08-08 06:45:00,4,4.0,2026-08-08 06:52:00,2026-08-08 06:59:00,False
180,2026-08-08 07:00:00,2,3.0,2026-08-08 07:07:00,2026-08-08 07:14:00,False
180,2026-08-08 07:15:00,7,10.0,2026-08-08 07:15:00,2026-08-08 07:28:00,False
180,2026-08-08 07:30:00,9,14.0,2026-08-08 07:30:00,2026-08-08 07:44:00,False
180,2026-08-08 07:45:00,12,22.0,2026-08-08 07:45:00,2026-08-08 07:59:00,False
180,2026-08-08 08:00:00,7,15.0,2026-08-08 08:05:00,2026-08-08 08:14:00,False
180,2026-08-08 08:15:00,5,9.0,2026-08-08 08:19:00,2026-08-08 08:29:00,False
180,2026-08-08 08:30:00,7,9.0,2026-08-08 08:33:00,2026-08-08 08:44:00,False
180,2026-08-08 08:45:00,8,21.0,2026-08-08 08:46:00,2026-08-08 08:57:00,False
180,2026-08-08 09:00:00,9,15.0,2026-08-08 09:05:00,2026-08-08 09:14:00,False
180,2026-08-08 09:15:00,9,17.0,2026-08-08 09:16:00,2026-08-08 09:29:00,False
180,2026-08-08 09:30:00,13,35.0,2026-08-08 09:30:00,2026-08-08 09:44:00,False
180,2026-08-08 09:45:00,12,40.0,2026-08-08 09:46:00,2026-08-08 09:59:00,False
180,2026-08-08 10:00:00,8,30.0,2026-08-08 10:05:00,2026-08-08 10:14:00,False
180,2026-08-08 10:15:00,11,23.0,2026-08-08 10:15:00,2026-08-08 10:29:00,False
180,2026-08-08 10:30:00,12,24.0,2026-08-08 10:30:00,2026-08-08 10:44:00,False
180,2026-08-08 10:45:00,10,37.0,2026-08-08 10:47:00,2026-08-08 10:59:00,False
180,2026-08-08 11:00:00,6,17.0,2026-08-08 11:08:00,2026-08-08 11:14:00,False
180,2026-08-08 11:15:00,10,27.0,2026-08-08 11:15:00,2026-08-08 11:28:00,False
180,2026-08-08 11:30:00,13,39.0,2026-08-08 11:30:00,2026-08-08 11:44:00,False
180,2026-08-08 11:45:00,13,46.0,2026-08-08 11:45:00,2026-08-08 11:59:00,False
180,2026-08-08 12:00:00,8,35.0,2026-08-08 12:05:00,2026-08-08 12:14:00,False
180,2026-08-08 12:15:00,13,26.0,2026-08-08 12:15:00,2026-08-08 12:29:00,False
180,2026-08-08 12:30:00,14,41.0,2026-08-08 12:30:00,2026-08-08 12:44:00,False
180,2026-08-08 12:45:00,10,40.0,2026-08-08 12:46:00,2026-08-08 12:58:00,False
180,2026-08-08 13:00:00,8,19.0,2026-08-08 13:06:00,2026-08-08 13:14:00,False
180,2026-08-08 13:15:00,13,46.0,2026-08-08 13:16:00,2026-08-08 13:29:00,False
180,2026-08-08 13:30:00,12,41.0,2026-08-08 13:30:00,2026-08-08 13:44:00,False
180,2026-08-08 13:45:00,11,27.0,2026-08-08 13:46:00,2026-08-08 13:59:00,False
180,2026-08-08 14:00:00,7,28.0,2026-08-08 14:07:00,2026-08-08 14:13:00,False
180,2026-08-08 14:15:00,12,37.0,2026-08-08 14:15:00,2026-08-08 14:29:00,False
180,2026-08-08 14:30:00,10,38.0,2026-08-08 14:30:00,2026-08-08 14:42:00,False
180,2026-08-08 14:45:00,14,33.0,2026-08-08 14:45:00,2026-08-08 14:58:00,False
180,2026-08-08 15:00:00,8,17.0,2026-08-08 15:05:00,2026-08-08 15:14:00,False
180,2026-08-08 15:15:00,13,35.0,2026-08-08 15:16:00,2026-08-08 15:29:00,False
180,2026-08-08 15:30:00,14,36.0,2026-08-08 15:30:00,2026-08-08 15:44:00,False
180,2026-08-08 15:45:00,12,37.0,2026-08-08 15:45:00,2026-08-08 15:59:00,False
180,2026-08-08 16:00:00,6,19.0,2026-08-08 16:05:00,2026-08-08 16:14:00,False
180,2026-08-08 16:15:00,12,41.0,2026-08-08 16:15:00,2026-08-08 16:28:00,False
180,2026-08-08 16:30:00,13,46.0,2026-08-08 16:30:00,2026-08-08 16:44:00,False
180,2026-08-08 16:45:00,14,47.0,2026-08-08 16:45:00,2026-08-08 16:59:00,False
180,2026-08-08 17:00:00,6,16.0,2026-08-08 17:06:00,2026-08-08 17:14:00,False
180,2026-08-08 17:15:00,12,37.0,2026-08-08 17:15:00,2026-08-08 17:29:00,False
180,2026-08-08 17:30:00,14,48.0,2026-08-08 17:30:00,2026-08-08 17:43:00,False
180,2026-08-08 17:45:00,12,31.0,2026-08-08 17:46:00,2026-08-08 17:59:00,False
180,2026-08-08 18:00:00,0,,,,True
180,2026-08-08 18:15:00,0,,,,True
180,2026-08-08 18:30:00,4,6.0,2026-08-08 18:36:00,2026-08-08 18:40:00,False
180,2026-08-08 18:45:00,4,6.0,2026-08-08 18:52:00,2026-08-08 18:59:00,False
180,2026-08-08 19:00:00,0,,,,True
180,2026-08-08 19:15:00,0,,,,True
180,2026-08-08 19:30:00,6,9.0,2026-08-08 19:30:00,2026-08-08 19:39:00,False
180,2026-08-08 19:45:00,2,3.0,2026-08-08 19:53:00,2026-08-08 19:58:00,False
180,2026-08-08 20:00:00,0,,,,True
180,2026-08-08 20:15:00,2,3.0,2026-08-08 20:17:00,2026-08-08 20:26:00,False
180,2026-08-08 20:30:00,3,4.0,2026-08-08 20:31:00,2026-08-08 20:35:00,False
180,2026-08-08 20:45:00,0,,,,True
180,2026-08-08 21:00:00,0,,,,True
180,2026-08-08 21:15:00,0,,,,True
180,2026-08-08 21:30:00,0,,,,True
181,2026-08-07 23:45:00,5,58.0,2026-08-07 23:55:00,2026-08-07 23:59:00,False
181,2026-08-08 00:00:00,15,154.0,2026-08-08 00:00:00,2026-08-08 00:14:00,False
181,2026-08-08 00:15:00,15,104.0,2026-08-08 00:15:00,2026-08-08 00:29:00,False
181,2026-08-08 00:30:00,14,97.0,2026-08-08 00:30:00,2026-08-08 00:44:00,False
181,2026-08-08 00:45:00,15,144.0,2026-08-08 00:45:00,2026-08-08 00:59:00,False
181,2026-08-08 01:00:00,14,95.0,2026-08-08 01:00:00,2026-08-08 01:14:00,False
181,2026-08-08 01:15:00,13,78.0,2026-08-08 01:15:00,2026-08-08 01:28:00,False
181,2026-08-08 01:30:00,14,76.0,2026-08-08 01:30:00,2026-08-08 01:44:00,False
181,2026-08-08 01:45:00,13,70.0,2026-08-08 01:45:00,2026-08-08 01:59:00,False
181,2026-08-08 02:00:00,15,61.0,2026-08-08 02:00:00,2026-08-08 02:14:00,False
181,2026-08-08 02:15:00,10,57.0,2026-08-08 02:16:00,2026-08-08 02:29:00,False
181,2026-08-08 02:30:00,14,61.0,2026-08-08 02:30:00,2026-08-08 02:44:00,False
181,2026-08-08 02:45:00,14,69.0,2026-08-08 02:45:00,2026-08-08 02:59:00,False
181,2026-08-08 03:00:00,12,66.0,2026-08-08 03:01:00,2026-08-08 03:13:00,False
181,2026-08-08 03:15:00,10,37.0,2026-08-08 03:15:00,2026-08-08 03:28:00,False
181,2026-08-08 03:30:00,10,20.0,2026-08-08 03:31:00,2026-08-08 03:44:00,False
181,2026-08-08 03:45:00,10,27.0,2026-08-08 03:45:00,2026-08-08 03:59:00,False
181,2026-08-08 04:00:00,11,27.0,2026-08-08 04:01:00,2026-08-08 04:14:00,False
181,2026-08-08 04:15:00,10,15.0,2026-08-08 04:15:00,2026-08-08 04:28:00,False
181,2026-08-08 04:30:00,7,14.0,2026-08-08 04:32:00,2026-08-08 04:43:00,False
181,2026-08-08 04:45:00,6,15.0,2026-08-08 04:45:00,2026-08-08 04:59:00,False
181,2026-08-08 05:00:00,8,19.0,2026-08-08 05:00:00,2026-08-08 05:14:00,False
181,2026-08-08 05:15:00,7,23.0,2026-08-08 05:15:00,2026-08-08 05:29:00,False
181,2026-08-08 05:30:00,7,9.0,2026-08-08 05:30:00,2026-08-08 05:44:00,False
181,2026-08-08 05:45:00,11,17.0,2026-08-08 05:45:00,2026-08-08 05:58:00,False
181,2026-08-08 06:00:00,5,12.0,2026-08-08 06:01:00,2026-08-08 06:11:00,False
181,2026-08-08 06:15:00,10,14.0,2026-08-08 06:15:00,2026-08-08 06:29:00,False
181,2026-08-08 06:30:00,11,22.0,2026-08-08 06:30:00,2026-08-08 06:44:00,False
181,2026-08-08 06:45:00,14,35.0,2026-08-08 06:45:00,2026-08-08 06:59:00,False
181,2026-08-08 07:00:00,13,34.0,2026-08-08 07:01:00,2026-08-08 07:14:00,False
181,2026-08-08 07:15:00,14,37.0,2026-08-08 07:15:00,2026-08-08 07:29:00,False
181,2026-08-08 07:30:00,14,42.0,2026-08-08 07:30:00,2026-08-08 07:44:00,False
181,2026-08-08 07:45:00,15,52.0,2026-08-08 07:45:00,2026-08-08 07:59:00,False
181,2026-08-08 08:00:00,14,53.0,2026-08-08 08:00:00,2026-08-08 08:14:00,False
181,2026-08-08 08:15:00,14,80.0,2026-08-08 08:15:00,2026-08-08 08:29:00,False
181,2026-08-08 08:30:00,14,79.0,2026-08-08 08:30:00,2026-08-08 08:44:00,False
181,2026-08-08 08:45:00,15,114.0,2026-08-08 08:45:00,2026-08-08 08:59:00,False
181,2026-08-08 09:00:00,15,128.0,2026-08-08 09:00:00,2026-08-08 09:14:00,False
181,2026-08-08 09:15:00,15,173.0,2026-08-08 09:15:00,2026-08-08 09:29:00,False
181,2026-08-08 09:30:00,15,137.0,2026-08-08 09:30:00,2026-08-08 09:44:00,False
181,2026-08-08 09:45:00,14,197.0,2026-08-08 09:45:00,2026-08-08 09:59:00,False
181,2026-08-08 10:00:00,15,241.0,2026-08-08 10:00:00,2026-08-08 10:14:00,False
181,2026-08-08 10:15:00,15,241.0,2026-08-08 10:15:00,2026-08-08 10:29:00,False
181,2026-08-08 10:30:00,15,259.0,2026-08-08 10:30:00,2026-08-08 10:44:00,False
181,2026-08-08 10:45:00,15,322.0,2026-08-08 10:45:00,2026-08-08 10:59:00,False
181,2026-08-08 11:00:00,15,340.0,2026-08-08 11:00:00,2026-08-08 11:14:00,False
181,2026-08-08 11:15:00,15,365.0,2026-08-08 11:15:00,2026-08-08 11:29:00,False
181,2026-08-08 11:30:00,15,387.0,2026-08-08 11:30:00,2026-08-08 11:44:00,False
181,2026-08-08 11:45:00,15,441.0,2026-08-08 11:45:00,2026-08-08 11:59:00,False
181,2026-08-08 12:00:00,15,459.0,2026-08-08 12:00:00,2026-08-08 12:14:00,False
181,2026-08-08 12:15:00,15,433.0,2026-08-08 12:15:00,2026-08-08 12:29:00,False
181,2026-08-08 12:30:00,15,468.0,2026-08-08 12:30:00,2026-08-08 12:44:00,False
181,2026-08-08 12:45:00,15,545.0,2026-08-08 12:45:00,2026-08-08 12:59:00,False
181,2026-08-08 13:00:00,15,513.0,2026-08-08 13:00:00,2026-08-08 13:14:00,False
181,2026-08-08 13:15:00,15,540.0,2026-08-08 13:15:00,2026-08-08 13:29:00,False
181,2026-08-08 13:30:00,15,564.0,2026-08-08 13:30:00,2026-08-08 13:44:00,False
181,2026-08-08 13:45:00,15,622.0,2026-08-08 13:45:00,2026-08-08 13:59:00,False
181,2026-08-08 14:00:00,15,633.0,2026-08-08 14:00:00,2026-08-08 14:14:00,False
181,2026-08-08 14:15:00,15,548.0,2026-08-08 14:15:00,2026-08-08 14:29:00,False
181,2026-08-08 14:30:00,15,617.0,2026-08-08 14:30:00,2026-08-08 14:44:00,False
181,2026-08-08 14:45:00,15,576.0,2026-08-08 14:45:00,2026-08-08 14:59:00,False
181,2026-08-08 15:00:00,15,623.0,2026-08-08 15:00:00,2026-08-08 15:14:00,False
181,2026-08-08 15:15:00,15,607.0,2026-08-08 15:15:00,2026-08-08 15:29:00,False
181,2026-08-08 15:30:00,15,602.0,2026-08-08 15:30:00,2026-08-08 15:44:00,False
181,2026-08-08 15:45:00,15,534.0,2026-08-08 15:45:00,2026-08-08 15:59:00,False
181,2026-08-08 16:00:00,15,605.0,2026-08-08 16:00:00,2026-08-08 16:14:00,False
181,2026-08-08 16:15:00,15,618.0,2026-08-08 16:15:00,2026-08-08 16:29:00,False
181,2026-08-08 16:30:00,15,550.0,2026-08-08 16:30:00,2026-08-08 16:44:00,False
181,2026-08-08 16:45:00,15,590.0,2026-08-08 16:45:00,2026-08-08 16:59:00,False
181,2026-08-08 17:00:00,15,592.0,2026-08-08 17:00:00,2026-08-08 17:14:00,False
181,2026-08-08 17:15:00,15,543.0,2026-08-08 17:15:00,2026-08-08 17:29:00,False
181,2026-08-08 17:30:00,15,586.0,2026-08-08 17:30:00,2026-08-08 17:44:00,False
181,2026-08-08 17:45:00,15,614.0,2026-08-08 17:45:00,2026-08-08 17:59:00,False
181,2026-08-08 18:00:00,15,636.0,2026-08-08 18:00:00,2026-08-08 18:14:00,False
181,2026-08-08 18:15:00,15,524.0,2026-08-08 18:15:00,2026-08-08 18:29:00,False
181,2026-08-08 18:30:00,15,414.0,2026-08-08 18:30:00,2026-08-08 18:44:00,False
181,2026-08-08 18:45:00,15,501.0,2026-08-08 18:45:00,2026-08-08 18:59:00,False
181,2026-08-08 19:00:00,15,446.0,2026-08-08 19:00:00,2026-08-08 19:14:00,False
181,2026-08-08 19:15:00,15,449.0,2026-08-08 19:15:00,2026-08-08 19:29:00,False
181,2026-08-08 19:30:00,15,456.0,2026-08-08 19:30:00,2026-08-08 19:44:00,False
181,2026-08-08 19:45:00,15,470.0,2026-08-08 19:45:00,2026-08-08 19:59:00,False
181,2026-08-08 20:00:00,15,404.0,2026-08-08 20:00:00,2026-08-08 20:14:00,False
181,2026-08-08 20:15:00,15,375.0,2026-08-08 20:15:00,2026-08-08 20:29:00,False
181,2026-08-08 20:30:00,15,316.0,2026-08-08 20:30:00,2026-08-08 20:44:00,False
181,2026-08-08 20:45:00,15,308.0,2026-08-08 20:45:00,2026-08-08 20:59:00,False
181,2026-08-08 21:00:00,15,263.0,2026-08-08 21:00:00,2026-08-08 21:14:00,False
181,2026-08-08 21:15:00,15,270.0,2026-08-08 21:15:00,2026-08-08 21:29:00,False
181,2026-08-08 21:30:00,4,102.0,2026-08-08 21:30:00,2026-08-08 21:33:00,False
182,2026-08-07 23:45:00,1,18.0,2026-08-07 23:55:00,2026-08-07 23:55:00,False
182,2026-08-08 00:00:00,3,70.0,2026-08-08 00:00:00,2026-08-08 00:10:00,False
182,2026-08-08 00:15:00,3,73.0,2026-08-08 00:15:00,2026-08-08 00:25:00,False
182,2026-08-08 00:30:00,3,57.0,2026-08-08 00:30:00,2026-08-08 00:40:00,False
182,2026-08-08 00:45:00,3,47.0,2026-08-08 00:45:00,2026-08-08 00:55:00,False
182,2026-08-08 01:00:00,3,63.0,2026-08-08 01:00:00,2026-08-08 01:10:00,False
182,2026-08-08 01:15:00,3,49.0,2026-08-08 01:15:00,2026-08-08 01:25:00,False
182,2026-08-08 01:30:00,3,49.0,2026-08-08 01:30:00,2026-08-08 01:40:00,False
182,2026-08-08 01:45:00,3,48.0,2026-08-08 01:45:00,2026-08-08 01:55:00,False
182,2026-08-08 02:00:00,3,25.0,2026-08-08 02:00:00,2026-08-08 02:10:00,False
182,2026-08-08 02:15:00,3,33.0,2026-08-08 02:15:00,2026-08-08 02:25:00,False
182,2026-08-08 02:30:00,3,37.0,2026-08-08 02:30:00,2026-08-08 02:40:00,False
182,2026-08-08 02:45:00,3,33.0,2026-08-08 02:45:00,2026-08-08 02:55:00,False
182,2026-08-08 03:00:00,3,39.0,2026-08-08 03:00:00,2026-08-08 03:10:00,False
182,2026-08-08 03:15:00,3,49.0,2026-08-08 03:15:00,2026-08-08 03:25:00,False
182,2026-08-08 03:30:00,3,12.0,2026-08-08 03:30:00,2026-08-08 03:40:00,False
182,2026-08-08 03:45:00,3,16.0,2026-08-08 03:45:00,2026-08-08 03:55:00,False
182,2026-08-08 04:00:00,3,31.0,2026-08-08 04:00:00,2026-08-08 04:10:00,False
182,2026-08-08 04:15:00,3,21.0,2026-08-08 04:15:00,2026-08-08 04:25:00,False
182,2026-08-08 04:30:00,3,29.0,2026-08-08 04:30:00,2026-08-08 04:40:00,False
182,2026-08-08 04:45:00,3,22.0,2026-08-08 04:45:00,2026-08-08 04:55:00,False
182,2026-08-08 05:00:00,3,11.0,2026-08-08 05:00:00,2026-08-08 05:10:00,False
182,2026-08-08 05:15:00,3,18.0,2026-08-08 05:15:00,2026-08-08 05:25:00,False
182,2026-08-08 05:30:00,3,22.0,2026-08-08 05:30:00,2026-08-08 05:40:00,False
182,2026-08-08 05:45:00,3,16.0,2026-08-08 05:45:00,2026-08-08 05:55:00,False
182,2026-08-08 06:00:00,3,28.0,2026-08-08 06:00:00,2026-08-08 06:10:00,False
182,2026-08-08 06:15:00,3,14.0,2026-08-08 06:15:00,2026-08-08 06:25:00,False
182,2026-08-08 06:30:00,3,19.0,2026-08-08 06:30:00,2026-08-08 06:40:00,False
182,2026-08-08 06:45:00,3,23.0,2026-08-08 06:45:00,2026-08-08 06:55:00,False
182,2026-08-08 07:00:00,3,29.0,2026-08-08 07:00:00,2026-08-08 07:10:00,False
182,2026-08-08 07:15:00,3,19.0,2026-08-08 07:15:00,2026-08-08 07:25:00,False
182,2026-08-08 07:30:00,3,35.0,2026-08-08 07:30:00,2026-08-08 07:40:00,False
182,2026-08-08 07:45:00,3,37.0,2026-08-08 07:45:00,2026-08-08 07:55:00,False
182,2026-08-08 08:00:00,3,36.0,2026-08-08 08:00:00,2026-08-08 08:10:00,False
182,2026-08-08 08:15:00,3,38.0,2026-08-08 08:15:00,2026-08-08 08:25:00,False
182,2026-08-08 08:30:00,3,50.0,2026-08-08 08:30:00,2026-08-08 08:40:00,False
182,2026-08-08 08:45:00,3,50.0,2026-08-08 08:45:00,2026-08-08 08:55:00,False
182,2026-08-08 09:00:00,3,51.0,2026-08-08 09:00:00,2026-08-08 09:10:00,False
182,2026-08-08 09:15:00,2,30.0,2026-08-08 09:15:00,2026-08-08 09:25:00,False
182,2026-08-08 09:30:00,3,54.0,2026-08-08 09:30:00,2026-08-08 09:40:00,False
182,2026-08-08 09:45:00,3,83.0,2026-08-08 09:45:00,2026-08-08 09:55:00,False
182,2026-08-08 10:00:00,3,64.0,2026-08-08 10:00:00,2026-08-08 10:10:00,False
182,2026-08-08 10:15:00,3,48.0,2026-08-08 10:15:00,2026-08-08 10:25:00,False
182,2026-08-08 10:30:00,3,77.0,2026-08-08 10:30:00,2026-08-08 10:40:00,False
182,2026-08-08 10:45:00,3,93.0,2026-08-08 10:45:00,2026-08-08 10:55:00,False
182,2026-08-08 11:00:00,3,101.0,2026-08-08 11:00:00,2026-08-08 11:10:00,False
182,2026-08-08 11:15:00,3,106.0,2026-08-08 11:15:00,2026-08-08 11:25:00,False
182,2026-08-08 11:30:00,3,81.0,2026-08-08 11:30:00,2026-08-08 11:40:00,False
182,2026-08-08 11:45:00,3,93.0,2026-08-08 11:45:00,2026-08-08 11:55:00,False
182,2026-08-08 12:00:00,3,78.0,2026-08-08 12:00:00,2026-08-08 12:10:00,False
182,2026-08-08 12:15:00,3,101.0,2026-08-08 12:15:00,2026-08-08 12:25:00,False
182,2026-08-08 12:30:00,3,99.0,2026-08-08 12:30:00,2026-08-08 12:40:00,False
182,2026-08-08 12:45:00,3,139.0,2026-08-08 12:45:00,2026-08-08 12:55:00,False
182,2026-08-08 13:00:00,3,95.0,2026-08-08 13:00:00,2026-08-08 13:10:00,False
182,2026-08-08 13:15:00,3,76.0,2026-08-08 13:15:00,2026-08-08 13:25:00,False
182,2026-08-08 13:30:00,3,91.0,2026-08-08 13:30:00,2026-08-08 13:40:00,False
182,2026-08-08 13:45:00,3,147.0,2026-08-08 13:45:00,2026-08-08 13:55:00,False
182,2026-08-08 14:00:00,3,124.0,2026-08-08 14:00:00,2026-08-08 14:10:00,False
182,2026-08-08 14:15:00,3,105.0,2026-08-08 14:15:00,2026-08-08 14:25:00,False
182,2026-08-08 14:30:00,3,82.0,2026-08-08 14:30:00,2026-08-08 14:40:00,False
182,2026-08-08 14:45:00,3,110.0,2026-08-08 14:45:00,2026-08-08 14:55:00,False
182,2026-08-08 15:00:00,3,106.0,2026-08-08 15:00:00,2026-08-08 15:10:00,False
182,2026-08-08 15:15:00,3,99.0,2026-08-08 15:15:00,2026-08-08 15:25:00,False
182,2026-08-08 15:30:00,3,129.0,2026-08-08 15:30:00,2026-08-08 15:40:00,False
182,2026-08-08 15:45:00,3,97.0,2026-08-08 15:45:00,2026-08-08 15:55:00,False
182,2026-08-08 16:00:00,3,110.0,2026-08-08 16:00:00,2026-08-08 16:10:00,False
182,2026-08-08 16:15:00,3,97.0,2026-08-08 16:15:00,2026-08-08 16:25:00,False
182,2026-08-08 16:30:00,3,85.0,2026-08-08 16:30:00,2026-08-08 16:40:00,False
182,2026-08-08 16:45:00,3,135.0,2026-08-08 16:45:00,2026-08-08 16:55:00,False
182,2026-08-08 17:00:00,3,86.0,2026-08-08 17:00:00,2026-08-08 17:10:00,False
182,2026-08-08 17:15:00,3,97.0,2026-08-08 17:15:00,2026-08-08 17:25:00,False
182,2026-08-08 17:30:00,3,129.0,2026-08-08 17:30:00,2026-08-08 17:40:00,False
182,2026-08-08 17:45:00,3,140.0,2026-08-08 17:45:00,2026-08-08 17:55:00,False
182,2026-08-08 18:00:00,3,165.0,2026-08-08 18:00:00,2026-08-08 18:10:00,False
182,2026-08-08 18:15:00,3,156.0,2026-08-08 18:15:00,2026-08-08 18:25:00,False
182,2026-08-08 18:30:00,3,133.0,2026-08-08 18:30:00,2026-08-08 18:40:00,False
182,2026-08-08 18:45:00,3,120.0,2026-08-08 18:45:00,2026-08-08 18:55:00,False
182,2026-08-08 19:00:00,3,134.0,2026-08-08 19:00:00,2026-08-08 19:10:00,False
182,2026-08-08 19:15:00,3,104.0,2026-08-08 19:15:00,2026-08-08 19:25:00,False
182,2026-08-08 19:30:00,3,101.0,2026-08-08 19:30:00,2026-08-08 19:40:00,False
182,2026-08-08 19:45:00,3,130.0,2026-08-08 19:45:00,2026-08-08 19:55:00,False
182,2026-08-08 20:00:00,3,140.0,2026-08-08 20:00:00,2026-08-08 20:10:00,False
182,2026-08-08 20:15:00,3,110.0,2026-08-08 20:15:00,2026-08-08 20:25:00,False
182,2026-08-08 20:30:00,3,121.0,2026-08-08 20:30:00,2026-08-08 20:40:00,False
182,2026-08-08 20:45:00,3,120.0,2026-08-08 20:45:00,2026-08-08 20:55:00,False
182,2026-08-08 21:00:00,3,123.0,2026-08-08 21:00:00,2026-08-08 21:10:00,False
182,2026-08-08 21:15:00,3,132.0,2026-08-08 21:15:00,2026-08-08 21:25:00,False
182,2026-08-08 21:30:00,0,,,,True
184,2026-08-07 23:45:00,1,11.0,2026-08-07 23:55:00,2026-08-07 23:55:00,False
184,2026-08-08 00:00:00,3,65.0,2026-08-08 00:00:00,2026-08-08 00:10:00,False
184,2026-08-08 00:15:00,3,78.0,2026-08-08 00:15:00,2026-08-08 00:25:00,False
184,2026-08-08 00:30:00,3,57.0,2026-08-08 00:30:00,2026-08-08 00:40:00,False
184,2026-08-08 00:45:00,2,26.0,2026-08-08 00:45:00,2026-08-08 00:50:00,False
184,2026-08-08 01:00:00,3,54.0,2026-08-08 01:00:00,2026-08-08 01:10:00,False
184,2026-08-08 01:15:00,3,42.0,2026-08-08 01:15:00,2026-08-08 01:25:00,False
184,2026-08-08 01:30:00,3,55.0,2026-08-08 01:30:00,2026-08-08 01:40:00,False
184,2026-08-08 01:45:00,3,38.0,2026-08-08 01:45:00,2026-08-08 01:55:00,False
184,2026-08-08 02:00:00,3,34.0,2026-08-08 02:00:00,2026-08-08 02:10:00,False
184,2026-08-08 02:15:00,3,38.0,2026-08-08 02:15:00,2026-08-08 02:25:00,False
184,2026-08-08 02:30:00,3,25.0,2026-08-08 02:30:00,2026-08-08 02:40:00,False
184,2026-08-08 02:45:00,3,8.0,2026-08-08 02:45:00,2026-08-08 02:55:00,False
184,2026-08-08 03:00:00,3,23.0,2026-08-08 03:00:00,2026-08-08 03:10:00,False
184,2026-08-08 03:15:00,3,24.0,2026-08-08 03:15:00,2026-08-08 03:25:00,False
184,2026-08-08 03:30:00,3,10.0,2026-08-08 03:30:00,2026-08-08 03:40:00,False
184,2026-08-08 03:45:00,3,9.0,2026-08-08 03:45:00,2026-08-08 03:55:00,False
184,2026-08-08 04:00:00,2,9.0,2026-08-08 04:00:00,2026-08-08 04:05:00,False
184,2026-08-08 04:15:00,3,15.0,2026-08-08 04:15:00,2026-08-08 04:25:00,False
184,2026-08-08 04:30:00,3,14.0,2026-08-08 04:30:00,2026-08-08 04:40:00,False
184,2026-08-08 04:45:00,3,6.0,2026-08-08 04:45:00,2026-08-08 04:55:00,False
184,2026-08-08 05:00:00,3,12.0,2026-08-08 05:00:00,2026-08-08 05:10:00,False
184,2026-08-08 05:15:00,3,7.0,2026-08-08 05:15:00,2026-08-08 05:25:00,False
184,2026-08-08 05:30:00,3,9.0,2026-08-08 05:30:00,2026-08-08 05:40:00,False
184,2026-08-08 05:45:00,3,14.0,2026-08-08 05:45:00,2026-08-08 05:55:00,False
184,2026-08-08 06:00:00,2,10.0,2026-08-08 06:00:00,2026-08-08 06:10:00,False
184,2026-08-08 06:15:00,3,20.0,2026-08-08 06:15:00,2026-08-08 06:25:00,False
184,2026-08-08 06:30:00,3,22.0,2026-08-08 06:30:00,2026-08-08 06:40:00,False
184,2026-08-08 06:45:00,3,22.0,2026-08-08 06:45:00,2026-08-08 06:55:00,False
184,2026-08-08 07:00:00,3,7.0,2026-08-08 07:00:00,2026-08-08 07:10:00,False
184,2026-08-08 07:15:00,3,26.0,2026-08-08 07:15:00,2026-08-08 07:25:00,False
184,2026-08-08 07:30:00,3,23.0,2026-08-08 07:30:00,2026-08-08 07:40:00,False
184,2026-08-08 07:45:00,3,39.0,2026-08-08 07:45:00,2026-08-08 07:55:00,False
184,2026-08-08 08:00:00,3,48.0,2026-08-08 08:00:00,2026-08-08 08:10:00,False
184,2026-08-08 08:15:00,3,51.0,2026-08-08 08:15:00,2026-08-08 08:25:00,False
184,2026-08-08 08:30:00,3,83.0,2026-08-08 08:30:00,2026-08-08 08:40:00,False
184,2026-08-08 08:45:00,3,87.0,2026-08-08 08:45:00,2026-08-08 08:55:00,False
184,2026-08-08 09:00:00,3,114.0,2026-08-08 09:00:00,2026-08-08 09:10:00,False
184,2026-08-08 09:15:00,3,155.0,2026-08-08 09:15:00,2026-08-08 09:25:00,False
184,2026-08-08 09:30:00,3,163.0,2026-08-08 09:30:00,2026-08-08 09:40:00,False
184,2026-08-08 09:45:00,3,203.0,2026-08-08 09:45:00,2026-08-08 09:55:00,False
184,2026-08-08 10:00:00,3,202.0,2026-08-08 10:00:00,2026-08-08 10:10:00,False
184,2026-08-08 10:15:00,3,295.0,2026-08-08 10:15:00,2026-08-08 10:25:00,False
184,2026-08-08 10:30:00,3,323.0,2026-08-08 10:30:00,2026-08-08 10:40:00,False
184,2026-08-08 10:45:00,3,358.0,2026-08-08 10:45:00,2026-08-08 10:55:00,False
184,2026-08-08 11:00:00,3,370.0,2026-08-08 11:00:00,2026-08-08 11:10:00,False
184,2026-08-08 11:15:00,3,398.0,2026-08-08 11:15:00,2026-08-08 11:25:00,False
184,2026-08-08 11:30:00,3,453.0,2026-08-08 11:30:00,2026-08-08 11:40:00,False
184,2026-08-08 11:45:00,3,525.0,2026-08-08 11:45:00,2026-08-08 11:55:00,False
184,2026-08-08 12:00:00,3,471.0,2026-08-08 12:00:00,2026-08-08 12:10:00,False
184,2026-08-08 12:15:00,3,466.0,2026-08-08 12:15:00,2026-08-08 12:25:00,False
184,2026-08-08 12:30:00,3,467.0,2026-08-08 12:30:00,2026-08-08 12:40:00,False
184,2026-08-08 12:45:00,3,496.0,2026-08-08 12:45:00,2026-08-08 12:55:00,False
184,2026-08-08 13:00:00,3,540.0,2026-08-08 13:00:00,2026-08-08 13:10:00,False
184,2026-08-08 13:15:00,3,541.0,2026-08-08 13:15:00,2026-08-08 13:25:00,False
184,2026-08-08 13:30:00,3,571.0,2026-08-08 13:30:00,2026-08-08 13:40:00,False
184,2026-08-08 13:45:00,3,546.0,2026-08-08 13:45:00,2026-08-08 13:55:00,False
184,2026-08-08 14:00:00,3,521.0,2026-08-08 14:00:00,2026-08-08 14:10:00,False
184,2026-08-08 14:15:00,3,571.0,2026-08-08 14:15:00,2026-08-08 14:25:00,False
184,2026-08-08 14:30:00,3,528.0,2026-08-08 14:30:00,2026-08-08 14:40:00,False
184,2026-08-08 14:45:00,3,619.0,2026-08-08 14:45:00,2026-08-08 14:55:00,False
184,2026-08-08 15:00:00,3,594.0,2026-08-08 15:00:00,2026-08-08 15:10:00,False
184,2026-08-08 15:15:00,3,535.0,2026-08-08 15:15:00,2026-08-08 15:25:00,False
184,2026-08-08 15:30:00,3,562.0,2026-08-08 15:30:00,2026-08-08 15:40:00,False
184,2026-08-08 15:45:00,3,634.0,2026-08-08 15:45:00,2026-08-08 15:55:00,False
184,2026-08-08 16:00:00,3,559.0,2026-08-08 16:00:00,2026-08-08 16:10:00,False
184,2026-08-08 16:15:00,3,551.0,2026-08-08 16:15:00,2026-08-08 16:25:00,False
184,2026-08-08 16:30:00,3,608.0,2026-08-08 16:30:00,2026-08-08 16:40:00,False
184,2026-08-08 16:45:00,3,610.0,2026-08-08 16:45:00,2026-08-08 16:55:00,False
184,2026-08-08 17:00:00,3,565.0,2026-08-08 17:00:00,2026-08-08 17:10:00,False
184,2026-08-08 17:15:00,3,469.0,2026-08-08 17:15:00,2026-08-08 17:25:00,False
184,2026-08-08 17:30:00,3,481.0,2026-08-08 17:30:00,2026-08-08 17:40:00,False
184,2026-08-08 17:45:00,3,503.0,2026-08-08 17:45:00,2026-08-08 17:55:00,False
184,2026-08-08 18:00:00,3,440.0,2026-08-08 18:00:00,2026-08-08 18:10:00,False
184,2026-08-08 18:15:00,3,381.0,2026-08-08 18:15:00,2026-08-08 18:25:00,False
184,2026-08-08 18:30:00,3,361.0,2026-08-08 18:30:00,2026-08-08 18:40:00,False
184,2026-08-08 18:45:00,3,305.0,2026-08-08 18:45:00,2026-08-08 18:55:00,False
184,2026-08-08 19:00:00,3,296.0,2026-08-08 19:00:00,2026-08-08 19:10:00,False
184,2026-08-08 19:15:00,3,307.0,2026-08-08 19:15:00,2026-08-08 19:25:00,False
184,2026-08-08 19:30:00,3,255.0,2026-08-08 19:30:00,2026-08-08 19:40:00,False
184,2026-08-08 19:45:00,3,263.0,2026-08-08 19:45:00,2026-08-08 19:55:00,False
184,2026-08-08 20:00:00,3,282.0,2026-08-08 20:00:00,2026-08-08 20:10:00,False
184,2026-08-08 20:15:00,3,261.0,2026-08-08 20:15:00,2026-08-08 20:25:00,False
184,2026-08-08 20:30:00,3,191.0,2026-08-08 20:30:00,2026-08-08 20:40:00,False
184,2026-08-08 20:45:00,3,188.0,2026-08-08 20:45:00,2026-08-08 20:55:00,False
184,2026-08-08 21:00:00,3,187.0,2026-08-08 21:00:00,2026-08-08 21:10:00,False
184,2026-08-08 21:15:00,3,162.0,2026-08-08 21:15:00,2026-08-08 21:25:00,False
184,2026-08-08 21:30:00,0,,,,True
185,2026-08-07 23:45:00,1,61.0,2026-08-07 23:55:00,2026-08-07 23:55:00,False
185,2026-08-08 00:00:00,2,77.0,2026-08-08 00:05:00,2026-08-08 00:10:00,False
185,2026-08-08 00:15:00,3,119.0,2026-08-08 00:15:00,2026-08-08 00:25:00,False
185,2026-08-08 00:30:00,3,64.0,2026-08-08 00:30:00,2026-08-08 00:40:00,False
185,2026-08-08 00:45:00,3,85.0,2026-08-08 00:45:00,2026-08-08 00:55:00,False
185,2026-08-08 01:00:00,3,64.0,2026-08-08 01:00:00,2026-08-08 01:10:00,False
185,2026-08-08 01:15:00,3,53.0,2026-08-08 01:15:00,2026-08-08 01:25:00,False
185,2026-08-08 01:30:00,3,47.0,2026-08-08 01:30:00,2026-08-08 01:40:00,False
185,2026-08-08 01:45:00,3,33.0,2026-08-08 01:45:00,2026-08-08 01:55:00,False
185,2026-08-08 02:00:00,3,59.0,2026-08-08 02:00:00,2026-08-08 02:10:00,False
185,2026-08-08 02:15:00,3,55.0,2026-08-08 02:15:00,2026-08-08 02:25:00,False
185,2026-08-08 02:30:00,3,44.0,2026-08-08 02:30:00,2026-08-08 02:40:00,False
185,2026-08-08 02:45:00,3,57.0,2026-08-08 02:45:00,2026-08-08 02:55:00,False
185,2026-08-08 03:00:00,3,42.0,2026-08-08 03:00:00,2026-08-08 03:10:00,False
185,2026-08-08 03:15:00,3,24.0,2026-08-08 03:15:00,2026-08-08 03:25:00,False
185,2026-08-08 03:30:00,3,26.0,2026-08-08 03:30:00,2026-08-08 03:40:00,False
185,2026-08-08 03:45:00,3,23.0,2026-08-08 03:45:00,2026-08-08 03:55:00,False
185,2026-08-08 04:00:00,3,18.0,2026-08-08 04:00:00,2026-08-08 04:10:00,False
185,2026-08-08 04:15:00,3,8.0,2026-08-08 04:15:00,2026-08-08 04:25:00,False
185,2026-08-08 04:30:00,2,11.0,2026-08-08 04:30:00,2026-08-08 04:35:00,False
185,2026-08-08 04:45:00,2,10.0,2026-08-08 04:45:00,2026-08-08 04:55:00,False
185,2026-08-08 05:00:00,3,4.0,2026-08-08 05:00:00,2026-08-08 05:10:00,False
185,2026-08-08 05:15:00,3,11.0,2026-08-08 05:15:00,2026-08-08 05:25:00,False
185,2026-08-08 05:30:00,3,14.0,2026-08-08 05:30:00,2026-08-08 05:40:00,False
185,2026-08-08 05:45:00,3,8.0,2026-08-08 05:45:00,2026-08-08 05:55:00,False
185,2026-08-08 06:00:00,3,15.0,2026-08-08 06:00:00,2026-08-08 06:10:00,False
185,2026-08-08 06:15:00,3,13.0,2026-08-08 06:15:00,2026-08-08 06:25:00,False
185,2026-08-08 06:30:00,3,26.0,2026-08-08 06:30:00,2026-08-08 06:40:00,False
185,2026-08-08 06:45:00,2,11.0,2026-08-08 06:50:00,2026-08-08 06:55:00,False
185,2026-08-08 07:00:00,3,11.0,2026-08-08 07:00:00,2026-08-08 07:10:00,False
185,2026-08-08 07:15:00,3,21.0,2026-08-08 07:15:00,2026-08-08 07:25:00,False
185,2026-08-08 07:30:00,3,22.0,2026-08-08 07:30:00,2026-08-08 07:40:00,False
185,2026-08-08 07:45:00,3,26.0,2026-08-08 07:45:00,2026-08-08 07:55:00,False
185,2026-08-08 08:00:00,3,48.0,2026-08-08 08:00:00,2026-08-08 08:10:00,False
185,2026-08-08 08:15:00,3,47.0,2026-08-08 08:15:00,2026-08-08 08:25:00,False
185,2026-08-08 08:30:00,3,48.0,2026-08-08 08:30:00,2026-08-08 08:40:00,False
185,2026-08-08 08:45:00,3,82.0,2026-08-08 08:45:00,2026-08-08 08:55:00,False
185,2026-08-08 09:00:00,3,84.0,2026-08-08 09:00:00,2026-08-08 09:10:00,False
185,2026-08-08 09:15:00,3,107.0,2026-08-08 09:15:00,2026-08-08 09:25:00,False
185,2026-08-08 09:30:00,3,120.0,2026-08-08 09:30:00,2026-08-08 09:40:00,False
185,2026-08-08 09:45:00,3,174.0,2026-08-08 09:45:00,2026-08-08 09:55:00,False
185,2026-08-08 10:00:00,3,181.0,2026-08-08 10:00:00,2026-08-08 10:10:00,False
185,2026-08-08 10:15:00,3,183.0,2026-08-08 10:15:00,2026-08-08 10:25:00,False
185,2026-08-08 10:30:00,3,197.0,2026-08-08 10:30:00,2026-08-08 10:40:00,False
185,2026-08-08 10:45:00,3,256.0,2026-08-08 10:45:00,2026-08-08 10:55:00,False
185,2026-08-08 11:00:00,3,283.0,2026-08-08 11:00:00,2026-08-08 11:10:00,False
185,2026-08-08 11:15:00,3,284.0,2026-08-08 11:15:00,2026-08-08 11:25:00,False
185,2026-08-08 11:30:00,3,269.0,2026-08-08 11:30:00,2026-08-08 11:40:00,False
185,2026-08-08 11:45:00,3,322.0,2026-08-08 11:45:00,2026-08-08 11:55:00,False
185,2026-08-08 12:00:00,3,391.0,2026-08-08 12:00:00,2026-08-08 12:10:00,False
185,2026-08-08 12:15:00,3,330.0,2026-08-08 12:15:00,2026-08-08 12:25:00,False
185,2026-08-08 12:30:00,3,398.0,2026-08-08 12:30:00,2026-08-08 12:40:00,False
185,2026-08-08 12:45:00,3,390.0,2026-08-08 12:45:00,2026-08-08 12:55:00,False
185,2026-08-08 13:00:00,3,449.0,2026-08-08 13:00:00,2026-08-08 13:10:00,False
185,2026-08-08 13:15:00,3,384.0,2026-08-08 13:15:00,2026-08-08 13:25:00,False
185,2026-08-08 13:30:00,3,449.0,2026-08-08 13:30:00,2026-08-08 13:40:00,False
185,2026-08-08 13:45:00,3,445.0,2026-08-08 13:45:00,2026-08-08 13:55:00,False
185,2026-08-08 14:00:00,3,448.0,2026-08-08 14:00:00,2026-08-08 14:10:00,False
185,2026-08-08 14:15:00,3,502.0,2026-08-08 14:15:00,2026-08-08 14:25:00,False
185,2026-08-08 14:30:00,3,476.0,2026-08-08 14:30:00,2026-08-08 14:40:00,False
185,2026-08-08 14:45:00,3,501.0,2026-08-08 14:45:00,2026-08-08 14:55:00,False
185,2026-08-08 15:00:00,3,435.0,2026-08-08 15:00:00,2026-08-08 15:10:00,False
185,2026-08-08 15:15:00,3,446.0,2026-08-08 15:15:00,2026-08-08 15:25:00,False
185,2026-08-08 15:30:00,3,434.0,2026-08-08 15:30:00,2026-08-08 15:40:00,False
185,2026-08-08 15:45:00,3,472.0,2026-08-08 15:45:00,2026-08-08 15:55:00,False
185,2026-08-08 16:00:00,3,420.0,2026-08-08 16:00:00,2026-08-08 16:10:00,False
185,2026-08-08 16:15:00,3,443.0,2026-08-08 16:15:00,2026-08-08 16:25:00,False
185,2026-08-08 16:30:00,3,509.0,2026-08-08 16:30:00,2026-08-08 16:40:00,False
185,2026-08-08 16:45:00,3,416.0,2026-08-08 16:45:00,2026-08-08 16:55:00,False
185,2026-08-08 17:00:00,3,401.0,2026-08-08 17:00:00,2026-08-08 17:10:00,False
185,2026-08-08 17:15:00,3,352.0,2026-08-08 17:15:00,2026-08-08 17:25:00,False
185,2026-08-08 17:30:00,3,355.0,2026-08-08 17:30:00,2026-08-08 17:40:00,False
185,2026-08-08 17:45:00,3,415.0,2026-08-08 17:45:00,2026-08-08 17:55:00,False
185,2026-08-08 18:00:00,3,351.0,2026-08-08 18:00:00,2026-08-08 18:10:00,False
185,2026-08-08 18:15:00,3,315.0,2026-08-08 18:15:00,2026-08-08 18:25:00,False
185,2026-08-08 18:30:00,3,288.0,2026-08-08 18:30:00,2026-08-08 18:40:00,False
185,2026-08-08 18:45:00,3,290.0,2026-08-08 18:45:00,2026-08-08 18:55:00,False
185,2026-08-08 19:00:00,3,295.0,2026-08-08 19:00:00,2026-08-08 19:10:00,False
185,2026-08-08 19:15:00,3,251.0,2026-08-08 19:15:00,2026-08-08 19:25:00,False
185,2026-08-08 19:30:00,3,312.0,2026-08-08 19:30:00,2026-08-08 19:40:00,False
185,2026-08-08 19:45:00,3,317.0,2026-08-08 19:45:00,2026-08-08 19:55:00,False
185,2026-08-08 20:00:00,3,283.0,2026-08-08 20:00:00,2026-08-08 20:10:00,False
185,2026-08-08 20:15:00,3,260.0,2026-08-08 20:15:00,2026-08-08 20:25:00,False
185,2026-08-08 20:30:00,3,203.0,2026-08-08 20:30:00,2026-08-08 20:40:00,False
185,2026-08-08 20:45:00,3,255.0,2026-08-08 20:45:00,2026-08-08 20:55:00,False
185,2026-08-08 21:00:00,3,209.0,2026-08-08 21:00:00,2026-08-08 21:10:00,False
185,2026-08-08 21:15:00,3,231.0,2026-08-08 21:15:00,2026-08-08 21:25:00,False
185,2026-08-08 21:30:00,0,,,,True
187,2026-08-07 23:45:00,4,7.0,2026-08-07 23:55:00,2026-08-07 23:59:00,False
187,2026-08-08 00:00:00,5,11.0,2026-08-08 00:06:00,2026-08-08 00:14:00,False
187,2026-08-08 00:15:00,12,26.0,2026-08-08 00:15:00,2026-08-08 00:29:00,False
187,2026-08-08 00:30:00,4,11.0,2026-08-08 00:31:00,2026-08-08 00:42:00,False
187,2026-08-08 00:45:00,6,21.0,2026-08-08 00:45:00,2026-08-08 00:59:00,False
187,2026-08-08 01:00:00,2,6.0,2026-08-08 01:06:00,2026-08-08 01:10:00,False
187,2026-08-08 01:15:00,7,10.0,2026-08-08 01:18:00,2026-08-08 01:28:00,False
187,2026-08-08 01:30:00,4,7.0,2026-08-08 01:30:00,2026-08-08 01:34:00,False
187,2026-08-08 01:45:00,4,6.0,2026-08-08 01:47:00,2026-08-08 01:58:00,False
187,2026-08-08 02:00:00,1,1.0,2026-08-08 02:12:00,2026-08-08 02:12:00,False
187,2026-08-08 02:15:00,2,3.0,2026-08-08 02:23:00,2026-08-08 02:29:00,False
187,2026-08-08 02:30:00,5,5.0,2026-08-08 02:32:00,2026-08-08 02:44:00,False
187,2026-08-08 02:45:00,2,3.0,2026-08-08 02:51:00,2026-08-08 02:53:00,False
187,2026-08-08 03:00:00,5,7.0,2026-08-08 03:08:00,2026-08-08 03:14:00,False
187,2026-08-08 03:15:00,4,10.0,2026-08-08 03:18:00,2026-08-08 03:27:00,False
187,2026-08-08 03:30:00,3,4.0,2026-08-08 03:31:00,2026-08-08 03:41:00,False
187,2026-08-08 03:45:00,3,9.0,2026-08-08 03:50:00,2026-08-08 03:57:00,False
187,2026-08-08 04:00:00,0,,,,True
187,2026-08-08 04:15:00,1,3.0,2026-08-08 04:23:00,2026-08-08 04:23:00,False
187,2026-08-08 04:30:00,3,4.0,2026-08-08 04:33:00,2026-08-08 04:42:00,False
187,2026-08-08 04:45:00,2,2.0,2026-08-08 04:51:00,2026-08-08 04:53:00,False
187,2026-08-08 05:00:00,1,1.0,2026-08-08 05:13:00,2026-08-08 05:13:00,False
187,2026-08-08 05:15:00,0,,,,True
187,2026-08-08 05:30:00,1,1.0,2026-08-08 05:37:00,2026-08-08 05:37:00,False
187,2026-08-08 05:45:00,1,1.0,2026-08-08 05:50:00,2026-08-08 05:50:00,False
187,2026-08-08 06:00:00,2,3.0,2026-08-08 06:07:00,2026-08-08 06:11:00,False
187,2026-08-08 06:15:00,3,3.0,2026-08-08 06:25:00,2026-08-08 06:27:00,False
187,2026-08-08 06:30:00,2,3.0,2026-08-08 06:30:00,2026-08-08 06:38:00,False
187,2026-08-08 06:45:00,4,5.0,2026-08-08 06:47:00,2026-08-08 06:59:00,False
187,2026-08-08 07:00:00,3,6.0,2026-08-08 07:07:00,2026-08-08 07:10:00,False
187,2026-08-08 07:15:00,9,13.0,2026-08-08 07:15:00,2026-08-08 07:28:00,False
187,2026-08-08 07:30:00,8,14.0,2026-08-08 07:30:00,2026-08-08 07:41:00,False
187,2026-08-08 07:45:00,1,4.0,2026-08-08 07:47:00,2026-08-08 07:47:00,False
187,2026-08-08 08:00:00,8,16.0,2026-08-08 08:06:00,2026-08-08 08:14:00,False
187,2026-08-08 08:15:00,10,22.0,2026-08-08 08:16:00,2026-08-08 08:29:00,False
187,2026-08-08 08:30:00,10,20.0,2026-08-08 08:30:00,2026-08-08 08:44:00,False
187,2026-08-08 08:45:00,12,30.0,2026-08-08 08:46:00,2026-08-08 08:59:00,False
187,2026-08-08 09:00:00,8,21.0,2026-08-08 09:05:00,2026-08-08 09:14:00,False
187,2026-08-08 09:15:00,15,33.0,2026-08-08 09:15:00,2026-08-08 09:29:00,False
187,2026-08-08 09:30:00,13,55.0,2026-08-08 09:30:00,2026-08-08 09:44:00,False
187,2026-08-08 09:45:00,15,58.0,2026-08-08 09:45:00,2026-08-08 09:59:00,False
187,2026-08-08 10:00:00,10,39.0,2026-08-08 10:05:00,2026-08-08 10:14:00,False
187,2026-08-08 10:15:00,15,48.0,2026-08-08 10:15:00,2026-08-08 10:29:00,False
187,2026-08-08 10:30:00,14,78.0,2026-08-08 10:30:00,2026-08-08 10:44:00,False
187,2026-08-08 10:45:00,14,66.0,2026-08-08 10:46:00,2026-08-08 10:59:00,False
187,2026-08-08 11:00:00,9,36.0,2026-08-08 11:05:00,2026-08-08 11:14:00,False
187,2026-08-08 11:15:00,14,85.0,2026-08-08 11:15:00,2026-08-08 11:29:00,False
187,2026-08-08 11:30:00,15,67.0,2026-08-08 11:30:00,2026-08-08 11:44:00,False
187,2026-08-08 11:45:00,15,100.0,2026-08-08 11:45:00,2026-08-08 11:59:00,False
187,2026-08-08 12:00:00,9,81.0,2026-08-08 12:05:00,2026-08-08 12:14:00,False
187,2026-08-08 12:15:00,15,108.0,2026-08-08 12:15:00,2026-08-08 12:29:00,False
187,2026-08-08 12:30:00,14,109.0,2026-08-08 12:30:00,2026-08-08 12:44:00,False
187,2026-08-08 12:45:00,15,106.0,2026-08-08 12:45:00,2026-08-08 12:59:00,False
187,2026-08-08 13:00:00,10,63.0,2026-08-08 13:05:00,2026-08-08 13:14:00,False
187,2026-08-08 13:15:00,15,89.0,2026-08-08 13:15:00,2026-08-08 13:29:00,False
187,2026-08-08 13:30:00,14,96.0,2026-08-08 13:30:00,2026-08-08 13:44:00,False
187,2026-08-08 13:45:00,15,130.0,2026-08-08 13:45:00,2026-08-08 13:59:00,False
187,2026-08-08 14:00:00,10,67.0,2026-08-08 14:05:00,2026-08-08 14:14:00,False
187,2026-08-08 14:15:00,15,107.0,2026-08-08 14:15:00,2026-08-08 14:29:00,False
187,2026-08-08 14:30:00,15,116.0,2026-08-08 14:30:00,2026-08-08 14:44:00,False
187,2026-08-08 14:45:00,15,123.0,2026-08-08 14:45:00,2026-08-08 14:59:00,False
187,2026-08-08 15:00:00,10,78.0,2026-08-08 15:05:00,2026-08-08 15:14:00,False
187,2026-08-08 15:15:00,15,99.0,2026-08-08 15:15:00,2026-08-08 15:29:00,False
187,2026-08-08 15:30:00,15,104.0,2026-08-08 15:30:00,2026-08-08 15:44:00,False
187,2026-08-08 15:45:00,14,78.0,2026-08-08 15:46:00,2026-08-08 15:59:00,False
187,2026-08-08 16:00:00,10,57.0,2026-08-08 16:05:00,2026-08-08 16:14:00,False
187,2026-08-08 16:15:00,15,122.0,2026-08-08 16:15:00,2026-08-08 16:29:00,False
187,2026-08-08 16:30:00,14,108.0,2026-08-08 16:30:00,2026-08-08 16:44:00,False
187,2026-08-08 16:45:00,14,116.0,2026-08-08 16:45:00,2026-08-08 16:59:00,False
187,2026-08-08 17:00:00,10,84.0,2026-08-08 17:05:00,2026-08-08 17:14:00,False
187,2026-08-08 17:15:00,15,135.0,2026-08-08 17:15:00,2026-08-08 17:29:00,False
187,2026-08-08 17:30:00,15,142.0,2026-08-08 17:30:00,2026-08-08 17:44:00,False
187,2026-08-08 17:45:00,15,65.0,2026-08-08 17:45:00,2026-08-08 17:59:00,False
187,2026-08-08 18:00:00,8,37.0,2026-08-08 18:05:00,2026-08-08 18:14:00,False
187,2026-08-08 18:15:00,13,33.0,2026-08-08 18:15:00,2026-08-08 18:29:00,False
187,2026-08-08 18:30:00,12,24.0,2026-08-08 18:30:00,2026-08-08 18:44:00,False
187,2026-08-08 18:45:00,11,18.0,2026-08-08 18:45:00,2026-08-08 18:59:00,False
187,2026-08-08 19:00:00,7,16.0,2026-08-08 19:06:00,2026-08-08 19:14:00,False
187,2026-08-08 19:15:00,8,22.0,2026-08-08 19:16:00,2026-08-08 19:28:00,False
187,2026-08-08 19:30:00,11,20.0,2026-08-08 19:30:00,2026-08-08 19:44:00,False
187,2026-08-08 19:45:00,8,18.0,2026-08-08 19:47:00,2026-08-08 19:58:00,False
187,2026-08-08 20:00:00,5,10.0,2026-08-08 20:05:00,2026-08-08 20:13:00,False
187,2026-08-08 20:15:00,12,19.0,2026-08-08 20:16:00,2026-08-08 20:29:00,False
187,2026-08-08 20:30:00,7,14.0,2026-08-08 20:31:00,2026-08-08 20:44:00,False
187,2026-08-08 20:45:00,10,19.0,2026-08-08 20:45:00,2026-08-08 20:59:00,False
187,2026-08-08 21:00:00,0,,,,True
187,2026-08-08 21:15:00,0,,,,True
187,2026-08-08 21:30:00,0,,,,True
188,2026-08-07 23:45:00,0,,,,True
188,2026-08-08 00:00:00,0,,,,True
188,2026-08-08 00:15:00,0,,,,True
188,2026-08-08 00:30:00,0,,,,True
188,2026-08-08 00:45:00,0,,,,True
188,2026-08-08 01:00:00,0,,,,True
188,2026-08-08 01:15:00,0,,,,True
188,2026-08-08 01:30:00,0,,,,True
188,2026-08-08 01:45:00,0,,,,True
188,2026-08-08 02:00:00,0,,,,True
188,2026-08-08 02:15:00,0,,,,True
188,2026-08-08 02:30:00,0,,,,True
188,2026-08-08 02:45:00,0,,,,True
188,2026-08-08 03:00:00,0,,,,True
188,2026-08-08 03:15:00,0,,,,True
188,2026-08-08 03:30:00,0,,,,True
188,2026-08-08 03:45:00,0,,,,True
188,2026-08-08 04:00:00,0,,,,True
188,2026-08-08 04:15:00,0,,,,True
188,2026-08-08 04:30:00,0,,,,True
188,2026-08-08 04:45:00,0,,,,True
188,2026-08-08 05:00:00,0,,,,True
188,2026-08-08 05:15:00,0,,,,True
188,2026-08-08 05:30:00,0,,,,True
188,2026-08-08 05:45:00,0,,,,True
188,2026-08-08 06:00:00,0,,,,True
188,2026-08-08 06:15:00,0,,,,True
188,2026-08-08 06:30:00,0,,,,True
188,2026-08-08 06:45:00,1,1.0,2026-08-08 06:55:00,2026-08-08 06:55:00,False
188,2026-08-08 07:00:00,3,8.0,2026-08-08 07:00:00,2026-08-08 07:10:00,False
188,2026-08-08 07:15:00,1,1.0,2026-08-08 07:15:00,2026-08-08 07:15:00,False
188,2026-08-08 07:30:00,2,3.0,2026-08-08 07:35:00,2026-08-08 07:40:00,False
188,2026-08-08 07:45:00,3,3.0,2026-08-08 07:45:00,2026-08-08 07:55:00,False
188,2026-08-08 08:00:00,3,5.0,2026-08-08 08:00:00,2026-08-08 08:10:00,False
188,2026-08-08 08:15:00,2,5.0,2026-08-08 08:15:00,2026-08-08 08:20:00,False
188,2026-08-08 08:30:00,3,10.0,2026-08-08 08:30:00,2026-08-08 08:40:00,False
188,2026-08-08 08:45:00,3,8.0,2026-08-08 08:45:00,2026-08-08 08:55:00,False
188,2026-08-08 09:00:00,3,16.0,2026-08-08 09:00:00,2026-08-08 09:10:00,False
188,2026-08-08 09:15:00,3,14.0,2026-08-08 09:15:00,2026-08-08 09:25:00,False
188,2026-08-08 09:30:00,3,23.0,2026-08-08 09:30:00,2026-08-08 09:40:00,False
188,2026-08-08 09:45:00,3,6.0,2026-08-08 09:45:00,2026-08-08 09:55:00,False
188,2026-08-08 10:00:00,3,11.0,2026-08-08 10:00:00,2026-08-08 10:10:00,False
188,2026-08-08 10:15:00,3,14.0,2026-08-08 10:15:00,2026-08-08 10:25:00,False
188,2026-08-08 10:30:00,3,17.0,2026-08-08 10:30:00,2026-08-08 10:40:00,False
188,2026-08-08 10:45:00,2,10.0,2026-08-08 10:45:00,2026-08-08 10:55:00,False
188,2026-08-08 11:00:00,3,14.0,2026-08-08 11:00:00,2026-08-08 11:10:00,False
188,2026-08-08 11:15:00,3,18.0,2026-08-08 11:15:00,2026-08-08 11:25:00,False
188,2026-08-08 11:30:00,3,13.0,2026-08-08 11:30:00,2026-08-08 11:40:00,False
188,2026-08-08 11:45:00,3,18.0,2026-08-08 11:45:00,2026-08-08 11:55:00,False
188,2026-08-08 12:00:00,3,24.0,2026-08-08 12:00:00,2026-08-08 12:10:00,False
188,2026-08-08 12:15:00,3,20.0,2026-08-08 12:15:00,2026-08-08 12:25:00,False
188,2026-08-08 12:30:00,3,35.0,2026-08-08 12:30:00,2026-08-08 12:40:00,False
188,2026-08-08 12:45:00,3,28.0,2026-08-08 12:45:00,2026-08-08 12:55:00,False
188,2026-08-08 13:00:00,3,23.0,2026-08-08 13:00:00,2026-08-08 13:10:00,False
188,2026-08-08 13:15:00,3,20.0,2026-08-08 13:15:00,2026-08-08 13:25:00,False
188,2026-08-08 13:30:00,3,39.0,2026-08-08 13:30:00,2026-08-08 13:40:00,False
188,2026-08-08 13:45:00,3,22.0,2026-08-08 13:45:00,2026-08-08 13:55:00,False
188,2026-08-08 14:00:00,3,17.0,2026-08-08 14:00:00,2026-08-08 14:10:00,False
188,2026-08-08 14:15:00,3,22.0,2026-08-08 14:15:00,2026-08-08 14:25:00,False
188,2026-08-08 14:30:00,3,18.0,2026-08-08 14:30:00,2026-08-08 14:40:00,False
188,2026-08-08 14:45:00,3,15.0,2026-08-08 14:45:00,2026-08-08 14:55:00,False
188,2026-08-08 15:00:00,3,22.0,2026-08-08 15:00:00,2026-08-08 15:10:00,False
188,2026-08-08 15:15:00,3,12.0,2026-08-08 15:15:00,2026-08-08 15:25:00,False
188,2026-08-08 15:30:00,3,16.0,2026-08-08 15:30:00,2026-08-08 15:40:00,False
188,2026-08-08 15:45:00,3,17.0,2026-08-08 15:45:00,2026-08-08 15:55:00,False
188,2026-08-08 16:00:00,3,21.0,2026-08-08 16:00:00,2026-08-08 16:10:00,False
188,2026-08-08 16:15:00,3,14.0,2026-08-08 16:15:00,2026-08-08 16:25:00,False
188,2026-08-08 16:30:00,3,27.0,2026-08-08 16:30:00,2026-08-08 16:40:00,False
188,2026-08-08 16:45:00,3,14.0,2026-08-08 16:45:00,2026-08-08 16:55:00,False
188,2026-08-08 17:00:00,3,29.0,2026-08-08 17:00:00,2026-08-08 17:10:00,False
188,2026-08-08 17:15:00,3,24.0,2026-08-08 17:15:00,2026-08-08 17:25:00,False
188,2026-08-08 17:30:00,3,48.0,2026-08-08 17:30:00,2026-08-08 17:40:00,False
188,2026-08-08 17:45:00,3,8.0,2026-08-08 17:45:00,2026-08-08 17:55:00,False
188,2026-08-08 18:00:00,1,2.0,2026-08-08 18:10:00,2026-08-08 18:10:00,False
188,2026-08-08 18:15:00,0,,,,True
188,2026-08-08 18:30:00,0,,,,True
188,2026-08-08 18:45:00,1,1.0,2026-08-08 18:45:00,2026-08-08 18:45:00,False
188,2026-08-08 19:00:00,2,2.0,2026-08-08 19:00:00,2026-08-08 19:10:00,False
188,2026-08-08 19:15:00,0,,,,True
188,2026-08-08 19:30:00,1,1.0,2026-08-08 19:30:00,2026-08-08 19:30:00,False
188,2026-08-08 19:45:00,1,1.0,2026-08-08 19:50:00,2026-08-08 19:50:00,False
188,2026-08-08 20:00:00,1,1.0,2026-08-08 20:00:00,2026-08-08 20:00:00,False
188,2026-08-08 20:15:00,1,2.0,2026-08-08 20:25:00,2026-08-08 20:25:00,False
188,2026-08-08 20:30:00,3,5.0,2026-08-08 20:30:00,2026-08-08 20:40:00,False
188,2026-08-08 20:45:00,0,,,,True
188,2026-08-08 21:00:00,1,1.0,2026-08-08 21:10:00,2026-08-08 21:10:00,False
188,2026-08-08 21:15:00,2,3.0,2026-08-08 21:15:00,2026-08-08 21:25:00,False
188,2026-08-08 21:30:00,0,,,,True
209,2026-08-07 23:45:00,5,27.0,2026-08-07 23:55:00,2026-08-07 23:59:00,False
209,2026-08-08 00:00:00,13,61.0,2026-08-08 00:00:00,2026-08-08 00:14:00,False
209,2026-08-08 00:15:00,13,62.0,2026-08-08 00:15:00,2026-08-08 00:29:00,False
209,2026-08-08 00:30:00,10,34.0,2026-08-08 00:31:00,2026-08-08 00:43:00,False
209,2026-08-08 00:45:00,12,58.0,2026-08-08 00:45:00,2026-08-08 00:59:00,False
209,2026-08-08 01:00:00,12,38.0,2026-08-08 01:01:00,2026-08-08 01:14:00,False
209,2026-08-08 01:15:00,8,18.0,2026-08-08 01:15:00,2026-08-08 01:28:00,False
209,2026-08-08 01:30:00,13,39.0,2026-08-08 01:30:00,2026-08-08 01:44:00,False
209,2026-08-08 01:45:00,7,14.0,2026-08-08 01:45:00,2026-08-08 01:57:00,False
209,2026-08-08 02:00:00,11,28.0,2026-08-08 02:00:00,2026-08-08 02:12:00,False
209,2026-08-08 02:15:00,8,17.0,2026-08-08 02:15:00,2026-08-08 02:29:00,False
209,2026-08-08 02:30:00,9,38.0,2026-08-08 02:30:00,2026-08-08 02:44:00,False
209,2026-08-08 02:45:00,6,17.0,2026-08-08 02:45:00,2026-08-08 02:55:00,False
209,2026-08-08 03:00:00,3,3.0,2026-08-08 03:04:00,2026-08-08 03:12:00,False
209,2026-08-08 03:15:00,3,5.0,2026-08-08 03:15:00,2026-08-08 03:29:00,False
209,2026-08-08 03:30:00,8,13.0,2026-08-08 03:31:00,2026-08-08 03:44:00,False
209,2026-08-08 03:45:00,5,12.0,2026-08-08 03:46:00,2026-08-08 03:59:00,False
209,2026-08-08 04:00:00,6,11.0,2026-08-08 04:00:00,2026-08-08 04:14:00,False
209,2026-08-08 04:15:00,4,11.0,2026-08-08 04:15:00,2026-08-08 04:27:00,False
209,2026-08-08 04:30:00,3,6.0,2026-08-08 04:31:00,2026-08-08 04:43:00,False
209,2026-08-08 04:45:00,3,4.0,2026-08-08 04:54:00,2026-08-08 04:59:00,False
209,2026-08-08 05:00:00,4,8.0,2026-08-08 05:02:00,2026-08-08 05:14:00,False
209,2026-08-08 05:15:00,3,4.0,2026-08-08 05:17:00,2026-08-08 05:26:00,False
209,2026-08-08 05:30:00,6,7.0,2026-08-08 05:30:00,2026-08-08 05:41:00,False
209,2026-08-08 05:45:00,5,6.0,2026-08-08 05:45:00,2026-08-08 05:49:00,False
209,2026-08-08 06:00:00,4,8.0,2026-08-08 06:11:00,2026-08-08 06:14:00,False
209,2026-08-08 06:15:00,3,6.0,2026-08-08 06:19:00,2026-08-08 06:26:00,False
209,2026-08-08 06:30:00,5,8.0,2026-08-08 06:30:00,2026-08-08 06:41:00,False
209,2026-08-08 06:45:00,12,21.0,2026-08-08 06:45:00,2026-08-08 06:59:00,False
209,2026-08-08 07:00:00,7,10.0,2026-08-08 07:00:00,2026-08-08 07:14:00,False
209,2026-08-08 07:15:00,12,25.0,2026-08-08 07:15:00,2026-08-08 07:29:00,False
209,2026-08-08 07:30:00,13,31.0,2026-08-08 07:31:00,2026-08-08 07:44:00,False
209,2026-08-08 07:45:00,14,43.0,2026-08-08 07:45:00,2026-08-08 07:59:00,False
209,2026-08-08 08:00:00,13,61.0,2026-08-08 08:00:00,2026-08-08 08:14:00,False
209,2026-08-08 08:15:00,15,88.0,2026-08-08 08:15:00,2026-08-08 08:29:00,False
209,2026-08-08 08:30:00,15,64.0,2026-08-08 08:30:00,2026-08-08 08:44:00,False
209,2026-08-08 08:45:00,15,83.0,2026-08-08 08:45:00,2026-08-08 08:59:00,False
209,2026-08-08 09:00:00,15,101.0,2026-08-08 09:00:00,2026-08-08 09:14:00,False
209,2026-08-08 09:15:00,15,121.0,2026-08-08 09:15:00,2026-08-08 09:29:00,False
209,2026-08-08 09:30:00,15,135.0,2026-08-08 09:30:00,2026-08-08 09:44:00,False
209,2026-08-08 09:45:00,15,160.0,2026-08-08 09:45:00,2026-08-08 09:59:00,False
209,2026-08-08 10:00:00,15,153.0,2026-08-08 10:00:00,2026-08-08 10:14:00,False
209,2026-08-08 10:15:00,15,177.0,2026-08-08 10:15:00,2026-08-08 10:29:00,False
209,2026-08-08 10:30:00,15,219.0,2026-08-08 10:30:00,2026-08-08 10:44:00,False
209,2026-08-08 10:45:00,15,224.0,2026-08-08 10:45:00,2026-08-08 10:59:00,False
209,2026-08-08 11:00:00,15,179.0,2026-08-08 11:00:00,2026-08-08 11:14:00,False
209,2026-08-08 11:15:00,15,216.0,2026-08-08 11:15:00,2026-08-08 11:29:00,False
209,2026-08-08 11:30:00,15,209.0,2026-08-08 11:30:00,2026-08-08 11:44:00,False
209,2026-08-08 11:45:00,15,270.0,2026-08-08 11:45:00,2026-08-08 11:59:00,False
209,2026-08-08 12:00:00,15,258.0,2026-08-08 12:00:00,2026-08-08 12:14:00,False
209,2026-08-08 12:15:00,15,247.0,2026-08-08 12:15:00,2026-08-08 12:29:00,False
209,2026-08-08 12:30:00,15,256.0,2026-08-08 12:30:00,2026-08-08 12:44:00,False
209,2026-08-08 12:45:00,15,260.0,2026-08-08 12:45:00,2026-08-08 12:59:00,False
209,2026-08-08 13:00:00,15,315.0,2026-08-08 13:00:00,2026-08-08 13:14:00,False
209,2026-08-08 13:15:00,15,287.0,2026-08-08 13:15:00,2026-08-08 13:29:00,False
209,2026-08-08 13:30:00,15,270.0,2026-08-08 13:30:00,2026-08-08 13:44:00,False
209,2026-08-08 13:45:00,15,299.0,2026-08-08 13:45:00,2026-08-08 13:59:00,False
209,2026-08-08 14:00:00,15,300.0,2026-08-08 14:00:00,2026-08-08 14:14:00,False
209,2026-08-08 14:15:00,15,277.0,2026-08-08 14:15:00,2026-08-08 14:29:00,False
209,2026-08-08 14:30:00,15,333.0,2026-08-08 14:30:00,2026-08-08 14:44:00,False
209,2026-08-08 14:45:00,15,297.0,2026-08-08 14:45:00,2026-08-08 14:59:00,False
209,2026-08-08 15:00:00,15,308.0,2026-08-08 15:00:00,2026-08-08 15:14:00,False
209,2026-08-08 15:15:00,15,259.0,2026-08-08 15:15:00,2026-08-08 15:29:00,False
209,2026-08-08 15:30:00,15,238.0,2026-08-08 15:30:00,2026-08-08 15:44:00,False
209,2026-08-08 15:45:00,15,306.0,2026-08-08 15:45:00,2026-08-08 15:59:00,False
209,2026-08-08 16:00:00,15,294.0,2026-08-08 16:00:00,2026-08-08 16:14:00,False
209,2026-08-08 16:15:00,15,338.0,2026-08-08 16:15:00,2026-08-08 16:29:00,False
209,2026-08-08 16:30:00,15,336.0,2026-08-08 16:30:00,2026-08-08 16:44:00,False
209,2026-08-08 16:45:00,15,344.0,2026-08-08 16:45:00,2026-08-08 16:59:00,False
209,2026-08-08 17:00:00,15,346.0,2026-08-08 17:00:00,2026-08-08 17:14:00,False
209,2026-08-08 17:15:00,15,336.0,2026-08-08 17:15:00,2026-08-08 17:29:00,False
209,2026-08-08 17:30:00,15,359.0,2026-08-08 17:30:00,2026-08-08 17:44:00,False
209,2026-08-08 17:45:00,15,293.0,2026-08-08 17:45:00,2026-08-08 17:59:00,False
209,2026-08-08 18:00:00,15,344.0,2026-08-08 18:00:00,2026-08-08 18:14:00,False
209,2026-08-08 18:15:00,15,451.0,2026-08-08 18:15:00,2026-08-08 18:29:00,False
209,2026-08-08 18:30:00,15,278.0,2026-08-08 18:30:00,2026-08-08 18:44:00,False
209,2026-08-08 18:45:00,15,286.0,2026-08-08 18:45:00,2026-08-08 18:59:00,False
209,2026-08-08 19:00:00,15,276.0,2026-08-08 19:00:00,2026-08-08 19:14:00,False
209,2026-08-08 19:15:00,15,229.0,2026-08-08 19:15:00,2026-08-08 19:29:00,False
209,2026-08-08 19:30:00,15,207.0,2026-08-08 19:30:00,2026-08-08 19:44:00,False
209,2026-08-08 19:45:00,15,231.0,2026-08-08 19:45:00,2026-08-08 19:59:00,False
209,2026-08-08 20:00:00,15,184.0,2026-08-08 20:00:00,2026-08-08 20:14:00,False
209,2026-08-08 20:15:00,15,218.0,2026-08-08 20:15:00,2026-08-08 20:29:00,False
209,2026-08-08 20:30:00,15,232.0,2026-08-08 20:30:00,2026-08-08 20:44:00,False
209,2026-08-08 20:45:00,15,237.0,2026-08-08 20:45:00,2026-08-08 20:59:00,False
209,2026-08-08 21:00:00,15,263.0,2026-08-08 21:00:00,2026-08-08 21:14:00,False
209,2026-08-08 21:15:00,15,140.0,2026-08-08 21:15:00,2026-08-08 21:29:00,False
209,2026-08-08 21:30:00,4,18.0,2026-08-08 21:30:00,2026-08-08 21:33:00,False
